epoch,loss,y_pred,y_true
0,0.111960269510746,0.1059202253818512,0.0
0,0.1500052660703659,0.13929656147956848,0.0
0,0.19006985425949097,0.1730986386537552,0.0
