{"frame_0": [0.5504246354103088, 0.3433074951171875, 0.06156531348824501, 0.03906059265136719, 0.5570086240768433, 0.5169021487236023, 0.022934893146157265, 0.015527534298598766, 0.7636282444000244], "frame_1": [0.550308883190155, 0.3433336913585663, 0.06170705333352089, 0.03902478143572807, 0.5570086240768433, 0.5169021487236023, 0.022934893146157265, 0.015527534298598766, 0.7250149846076965], "frame_2": [0.5500646233558655, 0.34327301383018494, 0.061487577855587006, 0.03882450982928276, 0.3684009611606598, 0.43260473012924194, 0.025947146117687225, 0.01601247861981392, 0.6979931592941284], "frame_3": [0.5501499772071838, 0.3433009684085846, 0.06176554411649704, 0.038880251348018646, 0.3602678179740906, 0.4298841059207916, 0.02697652205824852, 0.01834402047097683, 0.0], "frame_4": [0.5501742362976074, 0.34325331449508667, 0.061744775623083115, 0.038808248937129974, 0.3602678179740906, 0.4298841059207916, 0.02697652205824852, 0.01834402047097683, 0.0], "frame_5": [0.5503731369972229, 0.34318146109580994, 0.06144612655043602, 0.03871197625994682, 0.34586411714553833, 0.42330989241600037, 0.02859225869178772, 0.015354728326201439, 0.0], "frame_6": [0.5503592491149902, 0.34321871399879456, 0.06141730397939682, 0.038781262934207916, 0.3398003578186035, 0.4211495518684387, 0.026565466076135635, 0.014546012505888939, 0.0], "frame_7": [0.5503924489021301, 0.34324637055397034, 0.061600323766469955, 0.03885192796587944, 0.33486810326576233, 0.4195844531059265, 0.02669391594827175, 0.016713332384824753, 0.0], "frame_8": [0.5503565669059753, 0.34326839447021484, 0.061562687158584595, 0.03887157514691353, 0.3326927125453949, 0.41845911741256714, 0.0263558067381382, 0.016672516241669655, 0.0], "frame_9": [0.5503477454185486, 0.34328681230545044, 0.06139746680855751, 0.03884272649884224, 0.33071398735046387, 0.41710057854652405, 0.027011362835764885, 0.016341209411621094, 0.0], "frame_10": [0.5502681136131287, 0.34329038858413696, 0.06154683604836464, 0.038812924176454544, 0.32811397314071655, 0.4147249162197113, 0.03051302209496498, 0.01806964911520481, 0.5290793776512146], "frame_11": [0.5502843856811523, 0.34335970878601074, 0.061492919921875, 0.038959503173828125, 0.32872551679611206, 0.4108223021030426, 0.030623117461800575, 0.015744591131806374, 0.4987996220588684], "frame_12": [0.5503067970275879, 0.3433174192905426, 0.061443500220775604, 0.038900185376405716, 0.3295082449913025, 0.4080278277397156, 0.0285458043217659, 0.017090629786252975, 0.3727673292160034], "frame_13": [0.5503465533256531, 0.34315401315689087, 0.0613488107919693, 0.03868284076452255, 0.32951924204826355, 0.4052349627017975, 0.02872787043452263, 0.01802358590066433, 0.25818726420402527], "frame_14": [0.5504892468452454, 0.34326988458633423, 0.06154751405119896, 0.03888993337750435, 0.33131054043769836, 0.39964351058006287, 0.02840406633913517, 0.016557883471250534, 0.0], "frame_15": [0.5505919456481934, 0.34331032633781433, 0.06166822463274002, 0.03890404850244522, 0.33075273036956787, 0.3933376967906952, 0.027487944811582565, 0.017408227548003197, 0.0], "frame_16": [0.5505495071411133, 0.34336042404174805, 0.061721038073301315, 0.03903360292315483, 0.33619487285614014, 0.3849392533302307, 0.02759111113846302, 0.018804455175995827, 0.0], "frame_17": [0.5505632162094116, 0.3433440029621124, 0.06183132529258728, 0.03892407566308975, 0.3464227318763733, 0.37466421723365784, 0.02557220496237278, 0.017978573217988014, 0.9754195213317871], "frame_18": [0.5504380464553833, 0.3433779776096344, 0.061919912695884705, 0.03900451585650444, 0.3586580455303192, 0.36277562379837036, 0.02800411731004715, 0.017720794305205345, 0.9658861756324768], "frame_19": [0.550503134727478, 0.3433729112148285, 0.06161804124712944, 0.03900022432208061, 0.3722742795944214, 0.3537274897098541, 0.02721303328871727, 0.017294978722929955, 0.9491079449653625], "frame_20": [0.5504928827285767, 0.34332275390625, 0.06151614710688591, 0.03889407962560654, 0.38410109281539917, 0.34455376863479614, 0.03328094631433487, 0.018640708178281784, 0.0], "frame_21": [0.5503939390182495, 0.34330829977989197, 0.06138136237859726, 0.038893889635801315, 0.39786669611930847, 0.3374967873096466, 0.03064592182636261, 0.018142366781830788, 0.8889942765235901], "frame_22": [0.5504752993583679, 0.34338057041168213, 0.06139611080288887, 0.038918159902095795, 0.41073697805404663, 0.3293692171573639, 0.03030158206820488, 0.018593883141875267, 0.0], "frame_23": [0.5504365563392639, 0.3433084785938263, 0.06141696497797966, 0.03894224017858505, 0.42388296127319336, 0.32273465394973755, 0.02891642227768898, 0.017882537096738815, 0.0], "frame_24": [0.5504379272460938, 0.34335988759994507, 0.06158311665058136, 0.03887033462524414, 0.4361165463924408, 0.31588882207870483, 0.02706468291580677, 0.0179459098726511, 0.0], "frame_25": [0.5504812598228455, 0.34335049986839294, 0.061566248536109924, 0.03884601593017578, 0.44958826899528503, 0.31126612424850464, 0.02867092564702034, 0.018238067626953125, 0.0], "frame_26": [0.5505756139755249, 0.34332117438316345, 0.06174841895699501, 0.03908815234899521, 0.4628310799598694, 0.30577123165130615, 0.028769513592123985, 0.018302535638213158, 0.0], "frame_27": [0.5504011511802673, 0.3432188928127289, 0.061790380626916885, 0.038928888738155365, 0.4774227440357208, 0.30236348509788513, 0.03246578574180603, 0.01972045935690403, 0.7669699788093567], "frame_28": [0.5502408146858215, 0.34323105216026306, 0.06208106130361557, 0.03901262208819389, 0.48924294114112854, 0.3002486228942871, 0.026310136541724205, 0.01853160932660103, 0.7972135543823242], "frame_29": [0.5501953363418579, 0.34327009320259094, 0.06153445690870285, 0.03868250921368599, 0.5027191042900085, 0.29644960165023804, 0.03037109412252903, 0.019150543957948685, 0.0], "frame_30": [0.5499210953712463, 0.343296617269516, 0.06198205053806305, 0.03889470174908638, 0.516550600528717, 0.2956141531467438, 0.02900916151702404, 0.01793050765991211, 0.0], "frame_31": [0.5502920150756836, 0.34330248832702637, 0.06228315457701683, 0.038724612444639206, 0.5280416011810303, 0.2947242259979248, 0.03118964284658432, 0.0180479995906353, 0.6976852416992188], "frame_32": [0.5505768060684204, 0.3431928753852844, 0.061857860535383224, 0.03893008083105087, 0.5428085327148438, 0.29450035095214844, 0.03045179508626461, 0.01841259002685547, 0.0], "frame_33": [0.5503686666488647, 0.34317275881767273, 0.06180775910615921, 0.03903985023498535, 0.542600691318512, 0.2952102720737457, 0.028777481988072395, 0.018476247787475586, 0.0], "frame_34": [0.5503696799278259, 0.3433162271976471, 0.06215328723192215, 0.038832854479551315, 0.54277104139328, 0.29686838388442993, 0.028752898797392845, 0.018278026953339577, 0.0], "frame_35": [0.5503578782081604, 0.34345024824142456, 0.06209089607000351, 0.038919828832149506, 0.5431920289993286, 0.30020779371261597, 0.02789018489420414, 0.018475675955414772, 0.0], "frame_36": [0.5504319667816162, 0.34359079599380493, 0.0617455393075943, 0.03924531862139702, 0.5429115891456604, 0.30309346318244934, 0.028578439727425575, 0.018622303381562233, 0.0], "frame_37": [0.5506001114845276, 0.3431367874145508, 0.06064537912607193, 0.040226079523563385, 0.5431598424911499, 0.30668872594833374, 0.02779320627450943, 0.017325114458799362, 0.0], "frame_38": [0.5512317419052124, 0.34318822622299194, 0.060066308826208115, 0.04100055620074272, 0.5450537800788879, 0.31141042709350586, 0.02801581472158432, 0.016658831387758255, 0.0], "frame_39": [0.5513158440589905, 0.3441292643547058, 0.05770636722445488, 0.037535764276981354, 0.5435329675674438, 0.3176806569099426, 0.02831997349858284, 0.016730403527617455, 0.0], "frame_40": [0.5514477491378784, 0.34174492955207825, 0.057996369898319244, 0.04242682456970215, 0.5435329675674438, 0.3176806569099426, 0.02831997349858284, 0.016730403527617455, 0.0],