{"frame_0": [0.5511249899864197, 0.34583431482315063, 0.06103074923157692, 0.06384533643722534, 0.1484668254852295, 0.4994269907474518, 0.033782102167606354, 0.035447608679533005, 0.2945135235786438], "frame_1": [0.551086962223053, 0.34582942724227905, 0.061149682849645615, 0.06371661275625229, 0.13681137561798096, 0.4920891523361206, 0.03427867963910103, 0.03478546068072319, 0.2968183159828186], "frame_2": [0.5510988831520081, 0.3458433747291565, 0.06116650998592377, 0.06368494778871536, 0.1258779764175415, 0.4884921610355377, 0.036701373755931854, 0.03443260118365288, 0.32840096950531006], "frame_3": [0.5510551333427429, 0.3458353579044342, 0.0608503557741642, 0.06394632160663605, 0.11585040390491486, 0.48374801874160767, 0.03399362415075302, 0.031391143798828125, 0.32523950934410095], "frame_4": [0.5510515570640564, 0.345887154340744, 0.06076901778578758, 0.0641150176525116, 0.10643747448921204, 0.48387494683265686, 0.035247109830379486, 0.034605152904987335, 0.31802991032600403], "frame_5": [0.5510502457618713, 0.34612175822257996, 0.060805510729551315, 0.06464841961860657, 0.09844999015331268, 0.4814581274986267, 0.03541189432144165, 0.03357658535242081, 0.3096660077571869], "frame_6": [0.5511684417724609, 0.34604284167289734, 0.06099836528301239, 0.06424020230770111, 0.09172840416431427, 0.4807615578174591, 0.03573470562696457, 0.03526751324534416, 0.0737689808011055], "frame_7": [0.5510984063148499, 0.34606316685676575, 0.061093904078006744, 0.06421250104904175, 0.08573047816753387, 0.47782695293426514, 0.036169957369565964, 0.0347604975104332, 0.23816750943660736], "frame_8": [0.5511621832847595, 0.34608331322669983, 0.06123296916484833, 0.0642332062125206, 0.08123335987329483, 0.4738815426826477, 0.03490631282329559, 0.03452453762292862, 0.22629691660404205], "frame_9": [0.551060676574707, 0.34608733654022217, 0.06112920865416527, 0.06419743597507477, 0.0778106227517128, 0.4693557024002075, 0.037068672478199005, 0.035805512219667435, 0.3121321499347687], "frame_10": [0.5510215759277344, 0.3460799753665924, 0.06082878261804581, 0.06432819366455078, 0.07549094408750534, 0.4602406322956085, 0.03583982214331627, 0.034059736877679825, 0.3221980929374695], "frame_11": [0.5511619448661804, 0.3460257351398468, 0.06069183349609375, 0.06433726102113724, 0.07455910742282867, 0.4506230354309082, 0.037016842514276505, 0.0349884033203125, 0.4340815842151642], "frame_12": [0.5511808395385742, 0.34605634212493896, 0.06067026033997536, 0.0644165426492691, 0.07450838387012482, 0.4393572509288788, 0.03590565174818039, 0.03611963242292404, 0.4719715118408203], "frame_13": [0.5511986017227173, 0.3459842801094055, 0.06067238003015518, 0.06427391618490219, 0.07674155384302139, 0.42359238862991333, 0.035578250885009766, 0.036607615649700165, 0.5767064690589905], "frame_14": [0.5511752963066101, 0.3460453450679779, 0.06083221361041069, 0.06426306813955307, 0.08262795209884644, 0.4013720154762268, 0.0346330925822258, 0.03849771246314049, 0.6993138790130615], "frame_15": [0.5511248707771301, 0.3461734652519226, 0.060979463160037994, 0.06435911357402802, 0.09637626260519028, 0.3724781572818756, 0.03365210071206093, 0.03469174727797508, 0.9234225153923035], "frame_16": [0.5511051416397095, 0.34616273641586304, 0.060963187366724014, 0.06441570073366165, 0.11229050904512405, 0.34532982110977173, 0.03593797609210014, 0.0333036407828331, 0.7934917211532593], "frame_17": [0.5510880947113037, 0.34611839056015015, 0.06082750856876373, 0.06446181237697601, 0.12843649089336395, 0.32189151644706726, 0.032460253685712814, 0.03369036689400673, 0.7404947280883789], "frame_18": [0.5510388016700745, 0.34596142172813416, 0.060773637145757675, 0.06422212719917297, 0.14311178028583527, 0.30009081959724426, 0.031911298632621765, 0.035724639892578125, 0.8250665664672852], "frame_19": [0.5510043501853943, 0.3460054099559784, 0.060814496129751205, 0.06432878971099854, 0.1588144451379776, 0.27911195158958435, 0.03298139572143555, 0.03669897839426994, 0.8686477541923523], "frame_20": [0.5510807633399963, 0.346072256565094, 0.060852304100990295, 0.06433260440826416, 0.17629754543304443, 0.26156869530677795, 0.03325999528169632, 0.03513355180621147, 0.9073198437690735], "frame_21": [0.5511490106582642, 0.34629085659980774, 0.06100006029009819, 0.06437886506319046, 0.19190752506256104, 0.24545949697494507, 0.034037865698337555, 0.034849442541599274, 0.7783461213111877], "frame_22": [0.5510616302490234, 0.3462682068347931, 0.060805682092905045, 0.06463038176298141, 0.20733703672885895, 0.23106811940670013, 0.033702850341796875, 0.0350499264895916, 0.7917963266372681], "frame_23": [0.5511069297790527, 0.346145361661911, 0.06083276495337486, 0.06441031396389008, 0.22269611060619354, 0.21736839413642883, 0.03387794643640518, 0.035738904029130936, 0.8626972436904907], "frame_24": [0.5510364770889282, 0.34599050879478455, 0.06063588336110115, 0.06428396701812744, 0.23769815266132355, 0.2055182158946991, 0.03369322791695595, 0.03542376682162285, 0.8285441994667053], "frame_25": [0.5509409308433533, 0.3460218608379364, 0.06044637784361839, 0.06441283971071243, 0.2531767189502716, 0.19466516375541687, 0.033142175525426865, 0.03532753139734268, 0.8539186716079712], "frame_26": [0.5508831143379211, 0.34594282507896423, 0.060549333691596985, 0.06430155783891678, 0.2678893208503723, 0.18654084205627441, 0.03222857415676117, 0.03581370413303375, 0.8181576728820801], "frame_27": [0.5508875250816345, 0.3462132215499878, 0.06061346083879471, 0.06473329663276672, 0.28272491693496704, 0.18014158308506012, 0.03267555311322212, 0.03557552769780159, 0.8139830827713013], "frame_28": [0.5509562492370605, 0.3462611734867096, 0.060762785375118256, 0.06473102420568466, 0.2977365255355835, 0.17464542388916016, 0.03159389644861221, 0.03554683178663254, 0.8086014986038208], "frame_29": [0.5510232448577881, 0.3461533784866333, 0.06101324409246445, 0.06446141004562378, 0.31264498829841614, 0.17095278203487396, 0.0317729115486145, 0.035379908978939056, 0.0], "frame_30": [0.5511392951011658, 0.3462759852409363, 0.06105088070034981, 0.0647708922624588, 0.32738733291625977, 0.16867782175540924, 0.03227795660495758, 0.03490342199802399, 0.0], "frame_31": [0.5511550307273865, 0.34627893567085266, 0.061032868921756744, 0.06484784185886383, 0.34156322479248047, 0.1680152267217636, 0.03179130703210831, 0.03510294109582901, 0.0], "frame_32": [0.5511212944984436, 0.34627121686935425, 0.06095686927437782, 0.06485127657651901, 0.35568079352378845, 0.16877691447734833, 0.03132086992263794, 0.03473743796348572, 0.0], "frame_33": [0.5510886907577515, 0.3463234305381775, 0.06084022670984268, 0.06488704681396484, 0.37020158767700195, 0.171522855758667, 0.031138038262724876, 0.03532131016254425, 0.0], "frame_34": [0.5511304140090942, 0.34633252024650574, 0.06094169616699219, 0.06494837999343872, 0.3842291831970215, 0.17482389509677887, 0.030598407611250877, 0.03461494296789169, 0.0], "frame_35": [0.5511420965194702, 0.3462679088115692, 0.060814835131168365, 0.0648142471909523, 0.3982108533382416, 0.18051910400390625, 0.03104722686111927, 0.03404002636671066, 0.0], "frame_36": [0.5511287450790405, 0.34623444080352783, 0.06078147888183594, 0.06478644162416458, 0.41200870275497437, 0.18669559061527252, 0.030171288177371025, 0.0341445617377758, 0.0], "frame_37": [0.5512079000473022, 0.34608539938926697, 0.06071756035089493, 0.06466562300920486, 0.4261595904827118, 0.19479180872440338, 0.030583953484892845, 0.03296419605612755, 0.0], "frame_38": [0.5511609315872192, 0.34606143832206726, 0.06086540222167969, 0.06470682471990585, 0.4405677318572998, 0.20502227544784546, 0.030348967760801315, 0.032562848180532455, 0.0], "frame_39": [0.5511967539787292, 0.3460348844528198, 0.060764141380786896, 0.0644916519522667, 0.4540223777294159, 0.21523943543434143, 0.030251692980527878, 0.03276947885751724, 0.0],