{"frame_0": [0.5506689548492432, 0.34334564208984375, 0.06264970451593399, 0.0378812775015831, 0.14898529648780823, 0.42890387773513794, 0.03256123885512352, 0.02054157294332981, 0.6215029358863831], "frame_1": [0.5506241917610168, 0.3433646261692047, 0.06264614313840866, 0.037833500653505325, 0.13692457973957062, 0.42498713731765747, 0.03380705416202545, 0.019629478454589844, 0.6885399222373962], "frame_2": [0.550567090511322, 0.34335869550704956, 0.06276228278875351, 0.037805844098329544, 0.12661172449588776, 0.4222046732902527, 0.03671322017908096, 0.018707657232880592, 0.7491880655288696], "frame_3": [0.5506309866905212, 0.34332114458084106, 0.06271794438362122, 0.03789806365966797, 0.11647826433181763, 0.42048636078834534, 0.034638382494449615, 0.017167281359434128, 0.6706594228744507], "frame_4": [0.5506470799446106, 0.3433617055416107, 0.06275837868452072, 0.0380101203918457, 0.1079360842704773, 0.4202370047569275, 0.0346033088862896, 0.0178648941218853, 0.7316422462463379], "frame_5": [0.5505001544952393, 0.34343358874320984, 0.06272481381893158, 0.03819136694073677, 0.09788856655359268, 0.41932201385498047, 0.03440199792385101, 0.01860332489013672, 0.6944935321807861], "frame_6": [0.5507330298423767, 0.343458354473114, 0.06291487067937851, 0.03817453235387802, 0.09183438867330551, 0.41836968064308167, 0.03428620100021362, 0.01886463165283203, 0.4824218451976776], "frame_7": [0.5505928993225098, 0.3434425890445709, 0.0629001185297966, 0.03814239427447319, 0.0853954553604126, 0.4175959527492523, 0.0366305448114872, 0.021292876452207565, 0.5681844353675842], "frame_8": [0.5505971312522888, 0.34345167875289917, 0.06283162534236908, 0.03817605972290039, 0.08015426993370056, 0.4143546223640442, 0.03540687635540962, 0.020351314917206764, 0.6403862833976746], "frame_9": [0.5505983829498291, 0.3434952199459076, 0.06266207993030548, 0.038205672055482864, 0.07721792161464691, 0.41155362129211426, 0.03583473712205887, 0.020465755835175514, 0.6080536246299744], "frame_10": [0.5505700707435608, 0.34348171949386597, 0.06260579079389572, 0.03820962831377983, 0.07703249156475067, 0.4084153175354004, 0.04876795783638954, 0.01783297024667263, 0.4954945147037506], "frame_11": [0.5506436824798584, 0.3434266149997711, 0.06230366975069046, 0.038193702697753906, 0.073403000831604, 0.40130725502967834, 0.0351487472653389, 0.019673634320497513, 0.6117581129074097], "frame_12": [0.5505902767181396, 0.3434562087059021, 0.06245507299900055, 0.03817381709814072, 0.07292746752500534, 0.39492112398147583, 0.03559553250670433, 0.020562076941132545, 0.5611897110939026], "frame_13": [0.5506005883216858, 0.3434622287750244, 0.06253204494714737, 0.03813963010907173, 0.07559335231781006, 0.38584771752357483, 0.03527120128273964, 0.021230697631835938, 0.7738273739814758], "frame_14": [0.5506930947303772, 0.3435264527797699, 0.06253238022327423, 0.03819980472326279, 0.08359862118959427, 0.37384873628616333, 0.03698675334453583, 0.022774506360292435, 0.1378495991230011], "frame_15": [0.5507384538650513, 0.34359174966812134, 0.062586210668087, 0.03821830824017525, 0.09583184868097305, 0.3574911952018738, 0.033426497131586075, 0.02035999298095703, 0.9479713439941406], "frame_16": [0.5507478713989258, 0.3436056077480316, 0.06269887089729309, 0.038312532007694244, 0.11156775057315826, 0.34253793954849243, 0.03363736346364021, 0.0194547176361084, 0.8691661953926086], "frame_17": [0.5507639646530151, 0.34367111325263977, 0.06253441423177719, 0.03852381557226181, 0.1300227791070938, 0.3288801610469818, 0.03391128033399582, 0.020360182970762253, 0.9586252570152283], "frame_18": [0.5506309270858765, 0.3436402678489685, 0.06267013400793076, 0.038425348699092865, 0.1438184380531311, 0.31732887029647827, 0.033184707164764404, 0.02094135247170925, 0.8384854793548584], "frame_19": [0.5505453944206238, 0.3435661196708679, 0.06267073005437851, 0.03834991529583931, 0.15861256420612335, 0.3065773546695709, 0.03130670264363289, 0.02180337905883789, 0.851504385471344], "frame_20": [0.5505200028419495, 0.3435943126678467, 0.06271582841873169, 0.03840484470129013, 0.17781402170658112, 0.29540491104125977, 0.032157644629478455, 0.02086791954934597, 0.5782299637794495], "frame_21": [0.5506204962730408, 0.34364423155784607, 0.06272566318511963, 0.03820743411779404, 0.19346117973327637, 0.28616294264793396, 0.03196720406413078, 0.019393157213926315, 0.888768196105957], "frame_22": [0.5504089593887329, 0.3436613082885742, 0.06285688281059265, 0.038442086428403854, 0.2076801359653473, 0.277527391910553, 0.03134104236960411, 0.019816303625702858, 0.9660770893096924], "frame_23": [0.550500750541687, 0.3436109721660614, 0.06279762834310532, 0.038361262530088425, 0.2230481058359146, 0.27000054717063904, 0.032857175916433334, 0.020184040069580078, 0.8631940484046936], "frame_24": [0.5505481362342834, 0.34362632036209106, 0.06275414675474167, 0.0384371280670166, 0.23821666836738586, 0.26383668184280396, 0.03270598500967026, 0.019931267946958542, 0.0], "frame_25": [0.5505400896072388, 0.34356266260147095, 0.06273956596851349, 0.03834972530603409, 0.25287312269210815, 0.25735506415367126, 0.03218095749616623, 0.020043183118104935, 0.0], "frame_26": [0.5504632592201233, 0.3435165286064148, 0.06294581294059753, 0.03829164430499077, 0.2676253318786621, 0.2530338764190674, 0.03213789314031601, 0.02012643776834011, 0.5603227019309998], "frame_27": [0.5503746867179871, 0.34353622794151306, 0.0629696324467659, 0.038297224789857864, 0.2840500771999359, 0.24948737025260925, 0.03258073702454567, 0.019999314099550247, 0.0], "frame_28": [0.5504805445671082, 0.34359806776046753, 0.06322377175092697, 0.03834257274866104, 0.29800552129745483, 0.2460525929927826, 0.03028038889169693, 0.01965026929974556, 0.0], "frame_29": [0.5504204630851746, 0.34348541498184204, 0.06315841525793076, 0.038126327097415924, 0.31270891427993774, 0.2438201904296875, 0.03170335665345192, 0.02039952203631401, 0.0], "frame_30": [0.5506395697593689, 0.34350261092185974, 0.06320521235466003, 0.038182925432920456, 0.32799461483955383, 0.242755725979805, 0.03175640106201172, 0.019885729998350143, 0.0], "frame_31": [0.5506812334060669, 0.3435004651546478, 0.06296107172966003, 0.0382145419716835, 0.3417346477508545, 0.24231629073619843, 0.02994045615196228, 0.02043762244284153, 0.0], "frame_32": [0.5507130026817322, 0.3435083329677582, 0.06292724609375, 0.03820066526532173, 0.3558317720890045, 0.24270620942115784, 0.031340450048446655, 0.020040417090058327, 0.0], "frame_33": [0.5508188605308533, 0.34354639053344727, 0.06289283186197281, 0.038247108459472656, 0.37149980664253235, 0.24413487315177917, 0.03200056403875351, 0.02040872536599636, 0.0], "frame_34": [0.550665557384491, 0.34336358308792114, 0.06305237114429474, 0.038022615015506744, 0.38431471586227417, 0.24597840011119843, 0.03014051727950573, 0.019445324316620827, 0.0], "frame_35": [0.5505117774009705, 0.3433683514595032, 0.06326243281364441, 0.03802929073572159, 0.3991703391075134, 0.2496650218963623, 0.03128933534026146, 0.019668960943818092, 0.0], "frame_36": [0.5505721569061279, 0.3434178829193115, 0.06322165578603745, 0.038156699389219284, 0.41214242577552795, 0.2530531585216522, 0.02978464774787426, 0.01916060410439968, 0.0], "frame_37": [0.5506461262702942, 0.34345847368240356, 0.06323360651731491, 0.038217924535274506, 0.42702239751815796, 0.25732260942459106, 0.029230838641524315, 0.01885404624044895, 0.0], "frame_38": [0.5507365465164185, 0.3434543013572693, 0.06333084404468536, 0.03823375701904297, 0.4412935972213745, 0.2634204626083374, 0.029920535162091255, 0.019027376547455788, 0.0], "frame_39": [0.550815999507904, 0.34334927797317505, 0.06325649470090866, 0.03806190565228462, 0.4541288912296295, 0.2687003016471863, 0.02904527448117733, 0.018905973061919212, 0.0], "frame_40": [0.5506289601325989, 0.3433327078819275, 0.06338806450366974, 0.038123033940792084, 0.4672156572341919, 0.27574124932289124, 0.03141547366976738, 0.019427871331572533, 0.0],