{"frame_0": [0.5508264303207397, 0.3460468649864197, 0.06059905141592026, 0.064949631690979, 0.6595665812492371, 0.6572413444519043, 0.026289960369467735, 0.02962036058306694, 0.10543789714574814], "frame_1": [0.5507957339286804, 0.3460453748703003, 0.06049669161438942, 0.0649893656373024, 0.20031678676605225, 0.5225964188575745, 0.04129801690578461, 0.03856489434838295, 0.07217139005661011], "frame_2": [0.5506541132926941, 0.346028596162796, 0.06056955084204674, 0.06505291908979416, 0.1985098272562027, 0.5101492404937744, 0.04213642701506615, 0.04679391533136368, 0.057813629508018494], "frame_3": [0.5507481694221497, 0.3459988534450531, 0.0603458397090435, 0.0649602860212326, 0.19933344423770905, 0.4954901933670044, 0.03559822589159012, 0.0425218790769577, 0.1499396711587906], "frame_4": [0.5508553385734558, 0.34597134590148926, 0.060361098498106, 0.06496429443359375, 0.1982067972421646, 0.4864760637283325, 0.03336527198553085, 0.04106195271015167, 0.15920141339302063], "frame_5": [0.5509380102157593, 0.3460064232349396, 0.060369957238435745, 0.06499926000833511, 0.19342829287052155, 0.4808422029018402, 0.03960788622498512, 0.044367216527462006, 0.24842453002929688], "frame_6": [0.5509436726570129, 0.3459431529045105, 0.06033609062433243, 0.06496342271566391, 0.18923087418079376, 0.47449085116386414, 0.045463137328624725, 0.04378318786621094, 0.3499320447444916], "frame_7": [0.5509599447250366, 0.3460142910480499, 0.060347747057676315, 0.0651249811053276, 0.18779143691062927, 0.47056663036346436, 0.04717441275715828, 0.04522361606359482, 0.41736748814582825], "frame_8": [0.5508129596710205, 0.34572964906692505, 0.06035631150007248, 0.06455551087856293, 0.18739284574985504, 0.4673203229904175, 0.048353660851716995, 0.0462476946413517, 0.4456307291984558], "frame_9": [0.5508049130439758, 0.3458404839038849, 0.06035423278808594, 0.06474550068378448, 0.18710456788539886, 0.4627646505832672, 0.04855699464678764, 0.04535895586013794, 0.45644932985305786], "frame_10": [0.5507699847221375, 0.34583473205566406, 0.06031091511249542, 0.0647260844707489, 0.18783825635910034, 0.45893752574920654, 0.04763706028461456, 0.046730972826480865, 0.4717737138271332], "frame_11": [0.5507334470748901, 0.34580522775650024, 0.06014137342572212, 0.06458155065774918, 0.18899305164813995, 0.4532049298286438, 0.047627754509449005, 0.04822053015232086, 0.48705485463142395], "frame_12": [0.5509344935417175, 0.3457973599433899, 0.060362327843904495, 0.06439228355884552, 0.19082696735858917, 0.4429064393043518, 0.04812093451619148, 0.04729635268449783, 0.4661678373813629], "frame_13": [0.550960898399353, 0.345824271440506, 0.0604189969599247, 0.06447535753250122, 0.19240063428878784, 0.4307266175746918, 0.046727582812309265, 0.04858703538775444, 0.4440954923629761], "frame_14": [0.551013171672821, 0.3458927571773529, 0.06052110344171524, 0.0646967813372612, 0.19727550446987152, 0.4153825640678406, 0.04827217385172844, 0.04810981824994087, 0.5476248860359192], "frame_15": [0.5510401129722595, 0.34584954380989075, 0.0603983998298645, 0.06461457163095474, 0.20132426917552948, 0.3954436480998993, 0.04559529572725296, 0.04650764539837837, 0.5769243240356445], "frame_16": [0.5510734915733337, 0.34587880969047546, 0.06059129536151886, 0.06467299908399582, 0.20835334062576294, 0.3669794797897339, 0.04569348320364952, 0.04666107892990112, 0.6780062317848206], "frame_17": [0.5510179996490479, 0.34582260251045227, 0.06035448610782623, 0.06467244774103165, 0.2181035429239273, 0.332279235124588, 0.045889049768447876, 0.046738434582948685, 0.7817093729972839], "frame_18": [0.5509613752365112, 0.3456728160381317, 0.06018829345703125, 0.06453002989292145, 0.2312401682138443, 0.29639533162117004, 0.04387641325592995, 0.04821900278329849, 0.7318152189254761], "frame_19": [0.5510305762290955, 0.3456977307796478, 0.060055922716856, 0.06469906866550446, 0.2441609650850296, 0.2661357522010803, 0.04434290900826454, 0.04799128696322441, 0.7517992258071899], "frame_20": [0.5510472059249878, 0.345736563205719, 0.060102082788944244, 0.06479108333587646, 0.25682076811790466, 0.23688329756259918, 0.04367953538894653, 0.045465998351573944, 0.7412712574005127], "frame_21": [0.5510389804840088, 0.34577521681785583, 0.06014984846115112, 0.06482009589672089, 0.2691080868244171, 0.2117033451795578, 0.042887985706329346, 0.045230187475681305, 0.7704201340675354], "frame_22": [0.5510613918304443, 0.3457924723625183, 0.06025085598230362, 0.06493138521909714, 0.28133925795555115, 0.18887044489383698, 0.04237471520900726, 0.0450969897210598, 0.7824047803878784], "frame_23": [0.5510703921318054, 0.345887154340744, 0.06025407463312149, 0.0651393011212349, 0.29343798756599426, 0.16973534226417542, 0.041733212769031525, 0.04440014064311981, 0.8035564422607422], "frame_24": [0.5510452389717102, 0.34582772850990295, 0.060270097106695175, 0.06503880769014359, 0.3050673007965088, 0.1521056890487671, 0.041288841515779495, 0.04465193301439285, 0.7985101938247681], "frame_25": [0.5510671734809875, 0.3457789719104767, 0.06025590002536774, 0.06485947221517563, 0.31663209199905396, 0.13693058490753174, 0.040655262768268585, 0.044203419238328934, 0.8400813937187195], "frame_26": [0.5510872602462769, 0.34586456418037415, 0.060249242931604385, 0.06506184488534927, 0.32779461145401, 0.12393875420093536, 0.039315033704042435, 0.04418453574180603, 0.7899696826934814], "frame_27": [0.5511416792869568, 0.34577080607414246, 0.06037177890539169, 0.0649111419916153, 0.33857789635658264, 0.11339589953422546, 0.03938384726643562, 0.04383111372590065, 0.8088473677635193], "frame_28": [0.5512048602104187, 0.3457038998603821, 0.06042764335870743, 0.06466015428304672, 0.34899720549583435, 0.10485420376062393, 0.039258744567632675, 0.04290580376982689, 0.8520895838737488], "frame_29": [0.5511656999588013, 0.3458077013492584, 0.060355376452207565, 0.06494589895009995, 0.3593299090862274, 0.09819924086332321, 0.03827139362692833, 0.04235878586769104, 0.8027780055999756], "frame_30": [0.5511517524719238, 0.34557485580444336, 0.060208722949028015, 0.06447849422693253, 0.369499534368515, 0.0936914011836052, 0.03778122738003731, 0.04184632748365402, 0.7946832180023193], "frame_31": [0.5510994791984558, 0.34558922052383423, 0.06007728725671768, 0.06448928266763687, 0.37937217950820923, 0.09162700176239014, 0.03736419603228569, 0.041467323899269104, 0.7538179755210876], "frame_32": [0.5510624647140503, 0.3455030918121338, 0.06012624129652977, 0.06435110419988632, 0.3893817961215973, 0.0910572037100792, 0.037154898047447205, 0.0411851666867733, 0.770757257938385], "frame_33": [0.5510841608047485, 0.34564852714538574, 0.06028556823730469, 0.0645734965801239, 0.398836612701416, 0.09189283847808838, 0.03641137108206749, 0.03999100625514984, 0.7663743495941162], "frame_34": [0.5510714054107666, 0.3455510139465332, 0.0603153221309185, 0.06436756998300552, 0.40805765986442566, 0.0949157103896141, 0.03591202571988106, 0.04007323458790779, 0.7789347767829895], "frame_35": [0.5511295199394226, 0.3455600440502167, 0.0603790283203125, 0.0644189864397049, 0.41757696866989136, 0.09889905899763107, 0.034816570580005646, 0.03938135504722595, 0.7903074026107788], "frame_36": [0.5511997938156128, 0.3455435335636139, 0.06043446809053421, 0.0643855631351471, 0.42635878920555115, 0.10443411022424698, 0.03558790311217308, 0.038971710950136185, 0.8039407134056091], "frame_37": [0.5511767864227295, 0.34593281149864197, 0.06046714633703232, 0.06501928716897964, 0.43499892950057983, 0.11198156327009201, 0.03380631282925606, 0.03846941143274307, 0.8284896016120911], "frame_38": [0.5511394739151001, 0.34597063064575195, 0.06043802946805954, 0.06506320089101791, 0.4434511065483093, 0.12105302512645721, 0.034272003918886185, 0.03776206821203232, 0.8393734693527222], "frame_39": [0.5510314106941223, 0.3460286557674408, 0.06020995229482651, 0.06502562761306763, 0.4523705244064331, 0.13130660355091095, 0.03410140052437782, 0.037201639264822006, 0.8517372012138367],