{"frame_0": [0.5511325597763062, 0.34605851769447327, 0.06113861873745918, 0.06485525518655777, 0.292750746011734, 0.5060381293296814, 0.025170516222715378, 0.028704537078738213, 0.4817574620246887], "frame_1": [0.5511468052864075, 0.34605249762535095, 0.06111259385943413, 0.06488494575023651, 0.28683462738990784, 0.4997996389865875, 0.023536957800388336, 0.026102447882294655, 0.4303794503211975], "frame_2": [0.5511289834976196, 0.34599146246910095, 0.06111640855669975, 0.06477680057287216, 0.2818247377872467, 0.4972468614578247, 0.023686598986387253, 0.025940705090761185, 0.43158453702926636], "frame_3": [0.5511588454246521, 0.34595465660095215, 0.06126679480075836, 0.06478428095579147, 0.27639496326446533, 0.4948749542236328, 0.025472069159150124, 0.02617492713034153, 0.43920743465423584], "frame_4": [0.5511693954467773, 0.34598544239997864, 0.06119973957538605, 0.06488993018865585, 0.2721887528896332, 0.49370622634887695, 0.025747213512659073, 0.026864539831876755, 0.3525223731994629], "frame_5": [0.5511435866355896, 0.34596312046051025, 0.061119843274354935, 0.06481710821390152, 0.2705722451210022, 0.4957764446735382, 0.02773151360452175, 0.0324055552482605, 0.4215810298919678], "frame_6": [0.5511158108711243, 0.3460034728050232, 0.061149511486291885, 0.06486519426107407, 0.26875030994415283, 0.49285855889320374, 0.02471569925546646, 0.027813127264380455, 0.5739898681640625], "frame_7": [0.5510706305503845, 0.3460356295108795, 0.06109275668859482, 0.0649515762925148, 0.26764214038848877, 0.4904944896697998, 0.025068283081054688, 0.026893021538853645, 0.583036482334137], "frame_8": [0.5510734915733337, 0.34602415561676025, 0.06090308353304863, 0.06477290391921997, 0.2671429216861725, 0.4878494143486023, 0.02505016326904297, 0.02578870952129364, 0.581333339214325], "frame_9": [0.5510493516921997, 0.3459716737270355, 0.06087053194642067, 0.06452484428882599, 0.2659868001937866, 0.4867321848869324, 0.02521686628460884, 0.02647162601351738, 0.4581531584262848], "frame_10": [0.5511643886566162, 0.3459397256374359, 0.0609513595700264, 0.06446446478366852, 0.2657633423805237, 0.4838358461856842, 0.02581310272216797, 0.025483237579464912, 0.006681620143353939], "frame_11": [0.551257848739624, 0.34594666957855225, 0.06111785024404526, 0.06445346772670746, 0.2650091052055359, 0.4798208475112915, 0.02562950924038887, 0.025727717205882072, 0.4168982207775116], "frame_12": [0.5512183308601379, 0.3458871841430664, 0.061148833483457565, 0.06448546797037125, 0.26469752192497253, 0.4737330973148346, 0.025667719542980194, 0.026858817785978317, 0.6359421014785767], "frame_13": [0.5510603189468384, 0.34607836604118347, 0.06117888540029526, 0.06493998318910599, 0.2642964720726013, 0.4676761329174042, 0.025485124439001083, 0.026614464819431305, 0.8822905421257019], "frame_14": [0.5510256886482239, 0.3458852469921112, 0.06095733493566513, 0.06451710313558578, 0.26449015736579895, 0.4593181908130646, 0.025956811383366585, 0.028575049713253975, 0.17689070105552673], "frame_15": [0.5510099530220032, 0.3459068834781647, 0.06102205812931061, 0.06447520852088928, 0.2662525475025177, 0.4440394937992096, 0.023758698254823685, 0.028245460242033005, 0.5438994765281677], "frame_16": [0.5510150194168091, 0.3458496928215027, 0.060932159423828125, 0.0643688440322876, 0.27067169547080994, 0.4256407916545868, 0.024317465722560883, 0.029684744775295258, 0.668030321598053], "frame_17": [0.5510842204093933, 0.34595581889152527, 0.06103905662894249, 0.06449036300182343, 0.2780470848083496, 0.40475955605506897, 0.023923344910144806, 0.029187053442001343, 0.9404088258743286], "frame_18": [0.5511130690574646, 0.34595006704330444, 0.06097717210650444, 0.06467350572347641, 0.28549355268478394, 0.3843376934528351, 0.023015212267637253, 0.026948165148496628, 0.9638454914093018], "frame_19": [0.5511489510536194, 0.34613195061683655, 0.060946740210056305, 0.06524904072284698, 0.2928333580493927, 0.36523932218551636, 0.023706521838903427, 0.02718438021838665, 0.9271354079246521], "frame_20": [0.5511764287948608, 0.34604907035827637, 0.06103719025850296, 0.06510096788406372, 0.2990393042564392, 0.3469224274158478, 0.02372199110686779, 0.02697921358048916, 0.9641070365905762], "frame_21": [0.5511958003044128, 0.3459712564945221, 0.06096170097589493, 0.06498983502388, 0.30605313181877136, 0.32985037565231323, 0.027741050347685814, 0.029584312811493874, 0.9236350059509277], "frame_22": [0.5511921644210815, 0.3460593819618225, 0.06092546135187149, 0.06506641954183578, 0.3140149712562561, 0.3151675760746002, 0.027189064770936966, 0.02949153073132038, 0.8701099157333374], "frame_23": [0.551230251789093, 0.34596142172813416, 0.060913000255823135, 0.06483451277017593, 0.3211151361465454, 0.30103200674057007, 0.027421994134783745, 0.03130084276199341, 0.9456567764282227], "frame_24": [0.5512091517448425, 0.34559568762779236, 0.06086862459778786, 0.06418236345052719, 0.3300933539867401, 0.288690984249115, 0.025108231231570244, 0.030272165313363075, 0.8693565726280212], "frame_25": [0.5512228012084961, 0.3455820381641388, 0.06090863421559334, 0.06410016119480133, 0.3386398255825043, 0.2757658362388611, 0.026725683361291885, 0.027644263580441475, 0.7940877676010132], "frame_26": [0.5513239502906799, 0.34602996706962585, 0.06116294860839844, 0.0650101974606514, 0.3454760015010834, 0.26533737778663635, 0.026560762897133827, 0.028101814910769463, 0.9993072748184204], "frame_27": [0.5512068271636963, 0.34605440497398376, 0.06088684871792793, 0.06500941514968872, 0.3539884686470032, 0.25506317615509033, 0.02570408768951893, 0.028922928497195244, 0.5385922193527222], "frame_28": [0.551045298576355, 0.3461257219314575, 0.06068229675292969, 0.06523291021585464, 0.36235159635543823, 0.24586859345436096, 0.02653149515390396, 0.02899341657757759, 0.6010871529579163], "frame_29": [0.5510810613632202, 0.3460484445095062, 0.060823652893304825, 0.06507404893636703, 0.3703474700450897, 0.2386699616909027, 0.02665286511182785, 0.02930889092385769, 0.6241071224212646], "frame_30": [0.5511431097984314, 0.34612300992012024, 0.06067865341901779, 0.06505446881055832, 0.37917378544807434, 0.23224158585071564, 0.026710892096161842, 0.029351085424423218, 0.48905670642852783], "frame_31": [0.5511549711227417, 0.34603023529052734, 0.060717009007930756, 0.06484116613864899, 0.3879721760749817, 0.22714301943778992, 0.026588143780827522, 0.029307110235095024, 0.4916016757488251], "frame_32": [0.5512202978134155, 0.3459867537021637, 0.06088036298751831, 0.06482802331447601, 0.3960389792919159, 0.22343093156814575, 0.027094904333353043, 0.029999732971191406, 0.5308490991592407], "frame_33": [0.5512339472770691, 0.345956027507782, 0.06107749789953232, 0.06472322344779968, 0.4053536355495453, 0.2211436778306961, 0.0272047258913517, 0.029903940856456757, 0.5573620200157166], "frame_34": [0.5511786341667175, 0.34597328305244446, 0.06089812517166138, 0.06474923342466354, 0.4142817556858063, 0.21953940391540527, 0.026874542236328125, 0.030846744775772095, 0.5510758757591248], "frame_35": [0.5511802434921265, 0.3459666669368744, 0.06092529371380806, 0.06476173549890518, 0.42310959100723267, 0.21948717534542084, 0.027952957898378372, 0.03033275529742241, 0.6113011837005615], "frame_36": [0.5511301755905151, 0.3459237515926361, 0.06081487983465195, 0.06469535827636719, 0.432608962059021, 0.22073669731616974, 0.027982117608189583, 0.030973520129919052, 0.6414721608161926], "frame_37": [0.5510770082473755, 0.3459361493587494, 0.06064338609576225, 0.06460827589035034, 0.44194963574409485, 0.22334721684455872, 0.028318490833044052, 0.030867386609315872, 0.645673394203186], "frame_38": [0.5510697960853577, 0.34591278433799744, 0.06061210483312607, 0.064642034471035, 0.4516838788986206, 0.22717903554439545, 0.027355575934052467, 0.030907630920410156, 0.6429023742675781],