{"frame_0": [0.5512622594833374, 0.34349799156188965, 0.061993662267923355, 0.03891425207257271, 0.19586792588233948, 0.46255701780319214, 0.03564313426613808, 0.01760702207684517, 0.8571844100952148], "frame_1": [0.5512790083885193, 0.34345927834510803, 0.06193559616804123, 0.03883562237024307, 0.19456617534160614, 0.4579748213291168, 0.03320130333304405, 0.01944141462445259, 0.8370002508163452], "frame_2": [0.5513165593147278, 0.34345656633377075, 0.06195678561925888, 0.038782358169555664, 0.19351010024547577, 0.45415839552879333, 0.03525810316205025, 0.023436356335878372, 0.8112705945968628], "frame_3": [0.55137038230896, 0.34346118569374084, 0.06192321702837944, 0.038790129125118256, 0.19351010024547577, 0.45415839552879333, 0.03525810316205025, 0.023436356335878372, 0.7401835918426514], "frame_4": [0.5514445900917053, 0.3434974253177643, 0.06185895949602127, 0.03869009017944336, 0.19351010024547577, 0.45415839552879333, 0.03525810316205025, 0.023436356335878372, 0.6832011938095093], "frame_5": [0.5515196919441223, 0.3435039520263672, 0.06172146275639534, 0.038541413843631744, 0.17693684995174408, 0.43396320939064026, 0.03176434710621834, 0.01975393295288086, 0.6517234444618225], "frame_6": [0.5513670444488525, 0.3434979021549225, 0.06187862902879715, 0.038648080080747604, 0.16676145792007446, 0.4303324818611145, 0.030196888372302055, 0.018334578722715378, 0.6297366619110107], "frame_7": [0.5512950420379639, 0.34345149993896484, 0.06198526918888092, 0.038611698895692825, 0.15757757425308228, 0.42658567428588867, 0.030348628759384155, 0.019511032849550247, 0.5934493541717529], "frame_8": [0.5513098835945129, 0.3435530960559845, 0.062149640172719955, 0.03908200189471245, 0.14714652299880981, 0.42420607805252075, 0.030892690643668175, 0.017164040356874466, 0.7069214582443237], "frame_9": [0.5512498021125793, 0.34349745512008667, 0.06193457543849945, 0.038765765726566315, 0.13694189488887787, 0.42141619324684143, 0.03490011394023895, 0.016347121447324753, 0.6802825331687927], "frame_10": [0.5510371327400208, 0.34341710805892944, 0.061842601746320724, 0.03874320909380913, 0.13694189488887787, 0.42141619324684143, 0.03490011394023895, 0.016347121447324753, 0.7296575307846069], "frame_11": [0.5511017441749573, 0.3434236943721771, 0.06196407601237297, 0.0387393943965435, 0.12291867285966873, 0.42103147506713867, 0.033800993114709854, 0.016099166125059128, 0.6751293540000916], "frame_12": [0.5511874556541443, 0.3433750867843628, 0.0620473213493824, 0.03862595558166504, 0.11557240039110184, 0.42054957151412964, 0.03235439583659172, 0.017760466784238815, 0.6619939208030701], "frame_13": [0.5511887669563293, 0.3433549404144287, 0.061885155737400055, 0.038607407361269, 0.1093384400010109, 0.41959208250045776, 0.03167639672756195, 0.017489243298768997, 0.6162190437316895], "frame_14": [0.5512006282806396, 0.3433804214000702, 0.06190371885895729, 0.03864722326397896, 0.102817602455616, 0.4180941581726074, 0.030541738495230675, 0.017509078606963158, 0.5558217167854309], "frame_15": [0.551556408405304, 0.3434615731239319, 0.06227688118815422, 0.03860006481409073, 0.0994754359126091, 0.41540536284446716, 0.029451200738549232, 0.017848968505859375, 0.6380324959754944], "frame_16": [0.5515913367271423, 0.34356531500816345, 0.06226653978228569, 0.03880729526281357, 0.09639406949281693, 0.4105808138847351, 0.031352657824754715, 0.01845874823629856, 0.6257726550102234], "frame_17": [0.5515172481536865, 0.34352436661720276, 0.06217430904507637, 0.03868827968835831, 0.09454894810914993, 0.4066508412361145, 0.030152300372719765, 0.018950486555695534, 0.5599236488342285], "frame_18": [0.5516090393066406, 0.3435402512550354, 0.06216583400964737, 0.03873491287231445, 0.09378312528133392, 0.40115055441856384, 0.03044009767472744, 0.019026661291718483, 0.5937342047691345], "frame_19": [0.551263153553009, 0.34353792667388916, 0.06182810291647911, 0.03879966586828232, 0.09327441453933716, 0.3948313295841217, 0.031022770330309868, 0.02003622055053711, 0.5194358229637146], "frame_20": [0.5513262748718262, 0.34354013204574585, 0.06182776391506195, 0.03887457773089409, 0.09887512773275375, 0.38433146476745605, 0.03144408389925957, 0.018883610144257545, 0.43644821643829346], "frame_21": [0.551503598690033, 0.3435010015964508, 0.06222449243068695, 0.0387478843331337, 0.11069982498884201, 0.3709375262260437, 0.03316722437739372, 0.020505189895629883, 0.9658975005149841], "frame_22": [0.5512757897377014, 0.343482106924057, 0.06186693161725998, 0.038867950439453125, 0.12329299002885818, 0.35692229866981506, 0.03251609951257706, 0.019339466467499733, 0.9229830503463745], "frame_23": [0.5512735843658447, 0.34353137016296387, 0.06181810051202774, 0.038922689855098724, 0.13616985082626343, 0.3438417315483093, 0.029325634241104126, 0.018323946744203568, 0.9708234071731567], "frame_24": [0.5516244769096375, 0.3435363173484802, 0.06227874755859375, 0.03886270523071289, 0.150923490524292, 0.3329777717590332, 0.030410077422857285, 0.01862010918557644, 0.8794326782226562], "frame_25": [0.5515841841697693, 0.34361761808395386, 0.06219295784831047, 0.03905677795410156, 0.16491839289665222, 0.3203349709510803, 0.02990502305328846, 0.020101357251405716, 0.5990694165229797], "frame_26": [0.5516233444213867, 0.34357112646102905, 0.06213141605257988, 0.038986969739198685, 0.18099471926689148, 0.31189852952957153, 0.03347880020737648, 0.019375896081328392, 0.4593394696712494], "frame_27": [0.5515152812004089, 0.3435980975627899, 0.06206512451171875, 0.03904233127832413, 0.19546809792518616, 0.3020135760307312, 0.03114284947514534, 0.018871117383241653, 0.9956634640693665], "frame_28": [0.5514716506004333, 0.34352561831474304, 0.062106575816869736, 0.03886709362268448, 0.20955799520015717, 0.2931446433067322, 0.029747603461146355, 0.01826925203204155, 0.875673770904541], "frame_29": [0.5514634251594543, 0.34352487325668335, 0.06185438483953476, 0.03885192796587944, 0.2245655059814453, 0.28631141781806946, 0.03164198249578476, 0.01888575591146946, 0.7153598666191101], "frame_30": [0.5514158606529236, 0.3435682952404022, 0.06199968233704567, 0.038994789123535156, 0.23876099288463593, 0.27884441614151, 0.03132370859384537, 0.018997812643647194, 0.716838002204895], "frame_31": [0.5515844821929932, 0.3434531092643738, 0.0617828369140625, 0.0386815071105957, 0.07072986662387848, 0.44130831956863403, 0.030138440430164337, 0.019747162237763405, 0.7070343494415283], "frame_32": [0.5514321327209473, 0.34357696771621704, 0.06219533458352089, 0.03898019716143608, 0.06614715605974197, 0.446835994720459, 0.026992183178663254, 0.017513275146484375, 0.7224408388137817], "frame_33": [0.5513241291046143, 0.34372830390930176, 0.062471263110637665, 0.039215754717588425, 0.060013242065906525, 0.45447224378585815, 0.027313143014907837, 0.01590728759765625, 0.7078747153282166], "frame_34": [0.5513286590576172, 0.34366926550865173, 0.06243777647614479, 0.03910398483276367, 0.05483157932758331, 0.45828190445899963, 0.0292087122797966, 0.014815902337431908, 0.7853491902351379], "frame_35": [0.5513726472854614, 0.3435872197151184, 0.062319520860910416, 0.03897152096033096, 0.053719621151685715, 0.4638737142086029, 0.031093183904886246, 0.01430978812277317, 0.8357334733009338], "frame_36": [0.5514267683029175, 0.3436224162578583, 0.062244415283203125, 0.03907179832458496, 0.05525020509958267, 0.4684283137321472, 0.028136391192674637, 0.015154266729950905, 0.0], "frame_37": [0.5514406561851501, 0.34358423948287964, 0.06212039664387703, 0.03894791752099991, 0.3386203348636627, 0.25455689430236816, 0.02919209748506546, 0.019536782056093216, 0.0], "frame_38": [0.5513936281204224, 0.3435537815093994, 0.06237402930855751, 0.03890042379498482, 0.3534024655818939, 0.25411564111709595, 0.02953440323472023, 0.019160747528076172, 0.0], "frame_39": [0.551371693611145, 0.34357255697250366, 0.0625050887465477, 0.03902711719274521, 0.36869099736213684, 0.25492793321609497, 0.02940724603831768, 0.018729496747255325, 0.0],