{"frame_0": [0.5516080856323242, 0.34625402092933655, 0.060373686254024506, 0.06487780809402466, 0.06578422337770462, 0.49579179286956787, 0.04011848196387291, 0.039142608642578125, 0.2981569468975067], "frame_1": [0.5515506267547607, 0.3461967408657074, 0.06025505065917969, 0.06485632061958313, 0.06076817587018013, 0.48919135332107544, 0.039112672209739685, 0.03786744177341461, 0.2779398560523987], "frame_2": [0.5515596866607666, 0.34618550539016724, 0.06028539687395096, 0.06477697193622589, 0.05567697808146477, 0.4844129681587219, 0.03957861661911011, 0.03885290399193764, 0.3264424502849579], "frame_3": [0.5515349507331848, 0.3459680378437042, 0.06027581915259361, 0.06431647390127182, 0.05242528021335602, 0.48015421628952026, 0.038869693875312805, 0.03817596286535263, 0.37735670804977417], "frame_4": [0.5515803098678589, 0.3460198640823364, 0.06041925400495529, 0.06446908414363861, 0.04941610246896744, 0.47713571786880493, 0.03897034376859665, 0.0357961431145668, 0.38760724663734436], "frame_5": [0.5515921711921692, 0.3461008369922638, 0.06043434143066406, 0.06453084200620651, 0.04654823988676071, 0.47455739974975586, 0.0374639667570591, 0.03612785413861275, 0.4058896601200104], "frame_6": [0.5515811443328857, 0.34610700607299805, 0.06046333163976669, 0.06445314735174179, 0.04479353129863739, 0.47214990854263306, 0.03830437734723091, 0.0355570912361145, 0.39678338170051575], "frame_7": [0.5515583753585815, 0.34614014625549316, 0.060452185571193695, 0.06451089680194855, 0.04427742958068848, 0.4695465564727783, 0.03918469324707985, 0.036116961389780045, 0.36968448758125305], "frame_8": [0.5515295267105103, 0.3460424542427063, 0.0605289451777935, 0.0643136128783226, 0.04421815276145935, 0.465476393699646, 0.038377415388822556, 0.03610267490148544, 0.3630107343196869], "frame_9": [0.5515342950820923, 0.3460286557674408, 0.06046278029680252, 0.06442498415708542, 0.04535621404647827, 0.460213840007782, 0.03953135013580322, 0.037079621106386185, 0.3830876350402832], "frame_10": [0.5515586733818054, 0.3459611237049103, 0.060457780957221985, 0.06426991522312164, 0.047075700014829636, 0.45212191343307495, 0.039199743419885635, 0.03761177137494087, 0.38173893094062805], "frame_11": [0.5515420436859131, 0.3459872901439667, 0.06039983779191971, 0.06432704627513885, 0.05020859092473984, 0.44208934903144836, 0.04018335044384003, 0.03875694423913956, 0.39253950119018555], "frame_12": [0.5515002012252808, 0.3459802269935608, 0.06047545373439789, 0.06426525115966797, 0.05355395749211311, 0.4283742308616638, 0.03990413248538971, 0.0387088768184185, 0.508188784122467], "frame_13": [0.5516230463981628, 0.346176415681839, 0.06052988022565842, 0.0645161122083664, 0.05909088999032974, 0.4105274975299835, 0.03974118083715439, 0.039512041956186295, 0.49739405512809753], "frame_14": [0.5515960454940796, 0.3461551368236542, 0.060498811304569244, 0.06451712548732758, 0.06901870667934418, 0.38655269145965576, 0.03858068212866783, 0.042813874781131744, 0.626039445400238], "frame_15": [0.5515522956848145, 0.3461132347583771, 0.06060858815908432, 0.06450928747653961, 0.08441579341888428, 0.35551464557647705, 0.03707723692059517, 0.03843364864587784, 0.8840249180793762], "frame_16": [0.5515062808990479, 0.3460133969783783, 0.06058599799871445, 0.06432179361581802, 0.10235101729631424, 0.32841163873672485, 0.03626163303852081, 0.03703765943646431, 0.848392903804779], "frame_17": [0.5514927506446838, 0.3460710048675537, 0.06045820564031601, 0.0644029825925827, 0.11979255825281143, 0.3032798767089844, 0.03359842300415039, 0.03759346157312393, 0.8166007399559021], "frame_18": [0.5515191555023193, 0.34607523679733276, 0.06048410385847092, 0.06448482722043991, 0.13870805501937866, 0.2802489697933197, 0.033451177179813385, 0.03910942003130913, 0.847673237323761], "frame_19": [0.5515385866165161, 0.3460330665111542, 0.06063634902238846, 0.06443212181329727, 0.1554400622844696, 0.25925853848457336, 0.034651245921850204, 0.03797725960612297, 0.7928584218025208], "frame_20": [0.551539421081543, 0.34607747197151184, 0.060587309300899506, 0.06445550173521042, 0.17263099551200867, 0.24011074006557465, 0.035871103405952454, 0.03666773810982704, 0.8336584568023682], "frame_21": [0.5515310764312744, 0.3460637927055359, 0.06052148714661598, 0.06448698788881302, 0.1890011429786682, 0.22335709631443024, 0.03667745739221573, 0.037763021886348724, 0.8622857928276062], "frame_22": [0.5515010952949524, 0.3460485339164734, 0.060454729944467545, 0.06444697827100754, 0.20556409657001495, 0.20800526440143585, 0.035591211169958115, 0.03756839036941528, 0.8522058129310608], "frame_23": [0.5515388250350952, 0.3459462523460388, 0.06047859042882919, 0.06424596905708313, 0.2221890389919281, 0.19560815393924713, 0.0350305549800396, 0.03833746537566185, 0.8451001048088074], "frame_24": [0.5515090823173523, 0.3460257351398468, 0.06043107807636261, 0.06443998217582703, 0.23824971914291382, 0.1836702972650528, 0.03480358049273491, 0.0379008911550045, 0.8667621612548828], "frame_25": [0.5515099167823792, 0.3460380434989929, 0.060329608619213104, 0.06445425003767014, 0.2545507550239563, 0.1741291880607605, 0.033803559839725494, 0.03754853084683418, 0.9248754382133484], "frame_26": [0.5515412092208862, 0.34611740708351135, 0.060474395751953125, 0.06457129865884781, 0.27001598477363586, 0.16628356277942657, 0.0342564694583416, 0.03738425672054291, 0.9280684590339661], "frame_27": [0.5515252947807312, 0.3460780084133148, 0.06052140146493912, 0.06447190046310425, 0.2857414782047272, 0.16037705540657043, 0.03284912183880806, 0.03746567666530609, 0.9027377367019653], "frame_28": [0.5514713525772095, 0.3460630774497986, 0.06046837568283081, 0.06447594612836838, 0.3013249337673187, 0.1554764062166214, 0.03402996063232422, 0.036724429577589035, 0.9258243441581726], "frame_29": [0.5514222979545593, 0.3459392488002777, 0.06045053154230118, 0.06436184793710709, 0.3167792856693268, 0.1530163586139679, 0.03296070173382759, 0.03711061552166939, 0.8999245762825012], "frame_30": [0.551489531993866, 0.3460453152656555, 0.06035177409648895, 0.06499966233968735, 0.33149638772010803, 0.1517622172832489, 0.03334980085492134, 0.037233203649520874, 0.8519582152366638], "frame_31": [0.551417350769043, 0.3459911048412323, 0.06043129041790962, 0.0644746795296669, 0.34640464186668396, 0.1526695191860199, 0.032558441162109375, 0.03702125698328018, 0.8315723538398743], "frame_32": [0.5513944625854492, 0.3460119962692261, 0.06046536937355995, 0.06449472904205322, 0.360927551984787, 0.15463633835315704, 0.032449617981910706, 0.03597211837768555, 0.8898777365684509], "frame_33": [0.5513719916343689, 0.3460415005683899, 0.0605001226067543, 0.06450347602367401, 0.375442236661911, 0.15842899680137634, 0.03223219886422157, 0.035787008702754974, 0.8457180857658386], "frame_34": [0.5514224767684937, 0.3460509479045868, 0.06044752150774002, 0.06451613456010818, 0.39078614115715027, 0.16325001418590546, 0.03200026601552963, 0.03520553559064865, 0.8468328714370728], "frame_35": [0.5515234470367432, 0.3461734652519226, 0.06077402085065842, 0.06482064723968506, 0.4044734537601471, 0.1696738749742508, 0.03186208754777908, 0.03544841334223747, 0.8496037125587463], "frame_36": [0.551473081111908, 0.3461896777153015, 0.06072290241718292, 0.06480678915977478, 0.4182676076889038, 0.17730727791786194, 0.031488798558712006, 0.03496438264846802, 0.824903130531311], "frame_37": [0.5514788031578064, 0.3461652994155884, 0.06072213873267174, 0.06477290391921997, 0.43233999609947205, 0.18647804856300354, 0.030946817249059677, 0.0347280390560627, 0.8310170769691467], "frame_38": [0.5515439510345459, 0.3461473882198334, 0.06082306057214737, 0.064716637134552, 0.44583427906036377, 0.19687393307685852, 0.030457686632871628, 0.03396778181195259, 0.8187148571014404], "frame_39": [0.5515375733375549, 0.3461921811103821, 0.06096382066607475, 0.06477446854114532, 0.4593749940395355, 0.20866133272647858, 0.030234908685088158, 0.03286967799067497, 0.8231644630432129],