{"frame_0": [0.5515817403793335, 0.3461441397666931, 0.06124670058488846, 0.06456392258405685, 0.0502534955739975, 0.48913803696632385, 0.040957264602184296, 0.036914654076099396, 0.27373841404914856], "frame_1": [0.5515841245651245, 0.34613317251205444, 0.06125755235552788, 0.06453601270914078, 0.04639719799160957, 0.4840068519115448, 0.03952091932296753, 0.03658256679773331, 0.2890283763408661], "frame_2": [0.5515848994255066, 0.34610337018966675, 0.06114980950951576, 0.06448938697576523, 0.04283200949430466, 0.4806433916091919, 0.03961295261979103, 0.03647194057703018, 0.3055242598056793], "frame_3": [0.5514749884605408, 0.34613537788391113, 0.06107605993747711, 0.06456756591796875, 0.04008542373776436, 0.47827568650245667, 0.03943862393498421, 0.03745252639055252, 0.3419387638568878], "frame_4": [0.5515417456626892, 0.3461214005947113, 0.06103621423244476, 0.0644795298576355, 0.03797068074345589, 0.4761899709701538, 0.039876557886600494, 0.03820648044347763, 0.34982022643089294], "frame_5": [0.5515502095222473, 0.3460906147956848, 0.061064910143613815, 0.06439734250307083, 0.035899460315704346, 0.47367265820503235, 0.03976774588227272, 0.03750763088464737, 0.3734579384326935], "frame_6": [0.5515658259391785, 0.34612762928009033, 0.06118982285261154, 0.06446753442287445, 0.03435702249407768, 0.4703871011734009, 0.04004025086760521, 0.03747978061437607, 0.37683919072151184], "frame_7": [0.5515697002410889, 0.3460472524166107, 0.06117592006921768, 0.06440631300210953, 0.03345385566353798, 0.46589621901512146, 0.03970525041222572, 0.037024859338998795, 0.4011233150959015], "frame_8": [0.5515012145042419, 0.34605103731155396, 0.061086952686309814, 0.06440345197916031, 0.0338323712348938, 0.4594751000404358, 0.04040299355983734, 0.036795806139707565, 0.38962841033935547], "frame_9": [0.5513908267021179, 0.34606191515922546, 0.06107567623257637, 0.06459492444992065, 0.03598978742957115, 0.4509657919406891, 0.03982354328036308, 0.03779648616909981, 0.46271321177482605], "frame_10": [0.5514007806777954, 0.3461110293865204, 0.061000823974609375, 0.06457690894603729, 0.03892946243286133, 0.44021037220954895, 0.04043067246675491, 0.03848317638039589, 0.4229498505592346], "frame_11": [0.5514763593673706, 0.3461737632751465, 0.06097259372472763, 0.06447580456733704, 0.04211501404643059, 0.4262208640575409, 0.04121130704879761, 0.03915596008300781, 0.4951123893260956], "frame_12": [0.5515447854995728, 0.3462483286857605, 0.06100747734308243, 0.06453456729650497, 0.04792708903551102, 0.4067583680152893, 0.038842521607875824, 0.04138297960162163, 0.5626927018165588], "frame_13": [0.5516180396080017, 0.34628599882125854, 0.06108750402927399, 0.06455468386411667, 0.05986277386546135, 0.37847229838371277, 0.0378408282995224, 0.03973918408155441, 0.7100672125816345], "frame_14": [0.5516691207885742, 0.3462052345275879, 0.06117201969027519, 0.06443040817975998, 0.07777214795351028, 0.34615185856819153, 0.038522183895111084, 0.042460229247808456, 0.0], "frame_15": [0.55168217420578, 0.3461081087589264, 0.0612640380859375, 0.06425944715738297, 0.09450268000364304, 0.3176971971988678, 0.036124471575021744, 0.03848323971033096, 0.0], "frame_16": [0.5516570210456848, 0.34610024094581604, 0.06129171699285507, 0.06425893306732178, 0.11177276074886322, 0.2913706302642822, 0.03499162569642067, 0.03767310082912445, 0.0], "frame_17": [0.5516125559806824, 0.3463030457496643, 0.061173249036073685, 0.06460636854171753, 0.1292506456375122, 0.26714006066322327, 0.03330196812748909, 0.03797001391649246, 0.0], "frame_18": [0.551562488079071, 0.3462947607040405, 0.06111365556716919, 0.0645984634757042, 0.1470264047384262, 0.24561169743537903, 0.03543935343623161, 0.03811999410390854, 0.0], "frame_19": [0.5515108704566956, 0.34634479880332947, 0.06108436733484268, 0.06469718366861343, 0.16439710557460785, 0.22496052086353302, 0.03639388456940651, 0.03904677554965019, 0.0], "frame_20": [0.5516248941421509, 0.34630799293518066, 0.06105766445398331, 0.0647730901837349, 0.18085719645023346, 0.20631465315818787, 0.03646867722272873, 0.03896098583936691, 0.7347536087036133], "frame_21": [0.5515702962875366, 0.3462827205657959, 0.06115760654211044, 0.06475062668323517, 0.19726604223251343, 0.19000202417373657, 0.035638321191072464, 0.03875472769141197, 0.6847394704818726], "frame_22": [0.5515623092651367, 0.3462557792663574, 0.06118405610322952, 0.06473340094089508, 0.21372675895690918, 0.17578551173210144, 0.035808075219392776, 0.03862195461988449, 0.5579652190208435], "frame_23": [0.5515647530555725, 0.3461213707923889, 0.0612114816904068, 0.0646011158823967, 0.22971168160438538, 0.1631363034248352, 0.034363556653261185, 0.03893417865037918, 0.44271281361579895], "frame_24": [0.5515896081924438, 0.3461253345012665, 0.06118757277727127, 0.06449760496616364, 0.2451431304216385, 0.1526864767074585, 0.03530913591384888, 0.0387229397892952, 0.36204275488853455], "frame_25": [0.5515050888061523, 0.34623265266418457, 0.06115404888987541, 0.06466742604970932, 0.2609453499317169, 0.14351248741149902, 0.034588709473609924, 0.0383169911801815, 0.24410894513130188], "frame_26": [0.5515781044960022, 0.3463446795940399, 0.06115464121103287, 0.06471069902181625, 0.27661627531051636, 0.13664095103740692, 0.034594155848026276, 0.03807232156395912, 0.1606684923171997], "frame_27": [0.551692008972168, 0.34645551443099976, 0.06129849702119827, 0.0648275762796402, 0.2918265461921692, 0.13098108768463135, 0.03369816765189171, 0.03834652528166771, 0.025351407006382942], "frame_28": [0.5516918897628784, 0.34640395641326904, 0.06125708669424057, 0.06482279300689697, 0.3066517412662506, 0.12717853486537933, 0.03327721357345581, 0.037479836493730545, 0.1585528701543808], "frame_29": [0.5516317486763, 0.3464096188545227, 0.06124627962708473, 0.06505616754293442, 0.32179731130599976, 0.12489878386259079, 0.03287048265337944, 0.037408605217933655, 0.9789363741874695], "frame_30": [0.5515228509902954, 0.34644651412963867, 0.061392806470394135, 0.06509742885828018, 0.3363093435764313, 0.12457283586263657, 0.031936369836330414, 0.037241097539663315, 0.9768016934394836], "frame_31": [0.5515660643577576, 0.3464958965778351, 0.061538610607385635, 0.06506059318780899, 0.3509170114994049, 0.1255999356508255, 0.03288796916604042, 0.0373041145503521, 0.9989548325538635], "frame_32": [0.5515859127044678, 0.34657642245292664, 0.0615665428340435, 0.0652487650513649, 0.36581331491470337, 0.12838086485862732, 0.032525211572647095, 0.03683633729815483, 0.9552619457244873], "frame_33": [0.5515842437744141, 0.34659770131111145, 0.061566926538944244, 0.06534648686647415, 0.3793175518512726, 0.13227857649326324, 0.03273573890328407, 0.036487482488155365, 0.9901612401008606], "frame_34": [0.5516074895858765, 0.34650591015815735, 0.061534881591796875, 0.06511484831571579, 0.3932598829269409, 0.13831819593906403, 0.031232282519340515, 0.03564805909991264, 0.9797689318656921], "frame_35": [0.5516409277915955, 0.34633249044418335, 0.06159858778119087, 0.06480251252651215, 0.40724098682403564, 0.14505493640899658, 0.03136372193694115, 0.03601345419883728, 0.992940366268158], "frame_36": [0.5516427159309387, 0.34619003534317017, 0.0615386962890625, 0.06489291787147522, 0.4210679829120636, 0.15317194163799286, 0.03168898820877075, 0.03560037538409233, 0.9802901148796082], "frame_37": [0.551613450050354, 0.34616702795028687, 0.06161096319556236, 0.06472592055797577, 0.4344305396080017, 0.16297440230846405, 0.030693266540765762, 0.035202790051698685, 0.9851046800613403], "frame_38": [0.5516328811645508, 0.34615448117256165, 0.06154764071106911, 0.06472835689783096, 0.44761139154434204, 0.17402265965938568, 0.030766846612095833, 0.03464698791503906, 0.013975690118968487], "frame_39": [0.5516722798347473, 0.3462202847003937, 0.06162194162607193, 0.06477659195661545, 0.4605826437473297, 0.18642506003379822, 0.030559243634343147, 0.03418789803981781, 0.006626601330935955],