{"frame_0": [0.5511394143104553, 0.34354710578918457, 0.06172417476773262, 0.03836507722735405, 0.22236286103725433, 0.4698658883571625, 0.02467922680079937, 0.02361125871539116, 0.9844997525215149], "frame_1": [0.5513608455657959, 0.343563973903656, 0.062192875891923904, 0.03831944614648819, 0.22236286103725433, 0.4698658883571625, 0.02467922680079937, 0.02361125871539116, 0.7711175680160522], "frame_2": [0.551325798034668, 0.34352508187294006, 0.06217414140701294, 0.038182925432920456, 0.22236286103725433, 0.4698658883571625, 0.02467922680079937, 0.02361125871539116, 0.7392007112503052], "frame_3": [0.5515180230140686, 0.3436202108860016, 0.06202714890241623, 0.038088321685791016, 0.20752525329589844, 0.4378088414669037, 0.040708500891923904, 0.022304821759462357, 0.5857288241386414], "frame_4": [0.5514765977859497, 0.3436453938484192, 0.06202443316578865, 0.038033295422792435, 0.2021646499633789, 0.43194857239723206, 0.03637377545237541, 0.024443436414003372, 0.5662582516670227], "frame_5": [0.5515369176864624, 0.34362736344337463, 0.06188524141907692, 0.03795909881591797, 0.1723203808069229, 0.42645302414894104, 0.0581137016415596, 0.026948165148496628, 0.52660071849823], "frame_6": [0.5513997673988342, 0.34364238381385803, 0.062127768993377686, 0.03801002353429794, 0.17387117445468903, 0.4262523651123047, 0.059602271765470505, 0.02754688262939453, 0.40601468086242676], "frame_7": [0.5512679815292358, 0.34359031915664673, 0.06230790913105011, 0.03819241374731064, 0.19293899834156036, 0.41975530982017517, 0.03680216521024704, 0.025912761688232422, 0.5662931203842163], "frame_8": [0.551085889339447, 0.34358450770378113, 0.06185201182961464, 0.03818235546350479, 0.1905301809310913, 0.41763171553611755, 0.036900244653224945, 0.025088882073760033, 0.5873117446899414], "frame_9": [0.551112711429596, 0.3436202108860016, 0.06183861568570137, 0.038041163235902786, 0.18812882900238037, 0.4155539572238922, 0.0367329902946949, 0.024086570367217064, 0.5346804857254028], "frame_10": [0.5513915419578552, 0.3434602618217468, 0.06101955845952034, 0.037471868097782135, 0.18744784593582153, 0.4137345254421234, 0.03960905969142914, 0.024091530591249466, 0.5424507856369019], "frame_11": [0.5513719320297241, 0.34356385469436646, 0.061083219945430756, 0.03770704194903374, 0.18684718012809753, 0.411801815032959, 0.03839009627699852, 0.02479574643075466, 0.3948734998703003], "frame_12": [0.5513239502906799, 0.343526154756546, 0.06112975999712944, 0.037813425064086914, 0.18669237196445465, 0.40891021490097046, 0.038317445665597916, 0.024077415466308594, 0.30791333317756653], "frame_13": [0.5512885451316833, 0.3434743285179138, 0.061252932995557785, 0.03771920129656792, 0.1892872005701065, 0.4056878089904785, 0.0389224998652935, 0.025714779272675514, 0.2985195219516754], "frame_14": [0.5512900352478027, 0.343404620885849, 0.06126827746629715, 0.03765573352575302, 0.19086402654647827, 0.3999115228652954, 0.04081348702311516, 0.02566399611532688, 0.40267589688301086], "frame_15": [0.5516334772109985, 0.34352976083755493, 0.06170705333352089, 0.03769998624920845, 0.1926703155040741, 0.39349693059921265, 0.040252260863780975, 0.02707843855023384, 0.507477343082428], "frame_16": [0.5517081022262573, 0.3435218930244446, 0.061734601855278015, 0.037629127502441406, 0.19546866416931152, 0.3840508460998535, 0.04562395066022873, 0.02604084089398384, 0.4183359742164612], "frame_17": [0.5515932440757751, 0.34342002868652344, 0.06107940524816513, 0.03771934658288956, 0.20013879239559174, 0.37330302596092224, 0.039243318140506744, 0.025651168078184128, 0.44256868958473206], "frame_18": [0.551349937915802, 0.34359365701675415, 0.06138407438993454, 0.037802599370479584, 0.20548290014266968, 0.3588500916957855, 0.036924488842487335, 0.023279666900634766, 0.5043257474899292], "frame_19": [0.5515841841697693, 0.34350186586380005, 0.06143578514456749, 0.03768720477819443, 0.21564674377441406, 0.34056708216667175, 0.036604054272174835, 0.026249408721923828, 0.6220340132713318], "frame_20": [0.5513535141944885, 0.3434160649776459, 0.06127319484949112, 0.03787975385785103, 0.22730305790901184, 0.3230039179325104, 0.036782413721084595, 0.026073073968291283, 0.8369779586791992], "frame_21": [0.5513747334480286, 0.3434998095035553, 0.06119045615196228, 0.03772401809692383, 0.2428806871175766, 0.3065844178199768, 0.039061058312654495, 0.02788100205361843, 0.8087873458862305], "frame_22": [0.5516074895858765, 0.34344005584716797, 0.06166670098900795, 0.03754863888025284, 0.2566162645816803, 0.29155033826828003, 0.0421464703977108, 0.025299930945038795, 0.7548010349273682], "frame_23": [0.5517459511756897, 0.3435593247413635, 0.06133270263671875, 0.0375761017203331, 0.2693180441856384, 0.27782005071640015, 0.04049038514494896, 0.024843979626893997, 0.7033637166023254], "frame_24": [0.5516504049301147, 0.34361839294433594, 0.06151377409696579, 0.0376555435359478, 0.28120753169059753, 0.2655428349971771, 0.04035915806889534, 0.024113750085234642, 0.674693763256073], "frame_25": [0.5515400171279907, 0.34359613060951233, 0.061494190245866776, 0.037756823003292084, 0.2933535575866699, 0.2544121742248535, 0.03879763185977936, 0.02403230592608452, 0.7523626089096069], "frame_26": [0.5513379573822021, 0.3435361981391907, 0.06153106689453125, 0.03805112838745117, 0.3055351674556732, 0.24484200775623322, 0.03997938334941864, 0.02472858503460884, 0.790605902671814], "frame_27": [0.5515533685684204, 0.34340590238571167, 0.06211022287607193, 0.03786115720868111, 0.31659701466560364, 0.23636981844902039, 0.03938581794500351, 0.02481560781598091, 0.6921132802963257], "frame_28": [0.5512892603874207, 0.34355953335762024, 0.0614539235830307, 0.03815879672765732, 0.32835277915000916, 0.22943982481956482, 0.038373567163944244, 0.024161720648407936, 0.5794650316238403], "frame_29": [0.5514622926712036, 0.34357950091362, 0.06179148331284523, 0.037723589688539505, 0.33981311321258545, 0.22320666909217834, 0.037147097289562225, 0.024135494604706764, 0.6487434506416321], "frame_30": [0.5516168475151062, 0.3435732424259186, 0.06208902969956398, 0.03770389407873154, 0.35069698095321655, 0.2182742804288864, 0.03736792504787445, 0.023461246863007545, 0.7044530510902405], "frame_31": [0.5516534447669983, 0.34353452920913696, 0.062121495604515076, 0.037613917142152786, 0.3611074686050415, 0.21449634432792664, 0.03655734658241272, 0.023588895797729492, 0.7444672584533691], "frame_32": [0.5513448119163513, 0.34344229102134705, 0.06192762404680252, 0.03779029846191406, 0.3718830645084381, 0.2116898000240326, 0.03787723183631897, 0.023346375674009323, 0.680225670337677], "frame_33": [0.5513347387313843, 0.34338000416755676, 0.06208767369389534, 0.0376584529876709, 0.3818633258342743, 0.2098282277584076, 0.03691304475069046, 0.023758362978696823, 0.6323778033256531], "frame_34": [0.5511245131492615, 0.34337401390075684, 0.06175960972905159, 0.03814859315752983, 0.39246922731399536, 0.20887979865074158, 0.037934958934783936, 0.02342372015118599, 0.650905191898346], "frame_35": [0.5512880682945251, 0.3433396816253662, 0.06149834394454956, 0.03803854063153267, 0.40242573618888855, 0.20941433310508728, 0.03673316165804863, 0.023307228460907936, 0.6435744762420654], "frame_36": [0.5513132810592651, 0.34344831109046936, 0.06158548966050148, 0.03812108188867569, 0.4122304320335388, 0.21062937378883362, 0.03620724007487297, 0.022101927548646927, 0.6511815190315247], "frame_37": [0.5513671040534973, 0.3434971868991852, 0.0618506520986557, 0.03811369091272354, 0.421947181224823, 0.21325230598449707, 0.034287601709365845, 0.022374248132109642, 0.6566915512084961], "frame_38": [0.5513303875923157, 0.34349170327186584, 0.06190711259841919, 0.038092564791440964, 0.43080538511276245, 0.21589601039886475, 0.03318244218826294, 0.02143383026123047, 0.6734490990638733],