{"frame_0": [0.5514320135116577, 0.34586775302886963, 0.06064605712890625, 0.06336265057325363, 0.1789189875125885, 0.4573493003845215, 0.04531443864107132, 0.043346405029296875, 0.46269047260284424], "frame_1": [0.5514223575592041, 0.3458709716796875, 0.06060769781470299, 0.06331988424062729, 0.17929203808307648, 0.4528135657310486, 0.044880688190460205, 0.04449882358312607, 0.44854480028152466], "frame_2": [0.551411509513855, 0.3458798825740814, 0.060580696910619736, 0.06334161013364792, 0.18040405213832855, 0.4458540081977844, 0.04532357305288315, 0.04398375749588013, 0.46053650975227356], "frame_3": [0.5514200925827026, 0.3458576500415802, 0.06054513901472092, 0.06330575048923492, 0.18226146697998047, 0.4361361563205719, 0.04566146060824394, 0.045142363756895065, 0.4282344579696655], "frame_4": [0.551464319229126, 0.34606605768203735, 0.06047706678509712, 0.06365623325109482, 0.18454988300800323, 0.42559993267059326, 0.04486336186528206, 0.04485969617962837, 0.9550476670265198], "frame_5": [0.5515062808990479, 0.34604793787002563, 0.06049452722072601, 0.06362535804510117, 0.18857048451900482, 0.41076621413230896, 0.04437140375375748, 0.046710796654224396, 0.5094792246818542], "frame_6": [0.5515232086181641, 0.34602367877960205, 0.060459308326244354, 0.0635661855340004, 0.19386020302772522, 0.38911566138267517, 0.040072325617074966, 0.04306288808584213, 0.5407329201698303], "frame_7": [0.5514948964118958, 0.34602323174476624, 0.06052856519818306, 0.06353189796209335, 0.20443092286586761, 0.3585197329521179, 0.04190254211425781, 0.04184360429644585, 0.6670933365821838], "frame_8": [0.5514620542526245, 0.3460167944431305, 0.06049957126379013, 0.06353636831045151, 0.2183486968278885, 0.32563263177871704, 0.039965543895959854, 0.043610043823719025, 0.6895540356636047], "frame_9": [0.551460862159729, 0.34600725769996643, 0.06045214459300041, 0.06351500749588013, 0.23194758594036102, 0.2950001060962677, 0.04064549505710602, 0.044386863708496094, 0.7437665462493896], "frame_10": [0.5514881610870361, 0.3459944725036621, 0.060463715344667435, 0.06356415152549744, 0.2460528463125229, 0.26932287216186523, 0.041102707386016846, 0.04554462432861328, 0.7304750680923462], "frame_11": [0.5515177249908447, 0.34599876403808594, 0.06046943739056587, 0.06357059627771378, 0.2589857578277588, 0.24453815817832947, 0.04000663757324219, 0.0433843620121479, 0.7110476493835449], "frame_12": [0.5515088438987732, 0.3460147976875305, 0.06050741299986839, 0.06358320266008377, 0.2719791829586029, 0.2222997099161148, 0.0388299934566021, 0.04228432849049568, 0.7051227688789368], "frame_13": [0.5515316724777222, 0.34595638513565063, 0.06068217009305954, 0.06349902600049973, 0.28487300872802734, 0.20282787084579468, 0.038906946778297424, 0.04216175153851509, 0.705767035484314], "frame_14": [0.551609992980957, 0.3462287485599518, 0.06059455871582031, 0.06377442926168442, 0.2976987659931183, 0.18629014492034912, 0.03874922916293144, 0.042364701628685, 0.6458134055137634], "frame_15": [0.5515681505203247, 0.34595349431037903, 0.060655973851680756, 0.06345924735069275, 0.3099392354488373, 0.17170876264572144, 0.03776444494724274, 0.041361987590789795, 0.5807289481163025], "frame_16": [0.5515672564506531, 0.3459641635417938, 0.06066284328699112, 0.06349001824855804, 0.3223098814487457, 0.15860366821289062, 0.0372135154902935, 0.04122896119952202, 0.5005803108215332], "frame_17": [0.5515648126602173, 0.3459632098674774, 0.060580357909202576, 0.06345216929912567, 0.33406367897987366, 0.1476721167564392, 0.036937862634658813, 0.04125170037150383, 0.2881392538547516], "frame_18": [0.5515879392623901, 0.3459671437740326, 0.06053411588072777, 0.06348122656345367, 0.34595197439193726, 0.1388120800256729, 0.03673284500837326, 0.04154043272137642, 0.18320704996585846], "frame_19": [0.5516421794891357, 0.34602126479148865, 0.06042136996984482, 0.06342275440692902, 0.3573750853538513, 0.1319572776556015, 0.03687163442373276, 0.040856361389160156, 0.04495660960674286], "frame_20": [0.5516303181648254, 0.3462654948234558, 0.060437776148319244, 0.06382149457931519, 0.3689436912536621, 0.12698718905448914, 0.03616267442703247, 0.041005175560712814, 0.21608111262321472], "frame_21": [0.5516441464424133, 0.3463883697986603, 0.060531023889780045, 0.06395653635263443, 0.3801676332950592, 0.1238565444946289, 0.03562414273619652, 0.04005114361643791, 0.1751127392053604], "frame_22": [0.551686704158783, 0.34620556235313416, 0.06050783768296242, 0.06367456912994385, 0.39104732871055603, 0.12250345200300217, 0.035345543175935745, 0.03970157727599144, 0.9918376803398132], "frame_23": [0.5516998171806335, 0.34600019454956055, 0.06047706678509712, 0.06333637237548828, 0.40191397070884705, 0.12289173156023026, 0.03519401699304581, 0.03898773342370987, 0.9536190629005432], "frame_24": [0.5516801476478577, 0.3460627496242523, 0.06053954362869263, 0.06348007917404175, 0.4122657775878906, 0.12460216879844666, 0.03454199805855751, 0.038780879229307175, 0.9362363219261169], "frame_25": [0.5517874956130981, 0.3463851511478424, 0.06092872470617294, 0.06396054476499557, 0.42243537306785583, 0.12782502174377441, 0.03373565524816513, 0.03927397355437279, 0.9435542821884155], "frame_26": [0.551777720451355, 0.3464272916316986, 0.060976408421993256, 0.06398198753595352, 0.43261033296585083, 0.13330715894699097, 0.03419969230890274, 0.03811464458703995, 0.9586015343666077], "frame_27": [0.5518054366111755, 0.3464230000972748, 0.06105126440525055, 0.06400010734796524, 0.4425567090511322, 0.1396346241235733, 0.03307800367474556, 0.037717968225479126, 0.964897632598877], "frame_28": [0.5518234372138977, 0.34637293219566345, 0.061099834740161896, 0.06386127322912216, 0.45240533351898193, 0.14823713898658752, 0.03281249850988388, 0.0380006805062294, 0.9685361981391907], "frame_29": [0.5517700910568237, 0.34640124440193176, 0.06105011701583862, 0.06391991674900055, 0.4617568254470825, 0.1573798507452011, 0.03274718299508095, 0.03635606914758682, 0.9588485956192017], "frame_30": [0.5517880320549011, 0.34614846110343933, 0.06129472702741623, 0.06369510293006897, 0.47105950117111206, 0.16834434866905212, 0.032784271985292435, 0.035922326147556305, 0.9476867318153381], "frame_31": [0.5518011450767517, 0.3461463451385498, 0.06125161796808243, 0.06368426978588104, 0.4803192615509033, 0.18046067655086517, 0.031701404601335526, 0.03559200465679169, 0.9442586302757263], "frame_32": [0.5518009662628174, 0.34599006175994873, 0.060725655406713486, 0.06333664804697037, 0.4897216856479645, 0.19339008629322052, 0.03177528455853462, 0.03480754420161247, 0.9632925987243652], "frame_33": [0.55180823802948, 0.34613484144210815, 0.061171554028987885, 0.06349729001522064, 0.49782249331474304, 0.20734582841396332, 0.030895614996552467, 0.03384842351078987, 0.9609603881835938], "frame_34": [0.5518196821212769, 0.34617879986763, 0.06144744157791138, 0.06358926743268967, 0.507245659828186, 0.22351281344890594, 0.030896250158548355, 0.03455306217074394, 0.9627448916435242], "frame_35": [0.5518551468849182, 0.34616681933403015, 0.061555396765470505, 0.06372486054897308, 0.5161644816398621, 0.23948349058628082, 0.0313236229121685, 0.03704681247472763, 0.9699622392654419], "frame_36": [0.5517914891242981, 0.34613609313964844, 0.06165178120136261, 0.0637311115860939, 0.5242034196853638, 0.2583306133747101, 0.02998046949505806, 0.03378993272781372, 0.9913409352302551], "frame_37": [0.5516627430915833, 0.34612467885017395, 0.061799537390470505, 0.06346070766448975, 0.5318630933761597, 0.27736541628837585, 0.03048248216509819, 0.033761873841285706, 0.965100884437561], "frame_38": [0.5513343214988708, 0.34595000743865967, 0.0625225082039833, 0.06282473355531693, 0.5405352115631104, 0.2974993586540222, 0.029651090502738953, 0.034770965576171875, 0.9566957354545593], "frame_39": [0.5516989827156067, 0.34690937399864197, 0.06257209926843643, 0.062088098376989365, 0.5443717837333679, 0.30555111169815063, 0.028441788628697395, 0.032507240772247314, 0.9951541423797607],