{"frame_0": [0.5510750412940979, 0.3433845639228821, 0.06163516640663147, 0.03712406009435654, 0.21702364087104797, 0.4396880269050598, 0.028459930792450905, 0.01827859878540039, 0.0], "frame_1": [0.5513975620269775, 0.3434547781944275, 0.06086968258023262, 0.037087298929691315, 0.211478129029274, 0.43540406227111816, 0.026022084057331085, 0.01675262488424778, 0.0], "frame_2": [0.5513724684715271, 0.34344667196273804, 0.060949791222810745, 0.0370667465031147, 0.20533888041973114, 0.43324795365333557, 0.02743903174996376, 0.017365073785185814, 0.0], "frame_3": [0.5514187216758728, 0.3434769809246063, 0.06088443472981453, 0.03714876249432564, 0.20111224055290222, 0.43193548917770386, 0.02951778843998909, 0.017876053228974342, 0.0], "frame_4": [0.5513772964477539, 0.34334418177604675, 0.0610249824821949, 0.03699679300189018, 0.198875293135643, 0.429831326007843, 0.03073052316904068, 0.01858825609087944, 0.0], "frame_5": [0.5513461828231812, 0.3433477282524109, 0.06108703464269638, 0.037016820162534714, 0.19822636246681213, 0.4274350106716156, 0.02941674180328846, 0.018552590161561966, 0.0], "frame_6": [0.551368772983551, 0.3434058129787445, 0.06111433357000351, 0.03697095066308975, 0.19658781588077545, 0.42506590485572815, 0.0303616002202034, 0.016010474413633347, 0.7186671495437622], "frame_7": [0.5513921976089478, 0.3434200882911682, 0.06101549044251442, 0.0369778648018837, 0.19578073918819427, 0.42402133345603943, 0.03084462508559227, 0.01573162153363228, 0.0], "frame_8": [0.5514802932739258, 0.3434091806411743, 0.06100057065486908, 0.03693752363324165, 0.19578073918819427, 0.42402133345603943, 0.03084462508559227, 0.01573162153363228, 0.0], "frame_9": [0.5515835285186768, 0.34334978461265564, 0.06087002158164978, 0.036888886243104935, 0.19578073918819427, 0.42402133345603943, 0.03084462508559227, 0.01573162153363228, 0.0], "frame_10": [0.5515787601470947, 0.3434009253978729, 0.06114162877202034, 0.03696184232831001, 0.19460636377334595, 0.41778674721717834, 0.02975684218108654, 0.016331100836396217, 0.0], "frame_11": [0.5515875220298767, 0.34346461296081543, 0.06111585721373558, 0.037079669535160065, 0.1962977796792984, 0.4140092730522156, 0.031198035925626755, 0.018023109063506126, 0.4398559629917145], "frame_12": [0.5514860153198242, 0.3434789180755615, 0.06133677065372467, 0.037217140197753906, 0.19597579538822174, 0.41001096367836, 0.03058251366019249, 0.01704425737261772, 0.5774528980255127], "frame_13": [0.5514656901359558, 0.34348660707473755, 0.061375174671411514, 0.03719205781817436, 0.1964256316423416, 0.40565329790115356, 0.031011877581477165, 0.017814254388213158, 0.0], "frame_14": [0.551409125328064, 0.3432918190956116, 0.0612708181142807, 0.03725438192486763, 0.19926363229751587, 0.39992856979370117, 0.029382197186350822, 0.018137454986572266, 0.7779488563537598], "frame_15": [0.5514513850212097, 0.3434644341468811, 0.06133710965514183, 0.03704505041241646, 0.20330485701560974, 0.3926624357700348, 0.026944266632199287, 0.021058177575469017, 0.945441722869873], "frame_16": [0.5513845086097717, 0.34320634603500366, 0.06110059842467308, 0.03712410852313042, 0.2123069167137146, 0.37987956404685974, 0.025893062353134155, 0.017697524279356003, 0.9648507237434387], "frame_17": [0.5514802932739258, 0.343205988407135, 0.061121366918087006, 0.03711671754717827, 0.22480368614196777, 0.3701615631580353, 0.031365204602479935, 0.020126771181821823, 0.9533988237380981], "frame_18": [0.5514010787010193, 0.3432135283946991, 0.060925547033548355, 0.03719782829284668, 0.2371136099100113, 0.35799694061279297, 0.028230540454387665, 0.017959976568818092, 0.9758579730987549], "frame_19": [0.5515822768211365, 0.3431923985481262, 0.060943603515625, 0.037165261805057526, 0.2497403621673584, 0.3487762212753296, 0.0270241629332304, 0.01842060126364231, 0.9925293922424316], "frame_20": [0.5514763593673706, 0.3433751165866852, 0.0611589215695858, 0.037128351628780365, 0.26107096672058105, 0.3392561078071594, 0.02622511051595211, 0.01755356788635254, 0.9429466724395752], "frame_21": [0.5513896346092224, 0.34340423345565796, 0.06113196536898613, 0.03710980340838432, 0.2753410041332245, 0.3317059278488159, 0.02664286270737648, 0.01704535447061062, 0.8754062652587891], "frame_22": [0.5513784885406494, 0.34333866834640503, 0.06095530092716217, 0.03700070455670357, 0.28767314553260803, 0.32366546988487244, 0.032149337232112885, 0.02082996442914009, 0.9459383487701416], "frame_23": [0.551378607749939, 0.34333664178848267, 0.06095615029335022, 0.03714170306921005, 0.30153244733810425, 0.3169523775577545, 0.027175351977348328, 0.01780671998858452, 0.8350218534469604], "frame_24": [0.5515199303627014, 0.3432246148586273, 0.06094139814376831, 0.037229396402835846, 0.31514841318130493, 0.3106566071510315, 0.03060421347618103, 0.0182661060243845, 0.7961940765380859], "frame_25": [0.5513118505477905, 0.3432405889034271, 0.061402976512908936, 0.03744330257177353, 0.3275495171546936, 0.30491694808006287, 0.029426150023937225, 0.018266011029481888, 0.7522719502449036], "frame_26": [0.55152827501297, 0.3433230519294739, 0.06124471127986908, 0.037471722811460495, 0.3400467038154602, 0.2998269200325012, 0.02793596126139164, 0.01828021928668022, 0.742909848690033], "frame_27": [0.5514984726905823, 0.3433455526828766, 0.06105973944067955, 0.037522219121456146, 0.35344424843788147, 0.2960277795791626, 0.029430558905005455, 0.017843103036284447, 0.7797009348869324], "frame_28": [0.5514395236968994, 0.34334850311279297, 0.06113654375076294, 0.03746051713824272, 0.3657165467739105, 0.2928243577480316, 0.02841864712536335, 0.018139362335205078, 0.8168161511421204], "frame_29": [0.5514903664588928, 0.3435531258583069, 0.06081729382276535, 0.037344980984926224, 0.37851545214653015, 0.2904833257198334, 0.02822859026491642, 0.01802811585366726, 0.8003698587417603], "frame_30": [0.5513571500778198, 0.3432376980781555, 0.06113077700138092, 0.037351228296756744, 0.392544686794281, 0.2892304062843323, 0.028424834832549095, 0.018074989318847656, 0.0], "frame_31": [0.5512961745262146, 0.34320926666259766, 0.06123708188533783, 0.03737020492553711, 0.40522798895835876, 0.28784051537513733, 0.02926957793533802, 0.01843099668622017, 0.0], "frame_32": [0.5513409972190857, 0.3432571291923523, 0.06131269782781601, 0.037416648119688034, 0.419973760843277, 0.2879559397697449, 0.02851104736328125, 0.018525267019867897, 0.0], "frame_33": [0.5512620806694031, 0.3432649075984955, 0.06132202222943306, 0.037407778203487396, 0.4318493604660034, 0.2886959910392761, 0.02778184600174427, 0.018134355545043945, 0.0], "frame_34": [0.5513654947280884, 0.3433765769004822, 0.06204647570848465, 0.03733830526471138, 0.445645809173584, 0.2898328900337219, 0.03047807514667511, 0.01870098151266575, 0.0], "frame_35": [0.5511990189552307, 0.3432491719722748, 0.061912961304187775, 0.03749089315533638, 0.4597792625427246, 0.29128754138946533, 0.02900424599647522, 0.018443774431943893, 0.0], "frame_36": [0.5510534644126892, 0.34341639280319214, 0.06207190454006195, 0.03746304661035538, 0.47336095571517944, 0.29435762763023376, 0.02760247141122818, 0.018120527267456055, 0.0], "frame_37": [0.5512716174125671, 0.3435680866241455, 0.06213819608092308, 0.037503909319639206, 0.4886462688446045, 0.2996335029602051, 0.02923126146197319, 0.01985912397503853, 0.0], "frame_38": [0.551249623298645, 0.3434674143791199, 0.061877354979515076, 0.037500955164432526, 0.5019989609718323, 0.30354025959968567, 0.02859124168753624, 0.020650148391723633, 0.0], "frame_39": [0.5505676865577698, 0.3433554768562317, 0.06373579055070877, 0.03786420822143555, 0.5166909694671631, 0.3085823357105255, 0.02946997806429863, 0.01902923546731472, 0.0], "frame_40": [0.5507192015647888, 0.34321412444114685, 0.06370391696691513, 0.03731174394488335, 0.5293248295783997, 0.31501322984695435, 0.028400082141160965, 0.01896209642291069, 0.0],