{"frame_0": [0.5512254238128662, 0.34328609704971313, 0.061165787279605865, 0.03688464313745499, 0.4554738402366638, 0.4318675100803375, 0.0257441196590662, 0.020608043298125267, 0.0], "frame_1": [0.5512606501579285, 0.34331876039505005, 0.06124589592218399, 0.0368993766605854, 0.45422065258026123, 0.42907828092575073, 0.0285000279545784, 0.02100658416748047, 0.0], "frame_2": [0.5512372255325317, 0.3433259129524231, 0.06124182790517807, 0.036896802484989166, 0.45385047793388367, 0.42636680603027344, 0.033511944115161896, 0.021593665704131126, 0.0], "frame_3": [0.5513305068016052, 0.3433288633823395, 0.06114315614104271, 0.0368800163269043, 0.45021024346351624, 0.4228843152523041, 0.03771023079752922, 0.01848774030804634, 0.0], "frame_4": [0.5512031316757202, 0.3433200418949127, 0.06117723137140274, 0.03697381168603897, 0.4467807412147522, 0.4204327464103699, 0.0334489606320858, 0.01862621307373047, 0.0], "frame_5": [0.551241934299469, 0.3432888686656952, 0.061153583228588104, 0.0368771068751812, 0.4467807412147522, 0.4204327464103699, 0.0334489606320858, 0.01862621307373047, 0.7506359219551086], "frame_6": [0.5512474179267883, 0.3432886302471161, 0.06128133088350296, 0.036925651133060455, 0.4486815631389618, 0.412235826253891, 0.025979021564126015, 0.016100119799375534, 0.7402311563491821], "frame_7": [0.5512738823890686, 0.34326642751693726, 0.06133405864238739, 0.03683938831090927, 0.4481514096260071, 0.40931105613708496, 0.025312889367341995, 0.016950035467743874, 0.6303712129592896], "frame_8": [0.5512017011642456, 0.3433772623538971, 0.06123928353190422, 0.0369868278503418, 0.45009130239486694, 0.4054124355316162, 0.02385253831744194, 0.017219066619873047, 0.6432545781135559], "frame_9": [0.5512750148773193, 0.3433872163295746, 0.06121198832988739, 0.036901094019412994, 0.4519370198249817, 0.398481547832489, 0.0256949532777071, 0.016994666308164597, 0.0], "frame_10": [0.551409125328064, 0.3432669937610626, 0.0613640695810318, 0.036635637283325195, 0.45476287603378296, 0.3899628520011902, 0.025106726214289665, 0.018827248364686966, 0.485191285610199], "frame_11": [0.5513022541999817, 0.34324055910110474, 0.06152292713522911, 0.03659019619226456, 0.46001577377319336, 0.38062283396720886, 0.02427266351878643, 0.01655449904501438, 0.5934969186782837], "frame_12": [0.5514299273490906, 0.3433052897453308, 0.06137339398264885, 0.03673052787780762, 0.465054988861084, 0.3708569407463074, 0.02783067524433136, 0.017396975308656693, 0.0], "frame_13": [0.551396369934082, 0.34328603744506836, 0.06119978055357933, 0.03676872327923775, 0.46875864267349243, 0.3619508147239685, 0.02588127925992012, 0.016293812543153763, 0.0], "frame_14": [0.5513402223587036, 0.34328779578208923, 0.06111874058842659, 0.03678856045007706, 0.47315308451652527, 0.3558528423309326, 0.02497880719602108, 0.016870785504579544, 0.9719052314758301], "frame_15": [0.5511675477027893, 0.3432675898075104, 0.06146680936217308, 0.03669457510113716, 0.47903138399124146, 0.34746527671813965, 0.025028228759765625, 0.016222476959228516, 0.0], "frame_16": [0.5516296625137329, 0.34309491515159607, 0.060897573828697205, 0.03596486896276474, 0.48384612798690796, 0.34120163321495056, 0.028399743139743805, 0.01815166510641575, 0.8009399175643921], "frame_17": [0.5518800616264343, 0.3431971073150635, 0.06013726070523262, 0.03641862794756889, 0.4873504340648651, 0.33673280477523804, 0.02582838200032711, 0.017423201352357864, 0.0], "frame_18": [0.551238477230072, 0.34345120191574097, 0.061562348157167435, 0.03735675662755966, 0.5100094676017761, 0.4488007128238678, 0.024318864569067955, 0.014317130669951439, 0.0], "frame_19": [0.550604522228241, 0.3428843915462494, 0.06272853910923004, 0.03766832500696182, 0.5130501985549927, 0.45190826058387756, 0.027423011139035225, 0.01400146447122097, 0.8064227104187012], "frame_20": [0.5507334470748901, 0.3436053395271301, 0.06231638416647911, 0.036807917058467865, 0.5054342746734619, 0.32364988327026367, 0.02586517296731472, 0.01695690117776394, 0.0], "frame_21": [0.5505874752998352, 0.34362348914146423, 0.06339789181947708, 0.03656277805566788, 0.5109908580780029, 0.3203480839729309, 0.026506636291742325, 0.01815023459494114, 0.0], "frame_22": [0.5500265955924988, 0.34358635544776917, 0.06507398933172226, 0.03652543947100639, 0.5174811482429504, 0.31829023361206055, 0.02722880057990551, 0.018845653161406517, 0.0], "frame_23": [0.5498030185699463, 0.34336987137794495, 0.06547325849533081, 0.036797236651182175, 0.5231955647468567, 0.3168422281742096, 0.02511613629758358, 0.017331695184111595, 0.0], "frame_24": [0.5509954690933228, 0.34284597635269165, 0.06166737899184227, 0.037064649164676666, 0.5277729630470276, 0.3162563443183899, 0.02778727188706398, 0.018237734213471413, 0.0], "frame_25": [0.5513604879379272, 0.3429167866706848, 0.06176723912358284, 0.03688468784093857, 0.532351016998291, 0.31646615266799927, 0.02745937742292881, 0.018074560910463333, 0.0], "frame_26": [0.551695704460144, 0.34353235363960266, 0.05871090292930603, 0.03679842874407768, 0.537443995475769, 0.3172460198402405, 0.027069346979260445, 0.017829179763793945, 0.0], "frame_27": [0.5522382855415344, 0.3439180254936218, 0.05516357347369194, 0.03553199768066406, 0.5439849495887756, 0.31885841488838196, 0.028184086084365845, 0.015561914071440697, 0.0], "frame_28": [0.5522326231002808, 0.34367093443870544, 0.05416056141257286, 0.036394692957401276, 0.5518754720687866, 0.3232935965061188, 0.035829924046993256, 0.01883077621459961, 0.0], "frame_29": [0.5513582229614258, 0.3413701057434082, 0.05649719387292862, 0.0411345474421978, 0.5518754720687866, 0.3232935965061188, 0.035829924046993256, 0.01883077621459961, 0.0], "frame_30": [0.5522156953811646, 0.3418058156967163, 0.06305084377527237, 0.03935246542096138, 0.5518754720687866, 0.3232935965061188, 0.035829924046993256, 0.01883077621459961, 0.0], "frame_31": [0.5505201816558838, 0.34338223934173584, 0.06195661798119545, 0.0368439182639122, 0.5518754720687866, 0.3232935965061188, 0.035829924046993256, 0.01883077621459961, 0.0], "frame_32": [0.5502949357032776, 0.3415380120277405, 0.06160244345664978, 0.032402705401182175, 0.5518754720687866, 0.3232935965061188, 0.035829924046993256, 0.01883077621459961, 0.0], "frame_33": [0.5541014671325684, 0.3403298258781433, 0.06515231728553772, 0.029797125607728958, 0.5518754720687866, 0.3232935965061188, 0.035829924046993256, 0.01883077621459961, 0.0], "frame_34": [0.5529820919036865, 0.33852872252464294, 0.06383073329925537, 0.027217388153076172, 0.5518754720687866, 0.3232935965061188, 0.035829924046993256, 0.01883077621459961, 0.0], "frame_35": [0.5539349317550659, 0.3382330536842346, 0.06367577612400055, 0.026288891211152077, 0.5518754720687866, 0.3232935965061188, 0.035829924046993256, 0.01883077621459961, 0.0], "frame_36": [0.5554535984992981, 0.33976855874061584, 0.06529396772384644, 0.029091453179717064, 0.5518754720687866, 0.3232935965061188, 0.035829924046993256, 0.01883077621459961, 0.0], "frame_37": [0.5579466223716736, 0.34268590807914734, 0.061747487634420395, 0.03391389921307564, 0.5518754720687866, 0.3232935965061188, 0.035829924046993256, 0.01883077621459961, 0.0], "frame_38": [0.5570180416107178, 0.3431289792060852, 0.06486968696117401, 0.034921884536743164, 0.5518754720687866, 0.3232935965061188, 0.035829924046993256, 0.01883077621459961, 0.0], "frame_39": [0.5634575486183167, 0.3389328122138977, 0.04624548926949501, 0.02822847291827202, 0.5756301283836365, 0.3621801435947418, 0.02808787114918232, 0.018375491723418236, 0.0], "frame_40": [0.5637421607971191, 0.33646994829177856, 0.04339633509516716, 0.024477194994688034, 0.5755636692047119, 0.36817535758018494, 0.02847934328019619, 0.01692933961749077, 0.0], "frame_41": [0.5544087886810303, 0.3379182815551758, 0.06287027895450592, 0.025394391268491745, 0.5769249200820923, 0.3756133019924164, 0.02970699779689312, 0.01858825609087944, 0.0],