{"frame_0": [0.5488008856773376, 0.3437558710575104, 0.06125234067440033, 0.038178443908691406, 0.14005248248577118, 0.45255446434020996, 0.03634808957576752, 0.024784374982118607, 0.6365274786949158], "frame_1": [0.5488897562026978, 0.3437352478504181, 0.0612267404794693, 0.03808445855975151, 0.13267728686332703, 0.4417871832847595, 0.04245880991220474, 0.023444652557373047, 0.6083966493606567], "frame_2": [0.5489838719367981, 0.3437226414680481, 0.06129421666264534, 0.038113784044981, 0.12699507176876068, 0.43361416459083557, 0.04413435235619545, 0.0243206974118948, 0.5775512456893921], "frame_3": [0.5491155982017517, 0.3436499238014221, 0.06090189516544342, 0.03799877315759659, 0.1216600313782692, 0.4273502230644226, 0.045910581946372986, 0.027080345898866653, 0.6386471390724182], "frame_4": [0.549104630947113, 0.34376540780067444, 0.0609402135014534, 0.03811054304242134, 0.1182156354188919, 0.422227144241333, 0.04147599637508392, 0.02531271055340767, 0.6269556879997253], "frame_5": [0.5489565134048462, 0.34368807077407837, 0.060654278844594955, 0.0379544273018837, 0.11468081176280975, 0.41771745681762695, 0.04156426340341568, 0.0254040714353323, 0.630659282207489], "frame_6": [0.5488742589950562, 0.34367993474006653, 0.06067996472120285, 0.037915803492069244, 0.11098906397819519, 0.41374722123146057, 0.04492759704589844, 0.025595474988222122, 0.5942635536193848], "frame_7": [0.5487740635871887, 0.343670517206192, 0.060707177966833115, 0.037833116948604584, 0.109226755797863, 0.4114713668823242, 0.04605844244360924, 0.025176644325256348, 0.5557816624641418], "frame_8": [0.5489296913146973, 0.3436071276664734, 0.06042717769742012, 0.03769383579492569, 0.10810985416173935, 0.40968814492225647, 0.0461086705327034, 0.02507772482931614, 0.5587792992591858], "frame_9": [0.5489407777786255, 0.3436034619808197, 0.060481175780296326, 0.03767890855669975, 0.10789258778095245, 0.4071659445762634, 0.04423569515347481, 0.024421310052275658, 0.6128697395324707], "frame_10": [0.5490294694900513, 0.3436601758003235, 0.06078965961933136, 0.03786468505859375, 0.10778334736824036, 0.40386098623275757, 0.04428594559431076, 0.02470541000366211, 0.38996294140815735], "frame_11": [0.5490489602088928, 0.3436587452888489, 0.0606502965092659, 0.037920571863651276, 0.10984759777784348, 0.39981362223625183, 0.04638633877038956, 0.02596564218401909, 0.3899827003479004], "frame_12": [0.5490584373474121, 0.3436298370361328, 0.06063910573720932, 0.037842463701963425, 0.11288381367921829, 0.3934822976589203, 0.0455881766974926, 0.025572586804628372, 0.36537644267082214], "frame_13": [0.5489467978477478, 0.34364646673202515, 0.06073557585477829, 0.03781714290380478, 0.11578239500522614, 0.3862781524658203, 0.04621616005897522, 0.027062511071562767, 0.40618765354156494], "frame_14": [0.5489104986190796, 0.34362345933914185, 0.0607130266726017, 0.037767600268125534, 0.12008790671825409, 0.37652215361595154, 0.046158790588378906, 0.025104809552431107, 0.3436281681060791], "frame_15": [0.5488471984863281, 0.3436562120914459, 0.06078321486711502, 0.037809085100889206, 0.12815621495246887, 0.3647579550743103, 0.04451942443847656, 0.025118445977568626, 0.4321022927761078], "frame_16": [0.5488333106040955, 0.3437012732028961, 0.06076660007238388, 0.03788042068481445, 0.13886761665344238, 0.35085177421569824, 0.04099716618657112, 0.025277186185121536, 0.5044314861297607], "frame_17": [0.5488249659538269, 0.3437364995479584, 0.06099599227309227, 0.03796262666583061, 0.1558869630098343, 0.33247700333595276, 0.043905895203351974, 0.026489924639463425, 0.8012169599533081], "frame_18": [0.5488507747650146, 0.3437395393848419, 0.06101498007774353, 0.03802337497472763, 0.17460310459136963, 0.3158556818962097, 0.043178386986255646, 0.027382563799619675, 0.6311203241348267], "frame_19": [0.548640787601471, 0.3436867594718933, 0.06105787307024002, 0.03798198699951172, 0.1915857046842575, 0.3011995851993561, 0.04191979393362999, 0.025722503662109375, 0.6005989909172058], "frame_20": [0.5486412644386292, 0.34370166063308716, 0.06114485114812851, 0.03806953504681587, 0.20859400928020477, 0.2882675528526306, 0.040791068226099014, 0.024364328011870384, 0.6642387509346008], "frame_21": [0.5486940741539001, 0.3437526226043701, 0.06110110878944397, 0.03815450519323349, 0.2251010537147522, 0.27648305892944336, 0.040035419166088104, 0.024248313158750534, 0.6476954221725464], "frame_22": [0.548690676689148, 0.34373587369918823, 0.060928598046302795, 0.03809089586138725, 0.24071720242500305, 0.26622384786605835, 0.03921818360686302, 0.02329263649880886, 0.6627727150917053], "frame_23": [0.5486757755279541, 0.3436572253704071, 0.06084374338388443, 0.03803987428545952, 0.25729382038116455, 0.2570003867149353, 0.04026120528578758, 0.024312162771821022, 0.6921043395996094], "frame_24": [0.5487533807754517, 0.3437221646308899, 0.06095581129193306, 0.03820834308862686, 0.2725747525691986, 0.24909599125385284, 0.03819698840379715, 0.023632574826478958, 0.6795393228530884], "frame_25": [0.5487799644470215, 0.3437268137931824, 0.06095903366804123, 0.03813428804278374, 0.08431369066238403, 0.4158851206302643, 0.04198521375656128, 0.025095272809267044, 0.647776186466217], "frame_26": [0.5487328171730042, 0.343747615814209, 0.06089816614985466, 0.0381653793156147, 0.08353117108345032, 0.41652002930641174, 0.03960024565458298, 0.025124549865722656, 0.5930300354957581], "frame_27": [0.5487244129180908, 0.34367039799690247, 0.06089324876666069, 0.038057852536439896, 0.08413919061422348, 0.41562700271606445, 0.04271024093031883, 0.025562096387147903, 0.6239584684371948], "frame_28": [0.5486733913421631, 0.34374508261680603, 0.06077846884727478, 0.03831024095416069, 0.3321894407272339, 0.22921185195446014, 0.03698306530714035, 0.023328781127929688, 0.6851258873939514], "frame_29": [0.548724889755249, 0.34376081824302673, 0.06088205799460411, 0.03832664340734482, 0.3470241129398346, 0.22721736133098602, 0.03781094029545784, 0.023653363808989525, 0.737917423248291], "frame_30": [0.5489566922187805, 0.343614399433136, 0.06080440804362297, 0.038095761090517044, 0.36030086874961853, 0.22627882659435272, 0.036460962146520615, 0.02306184731423855, 0.8236735463142395], "frame_31": [0.54890376329422, 0.34361112117767334, 0.061040665954351425, 0.038106679916381836, 0.3743745982646942, 0.22535018622875214, 0.035907406359910965, 0.023005342110991478, 0.8515633344650269], "frame_32": [0.5489527583122253, 0.34361234307289124, 0.06103312224149704, 0.038070011883974075, 0.38710635900497437, 0.22585216164588928, 0.034774187952280045, 0.022277355194091797, 0.8682387471199036], "frame_33": [0.548957347869873, 0.3436299264431, 0.061041176319122314, 0.03810238838195801, 0.08290966600179672, 0.41602247953414917, 0.04415440186858177, 0.025893401354551315, 0.8735472559928894], "frame_34": [0.5490206480026245, 0.3436223566532135, 0.06100904569029808, 0.03801307827234268, 0.41344010829925537, 0.22963495552539825, 0.03469322994351387, 0.021651363000273705, 0.9145931005477905], "frame_35": [0.5488027930259705, 0.3436148762702942, 0.06069251149892807, 0.038008689880371094, 0.42550522089004517, 0.23291563987731934, 0.034682296216487885, 0.02181262895464897, 0.9608209133148193], "frame_36": [0.5488792657852173, 0.34359225630760193, 0.06073998287320137, 0.03801288455724716, 0.4387111961841583, 0.23728971183300018, 0.033789657056331635, 0.02100057527422905, 0.9891099333763123], "frame_37": [0.5488970279693604, 0.3435998558998108, 0.06089324876666069, 0.03799328953027725, 0.44994473457336426, 0.24183133244514465, 0.0310397669672966, 0.020940637215971947, 0.9678798913955688], "frame_38": [0.548978328704834, 0.3436964154243469, 0.06112043559551239, 0.03818326070904732, 0.4622882008552551, 0.24741272628307343, 0.03372073546051979, 0.020276736468076706, 0.9738949537277222],