{"frame_0": [0.5512781739234924, 0.3435826599597931, 0.06131134182214737, 0.03765826299786568, 0.08239949494600296, 0.4548376202583313, 0.03936890512704849, 0.022672081366181374, 0.6622849106788635], "frame_1": [0.5512518882751465, 0.34357890486717224, 0.06125030666589737, 0.037680722773075104, 0.07816512882709503, 0.44735878705978394, 0.04031306505203247, 0.02246856689453125, 0.6712753176689148], "frame_2": [0.5514093041419983, 0.3436279296875, 0.061447735875844955, 0.03768930584192276, 0.07546243816614151, 0.440734326839447, 0.04020364582538605, 0.023397350683808327, 0.6307170987129211], "frame_3": [0.5513489842414856, 0.34364160895347595, 0.061363305896520615, 0.03775148466229439, 0.07038355618715286, 0.435214102268219, 0.038742996752262115, 0.023917293176054955, 0.610525906085968], "frame_4": [0.5513771772384644, 0.34362083673477173, 0.061396874487400055, 0.03769836574792862, 0.06616919487714767, 0.4305054247379303, 0.037731487303972244, 0.022432899102568626, 0.6673335433006287], "frame_5": [0.551272451877594, 0.34363359212875366, 0.06147359311580658, 0.037769317626953125, 0.06060930714011192, 0.42803090810775757, 0.039454732090234756, 0.02318725548684597, 0.7003638744354248], "frame_6": [0.5513937473297119, 0.3436257243156433, 0.06135813519358635, 0.03772849962115288, 0.05680866166949272, 0.42479267716407776, 0.039029136300086975, 0.023143578320741653, 0.6609022617340088], "frame_7": [0.551451563835144, 0.34367600083351135, 0.0614369697868824, 0.0376896858215332, 0.054741811007261276, 0.42195239663124084, 0.034866027534008026, 0.021157551556825638, 0.6046937108039856], "frame_8": [0.5514172315597534, 0.3436791002750397, 0.06139933317899704, 0.03774385526776314, 0.052145861089229584, 0.4203003942966461, 0.03677823767066002, 0.02045764960348606, 0.5316659212112427], "frame_9": [0.5513777136802673, 0.34360337257385254, 0.061295319348573685, 0.03760414198040962, 0.0505545511841774, 0.41883811354637146, 0.038769256323575974, 0.02152547799050808, 0.4978656470775604], "frame_10": [0.5514014959335327, 0.3435540199279785, 0.061299558728933334, 0.03748893737792969, 0.050441402941942215, 0.41725125908851624, 0.037554167211055756, 0.0223420150578022, 0.5438767075538635], "frame_11": [0.5513207912445068, 0.3435324728488922, 0.06127149611711502, 0.037468720227479935, 0.04967974126338959, 0.41438913345336914, 0.037216514348983765, 0.021401310339570045, 0.5583249926567078], "frame_12": [0.5513166785240173, 0.34357595443725586, 0.06114145740866661, 0.037543393671512604, 0.04943007230758667, 0.4113640785217285, 0.03891730681061745, 0.021831989288330078, 0.5108416080474854], "frame_13": [0.5513654351234436, 0.34359997510910034, 0.06115298718214035, 0.03755531460046768, 0.05014118552207947, 0.40836644172668457, 0.03933143615722656, 0.022066783159971237, 0.5975225567817688], "frame_14": [0.5514017939567566, 0.3436039388179779, 0.061134424060583115, 0.03760252147912979, 0.05186273157596588, 0.40396419167518616, 0.03878859430551529, 0.0237153060734272, 0.5439102649688721], "frame_15": [0.551336407661438, 0.34355252981185913, 0.0610894113779068, 0.037436388432979584, 0.053555574268102646, 0.3971014618873596, 0.03798694536089897, 0.02210102044045925, 0.4668552875518799], "frame_16": [0.5514452457427979, 0.3436034321784973, 0.06097310408949852, 0.03745079040527344, 0.05800691246986389, 0.3899993300437927, 0.03890075534582138, 0.022765016183257103, 0.4672354757785797], "frame_17": [0.5514448285102844, 0.34368380904197693, 0.06091206893324852, 0.03759126737713814, 0.06170099973678589, 0.38027575612068176, 0.04195622354745865, 0.02289295196533203, 0.30717071890830994], "frame_18": [0.5514572858810425, 0.34364643692970276, 0.0609656423330307, 0.037508297711610794, 0.07175701856613159, 0.3683450222015381, 0.03786574304103851, 0.02302579954266548, 0.3700358271598816], "frame_19": [0.5514159202575684, 0.3436337113380432, 0.06094394251704216, 0.037589170038700104, 0.08752088248729706, 0.35151952505111694, 0.0387231819331646, 0.0224286075681448, 0.7970688939094543], "frame_20": [0.5514177083969116, 0.34361696243286133, 0.06104787066578865, 0.03758544847369194, 0.1056816503405571, 0.33672064542770386, 0.03773265331983566, 0.022428179159760475, 0.7930879592895508], "frame_21": [0.5514245629310608, 0.3436838686466217, 0.061058130115270615, 0.03766059875488281, 0.12479584664106369, 0.32245883345603943, 0.03718952462077141, 0.022321034222841263, 0.7919310927391052], "frame_22": [0.5513790845870972, 0.3436585068702698, 0.060978952795267105, 0.03762064129114151, 0.1411808431148529, 0.31077176332473755, 0.03455653786659241, 0.023203754797577858, 0.758625328540802], "frame_23": [0.5514035820960999, 0.3436351716518402, 0.06070692092180252, 0.03754777833819389, 0.15947653353214264, 0.2979029417037964, 0.0352308489382267, 0.02365107461810112, 0.8894400596618652], "frame_24": [0.5513502955436707, 0.3435831069946289, 0.061106618493795395, 0.037442684173583984, 0.1793539673089981, 0.28889474272727966, 0.03650953620672226, 0.022574234753847122, 0.964773952960968], "frame_25": [0.5513620972633362, 0.34365054965019226, 0.06124742329120636, 0.03759932518005371, 0.1964516043663025, 0.2794499397277832, 0.03465711697936058, 0.021481037139892578, 0.8288665413856506], "frame_26": [0.5513148903846741, 0.3435891270637512, 0.06127115711569786, 0.03749976307153702, 0.214109867811203, 0.2714870870113373, 0.035655464977025986, 0.021412372589111328, 0.7476844787597656], "frame_27": [0.5514549016952515, 0.34362784028053284, 0.061212074011564255, 0.037482451647520065, 0.2302977442741394, 0.26447007060050964, 0.03391943871974945, 0.02129359170794487, 0.7881972789764404], "frame_28": [0.551388144493103, 0.34361040592193604, 0.0610029436647892, 0.03742652013897896, 0.24707598984241486, 0.25827735662460327, 0.0359133817255497, 0.021656131371855736, 0.8336637616157532], "frame_29": [0.5514732599258423, 0.34360677003860474, 0.0612148717045784, 0.037590790539979935, 0.26350632309913635, 0.2532481253147125, 0.033673860132694244, 0.02091350592672825, 0.8272403478622437], "frame_30": [0.5516373515129089, 0.3433181345462799, 0.06110059842467308, 0.03735394403338432, 0.2807345390319824, 0.24978557229042053, 0.034419842064380646, 0.02100210264325142, 0.8013830184936523], "frame_31": [0.5517176389694214, 0.3433607518672943, 0.06094767153263092, 0.03747253492474556, 0.29570046067237854, 0.24645324051380157, 0.03296440839767456, 0.021156739443540573, 0.7168802618980408], "frame_32": [0.5517822504043579, 0.3434060215950012, 0.06088409572839737, 0.03753213956952095, 0.3118134140968323, 0.2443777322769165, 0.0341281034052372, 0.02090315893292427, 0.7563570737838745], "frame_33": [0.5518002510070801, 0.34340423345565796, 0.060917410999536514, 0.037502385675907135, 0.32833030819892883, 0.24323706328868866, 0.03269737958908081, 0.020917797461152077, 0.7427542209625244], "frame_34": [0.5518001317977905, 0.3434070944786072, 0.060886044055223465, 0.03747405856847763, 0.34326857328414917, 0.24297671020030975, 0.03100280836224556, 0.020606230944395065, 0.8424147367477417], "frame_35": [0.5518214106559753, 0.3433687090873718, 0.06078914925456047, 0.03739738464355469, 0.3588404357433319, 0.24366731941699982, 0.03247511014342308, 0.02033867873251438, 0.9128251075744629], "frame_36": [0.5518006086349487, 0.34336423873901367, 0.06060197576880455, 0.037413693964481354, 0.07609886676073074, 0.47794443368911743, 0.02942047081887722, 0.01459646224975586, 0.9079290628433228], "frame_37": [0.5518019199371338, 0.34339040517807007, 0.06060231477022171, 0.037470340728759766, 0.3881145417690277, 0.24737727642059326, 0.031559668481349945, 0.02013072930276394, 0.9124764800071716], "frame_38": [0.5516022443771362, 0.34352850914001465, 0.061044394969940186, 0.03779659420251846, 0.4033191204071045, 0.2510596811771393, 0.03134256973862648, 0.02044377289712429, 0.8875896334648132],