{"frame_0": [0.5514239072799683, 0.343196839094162, 0.06159108504652977, 0.03747062757611275, 0.14100773632526398, 0.42987585067749023, 0.0284759309142828, 0.016350174322724342, 0.7411068677902222], "frame_1": [0.5516452789306641, 0.3433949053287506, 0.062110476195812225, 0.037329673767089844, 0.13164576888084412, 0.4282251298427582, 0.030668893828988075, 0.01932086981832981, 0.7192290425300598], "frame_2": [0.5517505407333374, 0.3433944284915924, 0.061947379261255264, 0.0373598113656044, 0.1204289123415947, 0.4263581335544586, 0.03181711956858635, 0.016858290880918503, 0.6408882141113281], "frame_3": [0.5516954064369202, 0.34337085485458374, 0.06194780021905899, 0.037316132336854935, 0.11194154620170593, 0.4250040650367737, 0.03122442029416561, 0.01831083372235298, 0.4925130009651184], "frame_4": [0.5518020391464233, 0.3433535695075989, 0.06198306754231453, 0.03735647350549698, 0.10485497862100601, 0.4229655861854553, 0.03066120110452175, 0.016654301434755325, 0.5680161714553833], "frame_5": [0.55167156457901, 0.3433782160282135, 0.062009092420339584, 0.0372776985168457, 0.096919484436512, 0.42214566469192505, 0.028688175603747368, 0.016875267028808594, 0.5334182977676392], "frame_6": [0.5518035888671875, 0.34332913160324097, 0.06167873740196228, 0.03704958036541939, 0.091226726770401, 0.42135316133499146, 0.028448570519685745, 0.017584895715117455, 0.6142314672470093], "frame_7": [0.5519062280654907, 0.34333765506744385, 0.061319902539253235, 0.03697819635272026, 0.08698076754808426, 0.4200078845024109, 0.030159568414092064, 0.01785564422607422, 0.5601351857185364], "frame_8": [0.551670491695404, 0.34333813190460205, 0.06088358536362648, 0.03696293756365776, 0.08750010281801224, 0.4184771478176117, 0.04599850997328758, 0.018324661999940872, 0.519271194934845], "frame_9": [0.5519919395446777, 0.34339791536331177, 0.06133338063955307, 0.03704433515667915, 0.08005712181329727, 0.41355085372924805, 0.03291850537061691, 0.019188309088349342, 0.5292695760726929], "frame_10": [0.5517735481262207, 0.34340614080429077, 0.06161821261048317, 0.03708825260400772, 0.07752326130867004, 0.408590704202652, 0.029189830645918846, 0.017885565757751465, 0.20926828682422638], "frame_11": [0.5517423748970032, 0.3434264063835144, 0.06152411550283432, 0.03711643069982529, 0.07593601197004318, 0.4032043516635895, 0.028882069513201714, 0.01822967454791069, 0.04178372770547867], "frame_12": [0.5517151951789856, 0.3434433937072754, 0.06160787120461464, 0.037163734436035156, 0.07609833776950836, 0.39479461312294006, 0.028820080682635307, 0.01788005791604519, 0.09829546511173248], "frame_13": [0.5518175959587097, 0.3434855341911316, 0.06139322742819786, 0.037224482744932175, 0.08295219391584396, 0.3839789628982544, 0.03132059425115585, 0.019809961318969727, 0.8283750414848328], "frame_14": [0.5515884160995483, 0.34332314133644104, 0.06100175529718399, 0.03736572340130806, 0.09407173097133636, 0.3697536587715149, 0.027235835790634155, 0.018239974975585938, 0.8354611396789551], "frame_15": [0.5514301061630249, 0.3432600200176239, 0.061151545494794846, 0.03728041797876358, 0.10852678120136261, 0.3566071093082428, 0.031145794317126274, 0.01789531670510769, 0.9907329082489014], "frame_16": [0.5514780879020691, 0.34313979744911194, 0.061327531933784485, 0.037148188799619675, 0.12190090119838715, 0.3443281054496765, 0.028547201305627823, 0.017980003729462624, 0.8124454021453857], "frame_17": [0.551673173904419, 0.3434225022792816, 0.06167076900601387, 0.03721952438354492, 0.13916121423244476, 0.3327942490577698, 0.03179969638586044, 0.017265891656279564, 0.7466424107551575], "frame_18": [0.5516878366470337, 0.3434184789657593, 0.061513520777225494, 0.037226151674985886, 0.1553594022989273, 0.32128795981407166, 0.031244192272424698, 0.019950484856963158, 0.8517044186592102], "frame_19": [0.5517119765281677, 0.3434511125087738, 0.06148495152592659, 0.03733224794268608, 0.16631177067756653, 0.3129501938819885, 0.027281571179628372, 0.01975555345416069, 0.8674862384796143], "frame_20": [0.5518051981925964, 0.34347137808799744, 0.06161770224571228, 0.03731398656964302, 0.18242816627025604, 0.3013885021209717, 0.027715682983398438, 0.01843414269387722, 0.956943929195404], "frame_21": [0.5517852902412415, 0.3434821665287018, 0.0617031529545784, 0.037360094487667084, 0.19643697142601013, 0.2923632264137268, 0.02796020545065403, 0.0174286849796772, 0.8369153738021851], "frame_22": [0.5517119765281677, 0.3434548079967499, 0.06187252327799797, 0.03742504119873047, 0.20988477766513824, 0.28502216935157776, 0.028488541021943092, 0.01780262030661106, 0.8015877604484558], "frame_23": [0.5517504215240479, 0.3434775471687317, 0.06184641644358635, 0.037442397326231, 0.22424913942813873, 0.2780143916606903, 0.02881096675992012, 0.018225431442260742, 0.6954395174980164], "frame_24": [0.551507294178009, 0.3433389663696289, 0.06146341934800148, 0.03782334178686142, 0.23938791453838348, 0.2722207009792328, 0.031383216381073, 0.018224144354462624, 0.6711863875389099], "frame_25": [0.5515126585960388, 0.34341222047805786, 0.06160634383559227, 0.03795957565307617, 0.25320422649383545, 0.2667141556739807, 0.02827318012714386, 0.018393706530332565, 0.0], "frame_26": [0.5514218211174011, 0.3435475826263428, 0.061791568994522095, 0.03812570497393608, 0.2685863971710205, 0.2622617185115814, 0.029618961736559868, 0.018269728869199753, 0.0], "frame_27": [0.5515212416648865, 0.34354448318481445, 0.06173892691731453, 0.03804760053753853, 0.284043550491333, 0.25843939185142517, 0.030230797827243805, 0.017947006970643997, 0.0], "frame_28": [0.551483690738678, 0.34350600838661194, 0.06156887486577034, 0.03798217698931694, 0.2973513603210449, 0.2555274963378906, 0.028461286798119545, 0.01865539513528347, 0.0], "frame_29": [0.5515342950820923, 0.3434823155403137, 0.06164499744772911, 0.03792748600244522, 0.31154724955558777, 0.25348395109176636, 0.02849748358130455, 0.018406201153993607, 0.0], "frame_30": [0.5515090227127075, 0.34333235025405884, 0.06143578514456749, 0.037629127502441406, 0.3279728293418884, 0.2523338198661804, 0.030371008440852165, 0.01879854127764702, 0.0], "frame_31": [0.5515521168708801, 0.3433242440223694, 0.06148325651884079, 0.03760361671447754, 0.34184569120407104, 0.2512742877006531, 0.02864922396838665, 0.018616771325469017, 0.0], "frame_32": [0.5515291094779968, 0.34331846237182617, 0.06151021271944046, 0.037543199956417084, 0.35658806562423706, 0.25177842378616333, 0.03028767928481102, 0.019024372100830078, 0.0], "frame_33": [0.5516631007194519, 0.34347063302993774, 0.06197424978017807, 0.03740072250366211, 0.37251171469688416, 0.2526422142982483, 0.0300479456782341, 0.018825436010956764, 0.0], "frame_34": [0.5513709783554077, 0.3431786894798279, 0.061506059020757675, 0.03749193996191025, 0.38622021675109863, 0.25382065773010254, 0.02860310859978199, 0.019277524203062057, 0.0], "frame_35": [0.5514483451843262, 0.34321314096450806, 0.061687130481004715, 0.03754782676696777, 0.401112824678421, 0.2560892403125763, 0.029615528881549835, 0.019011687487363815, 0.0], "frame_36": [0.5515550374984741, 0.3431766927242279, 0.06167856976389885, 0.03745212405920029, 0.41745078563690186, 0.2596794366836548, 0.03144226223230362, 0.018604373559355736, 0.0], "frame_37": [0.5514876842498779, 0.3431639075279236, 0.061665091663599014, 0.03741884231567383, 0.431442528963089, 0.2638982832431793, 0.02865448035299778, 0.018670177087187767, 0.0], "frame_38": [0.5514789819717407, 0.34316807985305786, 0.0618930384516716, 0.03735775873064995, 0.44609037041664124, 0.2681570053100586, 0.02884368970990181, 0.018252944573760033, 0.0], "frame_39": [0.5514797568321228, 0.3432154059410095, 0.06207004189491272, 0.03738002851605415, 0.4617897868156433, 0.27442866563796997, 0.02982771210372448, 0.018113184720277786, 0.0], "frame_40": [0.5515319108963013, 0.34339791536331177, 0.06318240612745285, 0.0373503677546978, 0.47515350580215454, 0.2802444398403168, 0.02838728204369545, 0.0185717586427927, 0.0],