{"frame_0": [0.5518870949745178, 0.34587979316711426, 0.06081276014447212, 0.06314508616924286, 0.1411932110786438, 0.49907827377319336, 0.03005775809288025, 0.027779389172792435, 0.4497683644294739], "frame_1": [0.5519011616706848, 0.34585222601890564, 0.06079902499914169, 0.06309954077005386, 0.13044406473636627, 0.4945836365222931, 0.029920896515250206, 0.027609804645180702, 0.27353808283805847], "frame_2": [0.5518504977226257, 0.34587520360946655, 0.06072777509689331, 0.06318291276693344, 0.1203026995062828, 0.4927549660205841, 0.030524063855409622, 0.028994200751185417, 0.47737184166908264], "frame_3": [0.5518238544464111, 0.34585604071617126, 0.060716163367033005, 0.06318961083889008, 0.1122303456068039, 0.4913092851638794, 0.029253100976347923, 0.029265213757753372, 0.20288769900798798], "frame_4": [0.551853358745575, 0.34586092829704285, 0.06076698377728462, 0.06324971467256546, 0.10409217327833176, 0.4896465241909027, 0.03029603883624077, 0.03061676025390625, 0.36572837829589844], "frame_5": [0.5518656969070435, 0.34595155715942383, 0.06078910827636719, 0.06330642849206924, 0.09625305235385895, 0.48835331201553345, 0.02856473997235298, 0.030405892059206963, 0.5002195835113525], "frame_6": [0.551943302154541, 0.34594663977622986, 0.06081254780292511, 0.06308699399232864, 0.09151988476514816, 0.48691847920417786, 0.02945663593709469, 0.03142068535089493, 0.4141862392425537], "frame_7": [0.5519823431968689, 0.34597980976104736, 0.06076494976878166, 0.06301398575305939, 0.08634379506111145, 0.4829663634300232, 0.030160745605826378, 0.030400382354855537, 0.3831619918346405], "frame_8": [0.5519943833351135, 0.34600016474723816, 0.06061384454369545, 0.0630708709359169, 0.08271827548742294, 0.4790791869163513, 0.03077382594347, 0.03180571645498276, 0.35937389731407166], "frame_9": [0.5519434809684753, 0.3459487557411194, 0.06034431606531143, 0.0630461797118187, 0.07938125729560852, 0.4721771776676178, 0.029814332723617554, 0.031826019287109375, 0.35206666588783264], "frame_10": [0.5518758296966553, 0.34601008892059326, 0.06039246544241905, 0.06323375552892685, 0.07796154171228409, 0.4633790850639343, 0.0300278402864933, 0.03170111030340195, 0.29038479924201965], "frame_11": [0.5518913865089417, 0.34593841433525085, 0.06033460795879364, 0.06313256174325943, 0.07652578502893448, 0.4526900351047516, 0.0304816085845232, 0.031839750707149506, 0.48538610339164734], "frame_12": [0.5519612431526184, 0.34592828154563904, 0.060396574437618256, 0.06297895312309265, 0.07697491347789764, 0.43917837738990784, 0.02942749112844467, 0.03315713629126549, 0.5233782529830933], "frame_13": [0.5519580245018005, 0.3459630310535431, 0.060473546385765076, 0.06303475797176361, 0.08220233768224716, 0.4185566008090973, 0.02981450781226158, 0.03252885490655899, 0.6837291121482849], "frame_14": [0.5518959760665894, 0.3459721505641937, 0.060459308326244354, 0.06303980201482773, 0.0949399545788765, 0.3940976560115814, 0.030382612720131874, 0.0333499051630497, 0.8956966996192932], "frame_15": [0.5519587397575378, 0.34598878026008606, 0.060420989990234375, 0.06310700625181198, 0.10926146805286407, 0.36973661184310913, 0.0302333515137434, 0.031926918774843216, 0.8411694765090942], "frame_16": [0.5519775748252869, 0.34593379497528076, 0.060325875878334045, 0.06311056017875671, 0.12257347255945206, 0.3476308286190033, 0.028606224805116653, 0.030786026269197464, 0.8360370397567749], "frame_17": [0.5519041419029236, 0.3459928333759308, 0.06043722480535507, 0.06326868385076523, 0.13785873353481293, 0.3271828889846802, 0.028436608612537384, 0.029887665063142776, 0.7853411436080933], "frame_18": [0.5518761277198792, 0.3459726572036743, 0.06028251722455025, 0.06325893104076385, 0.15351030230522156, 0.30786100029945374, 0.03011646308004856, 0.0334588997066021, 0.7736977934837341], "frame_19": [0.5518543124198914, 0.34589266777038574, 0.06036478653550148, 0.06311961263418198, 0.16714857518672943, 0.2896665036678314, 0.029009733349084854, 0.03168727084994316, 0.7082383036613464], "frame_20": [0.5519107580184937, 0.34590432047843933, 0.06040632352232933, 0.06302555650472641, 0.1821298748254776, 0.2725949287414551, 0.029708057641983032, 0.034105196595191956, 0.7300251722335815], "frame_21": [0.5518991947174072, 0.3459058403968811, 0.06034066900610924, 0.06310096383094788, 0.1964644491672516, 0.2576303780078888, 0.029219098389148712, 0.03207787498831749, 0.7655726075172424], "frame_22": [0.5519084930419922, 0.3458755910396576, 0.06051432341337204, 0.06312035769224167, 0.2106528878211975, 0.24398919939994812, 0.029138565063476562, 0.03190307691693306, 0.7868217825889587], "frame_23": [0.5518989562988281, 0.3458655774593353, 0.060516357421875, 0.06309469044208527, 0.22454121708869934, 0.23169776797294617, 0.03069676272571087, 0.032105445861816406, 0.6743848919868469], "frame_24": [0.5519202947616577, 0.3457794189453125, 0.06052856519818306, 0.06317299604415894, 0.23959927260875702, 0.22065964341163635, 0.02977176196873188, 0.03249206393957138, 0.6231271028518677], "frame_25": [0.5518773198127747, 0.34586429595947266, 0.060552895069122314, 0.0632588267326355, 0.2536524534225464, 0.21144872903823853, 0.02979888953268528, 0.032424163073301315, 0.6773940324783325], "frame_26": [0.5517659187316895, 0.3460097908973694, 0.060698870569467545, 0.0634707361459732, 0.2680085599422455, 0.20330585539340973, 0.030171480029821396, 0.03279866278171539, 0.0], "frame_27": [0.5517640709877014, 0.3459756076335907, 0.06066568195819855, 0.0633830800652504, 0.2826564908027649, 0.19664494693279266, 0.03010983020067215, 0.03260883688926697, 0.0], "frame_28": [0.5517261624336243, 0.3459322452545166, 0.060687169432640076, 0.06329222768545151, 0.2972298860549927, 0.19166721403598785, 0.030128372833132744, 0.03236839547753334, 0.0], "frame_29": [0.5517182350158691, 0.34593695402145386, 0.06076469272375107, 0.06327510625123978, 0.31172770261764526, 0.1873595416545868, 0.030069055035710335, 0.033073775470256805, 0.0], "frame_30": [0.5516229271888733, 0.3458464741706848, 0.06055090203881264, 0.06317505240440369, 0.3272330164909363, 0.1847168207168579, 0.029677201062440872, 0.032596345990896225, 0.0], "frame_31": [0.5516049265861511, 0.3458419144153595, 0.06057417020201683, 0.06316804140806198, 0.34198954701423645, 0.18358060717582703, 0.030193328857421875, 0.03347919136285782, 0.0], "frame_32": [0.5516156554222107, 0.34586143493652344, 0.06059905141592026, 0.06319857388734818, 0.3565354347229004, 0.18394912779331207, 0.03036973811686039, 0.03364470973610878, 0.0], "frame_33": [0.551645040512085, 0.3458860218524933, 0.06057794392108917, 0.06321761012077332, 0.3714814782142639, 0.1855846345424652, 0.029977289959788322, 0.03334623947739601, 0.0], "frame_34": [0.5516126751899719, 0.3458433449268341, 0.06060651317238808, 0.06304630637168884, 0.38595378398895264, 0.1882777363061905, 0.029607687145471573, 0.033190589398145676, 0.0], "frame_35": [0.5516265034675598, 0.3458191454410553, 0.060550689697265625, 0.06303185224533081, 0.401323527097702, 0.19313053786754608, 0.029856322333216667, 0.032687824219465256, 0.0], "frame_36": [0.551676869392395, 0.3456990122795105, 0.06047973781824112, 0.06285951286554337, 0.4165599048137665, 0.1985262930393219, 0.029386138543486595, 0.033272720873355865, 0.0], "frame_37": [0.5516574382781982, 0.34586748480796814, 0.06049308925867081, 0.06328830868005753, 0.4312574565410614, 0.20576070249080658, 0.029962370172142982, 0.03251077979803085, 0.0], "frame_38": [0.5516965985298157, 0.3459055423736572, 0.06051462143659592, 0.06326416879892349, 0.44603288173675537, 0.2142603099346161, 0.029719924554228783, 0.03258410468697548, 0.0], "frame_39": [0.5516912937164307, 0.3459509313106537, 0.06067068129777908, 0.06328943371772766, 0.4610334634780884, 0.2243533730506897, 0.029757563024759293, 0.03204517439007759, 0.0], "frame_40": [0.5519294738769531, 0.34619641304016113, 0.06126556545495987, 0.06364129483699799, 0.47597062587738037, 0.23559942841529846, 0.029153823852539062, 0.03260792791843414, 0.0],