{"frame_0": [0.5510674118995667, 0.34378841519355774, 0.06130405142903328, 0.03768777847290039, 0.32833752036094666, 0.48334836959838867, 0.02860516496002674, 0.017843246459960938, 0.782054603099823], "frame_1": [0.5511167049407959, 0.34376460313796997, 0.06112789735198021, 0.037653446197509766, 0.33763816952705383, 0.4802868962287903, 0.02998640201985836, 0.018286895006895065, 0.7769767642021179], "frame_2": [0.5511249303817749, 0.3437301516532898, 0.06091596931219101, 0.037592221051454544, 0.3495193421840668, 0.47846880555152893, 0.030055660754442215, 0.018535137176513672, 0.845801055431366], "frame_3": [0.5511386394500732, 0.3437061309814453, 0.06118011474609375, 0.03746795654296875, 0.36088645458221436, 0.47565174102783203, 0.03269941359758377, 0.01874866522848606, 0.7789502143859863], "frame_4": [0.5511271357536316, 0.34389370679855347, 0.06161855161190033, 0.03775034099817276, 0.37376582622528076, 0.469755083322525, 0.02901119738817215, 0.01889019086956978, 0.8411902785301208], "frame_5": [0.551041305065155, 0.34400874376296997, 0.061570655554533005, 0.03808903694152832, 0.3857310712337494, 0.4631466865539551, 0.02916802279651165, 0.018741225823760033, 0.8519427180290222], "frame_6": [0.5511372089385986, 0.34383800625801086, 0.061934493482112885, 0.03773241117596626, 0.39704665541648865, 0.45541420578956604, 0.02646552212536335, 0.019029617309570312, 0.9068263173103333], "frame_7": [0.5510472655296326, 0.3437507748603821, 0.06166500598192215, 0.03756418079137802, 0.40687593817710876, 0.4459349513053894, 0.02591756172478199, 0.018072128295898438, 0.8425432443618774], "frame_8": [0.5512303113937378, 0.343744158744812, 0.061766985803842545, 0.037564467638731, 0.41827866435050964, 0.43672776222229004, 0.02964884415268898, 0.01971912384033203, 0.8349826335906982], "frame_9": [0.5511529445648193, 0.34378451108932495, 0.06198238953948021, 0.0377139076590538, 0.42572021484375, 0.42477044463157654, 0.02764129638671875, 0.019599342718720436, 0.7935612797737122], "frame_10": [0.5510774254798889, 0.34373074769973755, 0.06194135919213295, 0.03761854022741318, 0.4311809241771698, 0.4119989275932312, 0.02748497948050499, 0.018931960687041283, 0.8069953322410583], "frame_11": [0.551054060459137, 0.3439057767391205, 0.06195526197552681, 0.03767452389001846, 0.43691593408584595, 0.40114325284957886, 0.029483456164598465, 0.01995408535003662, 0.8106775283813477], "frame_12": [0.5511668920516968, 0.34372037649154663, 0.06235114112496376, 0.03782033920288086, 0.44227030873298645, 0.3893212378025055, 0.02941385842859745, 0.019410420209169388, 0.8047075867652893], "frame_13": [0.5511080622673035, 0.3436835706233978, 0.06242523342370987, 0.03781566768884659, 0.4454776644706726, 0.37923693656921387, 0.02970208041369915, 0.01948261260986328, 0.8362281918525696], "frame_14": [0.5511754155158997, 0.3436827063560486, 0.06235453113913536, 0.037860918790102005, 0.45175790786743164, 0.3693954348564148, 0.02901594340801239, 0.017415333539247513, 0.7149103283882141], "frame_15": [0.5511282086372375, 0.34364378452301025, 0.06228112056851387, 0.03785195201635361, 0.45549681782722473, 0.3611142337322235, 0.0288102887570858, 0.01724996604025364, 0.7864506244659424], "frame_16": [0.5510993003845215, 0.34371644258499146, 0.06174791231751442, 0.03764314576983452, 0.4621487855911255, 0.3536463677883148, 0.031671226024627686, 0.017987918108701706, 0.7784183621406555], "frame_17": [0.5510854125022888, 0.3437741994857788, 0.06159345805644989, 0.03766379505395889, 0.46646392345428467, 0.345795214176178, 0.028784433379769325, 0.017756080254912376, 0.7442697286605835], "frame_18": [0.5508916974067688, 0.34391650557518005, 0.06243404746055603, 0.03800258785486221, 0.4718611538410187, 0.3408152163028717, 0.02740970253944397, 0.017594147473573685, 0.6835103034973145], "frame_19": [0.5508502721786499, 0.34392210841178894, 0.06251661479473114, 0.03813319280743599, 0.4768421947956085, 0.3340984284877777, 0.029165564104914665, 0.016431426629424095, 0.6245900988578796], "frame_20": [0.5506938695907593, 0.34400463104248047, 0.0626489445567131, 0.03820095211267471, 0.4809797406196594, 0.3298892378807068, 0.02755957655608654, 0.016768598929047585, 0.678702175617218], "frame_21": [0.5506228804588318, 0.34385615587234497, 0.06276202946901321, 0.03805379942059517, 0.487906277179718, 0.3259615898132324, 0.028250884264707565, 0.018022824078798294, 0.9634480476379395], "frame_22": [0.5509052872657776, 0.3438818156719208, 0.06244099885225296, 0.03782148286700249, 0.4917576313018799, 0.32195499539375305, 0.02706587128341198, 0.01877918280661106, 0.7483704686164856], "frame_23": [0.5501453876495361, 0.3436664044857025, 0.06406182050704956, 0.03723502159118652, 0.4976465106010437, 0.3196234107017517, 0.0274081751704216, 0.01851949654519558, 0.7031837105751038], "frame_24": [0.5502060651779175, 0.34389740228652954, 0.06279652565717697, 0.03783769533038139, 0.40816742181777954, 0.4284501075744629, 0.02859310619533062, 0.017582321539521217, 0.9178227186203003], "frame_25": [0.5499962568283081, 0.3439757227897644, 0.06362525373697281, 0.03789372369647026, 0.4129638671875, 0.42990678548812866, 0.0314992256462574, 0.01804027520120144, 0.0], "frame_26": [0.5497673153877258, 0.3441630005836487, 0.0642191544175148, 0.0380341038107872, 0.4205467998981476, 0.42980509996414185, 0.03021901473402977, 0.01844806596636772, 0.0], "frame_27": [0.5480202436447144, 0.3442508578300476, 0.06939790397882462, 0.03745522350072861, 0.42596977949142456, 0.4292384088039398, 0.0292638149112463, 0.01829833909869194, 0.6572800874710083], "frame_28": [0.548075795173645, 0.3442082405090332, 0.0694797933101654, 0.03782310336828232, 0.43032073974609375, 0.42808589339256287, 0.02914920449256897, 0.018601227551698685, 0.6337805986404419], "frame_29": [0.5495757460594177, 0.3439931869506836, 0.0658162459731102, 0.03786754608154297, 0.4333043694496155, 0.426461398601532, 0.031815677881240845, 0.018465805798768997, 0.6866719126701355], "frame_30": [0.5508037209510803, 0.3433619439601898, 0.06196390837430954, 0.03915853425860405, 0.43978700041770935, 0.4260338842868805, 0.03317718580365181, 0.0196062084287405, 0.7177634835243225], "frame_31": [0.551336944103241, 0.34316784143447876, 0.05965491384267807, 0.03879661485552788, 0.5365123152732849, 0.3217538893222809, 0.02879130095243454, 0.016682911664247513, 0.0], "frame_32": [0.5514149069786072, 0.3421483635902405, 0.05729251354932785, 0.04120993614196777, 0.44815221428871155, 0.424780935049057, 0.03098025918006897, 0.018886376172304153, 0.0], "frame_33": [0.5520337820053101, 0.34291690587997437, 0.05636359378695488, 0.038910865783691406, 0.4538215100765228, 0.4255618155002594, 0.031899768859148026, 0.018780136480927467, 0.6577801704406738], "frame_34": [0.5533824563026428, 0.3422408401966095, 0.05642920732498169, 0.039513349533081055, 0.4538215100765228, 0.4255618155002594, 0.031899768859148026, 0.018780136480927467, 0.6940679550170898], "frame_35": [0.5535476803779602, 0.34348419308662415, 0.06209411472082138, 0.0370485782623291, 0.4633326530456543, 0.4262801706790924, 0.03161672130227089, 0.018908405676484108, 0.702903687953949], "frame_36": [0.5527074337005615, 0.3432404398918152, 0.0632409006357193, 0.036629676818847656, 0.46782466769218445, 0.4279373586177826, 0.031021881848573685, 0.01926717720925808, 0.0], "frame_37": [0.5514897108078003, 0.3425928056240082, 0.06391194462776184, 0.03626894950866699, 0.47578608989715576, 0.4294542670249939, 0.02683580107986927, 0.0175951961427927, 0.0], "frame_38": [0.5518648028373718, 0.3411647379398346, 0.06240200623869896, 0.033094119280576706, 0.4807721972465515, 0.4300175607204437, 0.02582397498190403, 0.017519760876893997, 0.0], "frame_39": [0.5530974268913269, 0.3409702777862549, 0.06270769238471985, 0.03170948103070259, 0.4857208728790283, 0.4301005005836487, 0.028565725311636925, 0.019489670172333717, 0.6931601762771606],