{"frame_0": [0.626187801361084, 0.3354957103729248, 0.07026960700750351, 0.04583549499511719, 0.5903237462043762, 0.4559834599494934, 0.02415601909160614, 0.016480827704072, 0.5834898352622986], "frame_1": [0.6261904239654541, 0.3354855477809906, 0.06984218955039978, 0.04594068601727486, 0.6483356952667236, 0.4201551377773285, 0.05176018550992012, 0.022049332037568092, 0.5823553204536438], "frame_2": [0.6262491941452026, 0.3354801833629608, 0.06999494880437851, 0.045877646654844284, 0.6480912566184998, 0.41602668166160583, 0.044730037450790405, 0.02412872388958931, 0.6168187856674194], "frame_3": [0.6264231204986572, 0.33540064096450806, 0.06966646015644073, 0.04586038738489151, 0.6463353037834167, 0.4128379821777344, 0.043910808861255646, 0.025136565789580345, 0.7229855060577393], "frame_4": [0.6262883543968201, 0.3354380130767822, 0.06953006237745285, 0.04592838138341904, 0.6449689269065857, 0.40972885489463806, 0.04447648674249649, 0.025013351812958717, 0.713824987411499], "frame_5": [0.6259241104125977, 0.3355542719364166, 0.07029681652784348, 0.046120740473270416, 0.6437689065933228, 0.4067263603210449, 0.04502580314874649, 0.025074005126953125, 0.2337941825389862], "frame_6": [0.6261337995529175, 0.33552154898643494, 0.06954295188188553, 0.04618120193481445, 0.6418824791908264, 0.40311089158058167, 0.043550025671720505, 0.026799488812685013, 0.23560328781604767], "frame_7": [0.6258960962295532, 0.3356018662452698, 0.06958805024623871, 0.046040914952754974, 0.6402711868286133, 0.39740461111068726, 0.04488355666399002, 0.027775954455137253, 0.7997586727142334], "frame_8": [0.626085638999939, 0.33526384830474854, 0.06972257792949677, 0.04538435861468315, 0.6374102234840393, 0.38832372426986694, 0.04347890242934227, 0.02745046652853489, 0.9311763048171997], "frame_9": [0.6256566643714905, 0.3414689004421234, 0.07002715766429901, 0.05760183185338974, 0.6355936527252197, 0.37396106123924255, 0.04589606449007988, 0.02479534223675728, 0.9789965748786926], "frame_10": [0.6269603371620178, 0.3420010209083557, 0.06862276047468185, 0.05912065505981445, 0.6307176351547241, 0.3509034216403961, 0.056489139795303345, 0.04388570785522461, 0.9434066414833069], "frame_11": [0.627031683921814, 0.3355443477630615, 0.06668175756931305, 0.04528837278485298, 0.6292024254798889, 0.3376447856426239, 0.058549076318740845, 0.04187784343957901, 0.5733471512794495], "frame_12": [0.627031683921814, 0.3355443477630615, 0.06668175756931305, 0.04528837278485298, 0.6290526390075684, 0.33290979266166687, 0.05859561637043953, 0.03745093196630478, 0.5115714073181152], "frame_13": [0.627031683921814, 0.3355443477630615, 0.06668175756931305, 0.04528837278485298, 0.6259711980819702, 0.32330816984176636, 0.05246547982096672, 0.027128983289003372, 0.564235508441925], "frame_14": [0.6277688145637512, 0.33196568489074707, 0.06998104602098465, 0.05413312837481499, 0.6220835447311401, 0.3121549189090729, 0.04945899173617363, 0.027609920129179955, 0.0], "frame_15": [0.6275768876075745, 0.33660417795181274, 0.07332645356655121, 0.04387302324175835, 0.6200016736984253, 0.30464276671409607, 0.043675318360328674, 0.026940250769257545, 0.0], "frame_16": [0.6270143389701843, 0.33575060963630676, 0.07382337749004364, 0.046025753021240234, 0.6198524236679077, 0.29831424355506897, 0.041436851024627686, 0.02636089362204075, 0.378399521112442], "frame_17": [0.6262897849082947, 0.3357977271080017, 0.07302780449390411, 0.04586324840784073, 0.6167973279953003, 0.2925432324409485, 0.04180026426911354, 0.025425339117646217, 0.0], "frame_18": [0.6254250407218933, 0.33575811982154846, 0.07376166433095932, 0.04566450044512749, 0.615283191204071, 0.2888755202293396, 0.04010213166475296, 0.025719929486513138, 0.0], "frame_19": [0.6260735988616943, 0.33552154898643494, 0.07284325361251831, 0.046012211591005325, 0.6143521666526794, 0.2857059836387634, 0.04129299521446228, 0.02598590776324272, 0.2799208462238312], "frame_20": [0.626194953918457, 0.33556002378463745, 0.07195281982421875, 0.046011827886104584, 0.6130495071411133, 0.28321027755737305, 0.04126909002661705, 0.025852013379335403, 0.22753547132015228], "frame_21": [0.6259126663208008, 0.3356087803840637, 0.07231911271810532, 0.04587721824645996, 0.6116175055503845, 0.2819978594779968, 0.040953826159238815, 0.026410436257719994, 0.18031981587409973], "frame_22": [0.625857412815094, 0.33556047081947327, 0.07246788591146469, 0.046004582196474075, 0.6102064251899719, 0.2821871042251587, 0.0404290109872818, 0.026152897626161575, 0.16030770540237427], "frame_23": [0.62574303150177, 0.33553507924079895, 0.0728553757071495, 0.04599294811487198, 0.6087930202484131, 0.2833498418331146, 0.03977813571691513, 0.025547122582793236, 0.18010137975215912], "frame_24": [0.6255931258201599, 0.33566123247146606, 0.0736234039068222, 0.04633188247680664, 0.6070799231529236, 0.285519003868103, 0.03911539539694786, 0.025265265256166458, 0.6166297793388367], "frame_25": [0.6252889037132263, 0.33582642674446106, 0.07507459819316864, 0.04636244848370552, 0.6053825616836548, 0.2889312505722046, 0.03921729326248169, 0.02542882040143013, 0.6600967049598694], "frame_26": [0.6254192590713501, 0.3358582854270935, 0.0756567195057869, 0.04658527299761772, 0.6044166684150696, 0.2927338778972626, 0.03899586945772171, 0.024716710671782494, 0.12124529480934143], "frame_27": [0.6254256963729858, 0.33580437302589417, 0.07585601508617401, 0.04632711410522461, 0.603337287902832, 0.29778194427490234, 0.039630379527807236, 0.02491474151611328, 0.7212343215942383], "frame_28": [0.6248776912689209, 0.33639398217201233, 0.07672916352748871, 0.045748043805360794, 0.6023774743080139, 0.3039494454860687, 0.03875529021024704, 0.02565794065594673, 0.85124272108078], "frame_29": [0.6250584721565247, 0.3369125723838806, 0.07612881064414978, 0.04457874223589897, 0.600000262260437, 0.30949991941452026, 0.03948160633444786, 0.025278281420469284, 0.8761743307113647], "frame_30": [0.6244968175888062, 0.33685508370399475, 0.07908452302217484, 0.04557432979345322, 0.604684591293335, 0.31323570013046265, 0.04033016785979271, 0.021624183282256126, 0.921981155872345], "frame_31": [0.6251233220100403, 0.33433443307876587, 0.07402021437883377, 0.04718179628252983, 0.604684591293335, 0.31323570013046265, 0.04033016785979271, 0.021624183282256126, 0.9486367106437683], "frame_32": [0.6261115074157715, 0.3345821499824524, 0.07399995625019073, 0.048082925379276276, 0.604684591293335, 0.31323570013046265, 0.04033016785979271, 0.021624183282256126, 0.9651390314102173], "frame_33": [0.6260000467300415, 0.3355182707309723, 0.0737592875957489, 0.04676856845617294, 0.604684591293335, 0.31323570013046265, 0.04033016785979271, 0.021624183282256126, 0.9645832180976868], "frame_34": [0.623431384563446, 0.3359774351119995, 0.07491912692785263, 0.045159004628658295, 0.604684591293335, 0.31323570013046265, 0.04033016785979271, 0.021624183282256126, 0.9677110314369202], "frame_35": [0.624255895614624, 0.33568844199180603, 0.07323438674211502, 0.04577302932739258, 0.604684591293335, 0.31323570013046265, 0.04033016785979271, 0.021624183282256126, 0.9667097926139832], "frame_36": [0.6264263391494751, 0.33487945795059204, 0.07116436213254929, 0.04481463506817818, 0.604684591293335, 0.31323570013046265, 0.04033016785979271, 0.021624183282256126, 0.9564386010169983], "frame_37": [0.6257548928260803, 0.3344356417655945, 0.0721791610121727, 0.04301166534423828, 0.604684591293335, 0.31323570013046265, 0.04033016785979271, 0.021624183282256126, 0.948310136795044], "frame_38": [0.6283941268920898, 0.33288678526878357, 0.0729624405503273, 0.041266441345214844, 0.604684591293335, 0.31323570013046265, 0.04033016785979271, 0.021624183282256126, 0.9245938062667847], "frame_39": [0.6316441893577576, 0.332957923412323, 0.07123565673828125, 0.03942103311419487, 0.604684591293335, 0.31323570013046265, 0.04033016785979271, 0.021624183282256126, 0.9334030747413635],