{"frame_0": [0.6249680519104004, 0.33589380979537964, 0.07064463198184967, 0.04518527910113335, 0.2049528956413269, 0.3968631625175476, 0.06028234586119652, 0.03508572652935982, 0.2974030077457428], "frame_1": [0.6249775290489197, 0.33603760600090027, 0.07096947729587555, 0.044843532145023346, 0.2092679738998413, 0.38574376702308655, 0.06305423378944397, 0.03532266616821289, 0.3472164571285248], "frame_2": [0.6248577833175659, 0.33616676926612854, 0.07122913002967834, 0.044927023351192474, 0.2212628275156021, 0.36993351578712463, 0.055029381066560745, 0.03417825698852539, 0.45830297470092773], "frame_3": [0.6249240636825562, 0.3362365663051605, 0.07136484980583191, 0.04512081295251846, 0.23415087163448334, 0.34973931312561035, 0.053015220910310745, 0.03511400148272514, 0.5760367512702942], "frame_4": [0.6249008178710938, 0.3362165689468384, 0.07170511782169342, 0.045079898089170456, 0.25345903635025024, 0.3286450505256653, 0.05501251295208931, 0.03262514993548393, 0.6679942607879639], "frame_5": [0.6248908042907715, 0.33612582087516785, 0.07147199660539627, 0.045166015625, 0.27102965116500854, 0.3103201389312744, 0.049181364476680756, 0.0324254035949707, 0.657676100730896], "frame_6": [0.6249746084213257, 0.33613353967666626, 0.07176607102155685, 0.04527540132403374, 0.2952437102794647, 0.2918780446052551, 0.05432400107383728, 0.034285496920347214, 0.6631081700325012], "frame_7": [0.625043511390686, 0.3360215127468109, 0.07102347165346146, 0.045266151428222656, 0.3128713369369507, 0.2766369879245758, 0.052125632762908936, 0.03240156173706055, 0.5456050634384155], "frame_8": [0.6252025365829468, 0.33594271540641785, 0.07070210576057434, 0.04500703886151314, 0.33097365498542786, 0.26389744877815247, 0.051854196935892105, 0.031971026211977005, 0.5560970306396484], "frame_9": [0.6253634691238403, 0.33598580956459045, 0.07100245356559753, 0.045197296887636185, 0.34938642382621765, 0.2526612877845764, 0.051452383399009705, 0.031218528747558594, 0.6036415696144104], "frame_10": [0.6253697276115417, 0.33597809076309204, 0.07101542502641678, 0.045111559331417084, 0.36623793840408325, 0.24335746467113495, 0.051227230578660965, 0.031510353088378906, 0.49996593594551086], "frame_11": [0.6252429485321045, 0.33607035875320435, 0.07148454338312149, 0.045493222773075104, 0.3833675682544708, 0.23528333008289337, 0.04997982457280159, 0.03135938569903374, 0.4104398190975189], "frame_12": [0.6252557039260864, 0.33609914779663086, 0.07142198085784912, 0.04549112170934677, 0.16834667325019836, 0.43013662099838257, 0.05249315872788429, 0.034359075129032135, 0.2717389762401581], "frame_13": [0.625245213508606, 0.336070716381073, 0.07153608649969101, 0.04550027847290039, 0.16831353306770325, 0.4295113682746887, 0.05515285208821297, 0.03495941311120987, 0.2513727843761444], "frame_14": [0.6250563263893127, 0.3361591696739197, 0.07176471501588821, 0.04559206962585449, 0.43076586723327637, 0.2201087474822998, 0.0475497767329216, 0.028977680951356888, 0.12627971172332764], "frame_15": [0.625214695930481, 0.3361697793006897, 0.071416474878788, 0.04560718685388565, 0.4459671974182129, 0.2176976203918457, 0.04603423923254013, 0.029305363073945045, 0.001747397007420659], "frame_16": [0.6253455281257629, 0.33613353967666626, 0.07145030051469803, 0.045369721949100494, 0.4599943459033966, 0.216637521982193, 0.04639536514878273, 0.028818989172577858, 0.9970324635505676], "frame_17": [0.624861478805542, 0.33619946241378784, 0.07203055173158646, 0.045538950711488724, 0.47453799843788147, 0.21684005856513977, 0.04625990241765976, 0.028853798285126686, 0.9737990498542786], "frame_18": [0.6248759031295776, 0.33621639013290405, 0.07253451645374298, 0.045470237731933594, 0.4887029826641083, 0.21805033087730408, 0.04555664211511612, 0.028851985931396484, 0.9626392722129822], "frame_19": [0.6248632073402405, 0.33617162704467773, 0.07287919521331787, 0.045659732073545456, 0.5021266341209412, 0.22035503387451172, 0.045058272778987885, 0.027950096875429153, 0.9795681834220886], "frame_20": [0.6248982548713684, 0.3361878991127014, 0.07330220192670822, 0.045740414410829544, 0.5148767828941345, 0.22403278946876526, 0.042905427515506744, 0.027674484997987747, 0.9540881514549255], "frame_21": [0.6248793005943298, 0.3361852169036865, 0.07352091372013092, 0.04575643688440323, 0.5275394916534424, 0.22827592492103577, 0.04317321628332138, 0.026821326464414597, 0.959758996963501], "frame_22": [0.6247819662094116, 0.3361658453941345, 0.07336188107728958, 0.045758914202451706, 0.5405842661857605, 0.2334553301334381, 0.04249148815870285, 0.0268738754093647, 0.9563634991645813], "frame_23": [0.6247943639755249, 0.3361160159111023, 0.07323269546031952, 0.04534101486206055, 0.5527090430259705, 0.2400929480791092, 0.041561465710401535, 0.02607131004333496, 0.9268834590911865], "frame_24": [0.624943196773529, 0.33604204654693604, 0.07307010143995285, 0.045378733426332474, 0.5648663640022278, 0.24687489867210388, 0.04054124653339386, 0.025602102279663086, 0.9100663065910339], "frame_25": [0.624621570110321, 0.3360310196876526, 0.07310248166322708, 0.04552316665649414, 0.5761363506317139, 0.25529947876930237, 0.03964860737323761, 0.024926472455263138, 0.9282304048538208], "frame_26": [0.6245732307434082, 0.335955411195755, 0.07317208498716354, 0.04558873176574707, 0.5875832438468933, 0.2639509439468384, 0.0398830845952034, 0.02506246604025364, 0.9319671392440796], "frame_27": [0.6244030594825745, 0.33594775199890137, 0.07274848222732544, 0.04553937911987305, 0.5985921621322632, 0.27357548475265503, 0.039235010743141174, 0.0252851489931345, 0.943254828453064], "frame_28": [0.6250401139259338, 0.33580780029296875, 0.07419204711914062, 0.045610904693603516, 0.6100324988365173, 0.2844826579093933, 0.03838195651769638, 0.024992991238832474, 0.9686289429664612], "frame_29": [0.6246474385261536, 0.3362608850002289, 0.07434675097465515, 0.04529394954442978, 0.6210532784461975, 0.29478874802589417, 0.03802727535367012, 0.02437772788107395, 0.9702139496803284], "frame_30": [0.623916745185852, 0.3367598056793213, 0.07679901272058487, 0.04382514953613281, 0.6316341161727905, 0.3063799738883972, 0.03551584854722023, 0.023388098925352097, 0.9711007475852966], "frame_31": [0.6236518621444702, 0.33260980248451233, 0.07498897612094879, 0.05254669114947319, 0.6316341161727905, 0.3063799738883972, 0.03551584854722023, 0.023388098925352097, 0.9664216041564941], "frame_32": [0.6246793866157532, 0.3324151337146759, 0.07098710536956787, 0.052515506744384766, 0.6316341161727905, 0.3063799738883972, 0.03551584854722023, 0.023388098925352097, 0.9912482500076294], "frame_33": [0.6247151494026184, 0.33607998490333557, 0.07509969174861908, 0.04661121219396591, 0.6152312159538269, 0.3212567865848541, 0.05097978562116623, 0.03824281692504883, 0.968909740447998], "frame_34": [0.626946747303009, 0.33584028482437134, 0.06948835402727127, 0.04640083387494087, 0.624904215335846, 0.31342366337776184, 0.05037909746170044, 0.031621694564819336, 0.9485911130905151], "frame_35": [0.6270083785057068, 0.3356526494026184, 0.071136474609375, 0.04051704332232475, 0.639683723449707, 0.3072977364063263, 0.03813764825463295, 0.022411774843931198, 0.9562602639198303], "frame_36": [0.6293174028396606, 0.3350958526134491, 0.07120895385742188, 0.04181819036602974, 0.6495876908302307, 0.3064808249473572, 0.03583187609910965, 0.023523617535829544, 0.962119460105896], "frame_37": [0.6271102428436279, 0.3348122835159302, 0.07126981765031815, 0.04220185428857803, 0.6643617153167725, 0.3078600764274597, 0.04197607934474945, 0.02832779847085476, 0.9820587635040283], "frame_38": [0.6281467080116272, 0.33528104424476624, 0.07279408723115921, 0.0426693931221962, 0.6589431762695312, 0.30686742067337036, 0.03945329412817955, 0.024846266955137253, 0.9986172914505005], "frame_39": [0.6272217035293579, 0.3351421356201172, 0.07411210983991623, 0.043007563799619675, 0.6522018313407898, 0.30588299036026, 0.03755170851945877, 0.02472248114645481, 0.9764834642410278],