{"frame_0": [0.6256235837936401, 0.33617812395095825, 0.07031606137752533, 0.04574079439043999, 0.16411158442497253, 0.4746825098991394, 0.03094431571662426, 0.022359658032655716, 0.6134601831436157], "frame_1": [0.6255296468734741, 0.33611956238746643, 0.07082688808441162, 0.04583792760968208, 0.16188623011112213, 0.4696197509765625, 0.03541119769215584, 0.023843765258789062, 0.7394495606422424], "frame_2": [0.625480592250824, 0.3360427916049957, 0.07003326714038849, 0.04553518444299698, 0.16188623011112213, 0.4696197509765625, 0.03541119769215584, 0.023843765258789062, 0.7532268166542053], "frame_3": [0.625267744064331, 0.33605271577835083, 0.0699426457285881, 0.04548807069659233, 0.16188623011112213, 0.4696197509765625, 0.03541119769215584, 0.023843765258789062, 0.6467199325561523], "frame_4": [0.6251774430274963, 0.33606380224227905, 0.06998273730278015, 0.04549975320696831, 0.16188623011112213, 0.4696197509765625, 0.03541119769215584, 0.023843765258789062, 0.6032620072364807], "frame_5": [0.6249359250068665, 0.3360825479030609, 0.07094471901655197, 0.04572653770446777, 0.16188623011112213, 0.4696197509765625, 0.03541119769215584, 0.023843765258789062, 0.5162473917007446], "frame_6": [0.6249806880950928, 0.3360622227191925, 0.07047831267118454, 0.04560671001672745, 0.16188623011112213, 0.4696197509765625, 0.03541119769215584, 0.023843765258789062, 0.7801309823989868], "frame_7": [0.6253265142440796, 0.33610448241233826, 0.07076822966337204, 0.04557771608233452, 0.16188623011112213, 0.4696197509765625, 0.03541119769215584, 0.023843765258789062, 0.5675334334373474], "frame_8": [0.625343382358551, 0.3360639214515686, 0.0706264078617096, 0.04553232342004776, 0.16188623011112213, 0.4696197509765625, 0.03541119769215584, 0.023843765258789062, 0.7434899806976318], "frame_9": [0.6252081394195557, 0.33651483058929443, 0.07094116508960724, 0.0464288704097271, 0.16188623011112213, 0.4696197509765625, 0.03541119769215584, 0.023843765258789062, 0.5278310775756836], "frame_10": [0.6250823140144348, 0.3367270827293396, 0.07090988010168076, 0.04656481742858887, 0.1520565301179886, 0.4386536478996277, 0.03630811721086502, 0.02022418938577175, 0.7392353415489197], "frame_11": [0.6252132058143616, 0.33667975664138794, 0.07081247866153717, 0.04656381532549858, 0.1522657424211502, 0.43313607573509216, 0.03233625739812851, 0.019719982519745827, 0.4256308078765869], "frame_12": [0.625153660774231, 0.33664602041244507, 0.07069939374923706, 0.046540070325136185, 0.1540529727935791, 0.4258875846862793, 0.033553145825862885, 0.020023727789521217, 0.6951596736907959], "frame_13": [0.6252011656761169, 0.3364628851413727, 0.07076958566904068, 0.04625110700726509, 0.15635338425636292, 0.418280690908432, 0.034712981432676315, 0.01940593682229519, 0.5763454437255859], "frame_14": [0.6253760457038879, 0.3363186717033386, 0.07082248479127884, 0.046057891100645065, 0.161281019449234, 0.40608519315719604, 0.028467092663049698, 0.02022228203713894, 0.6602349281311035], "frame_15": [0.6253162622451782, 0.33643993735313416, 0.07080366462469101, 0.046256162226200104, 0.17270058393478394, 0.3918299376964569, 0.031029341742396355, 0.02010626718401909, 0.8202540278434753], "frame_16": [0.6253728866577148, 0.3364607095718384, 0.07079704850912094, 0.04619169235229492, 0.18562066555023193, 0.37868762016296387, 0.03115217387676239, 0.02000575140118599, 0.8292989134788513], "frame_17": [0.625176727771759, 0.3365078866481781, 0.07043524831533432, 0.0461156852543354, 0.19741444289684296, 0.3654295802116394, 0.03315599262714386, 0.019335031509399414, 0.9049050807952881], "frame_18": [0.6250033974647522, 0.33626437187194824, 0.0706939697265625, 0.045716144144535065, 0.20979656279087067, 0.35352081060409546, 0.030659060925245285, 0.018885087221860886, 0.8991121649742126], "frame_19": [0.624959409236908, 0.3362728953361511, 0.07077763974666595, 0.0456417091190815, 0.2209591120481491, 0.3418712019920349, 0.032605066895484924, 0.02005453035235405, 0.8967065811157227], "frame_20": [0.6250685453414917, 0.33625516295433044, 0.07050670683383942, 0.04568767547607422, 0.23374485969543457, 0.3316475749015808, 0.0316341407597065, 0.018897438421845436, 0.8775016665458679], "frame_21": [0.6251487135887146, 0.3362026512622833, 0.07044491171836853, 0.04573850706219673, 0.2467593252658844, 0.3216436803340912, 0.02958458848297596, 0.018441200256347656, 0.8458968997001648], "frame_22": [0.6250619292259216, 0.33625105023384094, 0.07030071318149567, 0.04571814462542534, 0.26089951395988464, 0.3120157718658447, 0.031472355127334595, 0.019356345757842064, 0.8098067045211792], "frame_23": [0.625074028968811, 0.33622854948043823, 0.07036980241537094, 0.045625973492860794, 0.27258846163749695, 0.30276042222976685, 0.028903961181640625, 0.020045757293701172, 0.8048833608627319], "frame_24": [0.6250882744789124, 0.33619964122772217, 0.07017195224761963, 0.04547629505395889, 0.27258846163749695, 0.30276042222976685, 0.028903961181640625, 0.020045757293701172, 0.7598377466201782], "frame_25": [0.6250985860824585, 0.33618515729904175, 0.07014244794845581, 0.04550132900476456, 0.27258846163749695, 0.30276042222976685, 0.028903961181640625, 0.020045757293701172, 0.7660083174705505], "frame_26": [0.6250230669975281, 0.3361213803291321, 0.07042837888002396, 0.04567289352416992, 0.3158816397190094, 0.28059396147727966, 0.032874129712581635, 0.020611096173524857, 0.7888773083686829], "frame_27": [0.6249368786811829, 0.3361097276210785, 0.07069753110408783, 0.04570803791284561, 0.3304092288017273, 0.2749728858470917, 0.03270248696208, 0.021372508257627487, 0.7643170356750488], "frame_28": [0.6249402761459351, 0.33611389994621277, 0.07034903764724731, 0.04556627199053764, 0.3447417914867401, 0.26985231041908264, 0.033710140734910965, 0.020738888531923294, 0.779568076133728], "frame_29": [0.6250115036964417, 0.33611804246902466, 0.07054825127124786, 0.04569358751177788, 0.35999611020088196, 0.26571911573410034, 0.03318599984049797, 0.021707821637392044, 0.727286159992218], "frame_30": [0.6249211430549622, 0.33662351965904236, 0.07103771716356277, 0.04638824611902237, 0.3755796551704407, 0.2620849013328552, 0.03586188331246376, 0.021389007568359375, 0.0], "frame_31": [0.6251838803291321, 0.336630642414093, 0.07122548669576645, 0.04638032987713814, 0.3914240598678589, 0.2595166265964508, 0.03653784841299057, 0.02135286293923855, 0.0], "frame_32": [0.6250706315040588, 0.33663344383239746, 0.07141206413507462, 0.0464015007019043, 0.40732866525650024, 0.25764578580856323, 0.034770626574754715, 0.022272968664765358, 0.0], "frame_33": [0.6248789429664612, 0.33659860491752625, 0.07155151665210724, 0.046500064432621, 0.42354193329811096, 0.256793349981308, 0.03514200821518898, 0.02244424819946289, 0.0], "frame_34": [0.6250630617141724, 0.33665555715560913, 0.07167799025774002, 0.04682164266705513, 0.440664678812027, 0.2568920850753784, 0.03532545268535614, 0.02295370027422905, 0.0], "frame_35": [0.6247610449790955, 0.33653250336647034, 0.07142427563667297, 0.046426963061094284, 0.45754122734069824, 0.2576155662536621, 0.03679029643535614, 0.022507190704345703, 0.0], "frame_36": [0.6249426007270813, 0.3365998864173889, 0.0714535191655159, 0.046494532376527786, 0.47469690442085266, 0.25920137763023376, 0.03600022941827774, 0.023056412115693092, 0.8962660431861877], "frame_37": [0.6250154972076416, 0.33668917417526245, 0.07090470939874649, 0.04635152965784073, 0.4919723570346832, 0.261992484331131, 0.036496058106422424, 0.022646140307188034, 0.0], "frame_38": [0.6249867081642151, 0.33655303716659546, 0.07101999968290329, 0.046146489679813385, 0.5098159909248352, 0.2657579779624939, 0.03685031458735466, 0.022878551855683327, 0.0], "frame_39": [0.6249491572380066, 0.3365635871887207, 0.07118835300207138, 0.04617328569293022, 0.529626190662384, 0.27033525705337524, 0.0376298688352108, 0.022846603766083717, 0.9473363757133484],