{"frame_0": [0.5505102276802063, 0.345899373292923, 0.06088439002633095, 0.06304475665092468, 0.5837430953979492, 0.6815850138664246, 0.026914766058325768, 0.028359223157167435, 0.44797655940055847], "frame_1": [0.5505387187004089, 0.3460104167461395, 0.06073608249425888, 0.06318522244691849, 0.13374744355678558, 0.5281846523284912, 0.028227753937244415, 0.030723784118890762, 0.4136362373828888], "frame_2": [0.5505709052085876, 0.34601348638534546, 0.06084955111145973, 0.0632251724600792, 0.12757259607315063, 0.5167301297187805, 0.031298477202653885, 0.030403900891542435, 0.4466709792613983], "frame_3": [0.550538957118988, 0.3460208475589752, 0.060727860778570175, 0.0632498636841774, 0.1198108121752739, 0.507147490978241, 0.030336951836943626, 0.029874801635742188, 0.4439738988876343], "frame_4": [0.5504817366600037, 0.3460838198661804, 0.06064147874712944, 0.06342228502035141, 0.11078543961048126, 0.49916771054267883, 0.029804177582263947, 0.02902509830892086, 0.4091937243938446], "frame_5": [0.5504981875419617, 0.34622880816459656, 0.060571882873773575, 0.06365954130887985, 0.10156767070293427, 0.49345719814300537, 0.030776236206293106, 0.031059477478265762, 0.49555376172065735], "frame_6": [0.5506400465965271, 0.34620577096939087, 0.06075689569115639, 0.06358608603477478, 0.09247446805238724, 0.4894351661205292, 0.031225215643644333, 0.031207742169499397, 0.33740392327308655], "frame_7": [0.5505132675170898, 0.3462514281272888, 0.060474395751953125, 0.06368685513734818, 0.08273864537477493, 0.4873964190483093, 0.02977960929274559, 0.031022856011986732, 0.28230583667755127], "frame_8": [0.5504153966903687, 0.3462435305118561, 0.06049872562289238, 0.0637003555893898, 0.07493453472852707, 0.4859180450439453, 0.029606793075799942, 0.030492400750517845, 0.16027455031871796], "frame_9": [0.5504364967346191, 0.346238911151886, 0.06054496765136719, 0.06364398449659348, 0.06806924939155579, 0.48514819145202637, 0.02939581871032715, 0.031130600720643997, 0.060295216739177704], "frame_10": [0.5504631996154785, 0.34614062309265137, 0.06078071519732475, 0.06360533088445663, 0.0617152601480484, 0.4846004843711853, 0.029800118878483772, 0.030483754351735115, 0.013732964172959328], "frame_11": [0.5504640340805054, 0.34602081775665283, 0.06083649396896362, 0.0634814128279686, 0.05683264136314392, 0.48387399315834045, 0.029606368392705917, 0.030921384692192078, 0.26604533195495605], "frame_12": [0.5504621863365173, 0.3460843861103058, 0.06082572788000107, 0.0636257603764534, 0.052414968609809875, 0.4818052649497986, 0.030211875215172768, 0.03228653967380524, 0.1844838261604309], "frame_13": [0.5504810214042664, 0.34607914090156555, 0.060790423303842545, 0.06366784870624542, 0.04851207137107849, 0.4794510006904602, 0.03074876219034195, 0.03323326259851456, 0.2973288893699646], "frame_14": [0.5505788922309875, 0.34607648849487305, 0.06085412949323654, 0.0636233240365982, 0.04625450819730759, 0.47383227944374084, 0.030738485977053642, 0.03131522983312607, 0.11019331961870193], "frame_15": [0.550562858581543, 0.3461017310619354, 0.06068560108542442, 0.0635911077260971, 0.04519073665142059, 0.467455118894577, 0.03126497566699982, 0.03347579017281532, 0.38371703028678894], "frame_16": [0.5505043268203735, 0.3462845981121063, 0.060689035803079605, 0.06385146081447601, 0.04501159489154816, 0.4575519859790802, 0.03157572075724602, 0.033914439380168915, 0.4165070950984955], "frame_17": [0.5505545735359192, 0.3463081419467926, 0.06077172979712486, 0.06385152786970139, 0.0456300750374794, 0.44697052240371704, 0.032315440475940704, 0.03349020332098007, 0.4671500623226166], "frame_18": [0.5505771040916443, 0.34633293747901917, 0.06073693186044693, 0.06388533115386963, 0.04833560436964035, 0.4317120909690857, 0.031031357124447823, 0.03495224937796593, 0.5879485011100769], "frame_19": [0.5506048202514648, 0.3462727963924408, 0.06083641201257706, 0.0636911615729332, 0.055719465017318726, 0.4088229238986969, 0.029311595484614372, 0.033701494336128235, 0.6702926754951477], "frame_20": [0.5506032109260559, 0.3461166024208069, 0.06076918542385101, 0.06338676810264587, 0.07050848752260208, 0.38414230942726135, 0.029559632763266563, 0.03403421863913536, 0.8941107392311096], "frame_21": [0.550582230091095, 0.3462171256542206, 0.060939788818359375, 0.06355997920036316, 0.08601288497447968, 0.3594280183315277, 0.030445586889982224, 0.03154400736093521, 0.8825796246528625], "frame_22": [0.5505371689796448, 0.34627842903137207, 0.06082763522863388, 0.06369645893573761, 0.1015762984752655, 0.337016761302948, 0.02941432036459446, 0.03067645989358425, 0.852953314781189], "frame_23": [0.5505337715148926, 0.3464771807193756, 0.06080949679017067, 0.06406164914369583, 0.11686742305755615, 0.31591296195983887, 0.03162885084748268, 0.03198585659265518, 0.7968151569366455], "frame_24": [0.5505216717720032, 0.346524715423584, 0.06089744716882706, 0.06417588144540787, 0.13171179592609406, 0.29625341296195984, 0.02984590455889702, 0.03334522247314453, 0.0], "frame_25": [0.5505041480064392, 0.34640610218048096, 0.06111852824687958, 0.06396225839853287, 0.1467479020357132, 0.2778756022453308, 0.029752444475889206, 0.03473396226763725, 0.0], "frame_26": [0.5505072474479675, 0.3464308977127075, 0.06106453016400337, 0.06408718973398209, 0.16209982335567474, 0.2609245181083679, 0.03166704252362251, 0.03406096622347832, 0.0], "frame_27": [0.5505563616752625, 0.3464982211589813, 0.06096941605210304, 0.06416013836860657, 0.17747654020786285, 0.24657589197158813, 0.030994797125458717, 0.03220721334218979, 0.0], "frame_28": [0.5505524277687073, 0.34654128551483154, 0.060955218970775604, 0.06416217237710953, 0.19262519478797913, 0.23425191640853882, 0.03155633062124252, 0.034494929015636444, 0.0], "frame_29": [0.5504930019378662, 0.34656283259391785, 0.060855865478515625, 0.06413042545318604, 0.20786136388778687, 0.22205175459384918, 0.03105640411376953, 0.033694732934236526, 0.0], "frame_30": [0.5504760146141052, 0.3464433252811432, 0.0606037974357605, 0.06384917348623276, 0.22324255108833313, 0.21158750355243683, 0.030570179224014282, 0.03338809683918953, 0.0], "frame_31": [0.5504331588745117, 0.3466249704360962, 0.06053708493709564, 0.06423312425613403, 0.23837675154209137, 0.20256249606609344, 0.030831633135676384, 0.03316669538617134, 0.0], "frame_32": [0.5504398941993713, 0.34670591354370117, 0.060628000646829605, 0.06441031396389008, 0.25391751527786255, 0.19505447149276733, 0.031144799664616585, 0.03324555233120918, 0.0], "frame_33": [0.5503820180892944, 0.3464641571044922, 0.060536958277225494, 0.0639696940779686, 0.2685312330722809, 0.189079150557518, 0.030726708471775055, 0.03316522017121315, 0.0], "frame_34": [0.5504518151283264, 0.34632033109664917, 0.06058523431420326, 0.06371936947107315, 0.28415295481681824, 0.18475627899169922, 0.030434226617217064, 0.03381967544555664, 0.0], "frame_35": [0.5504379272460938, 0.34650200605392456, 0.060657672584056854, 0.06404934078454971, 0.2990897595882416, 0.1816721111536026, 0.030715370550751686, 0.03278832882642746, 0.0], "frame_36": [0.5504592061042786, 0.3464109003543854, 0.06062507629394531, 0.0638689249753952, 0.3144637942314148, 0.18021950125694275, 0.030470658093690872, 0.03320722654461861, 0.0], "frame_37": [0.550470232963562, 0.3463681936264038, 0.06060769781470299, 0.06371589004993439, 0.3292892873287201, 0.17983171343803406, 0.030950313434004784, 0.033059775829315186, 0.0], "frame_38": [0.5504516363143921, 0.34634679555892944, 0.060626812279224396, 0.06375232338905334, 0.34442538022994995, 0.1806778758764267, 0.03021678887307644, 0.033123929053545, 0.0], "frame_39": [0.5504172444343567, 0.3465476632118225, 0.06058862432837486, 0.06421110033988953, 0.3601759672164917, 0.183003231883049, 0.029327837750315666, 0.03280601650476456, 0.0], "frame_40": [0.5504017472267151, 0.34652096033096313, 0.06056450679898262, 0.06415046751499176, 0.37531110644340515, 0.18692143261432648, 0.028978347778320312, 0.03363152593374252, 0.0],