{"frame_0": [0.5498291850090027, 0.3434987962245941, 0.06095835193991661, 0.03904132917523384, 0.23967547714710236, 0.4033305048942566, 0.03910301998257637, 0.02281045913696289, 0.44638362526893616], "frame_1": [0.5498970150947571, 0.3434462547302246, 0.061024051159620285, 0.03888855129480362, 0.2341194599866867, 0.3985409736633301, 0.03917842358350754, 0.023154353722929955, 0.4105772376060486], "frame_2": [0.5498675107955933, 0.3434600830078125, 0.06087341159582138, 0.038994692265987396, 0.23202137649059296, 0.39301857352256775, 0.03775753453373909, 0.0238800048828125, 0.5093741416931152], "frame_3": [0.5499750375747681, 0.3434842824935913, 0.06064029410481453, 0.03908486291766167, 0.22787539660930634, 0.386503130197525, 0.03885938972234726, 0.024861812591552734, 0.44776222109794617], "frame_4": [0.5501036643981934, 0.3434974253177643, 0.06085137277841568, 0.03915567323565483, 0.22709524631500244, 0.37719759345054626, 0.039338260889053345, 0.022405242547392845, 0.5793541669845581], "frame_5": [0.5500553846359253, 0.3434453010559082, 0.06097971647977829, 0.03904075548052788, 0.22979740798473358, 0.36713576316833496, 0.03742998093366623, 0.0232709888368845, 0.6385118961334229], "frame_6": [0.5498583912849426, 0.34352192282676697, 0.06111060082912445, 0.03895063325762749, 0.23714014887809753, 0.35102933645248413, 0.03497789055109024, 0.022538280114531517, 0.6176213622093201], "frame_7": [0.5498611330986023, 0.3434399366378784, 0.06097039207816124, 0.03895392268896103, 0.24928076565265656, 0.33535364270210266, 0.035830602049827576, 0.023490047082304955, 0.6016819477081299], "frame_8": [0.5497924089431763, 0.3435141146183014, 0.06099260225892067, 0.03901328891515732, 0.26478660106658936, 0.32245856523513794, 0.03700985386967659, 0.02313833311200142, 0.7610316276550293], "frame_9": [0.549889326095581, 0.3434395492076874, 0.06091511994600296, 0.038954686373472214, 0.277776837348938, 0.308504194021225, 0.03753886744379997, 0.024335194379091263, 0.6990230679512024], "frame_10": [0.5499793291091919, 0.3433161675930023, 0.060501184314489365, 0.03886575624346733, 0.28834953904151917, 0.29650622606277466, 0.03811085969209671, 0.022078895941376686, 0.918919026851654], "frame_11": [0.5501719117164612, 0.34330832958221436, 0.06121029332280159, 0.03889165073633194, 0.30137571692466736, 0.2865915894508362, 0.03738352283835411, 0.022471141070127487, 0.7894324660301208], "frame_12": [0.5501470565795898, 0.3433845341205597, 0.06111535057425499, 0.03902316093444824, 0.3130371868610382, 0.27692848443984985, 0.036634910851716995, 0.022565603256225586, 0.8332005739212036], "frame_13": [0.5501419901847839, 0.34330955147743225, 0.06105312705039978, 0.038901187479496, 0.32503417134284973, 0.2691223621368408, 0.03663245216012001, 0.022325564175844193, 0.7598127126693726], "frame_14": [0.5501381754875183, 0.34337371587753296, 0.06091037392616272, 0.03889007493853569, 0.33609768748283386, 0.2627663016319275, 0.03546464815735817, 0.02200036123394966, 0.6974295377731323], "frame_15": [0.5501071810722351, 0.34336045384407043, 0.060868579894304276, 0.038677118718624115, 0.3482650816440582, 0.2563247084617615, 0.034858278930187225, 0.02182769775390625, 0.5785461068153381], "frame_16": [0.5500897765159607, 0.3432846963405609, 0.06083407998085022, 0.038559816777706146, 0.35885611176490784, 0.2514650225639343, 0.03428378701210022, 0.021745014935731888, 0.7310607433319092], "frame_17": [0.5501195192337036, 0.34333381056785583, 0.060817379504442215, 0.03875541687011719, 0.3709900677204132, 0.2478894293308258, 0.034835051745176315, 0.021055078133940697, 0.7565739154815674], "frame_18": [0.550182580947876, 0.3434530198574066, 0.061011675745248795, 0.039055537432432175, 0.38072773814201355, 0.24486160278320312, 0.034248776733875275, 0.021761512383818626, 0.7671566009521484], "frame_19": [0.5502889156341553, 0.34345096349716187, 0.061285655945539474, 0.039000652730464935, 0.39243289828300476, 0.24331998825073242, 0.03366817906498909, 0.02121572569012642, 0.8064512610435486], "frame_20": [0.5502274632453918, 0.3434469699859619, 0.06136457622051239, 0.03889618068933487, 0.4018678367137909, 0.24189786612987518, 0.03272077813744545, 0.021504592150449753, 0.8129992485046387], "frame_21": [0.5502215027809143, 0.34338852763175964, 0.06125878170132637, 0.038880012929439545, 0.41315704584121704, 0.24212327599525452, 0.03513115644454956, 0.020975684747099876, 0.7414185404777527], "frame_22": [0.5501551032066345, 0.34334999322891235, 0.06105821579694748, 0.038741111755371094, 0.4228231608867645, 0.24284985661506653, 0.03223300352692604, 0.0211044792085886, 0.6987513303756714], "frame_23": [0.5501151084899902, 0.34332042932510376, 0.061230216175317764, 0.03859768062829971, 0.4335183799266815, 0.24459226429462433, 0.03220808133482933, 0.020357942208647728, 0.8616272807121277], "frame_24": [0.5499318242073059, 0.3432961404323578, 0.06111789122223854, 0.03865780681371689, 0.44417575001716614, 0.24747343361377716, 0.03342149406671524, 0.0205248836427927, 0.8263801336288452], "frame_25": [0.5500968098640442, 0.34321320056915283, 0.06138424202799797, 0.03850727155804634, 0.4534989595413208, 0.2508426308631897, 0.031089527532458305, 0.02006072923541069, 0.8038098216056824], "frame_26": [0.5501258373260498, 0.3432404696941376, 0.06159650906920433, 0.03857073932886124, 0.46358582377433777, 0.25465551018714905, 0.03129306435585022, 0.01976022683084011, 0.6916884779930115], "frame_27": [0.5501734018325806, 0.3432322144508362, 0.06137152761220932, 0.0385005958378315, 0.47249966859817505, 0.2595159411430359, 0.02983974851667881, 0.0185715202242136, 0.838792085647583], "frame_28": [0.550182580947876, 0.343205988407135, 0.06132727861404419, 0.038521576672792435, 0.48303526639938354, 0.2653050422668457, 0.030979156494140625, 0.01868572272360325, 0.8325096368789673], "frame_29": [0.5501207709312439, 0.3432047963142395, 0.0613996721804142, 0.038564346730709076, 0.4915977120399475, 0.2717704772949219, 0.02928517572581768, 0.018217753618955612, 0.8679562211036682], "frame_30": [0.5501821637153625, 0.3433322310447693, 0.06127675250172615, 0.0387057289481163, 0.5002930760383606, 0.27935194969177246, 0.027303652837872505, 0.01849203184247017, 0.8495408296585083], "frame_31": [0.549992561340332, 0.3432709276676178, 0.061093393713235855, 0.038515470921993256, 0.5110164284706116, 0.2867926061153412, 0.03142259269952774, 0.020502472296357155, 0.8211842775344849], "frame_32": [0.5497496128082275, 0.34337735176086426, 0.06240743026137352, 0.038573361933231354, 0.5203367471694946, 0.2956230640411377, 0.02944844588637352, 0.01794109307229519, 0.8663656711578369], "frame_33": [0.5492943525314331, 0.34325742721557617, 0.06344740092754364, 0.038655757904052734, 0.5286646485328674, 0.3044055104255676, 0.0288535226136446, 0.018149470910429955, 0.868756890296936], "frame_34": [0.5496925115585327, 0.3431564271450043, 0.061602357774972916, 0.03865852206945419, 0.5346709489822388, 0.314694881439209, 0.028876664116978645, 0.018620872870087624, 0.8727085590362549], "frame_35": [0.5507938861846924, 0.34242308139801025, 0.0554911307990551, 0.04049815982580185, 0.5461228489875793, 0.33364513516426086, 0.03727518767118454, 0.03329477459192276, 0.902836263179779], "frame_36": [0.5525111556053162, 0.3431418240070343, 0.06161092221736908, 0.037636518478393555, 0.5461228489875793, 0.33364513516426086, 0.03727518767118454, 0.03329477459192276, 0.9211030602455139], "frame_37": [0.5503037571907043, 0.34096843004226685, 0.0610097236931324, 0.034810543060302734, 0.5461228489875793, 0.33364513516426086, 0.03727518767118454, 0.03329477459192276, 0.0], "frame_38": [0.5535820126533508, 0.33992424607276917, 0.06017625704407692, 0.03228707239031792, 0.5461228489875793, 0.33364513516426086, 0.03727518767118454, 0.03329477459192276, 0.0], "frame_39": [0.5533273220062256, 0.34160178899765015, 0.061518266797065735, 0.03487806394696236, 0.5576567053794861, 0.34450116753578186, 0.04876251146197319, 0.03266897052526474, 0.0],