{"frame_0": [0.550213098526001, 0.3460419178009033, 0.05956221744418144, 0.06544316560029984, 0.23988577723503113, 0.4530138671398163, 0.039548493921756744, 0.04098337143659592, 0.4155943989753723], "frame_1": [0.5502006411552429, 0.34597811102867126, 0.05954551696777344, 0.06532270461320877, 0.23519617319107056, 0.4450662434101105, 0.039654433727264404, 0.04062317684292793, 0.41827455163002014], "frame_2": [0.5502769351005554, 0.34588760137557983, 0.059545304626226425, 0.06541991978883743, 0.23172158002853394, 0.43592560291290283, 0.03978443145751953, 0.04375152662396431, 0.42599278688430786], "frame_3": [0.5503969192504883, 0.34579387307167053, 0.0595882423222065, 0.06548574566841125, 0.2290651798248291, 0.42348140478134155, 0.03990745544433594, 0.04208030551671982, 0.5751522779464722], "frame_4": [0.5504798889160156, 0.3458787798881531, 0.05986938625574112, 0.06552018225193024, 0.22893866896629333, 0.4089266359806061, 0.03954705223441124, 0.04323031008243561, 0.5397387742996216], "frame_5": [0.5504117608070374, 0.3459015190601349, 0.05974625423550606, 0.06528261303901672, 0.2307501882314682, 0.38705411553382874, 0.038381680846214294, 0.03936988115310669, 0.603915810585022], "frame_6": [0.5503123998641968, 0.3460947871208191, 0.05966779962182045, 0.06544168293476105, 0.23838619887828827, 0.359992653131485, 0.03560062125325203, 0.04130320996046066, 0.7912018895149231], "frame_7": [0.5502825379371643, 0.34603187441825867, 0.05956543982028961, 0.06532620638608932, 0.2500874102115631, 0.3321593403816223, 0.035902488976716995, 0.04129399359226227, 0.7582980394363403], "frame_8": [0.550261378288269, 0.3460434377193451, 0.059382375329732895, 0.06527461856603622, 0.26242247223854065, 0.30847999453544617, 0.03454634174704552, 0.03955961763858795, 0.7734789252281189], "frame_9": [0.5503409504890442, 0.34603196382522583, 0.05945989862084389, 0.06543994694948196, 0.27582651376724243, 0.28505054116249084, 0.03744759038090706, 0.03912821784615517, 0.7941457629203796], "frame_10": [0.5502731204032898, 0.3459286689758301, 0.05932731553912163, 0.06543837487697601, 0.2883578836917877, 0.26421263813972473, 0.039568137377500534, 0.038594819605350494, 0.8591132164001465], "frame_11": [0.5505562424659729, 0.34580785036087036, 0.059929657727479935, 0.06536473333835602, 0.30170583724975586, 0.2463245838880539, 0.03710994869470596, 0.040066614747047424, 0.8056151270866394], "frame_12": [0.5505387783050537, 0.34586453437805176, 0.05982475355267525, 0.06546459347009659, 0.313541054725647, 0.22955885529518127, 0.036856334656476974, 0.039229393005371094, 0.8148770332336426], "frame_13": [0.5505443811416626, 0.34593603014945984, 0.0598314069211483, 0.06554321944713593, 0.32527539134025574, 0.21558938920497894, 0.03678332269191742, 0.038552284240722656, 0.8058362007141113], "frame_14": [0.5504871010780334, 0.34598371386528015, 0.059622276574373245, 0.06550227105617523, 0.3365272581577301, 0.20334790647029877, 0.03617773950099945, 0.038309477269649506, 0.7689262628555298], "frame_15": [0.5502756834030151, 0.345960408449173, 0.05950804799795151, 0.06542890518903732, 0.34785228967666626, 0.19239577651023865, 0.03496044874191284, 0.037820372730493546, 0.8184718489646912], "frame_16": [0.5502783060073853, 0.34591883420944214, 0.05954398959875107, 0.06542801111936569, 0.35910579562187195, 0.18450351059436798, 0.035000547766685486, 0.03814789280295372, 0.8787213563919067], "frame_17": [0.5503790974617004, 0.34595391154289246, 0.05958099290728569, 0.06553743034601212, 0.3700638711452484, 0.17753562331199646, 0.034735679626464844, 0.03750767186284065, 0.8810181021690369], "frame_18": [0.5504413843154907, 0.34601089358329773, 0.059717390686273575, 0.06557441502809525, 0.38078978657722473, 0.17293472588062286, 0.03431307524442673, 0.03778929263353348, 0.9268962740898132], "frame_19": [0.5505837202072144, 0.34599655866622925, 0.059848614037036896, 0.06547824293375015, 0.3918718993663788, 0.16900509595870972, 0.03370704501867294, 0.037188466638326645, 0.9250801801681519], "frame_20": [0.5505512952804565, 0.34602436423301697, 0.059867266565561295, 0.06550168246030807, 0.4023658037185669, 0.16738757491111755, 0.03441666439175606, 0.037423569709062576, 0.911290168762207], "frame_21": [0.5504193305969238, 0.3460049033164978, 0.05983801931142807, 0.0654543787240982, 0.4130922853946686, 0.1676217019557953, 0.03420278802514076, 0.03677693381905556, 0.8853828310966492], "frame_22": [0.5503453016281128, 0.34589648246765137, 0.059607695788145065, 0.06531855463981628, 0.42325523495674133, 0.1691785603761673, 0.03318748623132706, 0.03626648709177971, 0.8761414289474487], "frame_23": [0.5502185225486755, 0.3460179269313812, 0.05953178554773331, 0.0654909536242485, 0.43363162875175476, 0.17247748374938965, 0.03320685401558876, 0.036777835339307785, 0.8826003074645996], "frame_24": [0.5501516461372375, 0.34601590037345886, 0.05937139689922333, 0.06553185731172562, 0.4434366822242737, 0.17671531438827515, 0.03209851682186127, 0.03585032373666763, 0.9226033687591553], "frame_25": [0.5503331422805786, 0.3459945619106293, 0.05978156253695488, 0.06543807685375214, 0.45365646481513977, 0.18284982442855835, 0.0323638916015625, 0.035538576543331146, 0.7850026488304138], "frame_26": [0.5504463911056519, 0.3460574746131897, 0.0599239356815815, 0.06548313796520233, 0.46285274624824524, 0.19034527242183685, 0.03289816156029701, 0.035156261175870895, 0.8990921378135681], "frame_27": [0.5505850315093994, 0.34593483805656433, 0.06002676114439964, 0.06516094505786896, 0.47297248244285583, 0.19915670156478882, 0.03125135600566864, 0.03482447564601898, 0.8558148741722107], "frame_28": [0.5504643321037292, 0.3460559546947479, 0.05993364006280899, 0.06565475463867188, 0.48224198818206787, 0.2088501751422882, 0.03164609149098396, 0.03429275006055832, 0.8431642055511475], "frame_29": [0.5503925085067749, 0.3461662232875824, 0.060052745044231415, 0.06611081957817078, 0.49191343784332275, 0.22068627178668976, 0.030604172497987747, 0.033882904797792435, 0.8222595453262329], "frame_30": [0.5504245162010193, 0.34624552726745605, 0.05996229499578476, 0.06604497879743576, 0.5006943345069885, 0.23363132774829865, 0.030084822326898575, 0.033478546887636185, 0.8148351907730103], "frame_31": [0.5503377914428711, 0.34623679518699646, 0.05987824499607086, 0.06572984158992767, 0.510660707950592, 0.24717262387275696, 0.030330870300531387, 0.03421874716877937, 0.8758043050765991], "frame_32": [0.5503602027893066, 0.34621602296829224, 0.05974867194890976, 0.06586163491010666, 0.5193878412246704, 0.2624652087688446, 0.02924482524394989, 0.033479880541563034, 0.8155206441879272], "frame_33": [0.5503652095794678, 0.3462377190589905, 0.059683989733457565, 0.06570567935705185, 0.5279102921485901, 0.27913206815719604, 0.03022020123898983, 0.03211585059762001, 0.9067235589027405], "frame_34": [0.5504337549209595, 0.34621864557266235, 0.06020762026309967, 0.06561107933521271, 0.536145806312561, 0.2963605225086212, 0.030003949999809265, 0.03276843950152397, 0.8955322504043579], "frame_35": [0.5515281558036804, 0.34550827741622925, 0.05913374200463295, 0.06541044265031815, 0.5436245203018188, 0.31282246112823486, 0.029215240851044655, 0.029906272888183594, 0.901302695274353], "frame_36": [0.5511521100997925, 0.3463805615901947, 0.06090392917394638, 0.06501501053571701, 0.5436245203018188, 0.31282246112823486, 0.029215240851044655, 0.029906272888183594, 0.8900033831596375], "frame_37": [0.5505054593086243, 0.3416106700897217, 0.059897784143686295, 0.05674389749765396, 0.5436245203018188, 0.31282246112823486, 0.029215240851044655, 0.029906272888183594, 0.8992595076560974], "frame_38": [0.5529909133911133, 0.34067317843437195, 0.05873129144310951, 0.05545251816511154, 0.5649784803390503, 0.35683849453926086, 0.030725479125976562, 0.03254500404000282, 0.8851171731948853],