{"frame_0": [0.6293306350708008, 0.39546525478363037, 0.04950887709856033, 0.050097908824682236, 0.6478697657585144, 0.4884459972381592, 0.020676210522651672, 0.02930230088531971, 0.8879949450492859], "frame_1": [0.6293280124664307, 0.3958151042461395, 0.04956262558698654, 0.04986830800771713, 0.6478697657585144, 0.4884459972381592, 0.020676210522651672, 0.02930230088531971, 0.8442621231079102], "frame_2": [0.629362940788269, 0.3958318829536438, 0.0496826171875, 0.04982422664761543, 0.6478697657585144, 0.4884459972381592, 0.020676210522651672, 0.02930230088531971, 0.826252281665802], "frame_3": [0.6294246912002563, 0.3958222270011902, 0.04956834763288498, 0.04991438239812851, 0.6478697657585144, 0.4884459972381592, 0.020676210522651672, 0.02930230088531971, 0.8251317739486694], "frame_4": [0.6294237971305847, 0.3958112895488739, 0.0495649129152298, 0.0499124750494957, 0.6478697657585144, 0.4884459972381592, 0.020676210522651672, 0.02930230088531971, 0.7960017919540405], "frame_5": [0.62944495677948, 0.3958154022693634, 0.0496368408203125, 0.04988861083984375, 0.6478697657585144, 0.4884459972381592, 0.020676210522651672, 0.02930230088531971, 0.7982640862464905], "frame_6": [0.6294849514961243, 0.39576148986816406, 0.049298010766506195, 0.049987707287073135, 0.6478697657585144, 0.4884459972381592, 0.020676210522651672, 0.02930230088531971, 0.7826508283615112], "frame_7": [0.6294728517532349, 0.39578941464424133, 0.04937722906470299, 0.05011016130447388, 0.6478697657585144, 0.4884459972381592, 0.020676210522651672, 0.02930230088531971, 0.7391826510429382], "frame_8": [0.629449188709259, 0.3957810401916504, 0.049529097974300385, 0.0501464419066906, 0.6478697657585144, 0.4884459972381592, 0.020676210522651672, 0.02930230088531971, 0.6854534149169922], "frame_9": [0.6294534206390381, 0.395800918340683, 0.04948387295007706, 0.05008934810757637, 0.6478697657585144, 0.4884459972381592, 0.020676210522651672, 0.02930230088531971, 0.5460906028747559], "frame_10": [0.6294766664505005, 0.39581748843193054, 0.049563217908144, 0.05008498206734657, 0.6478697657585144, 0.4884459972381592, 0.020676210522651672, 0.02930230088531971, 0.5791968703269958], "frame_11": [0.629449725151062, 0.3957207500934601, 0.04968206584453583, 0.04986381530761719, 0.6478697657585144, 0.4884459972381592, 0.020676210522651672, 0.02930230088531971, 0.6197328567504883], "frame_12": [0.6297137141227722, 0.3958475887775421, 0.04894540458917618, 0.04959924519062042, 0.6478697657585144, 0.4884459972381592, 0.020676210522651672, 0.02930230088531971, 0.6419016122817993], "frame_13": [0.6296927332878113, 0.3958441913127899, 0.04886190593242645, 0.04963141679763794, 0.6478697657585144, 0.4884459972381592, 0.020676210522651672, 0.02930230088531971, 0.46291956305503845], "frame_14": [0.6297165155410767, 0.39584529399871826, 0.04892408475279808, 0.04957627132534981, 0.6478697657585144, 0.4884459972381592, 0.020676210522651672, 0.02930230088531971, 0.38419535756111145], "frame_15": [0.6297104954719543, 0.3958466351032257, 0.04886817932128906, 0.04959937185049057, 0.6478697657585144, 0.4884459972381592, 0.020676210522651672, 0.02930230088531971, 0.6320999264717102], "frame_16": [0.6297225952148438, 0.39583978056907654, 0.048894502222537994, 0.049604881554841995, 0.6478697657585144, 0.4884459972381592, 0.020676210522651672, 0.02930230088531971, 0.7491354942321777], "frame_17": [0.629689633846283, 0.3958371579647064, 0.04882393032312393, 0.04962493106722832, 0.6478697657585144, 0.4884459972381592, 0.020676210522651672, 0.02930230088531971, 0.8737132549285889], "frame_18": [0.6296462416648865, 0.3958628475666046, 0.04887199401855469, 0.04962577670812607, 0.6478697657585144, 0.4884459972381592, 0.020676210522651672, 0.02930230088531971, 0.9236964583396912], "frame_19": [0.6296570897102356, 0.3958754539489746, 0.048871781677007675, 0.04967392981052399, 0.6478697657585144, 0.4884459972381592, 0.020676210522651672, 0.02930230088531971, 0.890526533126831], "frame_20": [0.629665732383728, 0.3958837687969208, 0.048907723277807236, 0.04967672377824783, 0.6478697657585144, 0.4884459972381592, 0.020676210522651672, 0.02930230088531971, 0.8578647375106812], "frame_21": [0.6296386122703552, 0.39584648609161377, 0.04896413907408714, 0.04969719797372818, 0.6478697657585144, 0.4884459972381592, 0.020676210522651672, 0.02930230088531971, 0.9122384190559387], "frame_22": [0.6296625733375549, 0.3958718478679657, 0.04904382675886154, 0.04973195493221283, 0.6478697657585144, 0.4884459972381592, 0.020676210522651672, 0.02930230088531971, 0.09629561752080917], "frame_23": [0.6297216415405273, 0.39587530493736267, 0.049185942858457565, 0.049685414880514145, 0.6478697657585144, 0.4884459972381592, 0.020676210522651672, 0.02930230088531971, 0.31207963824272156], "frame_24": [0.629840075969696, 0.3957793414592743, 0.04923604428768158, 0.049424488097429276, 0.5161381363868713, 0.5425220727920532, 0.02817993238568306, 0.02495286799967289, 0.2472192496061325], "frame_25": [0.6297467350959778, 0.3958348035812378, 0.049426861107349396, 0.049523331224918365, 0.5154351592063904, 0.5321421027183533, 0.028572168201208115, 0.030547121539711952, 0.14299359917640686], "frame_26": [0.6297454237937927, 0.3958054482936859, 0.049447037279605865, 0.04949815571308136, 0.5154492855072021, 0.520041823387146, 0.02933586947619915, 0.03335626423358917, 0.20192037522792816], "frame_27": [0.6297655701637268, 0.3957788348197937, 0.04947259649634361, 0.04942554980516434, 0.5162772536277771, 0.5031891465187073, 0.028926637023687363, 0.031456757336854935, 0.16545282304286957], "frame_28": [0.6298165917396545, 0.39581298828125, 0.04970071464776993, 0.0493791364133358, 0.5196664333343506, 0.4848041534423828, 0.026983430609107018, 0.035196177661418915, 0.21641890704631805], "frame_29": [0.6298477053642273, 0.39588961005210876, 0.049826983362436295, 0.04942724481225014, 0.5245875120162964, 0.4579704999923706, 0.025294791907072067, 0.025308990851044655, 0.21113626658916473], "frame_30": [0.6299641728401184, 0.3958398699760437, 0.0498826764523983, 0.049369048327207565, 0.5289608240127563, 0.43802836537361145, 0.026611242443323135, 0.028831100091338158, 0.4399039149284363], "frame_31": [0.6298113465309143, 0.3959710896015167, 0.04984160512685776, 0.04934552684426308, 0.534682035446167, 0.419143408536911, 0.026434708386659622, 0.027916336432099342, 0.05962705984711647], "frame_32": [0.6297829747200012, 0.39580467343330383, 0.04953765869140625, 0.04935705289244652, 0.5398169755935669, 0.4011884331703186, 0.025575043633580208, 0.02917785570025444, 0.11376678943634033], "frame_33": [0.6298091411590576, 0.3958241641521454, 0.04955635219812393, 0.04934374615550041, 0.5442841053009033, 0.38541582226753235, 0.026306066662073135, 0.030073335394263268, 0.14832265675067902], "frame_34": [0.6299130916595459, 0.39589548110961914, 0.04987602308392525, 0.04940880835056305, 0.5501061081886292, 0.36849290132522583, 0.024831220507621765, 0.024627260863780975, 0.07811533659696579], "frame_35": [0.6297426223754883, 0.3958660960197449, 0.04982965439558029, 0.049515195190906525, 0.5530652403831482, 0.35654306411743164, 0.027222823351621628, 0.02698669396340847, 0.1817188411951065], "frame_36": [0.6297038793563843, 0.39578747749328613, 0.049820031970739365, 0.04958703741431236, 0.558165431022644, 0.3446017801761627, 0.02683512307703495, 0.027848053723573685, 0.1718163788318634], "frame_37": [0.6297791600227356, 0.39577561616897583, 0.04985932260751724, 0.04964464157819748, 0.5619572401046753, 0.33464521169662476, 0.02592943049967289, 0.03171944245696068, 0.08232098817825317], "frame_38": [0.6299185156822205, 0.3958301544189453, 0.049876868724823, 0.04962107166647911, 0.5663363337516785, 0.32402145862579346, 0.025475861504673958, 0.027139812707901, 0.09692814946174622], "frame_39": [0.6299068927764893, 0.3958088457584381, 0.049865469336509705, 0.04961357265710831, 0.5697877407073975, 0.3173157870769501, 0.02417450025677681, 0.02534398064017296, 0.01770208775997162],