{"frame_0": [0.6309740543365479, 0.3994283080101013, 0.05193061754107475, 0.04813957214355469, 0.598337709903717, 0.473648339509964, 0.019600888714194298, 0.021614287048578262, 0.0], "frame_1": [0.6302685737609863, 0.3992895483970642, 0.05084211379289627, 0.0482439249753952, 0.598337709903717, 0.473648339509964, 0.019600888714194298, 0.021614287048578262, 0.0], "frame_2": [0.6303035616874695, 0.3993021249771118, 0.05107726901769638, 0.04826880618929863, 0.598337709903717, 0.473648339509964, 0.019600888714194298, 0.021614287048578262, 0.0], "frame_3": [0.6302084922790527, 0.39930105209350586, 0.05092315748333931, 0.04828003793954849, 0.598337709903717, 0.473648339509964, 0.019600888714194298, 0.021614287048578262, 0.0], "frame_4": [0.6303184628486633, 0.3993266522884369, 0.05103149265050888, 0.04829877242445946, 0.598337709903717, 0.473648339509964, 0.019600888714194298, 0.021614287048578262, 0.0], "frame_5": [0.6303744912147522, 0.39935174584388733, 0.05116051435470581, 0.04835548251867294, 0.598337709903717, 0.473648339509964, 0.019600888714194298, 0.021614287048578262, 0.0], "frame_6": [0.6303321123123169, 0.39940571784973145, 0.05100402981042862, 0.04830458015203476, 0.598337709903717, 0.473648339509964, 0.019600888714194298, 0.021614287048578262, 0.0], "frame_7": [0.6303636431694031, 0.3993986248970032, 0.05109155550599098, 0.04833098500967026, 0.598337709903717, 0.473648339509964, 0.019600888714194298, 0.021614287048578262, 0.0], "frame_8": [0.6303260922431946, 0.3993934690952301, 0.050984956324100494, 0.04830868914723396, 0.598337709903717, 0.473648339509964, 0.019600888714194298, 0.021614287048578262, 0.0], "frame_9": [0.6303073167800903, 0.3994201123714447, 0.050945959985256195, 0.048358745872974396, 0.598337709903717, 0.473648339509964, 0.019600888714194298, 0.021614287048578262, 0.0], "frame_10": [0.6303507685661316, 0.39938557147979736, 0.05097974091768265, 0.04833221435546875, 0.598337709903717, 0.473648339509964, 0.019600888714194298, 0.021614287048578262, 0.0], "frame_11": [0.6303757429122925, 0.3993765115737915, 0.05114356055855751, 0.0482967384159565, 0.598337709903717, 0.473648339509964, 0.019600888714194298, 0.021614287048578262, 0.0], "frame_12": [0.6305612325668335, 0.39936697483062744, 0.05020951107144356, 0.048277366906404495, 0.598337709903717, 0.473648339509964, 0.019600888714194298, 0.021614287048578262, 0.0], "frame_13": [0.6305594444274902, 0.3993651568889618, 0.05019722133874893, 0.04827452823519707, 0.598337709903717, 0.473648339509964, 0.019600888714194298, 0.021614287048578262, 0.0], "frame_14": [0.6305319666862488, 0.3993523120880127, 0.05020349472761154, 0.048279061913490295, 0.598337709903717, 0.473648339509964, 0.019600888714194298, 0.021614287048578262, 0.0], "frame_15": [0.6305369138717651, 0.399350643157959, 0.05019128695130348, 0.04826164245605469, 0.04694149270653725, 0.5601855516433716, 0.028882570564746857, 0.028826523572206497, 0.0], "frame_16": [0.6305307149887085, 0.3993423581123352, 0.05016534775495529, 0.04825206473469734, 0.04694149270653725, 0.5601855516433716, 0.028882570564746857, 0.028826523572206497, 0.0], "frame_17": [0.6305440068244934, 0.39933332800865173, 0.05012664943933487, 0.04827948659658432, 0.04694149270653725, 0.5601855516433716, 0.028882570564746857, 0.028826523572206497, 0.0], "frame_18": [0.630618155002594, 0.3993414640426636, 0.0500335693359375, 0.048251934349536896, 0.04694149270653725, 0.5601855516433716, 0.028882570564746857, 0.028826523572206497, 0.0], "frame_19": [0.6306747198104858, 0.3992524743080139, 0.04995155334472656, 0.04811142757534981, 0.04694149270653725, 0.5601855516433716, 0.028882570564746857, 0.028826523572206497, 0.0], "frame_20": [0.630631148815155, 0.3992783725261688, 0.04982880502939224, 0.048091210424900055, 0.04694149270653725, 0.5601855516433716, 0.028882570564746857, 0.028826523572206497, 0.0], "frame_21": [0.6306852698326111, 0.39927783608436584, 0.04999114200472832, 0.04814639687538147, 0.04694149270653725, 0.5601855516433716, 0.028882570564746857, 0.028826523572206497, 0.0], "frame_22": [0.630675196647644, 0.39928707480430603, 0.04997914656996727, 0.04815873131155968, 0.04694149270653725, 0.5601855516433716, 0.028882570564746857, 0.028826523572206497, 0.0], "frame_23": [0.6306479573249817, 0.39928367733955383, 0.04994727298617363, 0.04825740307569504, 0.04694149270653725, 0.5601855516433716, 0.028882570564746857, 0.028826523572206497, 0.0], "frame_24": [0.6305884718894958, 0.3992442786693573, 0.050514135509729385, 0.04806810989975929, 0.04694149270653725, 0.5601855516433716, 0.028882570564746857, 0.028826523572206497, 0.0], "frame_25": [0.6305879354476929, 0.39924442768096924, 0.05050324276089668, 0.04806862026453018, 0.009586176835000515, 0.45875489711761475, 0.01917235367000103, 0.03302938491106033, 0.0], "frame_26": [0.6305834650993347, 0.39926326274871826, 0.05049926042556763, 0.04810888320207596, 0.009586176835000515, 0.45875489711761475, 0.01917235367000103, 0.03302938491106033, 0.5108363628387451], "frame_27": [0.6305923461914062, 0.39925894141197205, 0.05052507296204567, 0.04812049865722656, 0.009586176835000515, 0.45875489711761475, 0.01917235367000103, 0.03302938491106033, 0.17039954662322998], "frame_28": [0.6306059956550598, 0.39926066994667053, 0.0505785197019577, 0.04811181128025055, 0.029907936230301857, 0.4126631021499634, 0.028981555253267288, 0.03447473421692848, 0.18733051419258118], "frame_29": [0.6307736039161682, 0.3992340862751007, 0.05088483914732933, 0.04827791824936867, 0.05155079811811447, 0.3872002363204956, 0.026925740763545036, 0.029004964977502823, 0.21027596294879913], "frame_30": [0.6306411027908325, 0.39924103021621704, 0.05071525648236275, 0.04821281507611275, 0.07373462617397308, 0.36444440484046936, 0.02453155443072319, 0.028873084113001823, 0.16841237246990204], "frame_31": [0.6307576894760132, 0.39922741055488586, 0.05086822435259819, 0.04829622805118561, 0.09506135433912277, 0.3451686501502991, 0.025324996560811996, 0.02939082309603691, 0.8708795309066772], "frame_32": [0.6306614875793457, 0.3992500305175781, 0.050650618970394135, 0.04828605800867081, 0.1171237975358963, 0.3272789418697357, 0.02695297636091709, 0.028489980846643448, 0.7988135814666748], "frame_33": [0.6306359767913818, 0.39925336837768555, 0.05060996860265732, 0.048244476318359375, 0.13902339339256287, 0.310136616230011, 0.025150775909423828, 0.028266143053770065, 0.8003622889518738], "frame_34": [0.6306246519088745, 0.39925628900527954, 0.05064354091882706, 0.04821433871984482, 0.1602993607521057, 0.29468750953674316, 0.02520844154059887, 0.028596200048923492, 0.8821516036987305], "frame_35": [0.6305602788925171, 0.3992733359336853, 0.050528887659311295, 0.04817521944642067, 0.18151076138019562, 0.2807631492614746, 0.024811839684844017, 0.028778351843357086, 0.8292959332466125], "frame_36": [0.6305162906646729, 0.39940160512924194, 0.05031945928931236, 0.04834573715925217, 0.20168018341064453, 0.268131285905838, 0.026199255138635635, 0.029725942760705948, 0.8200324773788452], "frame_37": [0.6305158734321594, 0.39940235018730164, 0.05031945928931236, 0.04834374412894249, 0.2220018357038498, 0.256479412317276, 0.02532128244638443, 0.029298782348632812, 0.8296522498130798], "frame_38": [0.6305163502693176, 0.3993953764438629, 0.05036316066980362, 0.04835883155465126, 0.24248921871185303, 0.24737252295017242, 0.027011575177311897, 0.029701804742217064, 0.8172487616539001], "frame_39": [0.6305322647094727, 0.3993919789791107, 0.05040694400668144, 0.048384178429841995, 0.2617931365966797, 0.23927007615566254, 0.025544824078679085, 0.0293918177485466, 0.7939600944519043], "frame_40": [0.6305322647094727, 0.3993898630142212, 0.05042304843664169, 0.048394858837127686, 0.2812304198741913, 0.2328672856092453, 0.02607097662985325, 0.028770064935088158, 0.8457484841346741],