{"frame_0": [0.6309581995010376, 0.3938048481941223, 0.050257619470357895, 0.04992590844631195, 0.3267100155353546, 0.6972987055778503, 0.0302276611328125, 0.033158112317323685, 0.8845162987709045], "frame_1": [0.6307647824287415, 0.39344894886016846, 0.04872758686542511, 0.04854210838675499, 0.3394564092159271, 0.7198673486709595, 0.030076302587985992, 0.0336686447262764, 0.9999496340751648], "frame_2": [0.6306784749031067, 0.3934761881828308, 0.04845695570111275, 0.04850921779870987, 0.3443179726600647, 0.6912788152694702, 0.030630091205239296, 0.03300666809082031, 0.9897984862327576], "frame_3": [0.6306574940681458, 0.39346662163734436, 0.04844818264245987, 0.04848789796233177, 0.350419282913208, 0.6642138361930847, 0.030592748895287514, 0.033377837389707565, 0.9539681077003479], "frame_4": [0.6306174993515015, 0.3934304118156433, 0.04844190925359726, 0.04842986911535263, 0.35660243034362793, 0.640238881111145, 0.02896967902779579, 0.03326208144426346, 0.844765305519104], "frame_5": [0.6306397318840027, 0.39343059062957764, 0.048384688794612885, 0.0483534075319767, 0.36202096939086914, 0.6196104288101196, 0.03040771558880806, 0.0334378145635128, 0.7643831372261047], "frame_6": [0.6306242346763611, 0.39342832565307617, 0.04837633669376373, 0.04829796776175499, 0.36816108226776123, 0.6049654483795166, 0.03199410066008568, 0.03272132948040962, 0.621347188949585], "frame_7": [0.6306313276290894, 0.3934234082698822, 0.04837761074304581, 0.04828169196844101, 0.3762561082839966, 0.592619776725769, 0.029449377208948135, 0.031183624640107155, 0.5690056681632996], "frame_8": [0.6306174993515015, 0.39343780279159546, 0.04836968332529068, 0.04824858903884888, 0.3834003806114197, 0.5830482244491577, 0.028576448559761047, 0.031269922852516174, 0.5894715189933777], "frame_9": [0.6306148171424866, 0.39341703057289124, 0.04837989807128906, 0.04832305759191513, 0.3909088969230652, 0.5791483521461487, 0.026007292792201042, 0.030872048810124397, 0.630537211894989], "frame_10": [0.6306164860725403, 0.39340510964393616, 0.04834967851638794, 0.04828118160367012, 0.39525696635246277, 0.5769854187965393, 0.026041200384497643, 0.030238553881645203, 0.7113147974014282], "frame_11": [0.6305899024009705, 0.3933579623699188, 0.04831835255026817, 0.04821540042757988, 0.39525696635246277, 0.5769854187965393, 0.026041200384497643, 0.030238553881645203, 0.7077739834785461], "frame_12": [0.6308251023292542, 0.3931027352809906, 0.04777967557311058, 0.047870807349681854, 0.39525696635246277, 0.5769854187965393, 0.026041200384497643, 0.030238553881645203, 0.793454647064209], "frame_13": [0.6308296322822571, 0.3930988013744354, 0.047736190259456635, 0.04788398742675781, 0.39525696635246277, 0.5769854187965393, 0.026041200384497643, 0.030238553881645203, 0.8524635434150696], "frame_14": [0.6308025121688843, 0.3931336998939514, 0.047707367688417435, 0.04793722182512283, 0.39525696635246277, 0.5769854187965393, 0.026041200384497643, 0.030238553881645203, 0.9265685081481934], "frame_15": [0.6307960748672485, 0.39315029978752136, 0.047726821154356, 0.0479736328125, 0.39525696635246277, 0.5769854187965393, 0.026041200384497643, 0.030238553881645203, 0.8039524555206299], "frame_16": [0.630730926990509, 0.3931632936000824, 0.04774949699640274, 0.04798393324017525, 0.39525696635246277, 0.5769854187965393, 0.026041200384497643, 0.030238553881645203, 0.043300945311784744], "frame_17": [0.6307268142700195, 0.39317449927330017, 0.04776573181152344, 0.04802140220999718, 0.39525696635246277, 0.5769854187965393, 0.026041200384497643, 0.030238553881645203, 0.5330762267112732], "frame_18": [0.6306787133216858, 0.3931445777416229, 0.04783803969621658, 0.04798872023820877, 0.39525696635246277, 0.5769854187965393, 0.026041200384497643, 0.030238553881645203, 0.3790392577648163], "frame_19": [0.6307174563407898, 0.3931351900100708, 0.04790937528014183, 0.048060521483421326, 0.39525696635246277, 0.5769854187965393, 0.026041200384497643, 0.030238553881645203, 0.3786461651325226], "frame_20": [0.6307963728904724, 0.39315396547317505, 0.04793595150113106, 0.04804784804582596, 0.42753419280052185, 0.4869583249092102, 0.03128492459654808, 0.032231904566287994, 0.5475404858589172], "frame_21": [0.6306411027908325, 0.3930341899394989, 0.04806268587708473, 0.04813117906451225, 0.42402586340904236, 0.47631242871284485, 0.0314856618642807, 0.030853822827339172, 0.44534793496131897], "frame_22": [0.6306283473968506, 0.39309582114219666, 0.04814932122826576, 0.04825659841299057, 0.4248400926589966, 0.46218499541282654, 0.03554382175207138, 0.040752410888671875, 0.4287615716457367], "frame_23": [0.6306167840957642, 0.39311838150024414, 0.04808616638183594, 0.04813456907868385, 0.42453858256340027, 0.452658474445343, 0.03666403144598007, 0.040947213768959045, 0.20515117049217224], "frame_24": [0.6306233406066895, 0.39329561591148376, 0.04840240627527237, 0.04824943467974663, 0.42669978737831116, 0.4451754689216614, 0.033851537853479385, 0.0392523854970932, 0.050732847303152084], "frame_25": [0.6306498050689697, 0.3932592570781708, 0.04847221449017525, 0.04809888079762459, 0.4286437928676605, 0.43970879912376404, 0.030545637011528015, 0.034607525914907455, 0.5636736750602722], "frame_26": [0.6306406855583191, 0.3932066261768341, 0.04871215671300888, 0.04800326004624367, 0.4310794472694397, 0.4301822781562805, 0.031584251672029495, 0.034686870872974396, 0.560900092124939], "frame_27": [0.6307435035705566, 0.39313805103302, 0.048787858337163925, 0.047992028295993805, 0.4356144666671753, 0.4169763922691345, 0.03295830637216568, 0.03656785935163498, 0.4005645513534546], "frame_28": [0.6306942701339722, 0.39309823513031006, 0.048894502222537994, 0.048002202063798904, 0.44285476207733154, 0.40445125102996826, 0.03019426204264164, 0.036366865038871765, 0.5222517251968384], "frame_29": [0.6307519674301147, 0.3929896950721741, 0.048915863037109375, 0.04784736782312393, 0.4495100975036621, 0.3868848979473114, 0.027911165729165077, 0.03975190222263336, 0.7070761919021606], "frame_30": [0.6307187676429749, 0.39313074946403503, 0.04904424771666527, 0.04805174842476845, 0.4580644369125366, 0.36543965339660645, 0.029826566576957703, 0.032327547669410706, 0.7329239845275879], "frame_31": [0.6308196187019348, 0.3932146430015564, 0.048800278455019, 0.048231422901153564, 0.46837225556373596, 0.3473021984100342, 0.02720336988568306, 0.03130103275179863, 0.7240313291549683], "frame_32": [0.6307759881019592, 0.3932797312736511, 0.048613738268613815, 0.048204973340034485, 0.4774593412876129, 0.33178943395614624, 0.02505628764629364, 0.03316544368863106, 0.9415053725242615], "frame_33": [0.6307836771011353, 0.39335232973098755, 0.04860589653253555, 0.04827563092112541, 0.4853383004665375, 0.315693736076355, 0.023800065740942955, 0.029859691858291626, 0.8234137296676636], "frame_34": [0.6308234930038452, 0.39339274168014526, 0.048863813281059265, 0.048335857689380646, 0.49290770292282104, 0.30422699451446533, 0.025639936327934265, 0.02975834719836712, 0.8211398720741272], "frame_35": [0.6307464838027954, 0.3934231996536255, 0.04851226881146431, 0.04838524013757706, 0.5012754797935486, 0.2944578230381012, 0.024654770269989967, 0.03017222136259079, 0.8883475661277771], "frame_36": [0.63075852394104, 0.3933336138725281, 0.04828698933124542, 0.04880994185805321, 0.5098628401756287, 0.2854185998439789, 0.023703087121248245, 0.03222236782312393, 0.9809804558753967], "frame_37": [0.6307604312896729, 0.39325976371765137, 0.04833166301250458, 0.048719704151153564, 0.5170177817344666, 0.27917373180389404, 0.024117659777402878, 0.03170718997716904, 0.6876116991043091], "frame_38": [0.6307038068771362, 0.39319923520088196, 0.048016272485256195, 0.048497941344976425, 0.5228642225265503, 0.2726162075996399, 0.02595672570168972, 0.031053543090820312, 0.9180186986923218],