{"frame_0": [0.5075413584709167, 0.4049706757068634, 0.04498155415058136, 0.047149572521448135, 0.425207257270813, 0.6076365113258362, 0.022674942389130592, 0.027185440063476562, 0.9262189865112305], "frame_1": [0.5073366761207581, 0.4051215350627899, 0.04447203874588013, 0.047190431505441666, 0.4208371937274933, 0.6076755523681641, 0.021193694323301315, 0.028983136638998985, 0.9470260143280029], "frame_2": [0.5073114037513733, 0.40510421991348267, 0.04462793096899986, 0.0471419021487236, 0.4208371937274933, 0.6076755523681641, 0.021193694323301315, 0.028983136638998985, 0.9724110960960388], "frame_3": [0.5071977972984314, 0.4051060974597931, 0.04443643242120743, 0.04706671088933945, 0.4208371937274933, 0.6076755523681641, 0.021193694323301315, 0.028983136638998985, 0.9894956350326538], "frame_4": [0.5072090029716492, 0.40504422783851624, 0.04449937492609024, 0.04686529189348221, 0.4208371937274933, 0.6076755523681641, 0.021193694323301315, 0.028983136638998985, 0.9592525959014893], "frame_5": [0.5072170495986938, 0.4050067067146301, 0.044473350048065186, 0.04675835371017456, 0.4208371937274933, 0.6076755523681641, 0.021193694323301315, 0.028983136638998985, 0.9398532509803772], "frame_6": [0.5071248412132263, 0.40500327944755554, 0.044308852404356, 0.04677848890423775, 0.4208371937274933, 0.6076755523681641, 0.021193694323301315, 0.028983136638998985, 0.9213064312934875], "frame_7": [0.5071285963058472, 0.4049186706542969, 0.04431762546300888, 0.04665323719382286, 0.4208371937274933, 0.6076755523681641, 0.021193694323301315, 0.028983136638998985, 0.9106089472770691], "frame_8": [0.5070942044258118, 0.4049089252948761, 0.044280242174863815, 0.04665777459740639, 0.4208371937274933, 0.6076755523681641, 0.021193694323301315, 0.028983136638998985, 0.8538968563079834], "frame_9": [0.5070322751998901, 0.40495961904525757, 0.04413269832730293, 0.04680747911334038, 0.4208371937274933, 0.6076755523681641, 0.021193694323301315, 0.028983136638998985, 0.8171762824058533], "frame_10": [0.5071125626564026, 0.40492168068885803, 0.04406873881816864, 0.046753861010074615, 0.4208371937274933, 0.6076755523681641, 0.021193694323301315, 0.028983136638998985, 0.7952758073806763], "frame_11": [0.507193386554718, 0.4049578309059143, 0.044064924120903015, 0.04677179083228111, 0.4208371937274933, 0.6076755523681641, 0.021193694323301315, 0.028983136638998985, 0.7850404977798462], "frame_12": [0.5071249008178711, 0.4050644338130951, 0.04431283846497536, 0.04700605571269989, 0.4208371937274933, 0.6076755523681641, 0.021193694323301315, 0.028983136638998985, 0.11539161205291748], "frame_13": [0.5071882605552673, 0.4051136374473572, 0.04442575201392174, 0.04712791368365288, 0.4208371937274933, 0.6076755523681641, 0.021193694323301315, 0.028983136638998985, 0.5873855352401733], "frame_14": [0.5072475671768188, 0.4052099585533142, 0.044422999024391174, 0.04735221713781357, 0.4208371937274933, 0.6076755523681641, 0.021193694323301315, 0.028983136638998985, 0.6183786988258362], "frame_15": [0.5072547197341919, 0.4052281379699707, 0.04447983577847481, 0.047392867505550385, 0.4208371937274933, 0.6076755523681641, 0.021193694323301315, 0.028983136638998985, 0.029344074428081512], "frame_16": [0.5072603225708008, 0.4051530659198761, 0.044515229761600494, 0.04726532846689224, 0.4208371937274933, 0.6076755523681641, 0.021193694323301315, 0.028983136638998985, 0.09284090995788574], "frame_17": [0.5071936845779419, 0.4051177203655243, 0.04439544677734375, 0.04726524278521538, 0.4208371937274933, 0.6076755523681641, 0.021193694323301315, 0.028983136638998985, 0.14346563816070557], "frame_18": [0.5072309970855713, 0.4050823152065277, 0.04443778842687607, 0.0471327044069767, 0.4208371937274933, 0.6076755523681641, 0.021193694323301315, 0.028983136638998985, 0.09233425557613373], "frame_19": [0.5073926448822021, 0.4051729738712311, 0.04477386549115181, 0.0473453514277935, 0.37817081809043884, 0.49150770902633667, 0.0283677838742733, 0.02536756731569767, 0.0451144315302372], "frame_20": [0.5074711441993713, 0.4051705300807953, 0.04498375952243805, 0.04731898754835129, 0.37743043899536133, 0.4885898232460022, 0.029179975390434265, 0.025148391723632812, 0.04618215560913086], "frame_21": [0.50750333070755, 0.40520188212394714, 0.04498176649212837, 0.04743622615933418, 0.376992791891098, 0.4866853356361389, 0.028683260083198547, 0.024953247979283333, 0.06419946253299713], "frame_22": [0.50752854347229, 0.40521758794784546, 0.04501321539282799, 0.04741927236318588, 0.37511470913887024, 0.4856177568435669, 0.030997339636087418, 0.026476075872778893, 0.08428690582513809], "frame_23": [0.5074212551116943, 0.4051578938961029, 0.044902801513671875, 0.04732534661889076, 0.37491267919540405, 0.4832513630390167, 0.030624475330114365, 0.027230072766542435, 0.043211355805397034], "frame_24": [0.507229208946228, 0.4050666093826294, 0.04485664516687393, 0.04684024304151535, 0.3746250867843628, 0.4798356890678406, 0.0312889963388443, 0.026599502190947533, 0.10157764703035355], "frame_25": [0.507256805896759, 0.40505552291870117, 0.044821929186582565, 0.046846091747283936, 0.3747866451740265, 0.4752582013607025, 0.03253737464547157, 0.027925873175263405, 0.018853219226002693], "frame_26": [0.5073414444923401, 0.4050321877002716, 0.04485761746764183, 0.04669490456581116, 0.3763723075389862, 0.46865904331207275, 0.03045026957988739, 0.026704279705882072, 0.06962289661169052], "frame_27": [0.5074032545089722, 0.40504154562950134, 0.04504356533288956, 0.04669342190027237, 0.3771350383758545, 0.4611061215400696, 0.029157087206840515, 0.029047012329101562, 0.07686841487884521], "frame_28": [0.5074237585067749, 0.40509194135665894, 0.04513664171099663, 0.0468265525996685, 0.378836989402771, 0.4499783515930176, 0.029891416430473328, 0.02875383198261261, 0.12532877922058105], "frame_29": [0.5073955655097961, 0.40507423877716064, 0.04511718824505806, 0.04673890024423599, 0.38053402304649353, 0.4377186596393585, 0.030125977471470833, 0.0294511578977108, 0.49458834528923035], "frame_30": [0.5073933601379395, 0.4050423204898834, 0.04497375339269638, 0.046720970422029495, 0.3830769956111908, 0.4198177754878998, 0.028387917205691338, 0.030047988519072533, 0.7988812923431396], "frame_31": [0.5073814988136292, 0.4050339460372925, 0.044986724853515625, 0.04670355096459389, 0.3871746063232422, 0.3988051116466522, 0.02872365340590477, 0.029223378747701645, 0.8811845183372498], "frame_32": [0.5072821974754333, 0.4049842953681946, 0.04497549310326576, 0.0466400571167469, 0.39253246784210205, 0.3789127469062805, 0.03004828467965126, 0.03016374446451664, 0.8761793971061707], "frame_33": [0.5072368383407593, 0.4049786329269409, 0.044998083263635635, 0.04664544016122818, 0.39719101786613464, 0.360714852809906, 0.028160307556390762, 0.03208904340863228, 0.8541004657745361], "frame_34": [0.5072742700576782, 0.40494707226753235, 0.045023176819086075, 0.04662289097905159, 0.40224066376686096, 0.34330442547798157, 0.027794647961854935, 0.028601031750440598, 0.8097842335700989], "frame_35": [0.5072729587554932, 0.40505531430244446, 0.04504788666963577, 0.0468641072511673, 0.40609970688819885, 0.32773131132125854, 0.030265044420957565, 0.029322242364287376, 0.9646724462509155], "frame_36": [0.5076042413711548, 0.40497928857803345, 0.04511718824505806, 0.04663047939538956, 0.41029176115989685, 0.31606775522232056, 0.02733595110476017, 0.029562950134277344, 0.8574449419975281], "frame_37": [0.50760817527771, 0.4049537777900696, 0.04520700126886368, 0.046505145728588104, 0.4133640229701996, 0.30332693457603455, 0.025746917352080345, 0.0281960591673851, 0.8127884864807129], "frame_38": [0.5076124668121338, 0.40487319231033325, 0.04505119472742081, 0.04628600925207138, 0.41904205083847046, 0.29278653860092163, 0.027857420966029167, 0.03069629706442356, 0.8643059134483337],