{"frame_0": [0.6310936212539673, 0.39494460821151733, 0.05002390593290329, 0.0498003214597702, 0.636111855506897, 0.3776938021183014, 0.025639088824391365, 0.028751542791724205, 0.9576584696769714], "frame_1": [0.6307820081710815, 0.39457380771636963, 0.04983978345990181, 0.04949785768985748, 0.636111855506897, 0.3776938021183014, 0.025639088824391365, 0.028751542791724205, 0.886594831943512], "frame_2": [0.6310288906097412, 0.39459943771362305, 0.04969749599695206, 0.0494927316904068, 0.636111855506897, 0.3776938021183014, 0.025639088824391365, 0.028751542791724205, 0.7644205689430237], "frame_3": [0.6309479475021362, 0.3945685923099518, 0.04968804121017456, 0.04938964918255806, 0.636111855506897, 0.3776938021183014, 0.025639088824391365, 0.028751542791724205, 0.6791780591011047], "frame_4": [0.6309593915939331, 0.3945692181587219, 0.04970262199640274, 0.04940588027238846, 0.636111855506897, 0.3776938021183014, 0.025639088824391365, 0.028751542791724205, 0.6046053171157837], "frame_5": [0.6309658288955688, 0.39456626772880554, 0.04976111650466919, 0.04934840649366379, 0.636111855506897, 0.3776938021183014, 0.025639088824391365, 0.028751542791724205, 0.6818126440048218], "frame_6": [0.6309806704521179, 0.3945818245410919, 0.04965192824602127, 0.04937642440199852, 0.636111855506897, 0.3776938021183014, 0.025639088824391365, 0.028751542791724205, 0.6041708588600159], "frame_7": [0.6309491395950317, 0.39449912309646606, 0.0494493693113327, 0.04929551109671593, 0.636111855506897, 0.3776938021183014, 0.025639088824391365, 0.028751542791724205, 0.5399999022483826], "frame_8": [0.6310035586357117, 0.3944685161113739, 0.049468401819467545, 0.049286819994449615, 0.636111855506897, 0.3776938021183014, 0.025639088824391365, 0.028751542791724205, 0.488735169172287], "frame_9": [0.630989134311676, 0.3944534659385681, 0.04949913173913956, 0.049226462841033936, 0.636111855506897, 0.3776938021183014, 0.025639088824391365, 0.028751542791724205, 0.5050938725471497], "frame_10": [0.6309711337089539, 0.39450597763061523, 0.049512311816215515, 0.04928644001483917, 0.636111855506897, 0.3776938021183014, 0.025639088824391365, 0.028751542791724205, 0.47523024678230286], "frame_11": [0.6309283971786499, 0.39450642466545105, 0.04955635219812393, 0.04928974434733391, 0.636111855506897, 0.3776938021183014, 0.025639088824391365, 0.028751542791724205, 0.5457608699798584], "frame_12": [0.6304731369018555, 0.39436468482017517, 0.04876556247472763, 0.049461789429187775, 0.636111855506897, 0.3776938021183014, 0.025639088824391365, 0.028751542791724205, 0.362774133682251], "frame_13": [0.6304594278335571, 0.39436477422714233, 0.04872924089431763, 0.04948544129729271, 0.636111855506897, 0.3776938021183014, 0.025639088824391365, 0.028751542791724205, 0.2757933735847473], "frame_14": [0.6304135918617249, 0.39439210295677185, 0.04865608364343643, 0.04952511191368103, 0.636111855506897, 0.3776938021183014, 0.025639088824391365, 0.028751542791724205, 0.1689455360174179], "frame_15": [0.6304365992546082, 0.394406795501709, 0.04870245233178139, 0.04954253137111664, 0.636111855506897, 0.3776938021183014, 0.025639088824391365, 0.028751542791724205, 0.1272869110107422], "frame_16": [0.6305076479911804, 0.3944030702114105, 0.04896460473537445, 0.04956398159265518, 0.636111855506897, 0.3776938021183014, 0.025639088824391365, 0.028751542791724205, 0.16908784210681915], "frame_17": [0.6305501461029053, 0.3943966031074524, 0.04902602359652519, 0.049533843994140625, 0.636111855506897, 0.3776938021183014, 0.025639088824391365, 0.028751542791724205, 0.0750715360045433], "frame_18": [0.630596935749054, 0.3944196105003357, 0.048981305211782455, 0.04956359788775444, 0.5725746750831604, 0.4981955587863922, 0.032306842505931854, 0.029169846326112747, 0.30576637387275696], "frame_19": [0.6306610107421875, 0.3944597840309143, 0.04909934848546982, 0.04960797727108002, 0.5731077194213867, 0.4949656128883362, 0.03358285874128342, 0.026740645989775658, 0.41042977571487427], "frame_20": [0.6306613683700562, 0.3944720923900604, 0.049112871289253235, 0.04961357265710831, 0.5741547346115112, 0.49379006028175354, 0.033800505101680756, 0.02746378630399704, 0.49716153740882874], "frame_21": [0.6306433081626892, 0.3944942057132721, 0.04906044155359268, 0.04964247718453407, 0.57515549659729, 0.4918005168437958, 0.03248346224427223, 0.027897007763385773, 0.6303249001502991], "frame_22": [0.6307824850082397, 0.3945648670196533, 0.04929313808679581, 0.04941694438457489, 0.5765283107757568, 0.48891687393188477, 0.03139517083764076, 0.027976395562291145, 0.7752545475959778], "frame_23": [0.6307734251022339, 0.3946307599544525, 0.04933102801442146, 0.04951625317335129, 0.5756012201309204, 0.48512008786201477, 0.0354597307741642, 0.027878401800990105, 0.6615627408027649], "frame_24": [0.6311665177345276, 0.3946966528892517, 0.049492646008729935, 0.04962348937988281, 0.575681746006012, 0.4796949625015259, 0.03419630229473114, 0.029426278546452522, 0.6854527592658997], "frame_25": [0.6311203241348267, 0.39469367265701294, 0.04935133084654808, 0.04960145056247711, 0.5777674913406372, 0.47108590602874756, 0.03377333655953407, 0.029462432488799095, 0.6385787129402161], "frame_26": [0.6311178207397461, 0.3946846127510071, 0.04933738708496094, 0.0496581606566906, 0.5790325403213501, 0.4635131061077118, 0.03244781494140625, 0.031097793951630592, 0.47001275420188904], "frame_27": [0.6311360597610474, 0.39470595121383667, 0.04938079044222832, 0.0497208908200264, 0.5794186592102051, 0.4533850848674774, 0.031697675585746765, 0.035135649144649506, 0.28684839606285095], "frame_28": [0.6311545372009277, 0.39470410346984863, 0.04908960312604904, 0.049829356372356415, 0.5823375582695007, 0.4380967915058136, 0.029518891125917435, 0.03196771442890167, 0.020719531923532486], "frame_29": [0.6311812996864319, 0.39466407895088196, 0.04898054152727127, 0.04953058063983917, 0.5840345025062561, 0.4183812141418457, 0.029898833483457565, 0.03165876492857933, 0.006750436034053564], "frame_30": [0.6314868927001953, 0.39468541741371155, 0.048403844237327576, 0.049713220447301865, 0.5861854553222656, 0.39631542563438416, 0.027472686022520065, 0.030751630663871765, 0.9936017990112305], "frame_31": [0.6303386092185974, 0.39471936225891113, 0.05131005123257637, 0.049680329859256744, 0.5876021981239319, 0.3752201199531555, 0.027109358459711075, 0.031084273010492325, 0.9339514374732971], "frame_32": [0.6310542821884155, 0.39479735493659973, 0.049294788390398026, 0.04933200404047966, 0.5904219746589661, 0.3548498749732971, 0.026124784722924232, 0.030596181750297546, 0.9208084344863892], "frame_33": [0.630772590637207, 0.3946951925754547, 0.0495801717042923, 0.04951599985361099, 0.5934479832649231, 0.33739379048347473, 0.02625800296664238, 0.029857169836759567, 0.8307532668113708], "frame_34": [0.6309400796890259, 0.394623726606369, 0.04946420341730118, 0.04988907650113106, 0.5958989262580872, 0.3217470049858093, 0.02616254985332489, 0.029185783118009567, 0.9261668920516968], "frame_35": [0.6310060024261475, 0.3946264386177063, 0.04930474981665611, 0.04999826103448868, 0.5987151265144348, 0.3062235414981842, 0.025156021118164062, 0.02995690330862999, 0.8430023789405823], "frame_36": [0.631196141242981, 0.39468902349472046, 0.04962120205163956, 0.04983414709568024, 0.6012908816337585, 0.29321372509002686, 0.026003265753388405, 0.030166689306497574, 0.9217780232429504], "frame_37": [0.6311241984367371, 0.3946744203567505, 0.049437884241342545, 0.049655914306640625, 0.6021679043769836, 0.2815701365470886, 0.02806566096842289, 0.02924870327115059, 0.7300065755844116], "frame_38": [0.6311416625976562, 0.39468103647232056, 0.049455855041742325, 0.04964633658528328, 0.6045555472373962, 0.2724461555480957, 0.02890065498650074, 0.03018614463508129, 0.922026515007019], "frame_39": [0.6310535669326782, 0.39466577768325806, 0.049189165234565735, 0.04963323846459389, 0.6045555472373962, 0.2724461555480957, 0.02890065498650074, 0.03018614463508129, 0.8928838968276978],