{"frame_0": [0.5089378952980042, 0.4038386940956116, 0.04744245857000351, 0.044523704797029495, 0.5263537764549255, 0.4911518096923828, 0.02195061556994915, 0.02336951345205307, 0.6186891794204712], "frame_1": [0.5086489915847778, 0.40404537320137024, 0.04667023569345474, 0.04496727138757706, 0.5263537764549255, 0.4911518096923828, 0.02195061556994915, 0.02336951345205307, 0.6205447912216187], "frame_2": [0.508366048336029, 0.40405645966529846, 0.04658898338675499, 0.045044708997011185, 0.5263537764549255, 0.4911518096923828, 0.02195061556994915, 0.02336951345205307, 0.6305331587791443], "frame_3": [0.5084375143051147, 0.40414246916770935, 0.04677551984786987, 0.045205604285001755, 0.5263537764549255, 0.4911518096923828, 0.02195061556994915, 0.02336951345205307, 0.6335607767105103], "frame_4": [0.5084166526794434, 0.4041559100151062, 0.04672372713685036, 0.0452701561152935, 0.5263537764549255, 0.4911518096923828, 0.02195061556994915, 0.02336951345205307, 0.6110292673110962], "frame_5": [0.5082476139068604, 0.40406715869903564, 0.04644431918859482, 0.04517928138375282, 0.5263537764549255, 0.4911518096923828, 0.02195061556994915, 0.02336951345205307, 0.043251823633909225], "frame_6": [0.5083565711975098, 0.40416276454925537, 0.046129606664180756, 0.045372772961854935, 0.5263537764549255, 0.4911518096923828, 0.02195061556994915, 0.02336951345205307, 0.044805362820625305], "frame_7": [0.5084212422370911, 0.4042414426803589, 0.04632767662405968, 0.04550141096115112, 0.5263537764549255, 0.4911518096923828, 0.02195061556994915, 0.02336951345205307, 0.7526476383209229], "frame_8": [0.5083838701248169, 0.4041808247566223, 0.0462450236082077, 0.04548712819814682, 0.5263537764549255, 0.4911518096923828, 0.02195061556994915, 0.02336951345205307, 0.019372623413801193], "frame_9": [0.5084479451179504, 0.40404731035232544, 0.04671058803796768, 0.04548759385943413, 0.5263537764549255, 0.4911518096923828, 0.02195061556994915, 0.02336951345205307, 0.02935069613158703], "frame_10": [0.5083841681480408, 0.40398842096328735, 0.04648492485284805, 0.04555053636431694, 0.5263537764549255, 0.4911518096923828, 0.02195061556994915, 0.02336951345205307, 0.03623631224036217], "frame_11": [0.5083903670310974, 0.4039560854434967, 0.04639854282140732, 0.04548225551843643, 0.5263537764549255, 0.4911518096923828, 0.02195061556994915, 0.02336951345205307, 0.050025008618831635], "frame_12": [0.508025586605072, 0.4039935767650604, 0.04546640068292618, 0.04556359350681305, 0.5263537764549255, 0.4911518096923828, 0.02195061556994915, 0.02336951345205307, 0.7519083619117737], "frame_13": [0.5081068873405457, 0.4040910601615906, 0.04557151719927788, 0.04576674476265907, 0.5263537764549255, 0.4911518096923828, 0.02195061556994915, 0.02336951345205307, 0.0012348415330052376], "frame_14": [0.508022665977478, 0.404080867767334, 0.04532470554113388, 0.04590627923607826, 0.5263537764549255, 0.4911518096923828, 0.02195061556994915, 0.02336951345205307, 0.049729082733392715], "frame_15": [0.5084068179130554, 0.40424805879592896, 0.045613862574100494, 0.046061959117650986, 0.5263537764549255, 0.4911518096923828, 0.02195061556994915, 0.02336951345205307, 0.025155100971460342], "frame_16": [0.5085872411727905, 0.40430307388305664, 0.04609069973230362, 0.04616491496562958, 0.5263537764549255, 0.4911518096923828, 0.02195061556994915, 0.02336951345205307, 0.2035461664199829], "frame_17": [0.5086265802383423, 0.40430960059165955, 0.046154193580150604, 0.04618377611041069, 0.19685791432857513, 0.5020695328712463, 0.026117324829101562, 0.027224138379096985, 0.27623021602630615], "frame_18": [0.5084825158119202, 0.40426477789878845, 0.04583464562892914, 0.046211834996938705, 0.19386917352676392, 0.49922096729278564, 0.026318740099668503, 0.027058960869908333, 0.13816799223423004], "frame_19": [0.5086387991905212, 0.40425950288772583, 0.046166058629751205, 0.046174366027116776, 0.18995344638824463, 0.4968793988227844, 0.026359759271144867, 0.026844915002584457, 0.3391070067882538], "frame_20": [0.5086803436279297, 0.40429389476776123, 0.046384260058403015, 0.046189118176698685, 0.18615877628326416, 0.4946182370185852, 0.026100624352693558, 0.027138138189911842, 0.19442477822303772], "frame_21": [0.5086909532546997, 0.40435367822647095, 0.04642639309167862, 0.04636870324611664, 0.18336234986782074, 0.493524432182312, 0.026666991412639618, 0.028506172820925713, 0.3364993929862976], "frame_22": [0.5086697340011597, 0.4043830931186676, 0.04632263258099556, 0.046222686767578125, 0.18103894591331482, 0.4902269244194031, 0.028220495209097862, 0.027846738696098328, 0.44574546813964844], "frame_23": [0.5087761878967285, 0.40442293882369995, 0.04663984477519989, 0.04631301015615463, 0.17934320867061615, 0.4866288900375366, 0.029192447662353516, 0.028817197307944298, 0.4466714560985565], "frame_24": [0.5088815689086914, 0.4044891893863678, 0.04699507728219032, 0.046381376683712006, 0.17817455530166626, 0.48067203164100647, 0.02912978082895279, 0.028499985113739967, 0.5106222629547119], "frame_25": [0.5089149475097656, 0.40446770191192627, 0.04701270908117294, 0.04629190266132355, 0.17696048319339752, 0.47416359186172485, 0.028879493474960327, 0.02785949781537056, 0.5322168469429016], "frame_26": [0.5088682174682617, 0.4044652581214905, 0.04699990898370743, 0.04629652202129364, 0.1769118458032608, 0.4662342965602875, 0.02930096536874771, 0.02927008643746376, 0.4520914554595947], "frame_27": [0.5088261961936951, 0.40440869331359863, 0.04688970744609833, 0.04629037529230118, 0.1776728332042694, 0.4556770324707031, 0.03016992099583149, 0.02870483323931694, 0.4855535328388214], "frame_28": [0.5087757110595703, 0.40443313121795654, 0.046692825853824615, 0.046277787536382675, 0.18420225381851196, 0.4376923441886902, 0.028251806274056435, 0.028803423047065735, 0.6141331195831299], "frame_29": [0.508677065372467, 0.4044499695301056, 0.046665869653224945, 0.04644220322370529, 0.19451622664928436, 0.41672855615615845, 0.028921592980623245, 0.02740478515625, 0.7336962819099426], "frame_30": [0.5087623596191406, 0.40450575947761536, 0.046906959265470505, 0.04646271467208862, 0.20659969747066498, 0.39571964740753174, 0.027396392077207565, 0.027300644665956497, 0.7534711956977844], "frame_31": [0.5088261961936951, 0.4044875204563141, 0.047006141394376755, 0.046512603759765625, 0.21792538464069366, 0.3770482838153839, 0.026710573583841324, 0.02734985388815403, 0.7707785367965698], "frame_32": [0.5086551904678345, 0.4045022428035736, 0.046632468700408936, 0.04650336503982544, 0.22933067381381989, 0.36175960302352905, 0.028135214000940323, 0.02790037728846073, 0.7017632126808167], "frame_33": [0.5086928606033325, 0.40454983711242676, 0.04705246910452843, 0.04638727009296417, 0.2401328980922699, 0.3443380892276764, 0.02474127896130085, 0.025698598474264145, 0.7173894643783569], "frame_34": [0.5086435079574585, 0.40455499291419983, 0.04693472012877464, 0.04645051062107086, 0.2506871819496155, 0.331071138381958, 0.02527923509478569, 0.029307175427675247, 0.7000450491905212], "frame_35": [0.5080715417861938, 0.40447235107421875, 0.045827653259038925, 0.04651709645986557, 0.2612103223800659, 0.31738629937171936, 0.024240875616669655, 0.027041923254728317, 0.7088378071784973], "frame_36": [0.5080772638320923, 0.4046081602573395, 0.04587707668542862, 0.04622993618249893, 0.27082791924476624, 0.3049442172050476, 0.027120400220155716, 0.027611499652266502, 0.5965183973312378], "frame_37": [0.5080894231796265, 0.4045581817626953, 0.04570045322179794, 0.04623464122414589, 0.2836802899837494, 0.29394420981407166, 0.024256620556116104, 0.026596155017614365, 0.5850839614868164], "frame_38": [0.5081688165664673, 0.40455347299575806, 0.04608001559972763, 0.04622925817966461, 0.29372549057006836, 0.28455662727355957, 0.026398658752441406, 0.027469253167510033, 0.7253591418266296],