{"frame_0": [0.6309299468994141, 0.39973923563957214, 0.05260535329580307, 0.04879188537597656, 0.5916226506233215, 0.4862957000732422, 0.022305764257907867, 0.02394697442650795, 0.5839999914169312], "frame_1": [0.630510687828064, 0.399422287940979, 0.05093879625201225, 0.04878272861242294, 0.5904286503791809, 0.5041528344154358, 0.02199113555252552, 0.025101259350776672, 0.5804625749588013], "frame_2": [0.6303938031196594, 0.39938998222351074, 0.05083639174699783, 0.04854058101773262, 0.5902430415153503, 0.5206063985824585, 0.023295508697628975, 0.024373922497034073, 0.6144482493400574], "frame_3": [0.6304264664649963, 0.3993731141090393, 0.050884418189525604, 0.04851663485169411, 0.5914610028266907, 0.5321289300918579, 0.022288301959633827, 0.02471177838742733, 0.6303853392601013], "frame_4": [0.6303694248199463, 0.3993576169013977, 0.0508260503411293, 0.04845818504691124, 0.5925158262252808, 0.542911171913147, 0.021584700793027878, 0.023656632751226425, 0.5771288275718689], "frame_5": [0.6303438544273376, 0.39935874938964844, 0.05064370855689049, 0.04856397956609726, 0.5926045775413513, 0.5551971197128296, 0.019879531115293503, 0.024562453851103783, 0.6142695546150208], "frame_6": [0.6303399205207825, 0.3992934226989746, 0.05054762214422226, 0.04851112514734268, 0.5910558700561523, 0.5655880570411682, 0.022513877600431442, 0.024468401446938515, 0.668691873550415], "frame_7": [0.6303189992904663, 0.39927923679351807, 0.05038757249712944, 0.04849107563495636, 0.5893830060958862, 0.572352409362793, 0.021318817511200905, 0.023037338629364967, 0.7187231779098511], "frame_8": [0.6306509971618652, 0.3992133140563965, 0.051055144518613815, 0.04894862696528435, 0.5892874002456665, 0.5782026648521423, 0.022545073181390762, 0.023190774023532867, 0.7761819362640381], "frame_9": [0.6309892535209656, 0.39924201369285583, 0.05102822929620743, 0.048975370824337006, 0.591707170009613, 0.5797643065452576, 0.02084045484662056, 0.023884667083621025, 0.7941467761993408], "frame_10": [0.6309187412261963, 0.39923927187919617, 0.0509769432246685, 0.04889106750488281, 0.5954903364181519, 0.5790282487869263, 0.020995838567614555, 0.022919166833162308, 0.8191322684288025], "frame_11": [0.6310656070709229, 0.399168998003006, 0.05098550766706467, 0.04887250438332558, 0.6037694215774536, 0.5744536519050598, 0.022522438317537308, 0.023740768432617188, 0.7905770540237427], "frame_12": [0.6306037306785583, 0.39914289116859436, 0.05105438083410263, 0.048729196190834045, 0.6139299869537354, 0.5640648007392883, 0.023195436224341393, 0.023504553362727165, 0.7761269807815552], "frame_13": [0.6306350827217102, 0.39918026328086853, 0.05116844177246094, 0.048736657947301865, 0.6205255389213562, 0.5458370447158813, 0.022018220275640488, 0.021834563463926315, 0.6861957907676697], "frame_14": [0.6306001543998718, 0.3991226553916931, 0.05084190517663956, 0.048549480736255646, 0.6197188496589661, 0.5254411697387695, 0.020999908447265625, 0.023702790960669518, 0.7720292806625366], "frame_15": [0.6303199529647827, 0.3991853594779968, 0.050405289977788925, 0.04817169904708862, 0.6197188496589661, 0.5254411697387695, 0.020999908447265625, 0.023702790960669518, 0.7297695875167847], "frame_16": [0.6303772926330566, 0.399209588766098, 0.050603486597537994, 0.04808654636144638, 0.6197188496589661, 0.5254411697387695, 0.020999908447265625, 0.023702790960669518, 0.822294294834137], "frame_17": [0.630389928817749, 0.39921900629997253, 0.0507107637822628, 0.048123933374881744, 0.5896636843681335, 0.4861476421356201, 0.02416704036295414, 0.02436218224465847, 0.818208634853363], "frame_18": [0.6306846737861633, 0.3991415798664093, 0.050792522728443146, 0.048426054418087006, 0.5896636843681335, 0.4861476421356201, 0.02416704036295414, 0.02436218224465847, 0.686967134475708], "frame_19": [0.6306850910186768, 0.3992074728012085, 0.05095672607421875, 0.04851578548550606, 0.5896636843681335, 0.4861476421356201, 0.02416704036295414, 0.02436218224465847, 0.5318129658699036], "frame_20": [0.6303949356079102, 0.3992851972579956, 0.05081766098737717, 0.04823065921664238, 0.5896636843681335, 0.4861476421356201, 0.02416704036295414, 0.02436218224465847, 0.2920559346675873], "frame_21": [0.6304646134376526, 0.39932408928871155, 0.051037345081567764, 0.04845564067363739, 0.5896636843681335, 0.4861476421356201, 0.02416704036295414, 0.02436218224465847, 0.1447422206401825], "frame_22": [0.6305174827575684, 0.39936113357543945, 0.05115852504968643, 0.048513032495975494, 0.5896636843681335, 0.4861476421356201, 0.02416704036295414, 0.02436218224465847, 0.003136065788567066], "frame_23": [0.6305774450302124, 0.3993808627128601, 0.05094774067401886, 0.04838341474533081, 0.5826929807662964, 0.42926889657974243, 0.024061033502221107, 0.028364945203065872, 0.1451994627714157], "frame_24": [0.6303152441978455, 0.39934349060058594, 0.05044000595808029, 0.048417747020721436, 0.5826929807662964, 0.42926889657974243, 0.024061033502221107, 0.028364945203065872, 0.07783083617687225], "frame_25": [0.6303818821907043, 0.39951568841934204, 0.05007362365722656, 0.04858190566301346, 0.5826929807662964, 0.42926889657974243, 0.024061033502221107, 0.028364945203065872, 0.9410976767539978], "frame_26": [0.6299072504043579, 0.39953044056892395, 0.051257237792015076, 0.048636797815561295, 0.5826929807662964, 0.42926889657974243, 0.024061033502221107, 0.028364945203065872, 0.9220852255821228], "frame_27": [0.6282373070716858, 0.39922672510147095, 0.05573632940649986, 0.04864421486854553, 0.5826929807662964, 0.42926889657974243, 0.024061033502221107, 0.028364945203065872, 0.9771180748939514], "frame_28": [0.627868115901947, 0.39973127841949463, 0.05322134122252464, 0.048890430480241776, 0.613513708114624, 0.38026073575019836, 0.025722121819853783, 0.028940539807081223, 0.7759158611297607], "frame_29": [0.6305407285690308, 0.40081456303596497, 0.04850976914167404, 0.04675178602337837, 0.6176713705062866, 0.369448184967041, 0.023095237091183662, 0.024283599108457565, 0.8563713431358337], "frame_30": [0.63019859790802, 0.40002450346946716, 0.04806268587708473, 0.04781294986605644, 0.6239266991615295, 0.3628530204296112, 0.024122832342982292, 0.025769785046577454, 0.5937135815620422], "frame_31": [0.6301613450050354, 0.3991207480430603, 0.048687152564525604, 0.049656763672828674, 0.6303589940071106, 0.35656052827835083, 0.023349592462182045, 0.02555340714752674, 0.6580415964126587], "frame_32": [0.630206823348999, 0.3991183340549469, 0.0489376075565815, 0.04962683841586113, 0.6328862309455872, 0.35470619797706604, 0.023183822631835938, 0.025682153180241585, 0.40625062584877014], "frame_33": [0.630161702632904, 0.39931440353393555, 0.04909125342965126, 0.049421776086091995, 0.633478045463562, 0.35363948345184326, 0.022941038012504578, 0.02551593817770481, 0.49850329756736755], "frame_34": [0.6302488446235657, 0.39934781193733215, 0.04943351820111275, 0.049514856189489365, 0.6347705125808716, 0.3538575768470764, 0.022877587005496025, 0.025868436321616173, 0.2743331491947174], "frame_35": [0.6300956606864929, 0.3991144001483917, 0.04885406419634819, 0.04959051311016083, 0.6355113387107849, 0.35424575209617615, 0.022562408819794655, 0.02599981054663658, 0.8619670271873474], "frame_36": [0.6297057271003723, 0.39900505542755127, 0.04978387802839279, 0.049996186047792435, 0.6360830664634705, 0.3556683361530304, 0.023319456726312637, 0.02666611224412918, 0.7035955190658569], "frame_37": [0.6296045780181885, 0.39902690052986145, 0.04948539659380913, 0.04999546334147453, 0.6372820734977722, 0.3588770925998688, 0.02315453439950943, 0.025978872552514076, 0.7262758612632751], "frame_38": [0.629545271396637, 0.39956557750701904, 0.04916975274682045, 0.04901750385761261, 0.6384866237640381, 0.36379802227020264, 0.023234939202666283, 0.025266733020544052, 0.6691996455192566],