{"frame_0": [0.6309019327163696, 0.39836111664772034, 0.05143987759947777, 0.04972487688064575, 0.6267917156219482, 0.45397186279296875, 0.023930273950099945, 0.02609117329120636, 0.6177316904067993], "frame_1": [0.6301724910736084, 0.3980628252029419, 0.05013465881347656, 0.04965104162693024, 0.6267917156219482, 0.45397186279296875, 0.023930273950099945, 0.02609117329120636, 0.674606442451477], "frame_2": [0.6301013827323914, 0.39807358384132385, 0.0499742291867733, 0.04959581047296524, 0.6267917156219482, 0.45397186279296875, 0.023930273950099945, 0.02609117329120636, 0.7202309370040894], "frame_3": [0.6300458908081055, 0.3980954587459564, 0.049935150891542435, 0.049541175365448, 0.6267917156219482, 0.45397186279296875, 0.023930273950099945, 0.02609117329120636, 0.6908876895904541], "frame_4": [0.630023181438446, 0.398118257522583, 0.049855634570121765, 0.04963383078575134, 0.6267917156219482, 0.45397186279296875, 0.023930273950099945, 0.02609117329120636, 0.6470849514007568], "frame_5": [0.6298525333404541, 0.3980599641799927, 0.04947302117943764, 0.04960683360695839, 0.6267917156219482, 0.45397186279296875, 0.023930273950099945, 0.02609117329120636, 0.5807657837867737], "frame_6": [0.6299949884414673, 0.39809688925743103, 0.04968910291790962, 0.04987500607967377, 0.6267917156219482, 0.45397186279296875, 0.023930273950099945, 0.02609117329120636, 0.5373427867889404], "frame_7": [0.6300337910652161, 0.39809876680374146, 0.04980947822332382, 0.04996965080499649, 0.6267917156219482, 0.45397186279296875, 0.023930273950099945, 0.02609117329120636, 0.5534152388572693], "frame_8": [0.6298329830169678, 0.39810383319854736, 0.04979743808507919, 0.049877844750881195, 0.6267917156219482, 0.45397186279296875, 0.023930273950099945, 0.02609117329120636, 0.7073718905448914], "frame_9": [0.6296995282173157, 0.39804160594940186, 0.04966867342591286, 0.0499362088739872, 0.6267917156219482, 0.45397186279296875, 0.023930273950099945, 0.02609117329120636, 0.7319716811180115], "frame_10": [0.6298674941062927, 0.3980776369571686, 0.04978659003973007, 0.05008574575185776, 0.6267917156219482, 0.45397186279296875, 0.023930273950099945, 0.02609117329120636, 0.7471625804901123], "frame_11": [0.6298297643661499, 0.3981059193611145, 0.04954338073730469, 0.05010901391506195, 0.6267917156219482, 0.45397186279296875, 0.023930273950099945, 0.02609117329120636, 0.7774941921234131], "frame_12": [0.6298343539237976, 0.3980816602706909, 0.050414785742759705, 0.050145044922828674, 0.6267917156219482, 0.45397186279296875, 0.023930273950099945, 0.02609117329120636, 0.8077030181884766], "frame_13": [0.6298575401306152, 0.39808616042137146, 0.05043084919452667, 0.05013715848326683, 0.6267917156219482, 0.45397186279296875, 0.023930273950099945, 0.02609117329120636, 0.8247743844985962], "frame_14": [0.6298576593399048, 0.39808276295661926, 0.050422754138708115, 0.05013885349035263, 0.2223959118127823, 0.5594215989112854, 0.022865040227770805, 0.021265411749482155, 0.7912353277206421], "frame_15": [0.6298632025718689, 0.3980863690376282, 0.05040719732642174, 0.05013461783528328, 0.2223959118127823, 0.5594215989112854, 0.022865040227770805, 0.021265411749482155, 0.7815242409706116], "frame_16": [0.6297685503959656, 0.3980935513973236, 0.05020446702837944, 0.05009358748793602, 0.2223959118127823, 0.5594215989112854, 0.022865040227770805, 0.021265411749482155, 0.827377438545227], "frame_17": [0.6297922730445862, 0.39811182022094727, 0.05029123276472092, 0.05016255006194115, 0.2223959118127823, 0.5594215989112854, 0.022865040227770805, 0.021265411749482155, 0.8117492198944092], "frame_18": [0.6298065781593323, 0.39811232686042786, 0.05031585693359375, 0.05016492307186127, 0.2223959118127823, 0.5594215989112854, 0.022865040227770805, 0.021265411749482155, 0.7810368537902832], "frame_19": [0.6297562122344971, 0.3980826437473297, 0.050266094505786896, 0.050173863768577576, 0.2223959118127823, 0.5594215989112854, 0.022865040227770805, 0.021265411749482155, 0.7029972672462463], "frame_20": [0.6296425461769104, 0.39804521203041077, 0.05010634660720825, 0.05021616443991661, 0.2223959118127823, 0.5594215989112854, 0.022865040227770805, 0.021265411749482155, 0.6224451065063477], "frame_21": [0.6295178532600403, 0.3980809450149536, 0.049849022179841995, 0.04992247745394707, 0.2223959118127823, 0.5594215989112854, 0.022865040227770805, 0.021265411749482155, 0.48706892132759094], "frame_22": [0.6295176148414612, 0.39811548590660095, 0.04986372962594032, 0.049914635717868805, 0.2223959118127823, 0.5594215989112854, 0.022865040227770805, 0.021265411749482155, 0.5421110987663269], "frame_23": [0.6295549273490906, 0.3981230556964874, 0.049959946423769, 0.04994506761431694, 0.2223959118127823, 0.5594215989112854, 0.022865040227770805, 0.021265411749482155, 0.41997259855270386], "frame_24": [0.6300287246704102, 0.39815929532051086, 0.04931119456887245, 0.04997232183814049, 0.2223959118127823, 0.5594215989112854, 0.022865040227770805, 0.021265411749482155, 0.36382758617401123], "frame_25": [0.6300293207168579, 0.3981573283672333, 0.049309708178043365, 0.049972619861364365, 0.2223959118127823, 0.5594215989112854, 0.022865040227770805, 0.021265411749482155, 0.418163537979126], "frame_26": [0.6300238966941833, 0.39814895391464233, 0.0492849126458168, 0.04994858801364899, 0.2223959118127823, 0.5594215989112854, 0.022865040227770805, 0.021265411749482155, 0.6769667267799377], "frame_27": [0.6300258040428162, 0.3981504738330841, 0.049291059374809265, 0.04995138198137283, 0.2223959118127823, 0.5594215989112854, 0.022865040227770805, 0.021265411749482155, 0.6278490424156189], "frame_28": [0.6300256252288818, 0.39814645051956177, 0.04928398132324219, 0.049932945519685745, 0.2223959118127823, 0.5594215989112854, 0.022865040227770805, 0.021265411749482155, 0.6785191893577576], "frame_29": [0.630027711391449, 0.3981292247772217, 0.04928406700491905, 0.049864280968904495, 0.2223959118127823, 0.5594215989112854, 0.022865040227770805, 0.021265411749482155, 0.6684466600418091], "frame_30": [0.6298967003822327, 0.3981611430644989, 0.04924621433019638, 0.04984024912118912, 0.21276725828647614, 0.4119899868965149, 0.024586953222751617, 0.02440728060901165, 0.7635501623153687], "frame_31": [0.6298612952232361, 0.39812028408050537, 0.04924947768449783, 0.04961433261632919, 0.22873887419700623, 0.3952986001968384, 0.023007266223430634, 0.025687705725431442, 0.7641281485557556], "frame_32": [0.6299065351486206, 0.39808908104896545, 0.048865679651498795, 0.04979048669338226, 0.22873887419700623, 0.3952986001968384, 0.023007266223430634, 0.025687705725431442, 0.7386191487312317], "frame_33": [0.6298348307609558, 0.3980832099914551, 0.04923973232507706, 0.049806807190179825, 0.22873887419700623, 0.3952986001968384, 0.023007266223430634, 0.025687705725431442, 0.7209103107452393], "frame_34": [0.6298248767852783, 0.39809155464172363, 0.04922044649720192, 0.049837876111269, 0.2777022421360016, 0.35436296463012695, 0.024437904357910156, 0.025798331946134567, 0.6606464385986328], "frame_35": [0.6298195123672485, 0.39810970425605774, 0.049257829785346985, 0.04982253164052963, 0.2942681610584259, 0.3419593870639801, 0.022082624956965446, 0.02483043633401394, 0.6872226595878601], "frame_36": [0.629936695098877, 0.39804890751838684, 0.04884033277630806, 0.04976124316453934, 0.3116511404514313, 0.33427512645721436, 0.0230565182864666, 0.02697077766060829, 0.6527068614959717], "frame_37": [0.6299428343772888, 0.39805951714515686, 0.04886597394943237, 0.04978217929601669, 0.3280371129512787, 0.32410091161727905, 0.025490570813417435, 0.02657538466155529, 0.6660712957382202], "frame_38": [0.629952609539032, 0.3980456590652466, 0.04893476516008377, 0.049853768199682236, 0.3421894609928131, 0.31681549549102783, 0.022358130663633347, 0.026251114904880524, 0.6720503568649292],