{"frame_0": [0.6307826042175293, 0.394591361284256, 0.04961548000574112, 0.05026537552475929, 0.6771405339241028, 0.4802974760532379, 0.02292327955365181, 0.022190093994140625, 0.8376047611236572], "frame_1": [0.6307517290115356, 0.39443013072013855, 0.04964951425790787, 0.04874882102012634, 0.6771405339241028, 0.4802974760532379, 0.02292327955365181, 0.022190093994140625, 0.802985429763794], "frame_2": [0.6306400895118713, 0.39446309208869934, 0.049515701830387115, 0.048776160925626755, 0.6771405339241028, 0.4802974760532379, 0.02292327955365181, 0.022190093994140625, 0.8757688403129578], "frame_3": [0.6306641697883606, 0.3944532573223114, 0.049524687230587006, 0.048717670142650604, 0.6771405339241028, 0.4802974760532379, 0.02292327955365181, 0.022190093994140625, 0.8947007656097412], "frame_4": [0.6306453943252563, 0.3944016396999359, 0.04954240471124649, 0.04872534051537514, 0.6771405339241028, 0.4802974760532379, 0.02292327955365181, 0.022190093994140625, 0.850591778755188], "frame_5": [0.6306779384613037, 0.3943082094192505, 0.04964294284582138, 0.04852256923913956, 0.6771405339241028, 0.4802974760532379, 0.02292327955365181, 0.022190093994140625, 0.8761577010154724], "frame_6": [0.6306903958320618, 0.39433425664901733, 0.04957648366689682, 0.04863031208515167, 0.6771405339241028, 0.4802974760532379, 0.02292327955365181, 0.022190093994140625, 0.7339223623275757], "frame_7": [0.6305443048477173, 0.3943134844303131, 0.04951849952340126, 0.04859619215130806, 0.6771405339241028, 0.4802974760532379, 0.02292327955365181, 0.022190093994140625, 0.7144630551338196], "frame_8": [0.6305689811706543, 0.3943641781806946, 0.049587249755859375, 0.04853740334510803, 0.6771405339241028, 0.4802974760532379, 0.02292327955365181, 0.022190093994140625, 0.20453083515167236], "frame_9": [0.630600094795227, 0.3944013714790344, 0.049641504883766174, 0.0485864020884037, 0.6771405339241028, 0.4802974760532379, 0.02292327955365181, 0.022190093994140625, 0.7590453624725342], "frame_10": [0.6306059956550598, 0.39450356364250183, 0.050015639513731, 0.04859873279929161, 0.6771405339241028, 0.4802974760532379, 0.02292327955365181, 0.022190093994140625, 0.20006844401359558], "frame_11": [0.6306476593017578, 0.3945114016532898, 0.05004408210515976, 0.04858563840389252, 0.6771405339241028, 0.4802974760532379, 0.02292327955365181, 0.022190093994140625, 0.1920352280139923], "frame_12": [0.6309112310409546, 0.39483964443206787, 0.04986877366900444, 0.049000296741724014, 0.6771405339241028, 0.4802974760532379, 0.02292327955365181, 0.022190093994140625, 0.2348448485136032], "frame_13": [0.6309191584587097, 0.394830584526062, 0.0499223917722702, 0.04896024242043495, 0.6771405339241028, 0.4802974760532379, 0.02292327955365181, 0.022190093994140625, 0.2164224088191986], "frame_14": [0.6308644413948059, 0.39482882618904114, 0.04968605190515518, 0.04897291213274002, 0.6771405339241028, 0.4802974760532379, 0.02292327955365181, 0.022190093994140625, 0.8824575543403625], "frame_15": [0.6308205723762512, 0.3948594927787781, 0.04954338073730469, 0.04903704300522804, 0.6771405339241028, 0.4802974760532379, 0.02292327955365181, 0.022190093994140625, 0.042638566344976425], "frame_16": [0.6307583451271057, 0.3948605954647064, 0.04955664649605751, 0.04915301129221916, 0.6771405339241028, 0.4802974760532379, 0.02292327955365181, 0.022190093994140625, 0.05757204070687294], "frame_17": [0.6307663917541504, 0.394876092672348, 0.049663372337818146, 0.049135420471429825, 0.6771405339241028, 0.4802974760532379, 0.02292327955365181, 0.022190093994140625, 0.4236884117126465], "frame_18": [0.6307492852210999, 0.3949495851993561, 0.049784086644649506, 0.0491848848760128, 0.6771405339241028, 0.4802974760532379, 0.02292327955365181, 0.022190093994140625, 0.27549535036087036], "frame_19": [0.6307835578918457, 0.39488381147384644, 0.04965820163488388, 0.04918734356760979, 0.6624639630317688, 0.4926464855670929, 0.030997848138213158, 0.026109907776117325, 0.6671099662780762], "frame_20": [0.6308298707008362, 0.3949349820613861, 0.04987543076276779, 0.04905344545841217, 0.6656827926635742, 0.49024197459220886, 0.030472267419099808, 0.028055742383003235, 0.644307017326355], "frame_21": [0.630767285823822, 0.3950158953666687, 0.05006599426269531, 0.048978041857481, 0.6665443778038025, 0.48909229040145874, 0.03087208978831768, 0.03034464456140995, 0.719179630279541], "frame_22": [0.6308081150054932, 0.3949314057826996, 0.04988144710659981, 0.048917897045612335, 0.6676044464111328, 0.48728740215301514, 0.031696319580078125, 0.029613876715302467, 0.5332075953483582], "frame_23": [0.630829393863678, 0.39495405554771423, 0.04991912841796875, 0.048866357654333115, 0.667366087436676, 0.4847322106361389, 0.03183763474225998, 0.029164673760533333, 0.556601881980896], "frame_24": [0.6309506893157959, 0.3949318826198578, 0.04960602521896362, 0.04880120977759361, 0.6675571203231812, 0.4817521870136261, 0.033333078026771545, 0.029666688293218613, 0.0], "frame_25": [0.6309413909912109, 0.39492425322532654, 0.04960089921951294, 0.048811934888362885, 0.6680423021316528, 0.47795918583869934, 0.03197432681918144, 0.03055792860686779, 0.0], "frame_26": [0.6308810114860535, 0.3949151635169983, 0.049469757825136185, 0.048713091760873795, 0.6670048832893372, 0.4723476469516754, 0.03257005661725998, 0.03401421383023262, 0.0], "frame_27": [0.6308724880218506, 0.3949050009250641, 0.04945657402276993, 0.04868202283978462, 0.6668751835823059, 0.46246635913848877, 0.03269026055932045, 0.034704506397247314, 0.7967650294303894], "frame_28": [0.630893349647522, 0.39494678378105164, 0.04953498765826225, 0.04875696077942848, 0.6676215529441833, 0.45501023530960083, 0.032162562012672424, 0.03529680147767067, 0.8224731683731079], "frame_29": [0.6309247612953186, 0.3949311077594757, 0.04965409263968468, 0.048737503588199615, 0.6692559719085693, 0.440250426530838, 0.027895482257008553, 0.032261066138744354, 0.14336545765399933], "frame_30": [0.6309570670127869, 0.3950016498565674, 0.049585893750190735, 0.049111176282167435, 0.6704320311546326, 0.4247782528400421, 0.027678299695253372, 0.029881497845053673, 0.8645775318145752], "frame_31": [0.6309006810188293, 0.3949739336967468, 0.04936353862285614, 0.04935035854578018, 0.6704320311546326, 0.4247782528400421, 0.027678299695253372, 0.029881497845053673, 0.9165448546409607], "frame_32": [0.6307923793792725, 0.39422905445098877, 0.05011787265539169, 0.05158492177724838, 0.6661747694015503, 0.38071754574775696, 0.025525495409965515, 0.029491890221834183, 0.9664925932884216], "frame_33": [0.6308660507202148, 0.3945075571537018, 0.0494886189699173, 0.050290849059820175, 0.6643813252449036, 0.3636491894721985, 0.027935028076171875, 0.03126882016658783, 0.9947286248207092], "frame_34": [0.6305552124977112, 0.39538833498954773, 0.04857275262475014, 0.049546558409929276, 0.6632011532783508, 0.3463253378868103, 0.02764129638671875, 0.02948472835123539, 0.8916780352592468], "frame_35": [0.6311783790588379, 0.3952045738697052, 0.04993913322687149, 0.04901356250047684, 0.661916971206665, 0.33101585507392883, 0.027121184393763542, 0.02905678190290928, 0.7714449763298035], "frame_36": [0.6308866143226624, 0.39489418268203735, 0.04948844760656357, 0.049083709716796875, 0.660606324672699, 0.3172183930873871, 0.026456451043486595, 0.030555980280041695, 0.9100175499916077], "frame_37": [0.6309011578559875, 0.39493218064308167, 0.04943758621811867, 0.04880540817975998, 0.6593199968338013, 0.3057349622249603, 0.026248466223478317, 0.027995066717267036, 0.911410927772522], "frame_38": [0.6309290528297424, 0.39503124356269836, 0.04930627718567848, 0.04881028085947037, 0.6582910418510437, 0.2955845594406128, 0.024997329339385033, 0.026475291699171066, 0.8470010161399841], "frame_39": [0.6309797763824463, 0.3950496315956116, 0.04945945739746094, 0.048802610486745834, 0.6580848693847656, 0.2861206829547882, 0.02241312712430954, 0.02744803950190544, 0.5700154304504395],