{"frame_0": [0.6306372880935669, 0.3969382345676422, 0.05104179307818413, 0.04942088574171066, 0.6696550250053406, 0.6221391558647156, 0.03459205478429794, 0.03773689270019531, 0.6433096528053284], "frame_1": [0.6301726698875427, 0.3966201841831207, 0.05064506456255913, 0.04957449063658714, 0.6642187237739563, 0.6173255443572998, 0.03393830358982086, 0.03732520341873169, 0.5863260626792908], "frame_2": [0.6301042437553406, 0.3966248333454132, 0.05031988397240639, 0.049644555896520615, 0.6642187237739563, 0.6173255443572998, 0.03393830358982086, 0.03732520341873169, 0.5953300595283508], "frame_3": [0.6300841569900513, 0.39671453833580017, 0.05054215341806412, 0.049893274903297424, 0.6506859064102173, 0.6106794476509094, 0.02738477848470211, 0.03471090644598007, 0.5575062036514282], "frame_4": [0.6301093101501465, 0.3966904580593109, 0.05047187954187393, 0.04980994388461113, 0.6506859064102173, 0.6106794476509094, 0.02738477848470211, 0.03471090644598007, 0.5601643919944763], "frame_5": [0.6301803588867188, 0.39675599336624146, 0.05059700086712837, 0.04956220090389252, 0.6506859064102173, 0.6106794476509094, 0.02738477848470211, 0.03471090644598007, 0.5334102511405945], "frame_6": [0.6302024722099304, 0.3968120515346527, 0.050606537610292435, 0.049543168395757675, 0.6506859064102173, 0.6106794476509094, 0.02738477848470211, 0.03471090644598007, 0.6011558771133423], "frame_7": [0.6302021741867065, 0.3968151807785034, 0.05070207267999649, 0.04948815330862999, 0.6506859064102173, 0.6106794476509094, 0.02738477848470211, 0.03471090644598007, 0.6711418032646179], "frame_8": [0.630463719367981, 0.3970199227333069, 0.05043373256921768, 0.049346160143613815, 0.6506859064102173, 0.6106794476509094, 0.02738477848470211, 0.03471090644598007, 0.6540271043777466], "frame_9": [0.6301829218864441, 0.396867960691452, 0.04948539659380913, 0.0490628145635128, 0.6506859064102173, 0.6106794476509094, 0.02738477848470211, 0.03471090644598007, 0.7131626009941101], "frame_10": [0.6302155256271362, 0.3969096839427948, 0.049551308155059814, 0.04920870438218117, 0.6506859064102173, 0.6106794476509094, 0.02738477848470211, 0.03471090644598007, 0.7516666650772095], "frame_11": [0.6301513910293579, 0.3968631327152252, 0.049308184534311295, 0.04899287596344948, 0.6506859064102173, 0.6106794476509094, 0.02738477848470211, 0.03471090644598007, 0.7645307779312134], "frame_12": [0.6302899718284607, 0.3970326781272888, 0.04983244836330414, 0.04935111850500107, 0.6506859064102173, 0.6106794476509094, 0.02738477848470211, 0.03471090644598007, 0.8628594875335693], "frame_13": [0.6303168535232544, 0.397032767534256, 0.05000457912683487, 0.049344252794981, 0.6506859064102173, 0.6106794476509094, 0.02738477848470211, 0.03471090644598007, 0.6891154646873474], "frame_14": [0.6303265690803528, 0.3970261812210083, 0.05006590858101845, 0.04931420087814331, 0.6506859064102173, 0.6106794476509094, 0.02738477848470211, 0.03471090644598007, 0.7431861162185669], "frame_15": [0.630329966545105, 0.39707013964653015, 0.05003662034869194, 0.04932662099599838, 0.6506859064102173, 0.6106794476509094, 0.02738477848470211, 0.03471090644598007, 0.7136340737342834], "frame_16": [0.6303063035011292, 0.39703962206840515, 0.049945831298828125, 0.04934027045965195, 0.6506859064102173, 0.6106794476509094, 0.02738477848470211, 0.03471090644598007, 0.7167367935180664], "frame_17": [0.6302961707115173, 0.397047758102417, 0.04993239417672157, 0.04931352287530899, 0.6506859064102173, 0.6106794476509094, 0.02738477848470211, 0.03471090644598007, 0.6970961689949036], "frame_18": [0.6301521062850952, 0.397070050239563, 0.05012071505188942, 0.04936773329973221, 0.6506859064102173, 0.6106794476509094, 0.02738477848470211, 0.03471090644598007, 0.7163735032081604], "frame_19": [0.6301111578941345, 0.39705556631088257, 0.05004480108618736, 0.04936743900179863, 0.6506859064102173, 0.6106794476509094, 0.02738477848470211, 0.03471090644598007, 0.7030316591262817], "frame_20": [0.6301146745681763, 0.39706599712371826, 0.050046708434820175, 0.04941100999712944, 0.6506859064102173, 0.6106794476509094, 0.02738477848470211, 0.03471090644598007, 0.6451994180679321], "frame_21": [0.6302217841148376, 0.39700788259506226, 0.05018272250890732, 0.049392275512218475, 0.6506859064102173, 0.6106794476509094, 0.02738477848470211, 0.03471090644598007, 0.4264446198940277], "frame_22": [0.6302321553230286, 0.39701080322265625, 0.05009566247463226, 0.04931492358446121, 0.6506859064102173, 0.6106794476509094, 0.02738477848470211, 0.03471090644598007, 0.4546969532966614], "frame_23": [0.6301078796386719, 0.397079199552536, 0.0500623919069767, 0.04932907968759537, 0.6506859064102173, 0.6106794476509094, 0.02738477848470211, 0.03471090644598007, 0.6148748993873596], "frame_24": [0.6301865577697754, 0.39724206924438477, 0.050159454345703125, 0.04955461248755455, 0.6263418197631836, 0.4860765337944031, 0.03779953718185425, 0.03715765103697777, 0.8420097827911377], "frame_25": [0.6301417350769043, 0.39726993441581726, 0.050038911402225494, 0.049366846680641174, 0.633515477180481, 0.47004029154777527, 0.042368993163108826, 0.03738772124052048, 0.751554012298584], "frame_26": [0.6301460862159729, 0.3972446918487549, 0.049959734082221985, 0.04941033199429512, 0.6404441595077515, 0.462066650390625, 0.04234907403588295, 0.03988075256347656, 0.9125455617904663], "frame_27": [0.6300583481788635, 0.39708828926086426, 0.049757640808820724, 0.04914110153913498, 0.6451429128646851, 0.45565345883369446, 0.04393615573644638, 0.04111900180578232, 0.898247480392456], "frame_28": [0.6299893856048584, 0.3969181776046753, 0.0498666986823082, 0.048662737011909485, 0.6455147862434387, 0.4496017396450043, 0.0434095598757267, 0.04289110004901886, 0.9248948097229004], "frame_29": [0.6300970911979675, 0.39634671807289124, 0.049742888659238815, 0.04764404147863388, 0.6468607783317566, 0.4406451880931854, 0.04104644060134888, 0.0424320213496685, 0.9994165301322937], "frame_30": [0.6349999904632568, 0.4170876443386078, 0.05565003305673599, 0.04691619798541069, 0.6467338800430298, 0.4249593913555145, 0.039774831384420395, 0.04009530693292618, 0.9967668056488037], "frame_31": [0.632905900478363, 0.39854830503463745, 0.05560340732336044, 0.05227546766400337, 0.6441434025764465, 0.40378841757774353, 0.043769072741270065, 0.045747630298137665, 0.8784424066543579], "frame_32": [0.632905900478363, 0.39854830503463745, 0.05560340732336044, 0.05227546766400337, 0.6463325023651123, 0.38473162055015564, 0.03611145168542862, 0.03959227725863457, 0.9235748052597046], "frame_33": [0.6311609148979187, 0.39479586482048035, 0.055162809789180756, 0.050443097949028015, 0.6448174118995667, 0.3587494194507599, 0.03643340989947319, 0.037931401282548904, 0.827024519443512], "frame_34": [0.6281882524490356, 0.3959851562976837, 0.0512305349111557, 0.05045555904507637, 0.6434237360954285, 0.33475103974342346, 0.03544332832098007, 0.038246218115091324, 0.8996592164039612], "frame_35": [0.6288565993309021, 0.39438509941101074, 0.0508243553340435, 0.052090030163526535, 0.643104612827301, 0.312036395072937, 0.033696576952934265, 0.035239219665527344, 0.9117295145988464], "frame_36": [0.631299614906311, 0.3947586119174957, 0.046700455248355865, 0.0509229451417923, 0.6423436403274536, 0.29141515493392944, 0.03431663662195206, 0.03628673404455185, 0.8974551558494568], "frame_37": [0.6309979557991028, 0.3970363140106201, 0.04619484022259712, 0.04831250384449959, 0.6419373154640198, 0.2729904353618622, 0.03239000216126442, 0.03553937375545502, 0.8582896590232849], "frame_38": [0.6306442022323608, 0.39709123969078064, 0.049016572535037994, 0.04862861707806587, 0.641498327255249, 0.25574058294296265, 0.03238961845636368, 0.03544989600777626, 0.8327956199645996], "frame_39": [0.6301193237304688, 0.3967452943325043, 0.049834441393613815, 0.04832776263356209, 0.6401092410087585, 0.24180179834365845, 0.031588152050971985, 0.0334506556391716, 0.7712135314941406],