{"frame_0": [0.628555953502655, 0.3987973630428314, 0.04986237362027168, 0.04909621179103851, 0.6309590339660645, 0.483632355928421, 0.020368024706840515, 0.02501814067363739, 0.0], "frame_1": [0.6281058192253113, 0.39859306812286377, 0.04881523922085762, 0.049163732677698135, 0.6309590339660645, 0.483632355928421, 0.020368024706840515, 0.02501814067363739, 0.0], "frame_2": [0.6281464099884033, 0.39860039949417114, 0.048795320093631744, 0.04920366033911705, 0.6309590339660645, 0.483632355928421, 0.020368024706840515, 0.02501814067363739, 0.0], "frame_3": [0.6281189918518066, 0.39859145879745483, 0.04878997802734375, 0.04914385452866554, 0.6309590339660645, 0.483632355928421, 0.020368024706840515, 0.02501814067363739, 0.0], "frame_4": [0.6281691789627075, 0.39859312772750854, 0.04860755056142807, 0.04913800582289696, 0.6309590339660645, 0.483632355928421, 0.020368024706840515, 0.02501814067363739, 0.0], "frame_5": [0.6281441450119019, 0.39853736758232117, 0.04854125902056694, 0.0492926687002182, 0.6309590339660645, 0.483632355928421, 0.020368024706840515, 0.02501814067363739, 0.0], "frame_6": [0.6281433701515198, 0.39854151010513306, 0.04852888360619545, 0.04928406700491905, 0.989208996295929, 0.5610814690589905, 0.02151607908308506, 0.03298149257898331, 0.0], "frame_7": [0.6281519532203674, 0.39855363965034485, 0.04845322668552399, 0.04923371225595474, 0.9831936359405518, 0.5601711273193359, 0.031755488365888596, 0.0328080914914608, 0.0], "frame_8": [0.6282186508178711, 0.39844024181365967, 0.04822112247347832, 0.049267493188381195, 0.9754101037979126, 0.56145840883255, 0.034925248473882675, 0.03193728253245354, 0.0], "frame_9": [0.6282356381416321, 0.3984392285346985, 0.04820793867111206, 0.04928148165345192, 0.966015636920929, 0.5644360780715942, 0.03228488564491272, 0.03285255283117294, 0.0], "frame_10": [0.6281870603561401, 0.3984166383743286, 0.04825477674603462, 0.04921875149011612, 0.9576787948608398, 0.5667479038238525, 0.03290422260761261, 0.03136533126235008, 0.0], "frame_11": [0.6281768083572388, 0.3983621895313263, 0.04831695556640625, 0.04908684641122818, 0.9460903406143188, 0.5709473490715027, 0.028074221685528755, 0.030911339446902275, 0.0], "frame_12": [0.6281353235244751, 0.39822399616241455, 0.0476888008415699, 0.04921213909983635, 0.9460903406143188, 0.5709473490715027, 0.028074221685528755, 0.030911339446902275, 0.7188988924026489], "frame_13": [0.6281037330627441, 0.3982292711734772, 0.04763145372271538, 0.049244098365306854, 0.9460903406143188, 0.5709473490715027, 0.028074221685528755, 0.030911339446902275, 0.0], "frame_14": [0.6281294822692871, 0.3982154428958893, 0.04778747633099556, 0.04923536628484726, 0.9163703322410583, 0.5740890502929688, 0.02440643310546875, 0.034607697278261185, 0.0], "frame_15": [0.6281421780586243, 0.3982231616973877, 0.047795359045267105, 0.04915941134095192, 0.9059617519378662, 0.5686554312705994, 0.02419925294816494, 0.032656606286764145, 0.0], "frame_16": [0.6281349062919617, 0.39825311303138733, 0.047814179211854935, 0.04921378940343857, 0.8935546875, 0.5575225949287415, 0.02646060474216938, 0.03105299174785614, 0.0], "frame_17": [0.6281436681747437, 0.3982600271701813, 0.047838762402534485, 0.049232736229896545, 0.8935546875, 0.5575225949287415, 0.02646060474216938, 0.03105299174785614, 0.0], "frame_18": [0.6282125115394592, 0.39823973178863525, 0.04817809909582138, 0.04898177087306976, 0.8935546875, 0.5575225949287415, 0.02646060474216938, 0.03105299174785614, 0.754319429397583], "frame_19": [0.6281929016113281, 0.3983108401298523, 0.04802941158413887, 0.04897329583764076, 0.8935546875, 0.5575225949287415, 0.02646060474216938, 0.03105299174785614, 0.8079087138175964], "frame_20": [0.6281671524047852, 0.39829084277153015, 0.048015594482421875, 0.04898948594927788, 0.8846338987350464, 0.4856044352054596, 0.0319959856569767, 0.03262129798531532, 0.7881065011024475], "frame_21": [0.6281564235687256, 0.3982883095741272, 0.04793578386306763, 0.048958588391542435, 0.8932778239250183, 0.47387152910232544, 0.03188001736998558, 0.03369348496198654, 0.8107511401176453], "frame_22": [0.6281996965408325, 0.3982795774936676, 0.048004150390625, 0.048960112035274506, 0.8977624773979187, 0.4664132297039032, 0.03426394984126091, 0.035620033740997314, 0.7894349694252014], "frame_23": [0.6282076239585876, 0.3982132375240326, 0.04788636043667793, 0.048989273607730865, 0.9013230800628662, 0.4611209034919739, 0.034955598413944244, 0.033018577843904495, 0.716445803642273], "frame_24": [0.6281999349594116, 0.39825236797332764, 0.047963716089725494, 0.04908192902803421, 0.9012754559516907, 0.454787015914917, 0.035429805517196655, 0.03319740295410156, 0.72818523645401], "frame_25": [0.6282091736793518, 0.3982538878917694, 0.04794417321681976, 0.04906925559043884, 0.8986741900444031, 0.4477996826171875, 0.0331759974360466, 0.03187120333313942, 0.8631346821784973], "frame_26": [0.6282179355621338, 0.39826565980911255, 0.04796392470598221, 0.04906722158193588, 0.8939158320426941, 0.4419136941432953, 0.032372284680604935, 0.033809490501880646, 0.7234807014465332], "frame_27": [0.6281991600990295, 0.3982542157173157, 0.04783498868346214, 0.04899762570858002, 0.8875866532325745, 0.43338310718536377, 0.035038333386182785, 0.03531447425484657, 0.6854900121688843], "frame_28": [0.6282581090927124, 0.39829498529434204, 0.04801063612103462, 0.04910706356167793, 0.8791329860687256, 0.4217168986797333, 0.03710801899433136, 0.03596840053796768, 0.9747671484947205], "frame_29": [0.6281530857086182, 0.3983313739299774, 0.0480848103761673, 0.04927927628159523, 0.8713909387588501, 0.41163864731788635, 0.035795338451862335, 0.03990711644291878, 0.5891634225845337], "frame_30": [0.6282204389572144, 0.3983475863933563, 0.048381976783275604, 0.04931250587105751, 0.8650661706924438, 0.3867296874523163, 0.027191586792469025, 0.027332263067364693, 0.8817000985145569], "frame_31": [0.6282817125320435, 0.3983391523361206, 0.048076629638671875, 0.04950133338570595, 0.8539838790893555, 0.3687190115451813, 0.027289411053061485, 0.03000621870160103, 0.7808148860931396], "frame_32": [0.6280137896537781, 0.3980793356895447, 0.04774267226457596, 0.04940478131175041, 0.843233048915863, 0.35253074765205383, 0.024457210674881935, 0.03008403815329075, 0.9201914072036743], "frame_33": [0.6279871463775635, 0.3981356620788574, 0.04806997627019882, 0.0494164377450943, 0.8334693908691406, 0.3363642394542694, 0.02343258261680603, 0.02775283344089985, 0.8716123700141907], "frame_34": [0.6279786229133606, 0.39816564321517944, 0.048178695142269135, 0.04947386682033539, 0.8226903080940247, 0.32346636056900024, 0.024535369127988815, 0.028824424371123314, 0.8565179109573364], "frame_35": [0.6280245184898376, 0.3982483744621277, 0.04822968319058418, 0.049542829394340515, 0.811560332775116, 0.31275278329849243, 0.02431504987180233, 0.03070240095257759, 0.8077378869056702], "frame_36": [0.6279329657554626, 0.39820396900177, 0.04798384755849838, 0.04984787851572037, 0.8010155558586121, 0.30215704441070557, 0.02539622038602829, 0.026835760101675987, 0.7640427350997925], "frame_37": [0.6279359459877014, 0.3981999158859253, 0.04802190884947777, 0.049835797399282455, 0.79071444272995, 0.2958194613456726, 0.02514614537358284, 0.029625510796904564, 0.8897300958633423], "frame_38": [0.6278811097145081, 0.3981870412826538, 0.04782354459166527, 0.049850039184093475, 0.7808862328529358, 0.2882998585700989, 0.02596113458275795, 0.029824214056134224, 0.9651732444763184], "frame_39": [0.627918541431427, 0.39824023842811584, 0.047922514379024506, 0.04992544278502464, 0.77092045545578, 0.2823887765407562, 0.025908660143613815, 0.028318976983428, 0.9418189525604248], "frame_40": [0.6279453039169312, 0.39823171496391296, 0.04795684665441513, 0.049908533692359924, 0.7611363530158997, 0.28030624985694885, 0.02630157396197319, 0.028838815167546272, 0.979999840259552],