{"frame_0": [0.6304035782814026, 0.3945190906524658, 0.04996659979224205, 0.05053507536649704, 0.4627452790737152, 0.5635784268379211, 0.018982866778969765, 0.018822310492396355, 0.0], "frame_1": [0.6304426193237305, 0.3942832052707672, 0.04959576949477196, 0.04888589680194855, 0.46405935287475586, 0.5639194846153259, 0.018193351104855537, 0.01881696842610836, 0.0], "frame_2": [0.6303253769874573, 0.39438167214393616, 0.04949607700109482, 0.04899173229932785, 0.465331107378006, 0.5622785687446594, 0.018158510327339172, 0.019589783623814583, 0.0], "frame_3": [0.6303785443305969, 0.39442673325538635, 0.04945411533117294, 0.048977408558130264, 0.4662032127380371, 0.5587184429168701, 0.019418885931372643, 0.022182464599609375, 0.6624913811683655], "frame_4": [0.6303495168685913, 0.3944297432899475, 0.04935913160443306, 0.04897579550743103, 0.4669124484062195, 0.5550068020820618, 0.018811967223882675, 0.02169494703412056, 0.0], "frame_5": [0.6303381323814392, 0.3944395184516907, 0.04945564270019531, 0.049029454588890076, 0.466760516166687, 0.5506548285484314, 0.018511582165956497, 0.020332040265202522, 0.6391420960426331], "frame_6": [0.6303567886352539, 0.39449650049209595, 0.04951879754662514, 0.04909807816147804, 0.466760516166687, 0.5506548285484314, 0.018511582165956497, 0.020332040265202522, 0.0], "frame_7": [0.6303919553756714, 0.3945346474647522, 0.04955423250794411, 0.04903975501656532, 0.466760516166687, 0.5506548285484314, 0.018511582165956497, 0.020332040265202522, 0.0], "frame_8": [0.630412220954895, 0.3945200741291046, 0.04959509149193764, 0.04900160804390907, 0.466760516166687, 0.5506548285484314, 0.018511582165956497, 0.020332040265202522, 0.0], "frame_9": [0.6303859949111938, 0.39451637864112854, 0.049525365233421326, 0.04902394488453865, 0.466760516166687, 0.5506548285484314, 0.018511582165956497, 0.020332040265202522, 0.0], "frame_10": [0.630403995513916, 0.3946005403995514, 0.04956779628992081, 0.049117278307676315, 0.466760516166687, 0.5506548285484314, 0.018511582165956497, 0.020332040265202522, 0.0], "frame_11": [0.6304283738136292, 0.39443445205688477, 0.04940778762102127, 0.04913546144962311, 0.466760516166687, 0.5506548285484314, 0.018511582165956497, 0.020332040265202522, 0.5405406355857849], "frame_12": [0.6305694580078125, 0.3944510519504547, 0.048212431371212006, 0.04902619123458862, 0.466760516166687, 0.5506548285484314, 0.018511582165956497, 0.020332040265202522, 0.5669967532157898], "frame_13": [0.6305686831474304, 0.3944501280784607, 0.0482177734375, 0.04903288930654526, 0.466760516166687, 0.5506548285484314, 0.018511582165956497, 0.020332040265202522, 0.0], "frame_14": [0.6305773258209229, 0.3944459557533264, 0.0482492670416832, 0.04903441667556763, 0.466760516166687, 0.5506548285484314, 0.018511582165956497, 0.020332040265202522, 0.0], "frame_15": [0.6305481195449829, 0.3944632112979889, 0.048150550574064255, 0.049076590687036514, 0.466760516166687, 0.5506548285484314, 0.018511582165956497, 0.020332040265202522, 0.0], "frame_16": [0.6305158734321594, 0.3944317698478699, 0.04808235168457031, 0.04908667504787445, 0.466760516166687, 0.5506548285484314, 0.018511582165956497, 0.020332040265202522, 0.0], "frame_17": [0.6305097937583923, 0.39443254470825195, 0.04810752719640732, 0.049121856689453125, 0.466760516166687, 0.5506548285484314, 0.018511582165956497, 0.020332040265202522, 0.0], "frame_18": [0.6305230259895325, 0.3944304883480072, 0.04810044914484024, 0.049125079065561295, 0.466760516166687, 0.5506548285484314, 0.018511582165956497, 0.020332040265202522, 0.0], "frame_19": [0.6305853128433228, 0.39440950751304626, 0.0481119379401207, 0.049136944115161896, 0.466760516166687, 0.5506548285484314, 0.018511582165956497, 0.020332040265202522, 0.0], "frame_20": [0.6306427717208862, 0.39447274804115295, 0.04813948646187782, 0.04925278574228287, 0.466760516166687, 0.5506548285484314, 0.018511582165956497, 0.020332040265202522, 0.7643646001815796], "frame_21": [0.6305980682373047, 0.3944518268108368, 0.048058148473501205, 0.04921107739210129, 0.466760516166687, 0.5506548285484314, 0.018511582165956497, 0.020332040265202522, 0.7689300775527954], "frame_22": [0.6305796504020691, 0.39449208974838257, 0.04799431562423706, 0.04920234531164169, 0.466760516166687, 0.5506548285484314, 0.018511582165956497, 0.020332040265202522, 0.7246352434158325], "frame_23": [0.630635142326355, 0.3947388529777527, 0.047991011291742325, 0.049561310559511185, 0.466760516166687, 0.5506548285484314, 0.018511582165956497, 0.020332040265202522, 0.77104651927948], "frame_24": [0.6306896805763245, 0.39475691318511963, 0.04905937984585762, 0.04917318373918533, 0.466760516166687, 0.5506548285484314, 0.018511582165956497, 0.020332040265202522, 0.8228952884674072], "frame_25": [0.6306970119476318, 0.3947717547416687, 0.04907273128628731, 0.04919064790010452, 0.466760516166687, 0.5506548285484314, 0.018511582165956497, 0.020332040265202522, 0.0], "frame_26": [0.6306805610656738, 0.39477697014808655, 0.049038104712963104, 0.04920399934053421, 0.466760516166687, 0.5506548285484314, 0.018511582165956497, 0.020332040265202522, 0.0], "frame_27": [0.6306881904602051, 0.3947827219963074, 0.049031153321266174, 0.04919162392616272, 0.466760516166687, 0.5506548285484314, 0.018511582165956497, 0.020332040265202522, 0.0], "frame_28": [0.6306608319282532, 0.39478230476379395, 0.04898202791810036, 0.04924943670630455, 0.466760516166687, 0.5506548285484314, 0.018511582165956497, 0.020332040265202522, 0.0], "frame_29": [0.6306679248809814, 0.39479267597198486, 0.049037083983421326, 0.04920455068349838, 0.466760516166687, 0.5506548285484314, 0.018511582165956497, 0.020332040265202522, 0.0], "frame_30": [0.6306314468383789, 0.39478784799575806, 0.04902153089642525, 0.04929856210947037, 0.4906989336013794, 0.39088693261146545, 0.027512148022651672, 0.026837369427084923, 0.0], "frame_31": [0.6306190490722656, 0.39478182792663574, 0.048825837671756744, 0.04927605390548706, 0.49517107009887695, 0.37708985805511475, 0.0187547467648983, 0.022315215319395065, 0.0], "frame_32": [0.6305716633796692, 0.39480629563331604, 0.04900076240301132, 0.049325477331876755, 0.5020488500595093, 0.3690406084060669, 0.019318770617246628, 0.024515237659215927, 0.0], "frame_33": [0.6305449604988098, 0.3947843015193939, 0.04900665208697319, 0.049375493079423904, 0.5064996480941772, 0.36234986782073975, 0.021361541002988815, 0.025231467559933662, 0.7011384963989258], "frame_34": [0.6306244134902954, 0.394821435213089, 0.04919908195734024, 0.049481965601444244, 0.5132831931114197, 0.3538246154785156, 0.02013109065592289, 0.0238389540463686, 0.6831717491149902], "frame_35": [0.6306681036949158, 0.39480412006378174, 0.04928025230765343, 0.04953278601169586, 0.5198375582695007, 0.347406268119812, 0.021168602630496025, 0.02375795505940914, 0.0], "frame_36": [0.6304305791854858, 0.39456838369369507, 0.04864845424890518, 0.04949226230382919, 0.5248191952705383, 0.3434743881225586, 0.022954177111387253, 0.027522575110197067, 0.0], "frame_37": [0.6304138898849487, 0.39453887939453125, 0.048602886497974396, 0.04942389577627182, 0.5296881198883057, 0.33929944038391113, 0.028208795934915543, 0.030754471197724342, 0.0], "frame_38": [0.6304512023925781, 0.3946168124675751, 0.048648323863744736, 0.049666933715343475, 0.5402294993400574, 0.33582377433776855, 0.021428002044558525, 0.02833186276257038, 0.0], "frame_39": [0.6304066777229309, 0.39464670419692993, 0.048560164868831635, 0.04973428696393967, 0.5445359349250793, 0.3340584933757782, 0.024515364319086075, 0.029295539483428, 0.0], "frame_40": [0.6303431391716003, 0.3945969343185425, 0.04837761074304581, 0.04956664890050888, 0.5445359349250793, 0.3340584933757782, 0.024515364319086075, 0.029295539483428, 0.0], "frame_41": [0.6303309202194214, 0.3946095407009125, 0.04842431843280792, 0.04953613132238388, 0.5445359349250793, 0.3340584933757782, 0.024515364319086075, 0.029295539483428, 0.0],