{"frame_0": [0.6308798789978027, 0.39520102739334106, 0.05068626254796982, 0.05078205466270447, 0.29132574796676636, 0.5527818202972412, 0.021787643432617188, 0.025792311877012253, 0.6332182884216309], "frame_1": [0.6305773854255676, 0.3953125774860382, 0.050299156457185745, 0.050015639513731, 0.29550984501838684, 0.5511152744293213, 0.02200264483690262, 0.025655152276158333, 0.4961341619491577], "frame_2": [0.6306145787239075, 0.39537277817726135, 0.05038011446595192, 0.05008583143353462, 0.30012330412864685, 0.550605833530426, 0.02193046174943447, 0.02555830217897892, 0.45036473870277405], "frame_3": [0.6306714415550232, 0.39544594287872314, 0.05060768127441406, 0.04997440055012703, 0.3086116909980774, 0.5507019758224487, 0.02366199530661106, 0.02784508652985096, 0.42883431911468506], "frame_4": [0.6306846737861633, 0.39544677734375, 0.05067223310470581, 0.04999843239784241, 0.3150588870048523, 0.5538939833641052, 0.025294410064816475, 0.028449460864067078, 0.4853695034980774], "frame_5": [0.6307216882705688, 0.3955288827419281, 0.05057372897863388, 0.050073664635419846, 0.3208843767642975, 0.5576964616775513, 0.025271987542510033, 0.027289031073451042, 0.49872544407844543], "frame_6": [0.6307465434074402, 0.39559823274612427, 0.050725385546684265, 0.050036534667015076, 0.32745087146759033, 0.5617208480834961, 0.02276596426963806, 0.026713095605373383, 0.540890634059906], "frame_7": [0.6308360695838928, 0.3954423666000366, 0.05070076137781143, 0.05003556236624718, 0.3322868049144745, 0.5658069849014282, 0.021784888580441475, 0.024518415331840515, 0.640722930431366], "frame_8": [0.6308346390724182, 0.3955785930156708, 0.05082465335726738, 0.0499325655400753, 0.33790937066078186, 0.5671775341033936, 0.022893141955137253, 0.025940874591469765, 0.7114365100860596], "frame_9": [0.6308357119560242, 0.39551085233688354, 0.050858307629823685, 0.04990018159151077, 0.34345054626464844, 0.5673922300338745, 0.02187703363597393, 0.02522888220846653, 0.7453009486198425], "frame_10": [0.6308702230453491, 0.3954170346260071, 0.05086517333984375, 0.04972495883703232, 0.3488166928291321, 0.5668553113937378, 0.02159900590777397, 0.02411939762532711, 0.7522581815719604], "frame_11": [0.6308799982070923, 0.39541125297546387, 0.05091942846775055, 0.04972453787922859, 0.35486337542533875, 0.5640898942947388, 0.022411050274968147, 0.023661423474550247, 0.7647577524185181], "frame_12": [0.6312379837036133, 0.39539605379104614, 0.0500667579472065, 0.049432627856731415, 0.3612130582332611, 0.559233546257019, 0.022879770025610924, 0.025102827697992325, 0.7564466595649719], "frame_13": [0.6312442421913147, 0.3954141438007355, 0.05008048936724663, 0.04944758862257004, 0.3670518696308136, 0.5542999505996704, 0.022239897400140762, 0.02514868788421154, 0.7559146881103516], "frame_14": [0.631256639957428, 0.3953956067562103, 0.05007752403616905, 0.049440424889326096, 0.372489333152771, 0.546108603477478, 0.023675493896007538, 0.02573089674115181, 0.7981469035148621], "frame_15": [0.6312555074691772, 0.3953337073326111, 0.050032805651426315, 0.04939672723412514, 0.372489333152771, 0.546108603477478, 0.023675493896007538, 0.02573089674115181, 0.829175591468811], "frame_16": [0.6312402486801147, 0.3953569233417511, 0.04998274892568588, 0.04946191608905792, 0.372489333152771, 0.546108603477478, 0.023675493896007538, 0.02573089674115181, 0.796441376209259], "frame_17": [0.6311333775520325, 0.3952540159225464, 0.04979383572936058, 0.04941575974225998, 0.372489333152771, 0.546108603477478, 0.023675493896007538, 0.02573089674115181, 0.7936936020851135], "frame_18": [0.6310850381851196, 0.39529138803482056, 0.04975488409399986, 0.049591064453125, 0.372489333152771, 0.546108603477478, 0.023675493896007538, 0.02573089674115181, 0.7010655999183655], "frame_19": [0.631109356880188, 0.39527198672294617, 0.04975946247577667, 0.04955868050456047, 0.372489333152771, 0.546108603477478, 0.023675493896007538, 0.02573089674115181, 0.7342850565910339], "frame_20": [0.6310440301895142, 0.39526018500328064, 0.04964311420917511, 0.04957237094640732, 0.372489333152771, 0.546108603477478, 0.023675493896007538, 0.02573089674115181, 0.7752661108970642], "frame_21": [0.6310609579086304, 0.39527010917663574, 0.0496683344244957, 0.049570634961128235, 0.372489333152771, 0.546108603477478, 0.023675493896007538, 0.02573089674115181, 0.803382158279419], "frame_22": [0.6310672760009766, 0.3952897787094116, 0.049785103648900986, 0.0495748296380043, 0.372489333152771, 0.546108603477478, 0.023675493896007538, 0.02573089674115181, 0.7393845319747925], "frame_23": [0.6310834884643555, 0.395305335521698, 0.04983499273657799, 0.04960852861404419, 0.372489333152771, 0.546108603477478, 0.023675493896007538, 0.02573089674115181, 0.7633630633354187], "frame_24": [0.6312050819396973, 0.3953857421875, 0.050157759338617325, 0.04925693944096565, 0.372489333152771, 0.546108603477478, 0.023675493896007538, 0.02573089674115181, 0.7533835172653198], "frame_25": [0.6312088966369629, 0.3953763246536255, 0.050165727734565735, 0.04925846680998802, 0.372489333152771, 0.546108603477478, 0.023675493896007538, 0.02573089674115181, 0.6289212107658386], "frame_26": [0.631199836730957, 0.3953680992126465, 0.05015508830547333, 0.04922269284725189, 0.372489333152771, 0.546108603477478, 0.023675493896007538, 0.02573089674115181, 0.650144100189209], "frame_27": [0.6312159299850464, 0.3953881561756134, 0.050201416015625, 0.049217138439416885, 0.372489333152771, 0.546108603477478, 0.023675493896007538, 0.02573089674115181, 0.7342115044593811], "frame_28": [0.6312344670295715, 0.3953932821750641, 0.05025138705968857, 0.049200356006622314, 0.372489333152771, 0.546108603477478, 0.023675493896007538, 0.02573089674115181, 0.6928617358207703], "frame_29": [0.6312833428382874, 0.3953438699245453, 0.05020493268966675, 0.04934302344918251, 0.372489333152771, 0.546108603477478, 0.023675493896007538, 0.02573089674115181, 0.7513206601142883], "frame_30": [0.6312808394432068, 0.3952057659626007, 0.049874961376190186, 0.049391768872737885, 0.36694252490997314, 0.41629016399383545, 0.020222431048750877, 0.026227569207549095, 0.7387974858283997], "frame_31": [0.6312086582183838, 0.395342081785202, 0.0500003807246685, 0.04932365566492081, 0.36694252490997314, 0.41629016399383545, 0.020222431048750877, 0.026227569207549095, 0.7581493854522705], "frame_32": [0.6312856078147888, 0.39523524045944214, 0.0498477928340435, 0.049382273107767105, 0.36694252490997314, 0.41629016399383545, 0.020222431048750877, 0.026227569207549095, 0.7395575642585754], "frame_33": [0.6312880516052246, 0.3952333331108093, 0.04979858547449112, 0.04938621446490288, 0.36694252490997314, 0.41629016399383545, 0.020222431048750877, 0.026227569207549095, 0.6897385120391846], "frame_34": [0.6313031315803528, 0.3952355980873108, 0.04981214553117752, 0.049304962158203125, 0.36694252490997314, 0.41629016399383545, 0.020222431048750877, 0.026227569207549095, 0.6647466421127319], "frame_35": [0.6312914490699768, 0.3952355980873108, 0.04977896064519882, 0.049304962158203125, 0.36694252490997314, 0.41629016399383545, 0.020222431048750877, 0.026227569207549095, 0.5515009164810181], "frame_36": [0.6310840845108032, 0.3953598737716675, 0.050020769238471985, 0.04935917258262634, 0.36694252490997314, 0.41629016399383545, 0.020222431048750877, 0.026227569207549095, 0.6151207089424133], "frame_37": [0.6311061382293701, 0.39537668228149414, 0.05009040981531143, 0.04940371960401535, 0.36694252490997314, 0.41629016399383545, 0.020222431048750877, 0.026227569207549095, 0.6199595332145691], "frame_38": [0.6310531497001648, 0.39535945653915405, 0.049959562718868256, 0.04935501888394356, 0.36694252490997314, 0.41629016399383545, 0.020222431048750877, 0.026227569207549095, 0.6444137096405029], "frame_39": [0.631016731262207, 0.39534521102905273, 0.0499342605471611, 0.0493156872689724, 0.4860149025917053, 0.33672094345092773, 0.021161269396543503, 0.02445812150835991, 0.5943724513053894],