{"frame_0": [0.630022406578064, 0.39637112617492676, 0.04929504543542862, 0.049981605261564255, 0.6320225596427917, 0.6292795538902283, 0.016655901446938515, 0.030443361029028893, 0.8404108285903931], "frame_1": [0.6297414898872375, 0.3967180848121643, 0.05040567368268967, 0.0501699224114418, 0.6320225596427917, 0.6292795538902283, 0.016655901446938515, 0.030443361029028893, 0.8398985862731934], "frame_2": [0.6297253966331482, 0.3967752754688263, 0.05037345737218857, 0.050077226012945175, 0.6320225596427917, 0.6292795538902283, 0.016655901446938515, 0.030443361029028893, 0.8447350859642029], "frame_3": [0.6297531723976135, 0.3967793881893158, 0.050381850451231, 0.05016619339585304, 0.6320225596427917, 0.6292795538902283, 0.016655901446938515, 0.030443361029028893, 0.901045024394989], "frame_4": [0.6297528743743896, 0.3967331051826477, 0.05022735521197319, 0.05011024326086044, 0.6320225596427917, 0.6292795538902283, 0.016655901446938515, 0.030443361029028893, 0.9272550940513611], "frame_5": [0.6297796368598938, 0.39674046635627747, 0.05012304335832596, 0.05008184537291527, 0.6320225596427917, 0.6292795538902283, 0.016655901446938515, 0.030443361029028893, 0.9317058324813843], "frame_6": [0.6298732757568359, 0.396692156791687, 0.05035468190908432, 0.04997986555099487, 0.6320225596427917, 0.6292795538902283, 0.016655901446938515, 0.030443361029028893, 0.932554304599762], "frame_7": [0.6298666000366211, 0.39668527245521545, 0.05052985996007919, 0.05003649368882179, 0.6320225596427917, 0.6292795538902283, 0.016655901446938515, 0.030443361029028893, 0.927908718585968], "frame_8": [0.6298774480819702, 0.39668434858322144, 0.050523459911346436, 0.05000792443752289, 0.6320225596427917, 0.6292795538902283, 0.016655901446938515, 0.030443361029028893, 0.9306791424751282], "frame_9": [0.630037784576416, 0.3966900408267975, 0.05044670030474663, 0.04992654547095299, 0.6320225596427917, 0.6292795538902283, 0.016655901446938515, 0.030443361029028893, 0.9264350533485413], "frame_10": [0.6300715208053589, 0.3967110216617584, 0.05058123171329498, 0.04993896558880806, 0.6320225596427917, 0.6292795538902283, 0.016655901446938515, 0.030443361029028893, 0.9081567525863647], "frame_11": [0.6300992369651794, 0.3967020809650421, 0.05061988905072212, 0.0499521903693676, 0.6320225596427917, 0.6292795538902283, 0.016655901446938515, 0.030443361029028893, 0.9025475382804871], "frame_12": [0.629879355430603, 0.39698919653892517, 0.050403766334056854, 0.049452293664216995, 0.6320225596427917, 0.6292795538902283, 0.016655901446938515, 0.030443361029028893, 0.9141921401023865], "frame_13": [0.6298773884773254, 0.3970009684562683, 0.05040473863482475, 0.04947598651051521, 0.6320225596427917, 0.6292795538902283, 0.016655901446938515, 0.030443361029028893, 0.9223767518997192], "frame_14": [0.6298871040344238, 0.39701393246650696, 0.050440385937690735, 0.04949607700109482, 0.6320225596427917, 0.6292795538902283, 0.016655901446938515, 0.030443361029028893, 0.9256229996681213], "frame_15": [0.6298593878746033, 0.39698582887649536, 0.05037117004394531, 0.049470774829387665, 0.6320225596427917, 0.6292795538902283, 0.016655901446938515, 0.030443361029028893, 0.9246031641960144], "frame_16": [0.6299713253974915, 0.39701130986213684, 0.0505693219602108, 0.04943114519119263, 0.6320225596427917, 0.6292795538902283, 0.016655901446938515, 0.030443361029028893, 0.8971158862113953], "frame_17": [0.6299854516983032, 0.3970162570476532, 0.050511762499809265, 0.049446869641542435, 0.6320225596427917, 0.6292795538902283, 0.016655901446938515, 0.030443361029028893, 0.8044980764389038], "frame_18": [0.6299600601196289, 0.39700308442115784, 0.05041762441396713, 0.04941596835851669, 0.6320225596427917, 0.6292795538902283, 0.016655901446938515, 0.030443361029028893, 0.7786027193069458], "frame_19": [0.6299915909767151, 0.3968071937561035, 0.050284575670957565, 0.04953935369849205, 0.6320225596427917, 0.6292795538902283, 0.016655901446938515, 0.030443361029028893, 0.6923931241035461], "frame_20": [0.6298766136169434, 0.39691823720932007, 0.050193022936582565, 0.049417197704315186, 0.6320225596427917, 0.6292795538902283, 0.016655901446938515, 0.030443361029028893, 0.6481503248214722], "frame_21": [0.62982577085495, 0.39691686630249023, 0.05013483017683029, 0.049420252442359924, 0.6320225596427917, 0.6292795538902283, 0.016655901446938515, 0.030443361029028893, 0.6978318691253662], "frame_22": [0.6298256516456604, 0.39691781997680664, 0.05023040622472763, 0.04939765855669975, 0.6320225596427917, 0.6292795538902283, 0.016655901446938515, 0.030443361029028893, 0.5152295231819153], "frame_23": [0.6298243403434753, 0.39693790674209595, 0.05023553594946861, 0.04941927641630173, 0.17993371188640594, 0.48358434438705444, 0.02712707594037056, 0.028761843219399452, 0.5232681035995483], "frame_24": [0.6299076676368713, 0.39704927802085876, 0.050468698143959045, 0.049451109021902084, 0.16875553131103516, 0.4754636883735657, 0.02723914198577404, 0.029155096039175987, 0.45391812920570374], "frame_25": [0.6299059391021729, 0.3970367908477783, 0.0504634864628315, 0.04944152757525444, 0.16039234399795532, 0.4705866575241089, 0.027344482019543648, 0.027263345196843147, 0.4238278865814209], "frame_26": [0.6299037933349609, 0.3970355689525604, 0.05046539381146431, 0.04942931979894638, 0.16039234399795532, 0.4705866575241089, 0.027344482019543648, 0.027263345196843147, 0.49819839000701904], "frame_27": [0.6299081444740295, 0.39703017473220825, 0.05046891048550606, 0.049414824694395065, 0.16039234399795532, 0.4705866575241089, 0.027344482019543648, 0.027263345196843147, 0.5959386825561523], "frame_28": [0.6299185752868652, 0.39702436327934265, 0.050478745251894, 0.04941011965274811, 0.16039234399795532, 0.4705866575241089, 0.027344482019543648, 0.027263345196843147, 0.5716772675514221], "frame_29": [0.6299081444740295, 0.3970375955104828, 0.05045471340417862, 0.049442969262599945, 0.16039234399795532, 0.4705866575241089, 0.027344482019543648, 0.027263345196843147, 0.5810037851333618], "frame_30": [0.6298866271972656, 0.3969671130180359, 0.050446320325136185, 0.049310896545648575, 0.15892145037651062, 0.4322187304496765, 0.024186016991734505, 0.02489623986184597, 0.49768275022506714], "frame_31": [0.6299094557762146, 0.3969736695289612, 0.05047721788287163, 0.04932526499032974, 0.15892145037651062, 0.4322187304496765, 0.024186016991734505, 0.02489623986184597, 0.5751116871833801], "frame_32": [0.6299129724502563, 0.3969584107398987, 0.0504659004509449, 0.04932619631290436, 0.18464866280555725, 0.3966653048992157, 0.02311231754720211, 0.02612609788775444, 0.7314028143882751], "frame_33": [0.6299657821655273, 0.39698487520217896, 0.05049764737486839, 0.04940757900476456, 0.20200999081134796, 0.3792256712913513, 0.024882126599550247, 0.027186203747987747, 0.7152032256126404], "frame_34": [0.6300078630447388, 0.3969194293022156, 0.050634004175662994, 0.04945326969027519, 0.2201424539089203, 0.3628411293029785, 0.024224577471613884, 0.0267800223082304, 0.7225589156150818], "frame_35": [0.6300498843193054, 0.39692747592926025, 0.05059441551566124, 0.04944775998592377, 0.2377571165561676, 0.3473702669143677, 0.024604331701993942, 0.028381643816828728, 0.7163830995559692], "frame_36": [0.6301059126853943, 0.3969455659389496, 0.050744034349918365, 0.04946746677160263, 0.253162145614624, 0.33320075273513794, 0.022223323583602905, 0.027265654876828194, 0.7210438847541809], "frame_37": [0.6300932168960571, 0.396952360868454, 0.05073042958974838, 0.049503326416015625, 0.27180883288383484, 0.3214103579521179, 0.024380408227443695, 0.02757701836526394, 0.7429083585739136], "frame_38": [0.630070686340332, 0.3969760537147522, 0.05070779472589493, 0.04953761771321297, 0.2881767153739929, 0.3092368543148041, 0.025807062163949013, 0.028134917840361595, 0.7633230090141296],