{"frame_0": [0.6303539872169495, 0.39786338806152344, 0.049776457250118256, 0.048248291015625, 0.6242864727973938, 0.4160623252391815, 0.020958498120307922, 0.019907591864466667, 0.9256762266159058], "frame_1": [0.6301478147506714, 0.3977177143096924, 0.04970614239573479, 0.04884300380945206, 0.6242864727973938, 0.4160623252391815, 0.020958498120307922, 0.019907591864466667, 0.9629899859428406], "frame_2": [0.6298317909240723, 0.39772117137908936, 0.049311235547065735, 0.04881095886230469, 0.6242864727973938, 0.4160623252391815, 0.020958498120307922, 0.019907591864466667, 0.9660621285438538], "frame_3": [0.6302257776260376, 0.3977477252483368, 0.048972491174936295, 0.04878586530685425, 0.6242864727973938, 0.4160623252391815, 0.020958498120307922, 0.019907591864466667, 0.9740824699401855], "frame_4": [0.6301578283309937, 0.39770498871803284, 0.04878120496869087, 0.04883817210793495, 0.6242864727973938, 0.4160623252391815, 0.020958498120307922, 0.019907591864466667, 0.9645965695381165], "frame_5": [0.6301815509796143, 0.39779290556907654, 0.048723772168159485, 0.04866570234298706, 0.6242864727973938, 0.4160623252391815, 0.020958498120307922, 0.019907591864466667, 0.9741268754005432], "frame_6": [0.6302401423454285, 0.39767777919769287, 0.04908697307109833, 0.048740386962890625, 0.6242864727973938, 0.4160623252391815, 0.020958498120307922, 0.019907591864466667, 0.9896977543830872], "frame_7": [0.6299853324890137, 0.39775389432907104, 0.048717498779296875, 0.04872423782944679, 0.6242864727973938, 0.4160623252391815, 0.020958498120307922, 0.019907591864466667, 0.9230099320411682], "frame_8": [0.6300264000892639, 0.39768117666244507, 0.04864349216222763, 0.04879561439156532, 0.6242864727973938, 0.4160623252391815, 0.020958498120307922, 0.019907591864466667, 0.8572752475738525], "frame_9": [0.6300891637802124, 0.3976726233959198, 0.048837874084711075, 0.04867418110370636, 0.6242864727973938, 0.4160623252391815, 0.020958498120307922, 0.019907591864466667, 0.7021239995956421], "frame_10": [0.6300575137138367, 0.3976690471172333, 0.049080826342105865, 0.04872118681669235, 0.6242864727973938, 0.4160623252391815, 0.020958498120307922, 0.019907591864466667, 0.4173470735549927], "frame_11": [0.6300054788589478, 0.3977583050727844, 0.04901228845119476, 0.04887453839182854, 0.6242864727973938, 0.4160623252391815, 0.020958498120307922, 0.019907591864466667, 0.36787381768226624], "frame_12": [0.6298666000366211, 0.3976563811302185, 0.04955914989113808, 0.048581697046756744, 0.6242864727973938, 0.4160623252391815, 0.020958498120307922, 0.019907591864466667, 0.36065077781677246], "frame_13": [0.6298636794090271, 0.3976552188396454, 0.0496121309697628, 0.04859496280550957, 0.6242864727973938, 0.4160623252391815, 0.020958498120307922, 0.019907591864466667, 0.4845224618911743], "frame_14": [0.6298553347587585, 0.397665411233902, 0.04956529289484024, 0.04859517514705658, 0.6242864727973938, 0.4160623252391815, 0.020958498120307922, 0.019907591864466667, 0.33577287197113037], "frame_15": [0.629864513874054, 0.39768800139427185, 0.04961433261632919, 0.048583053052425385, 0.6242864727973938, 0.4160623252391815, 0.020958498120307922, 0.019907591864466667, 0.42054983973503113], "frame_16": [0.6298146843910217, 0.3977140784263611, 0.049584198743104935, 0.0485612228512764, 0.6242864727973938, 0.4160623252391815, 0.020958498120307922, 0.019907591864466667, 0.32644960284233093], "frame_17": [0.6298192143440247, 0.3977229595184326, 0.04950989782810211, 0.04855155944824219, 0.6242864727973938, 0.4160623252391815, 0.020958498120307922, 0.019907591864466667, 0.37795889377593994], "frame_18": [0.6298173666000366, 0.39772331714630127, 0.04954948276281357, 0.04856164753437042, 0.6242864727973938, 0.4160623252391815, 0.020958498120307922, 0.019907591864466667, 0.46745026111602783], "frame_19": [0.6299216151237488, 0.3977227210998535, 0.04975471645593643, 0.0485466867685318, 0.6242864727973938, 0.4160623252391815, 0.020958498120307922, 0.019907591864466667, 0.49349331855773926], "frame_20": [0.6299013495445251, 0.39770931005477905, 0.04985711723566055, 0.04852740094065666, 0.6242864727973938, 0.4160623252391815, 0.020958498120307922, 0.019907591864466667, 0.42026081681251526], "frame_21": [0.6299078464508057, 0.3977148234844208, 0.04982278496026993, 0.04854036867618561, 0.6242864727973938, 0.4160623252391815, 0.020958498120307922, 0.019907591864466667, 0.3963790535926819], "frame_22": [0.6299201250076294, 0.39772161841392517, 0.04980413615703583, 0.04854706674814224, 0.6242864727973938, 0.4160623252391815, 0.020958498120307922, 0.019907591864466667, 0.41893765330314636], "frame_23": [0.6298947930335999, 0.39775747060775757, 0.04986763000488281, 0.0486680343747139, 0.6242864727973938, 0.4160623252391815, 0.020958498120307922, 0.019907591864466667, 0.409697949886322], "frame_24": [0.6300541758537292, 0.39786258339881897, 0.04906175285577774, 0.04827592521905899, 0.6242864727973938, 0.4160623252391815, 0.020958498120307922, 0.019907591864466667, 0.4176303744316101], "frame_25": [0.6300587058067322, 0.39786407351493835, 0.049041494727134705, 0.04827456921339035, 0.6242864727973938, 0.4160623252391815, 0.020958498120307922, 0.019907591864466667, 0.37903842329978943], "frame_26": [0.6300607323646545, 0.3978666067123413, 0.04906747490167618, 0.048271771520376205, 0.29236873984336853, 0.4770708680152893, 0.02621849998831749, 0.026302125304937363, 0.377644807100296], "frame_27": [0.6300451755523682, 0.39787253737449646, 0.04901034012436867, 0.048297371715307236, 0.29173216223716736, 0.46826961636543274, 0.029106944799423218, 0.024793794378638268, 0.635518491268158], "frame_28": [0.6300210952758789, 0.3978746235370636, 0.0489949956536293, 0.048298180103302, 0.29410451650619507, 0.4572858512401581, 0.027750248089432716, 0.025415802374482155, 0.5977151989936829], "frame_29": [0.630026638507843, 0.39788326621055603, 0.04905717819929123, 0.04828173294663429, 0.3002621531486511, 0.4398684501647949, 0.025408830493688583, 0.027030181139707565, 0.7475016713142395], "frame_30": [0.6300280094146729, 0.3978802263736725, 0.04901907220482826, 0.04829033836722374, 0.3002621531486511, 0.4398684501647949, 0.025408830493688583, 0.027030181139707565, 0.6937476396560669], "frame_31": [0.6300022006034851, 0.3978893756866455, 0.048975881189107895, 0.04830250144004822, 0.32371169328689575, 0.39738956093788147, 0.023968782275915146, 0.030092621222138405, 0.7132811546325684], "frame_32": [0.6300062537193298, 0.3978857398033142, 0.04897880554199219, 0.0482967384159565, 0.32371169328689575, 0.39738956093788147, 0.023968782275915146, 0.030092621222138405, 0.7229631543159485], "frame_33": [0.6300442814826965, 0.39789479970932007, 0.04902563989162445, 0.04831191152334213, 0.3470119833946228, 0.362662672996521, 0.02501135878264904, 0.029786130413413048, 0.6999680399894714], "frame_34": [0.6300290822982788, 0.39789167046546936, 0.048998259007930756, 0.048300933092832565, 0.3470119833946228, 0.362662672996521, 0.02501135878264904, 0.029786130413413048, 0.71828693151474], "frame_35": [0.630095362663269, 0.3978675901889801, 0.049111854285001755, 0.04828953370451927, 0.3707640767097473, 0.333076149225235, 0.026969444006681442, 0.028610695153474808, 0.6734929084777832], "frame_36": [0.630046546459198, 0.3977517783641815, 0.04994337260723114, 0.04851044714450836, 0.38421157002449036, 0.32086554169654846, 0.025700166821479797, 0.02916736528277397, 0.7936564087867737], "frame_37": [0.6300485134124756, 0.39774855971336365, 0.049977198243141174, 0.04851888120174408, 0.39525359869003296, 0.3074599802494049, 0.026296615600585938, 0.029878340661525726, 0.7233560085296631], "frame_38": [0.6300550103187561, 0.397757887840271, 0.05005255714058876, 0.04855334013700485, 0.40709227323532104, 0.2980557680130005, 0.021883223205804825, 0.028906356543302536, 0.6219926476478577],