{"frame_0": [0.5071127414703369, 0.4052579998970032, 0.04549005255103111, 0.04643957316875458, 0.7068116664886475, 0.5678547620773315, 0.020512601360678673, 0.02469651959836483, 0.3874637484550476], "frame_1": [0.5070124268531799, 0.40515467524528503, 0.04546826705336571, 0.04610837250947952, 0.7072778344154358, 0.570129930973053, 0.020526885986328125, 0.025067435577511787, 0.3903409540653229], "frame_2": [0.5071188807487488, 0.4053952097892761, 0.0458126924932003, 0.04664323478937149, 0.7092650532722473, 0.5720462799072266, 0.019519085064530373, 0.02563188411295414, 0.6898177266120911], "frame_3": [0.5071160197257996, 0.40544790029525757, 0.045863933861255646, 0.046923063695430756, 0.7114561200141907, 0.5744141340255737, 0.020387819036841393, 0.02573140524327755, 0.6951508522033691], "frame_4": [0.5070825219154358, 0.40554019808769226, 0.04565789923071861, 0.047197043895721436, 0.714127779006958, 0.5753893852233887, 0.021876102313399315, 0.026642609387636185, 0.7241937518119812], "frame_5": [0.5068640112876892, 0.40547358989715576, 0.04537468031048775, 0.04711434990167618, 0.7154284715652466, 0.5759042501449585, 0.020502133294939995, 0.025870302692055702, 0.7346133589744568], "frame_6": [0.5067130327224731, 0.4054417908191681, 0.04501974210143089, 0.04706764221191406, 0.7155758142471313, 0.5752438902854919, 0.020953241735696793, 0.026118850335478783, 0.7268275618553162], "frame_7": [0.5071085691452026, 0.40550410747528076, 0.04572029039263725, 0.04708061367273331, 0.7146773338317871, 0.5738770365715027, 0.021309619769454002, 0.027325820177793503, 0.7067368626594543], "frame_8": [0.507158637046814, 0.405429869890213, 0.04602186381816864, 0.04680277407169342, 0.7123969197273254, 0.5694109797477722, 0.021099472418427467, 0.025918960571289062, 0.690480649471283], "frame_9": [0.5072314143180847, 0.4054572582244873, 0.04619848355650902, 0.046908654272556305, 0.7102676630020142, 0.5643738508224487, 0.02203945629298687, 0.025270335376262665, 0.697568953037262], "frame_10": [0.5074429512023926, 0.4053838849067688, 0.04604186862707138, 0.04694230854511261, 0.7088776230812073, 0.5564440488815308, 0.022845078259706497, 0.024483278393745422, 0.6684420704841614], "frame_11": [0.5074485540390015, 0.4054092466831207, 0.04607916995882988, 0.046859487891197205, 0.7093988060951233, 0.5479350686073303, 0.02512698620557785, 0.024450216442346573, 0.6759225726127625], "frame_12": [0.5079615116119385, 0.40536677837371826, 0.0473046638071537, 0.04648857191205025, 0.7120901942253113, 0.5367429852485657, 0.024493154138326645, 0.027105331420898438, 0.6106464862823486], "frame_13": [0.5079086422920227, 0.4053548276424408, 0.047236379235982895, 0.04640418291091919, 0.7120901942253113, 0.5367429852485657, 0.024493154138326645, 0.027105331420898438, 0.5739229321479797], "frame_14": [0.508020281791687, 0.4053044617176056, 0.04740164056420326, 0.04637472331523895, 0.7120901942253113, 0.5367429852485657, 0.024493154138326645, 0.027105331420898438, 0.5058690309524536], "frame_15": [0.5078506469726562, 0.4052656292915344, 0.04676399379968643, 0.04645746201276779, 0.7120901942253113, 0.5367429852485657, 0.024493154138326645, 0.027105331420898438, 0.49228930473327637], "frame_16": [0.507945716381073, 0.40527403354644775, 0.046856097877025604, 0.04644262418150902, 0.7120901942253113, 0.5367429852485657, 0.024493154138326645, 0.027105331420898438, 0.7195154428482056], "frame_17": [0.5078875422477722, 0.405256062746048, 0.04668396711349487, 0.046391721814870834, 0.7120901942253113, 0.5367429852485657, 0.024493154138326645, 0.027105331420898438, 0.6914493441581726], "frame_18": [0.5080311894416809, 0.40532955527305603, 0.04698316752910614, 0.04626397043466568, 0.7120901942253113, 0.5367429852485657, 0.024493154138326645, 0.027105331420898438, 0.7063771486282349], "frame_19": [0.5078393816947937, 0.405245304107666, 0.04662946239113808, 0.04609307274222374, 0.7120901942253113, 0.5367429852485657, 0.024493154138326645, 0.027105331420898438, 0.0], "frame_20": [0.5077940821647644, 0.40531426668167114, 0.04660606384277344, 0.04632280021905899, 0.7120901942253113, 0.5367429852485657, 0.024493154138326645, 0.027105331420898438, 0.5447432398796082], "frame_21": [0.5077031850814819, 0.40529364347457886, 0.046521760523319244, 0.046360187232494354, 0.7120901942253113, 0.5367429852485657, 0.024493154138326645, 0.027105331420898438, 0.6337657570838928], "frame_22": [0.5078943967819214, 0.40572094917297363, 0.04655037075281143, 0.04719717055559158, 0.7120901942253113, 0.5367429852485657, 0.024493154138326645, 0.027105331420898438, 0.6486085057258606], "frame_23": [0.5077741146087646, 0.40569955110549927, 0.04636107385158539, 0.04721679538488388, 0.7120901942253113, 0.5367429852485657, 0.024493154138326645, 0.027105331420898438, 0.7508262395858765], "frame_24": [0.5077025890350342, 0.40584903955459595, 0.04679887741804123, 0.04765510559082031, 0.7120901942253113, 0.5367429852485657, 0.024493154138326645, 0.027105331420898438, 0.670833945274353], "frame_25": [0.5077637434005737, 0.405863881111145, 0.04690064489841461, 0.04763459041714668, 0.7120901942253113, 0.5367429852485657, 0.024493154138326645, 0.027105331420898438, 0.6245982646942139], "frame_26": [0.5078627467155457, 0.4058759808540344, 0.04695282131433487, 0.0476895235478878, 0.7120901942253113, 0.5367429852485657, 0.024493154138326645, 0.027105331420898438, 0.5874059796333313], "frame_27": [0.5078520774841309, 0.40594837069511414, 0.04689216613769531, 0.04781600087881088, 0.7668123245239258, 0.4650328755378723, 0.024074723944067955, 0.025054167956113815, 0.6194424629211426], "frame_28": [0.5078339576721191, 0.40589234232902527, 0.04684906080365181, 0.04772919416427612, 0.7649096250534058, 0.45383164286613464, 0.02328711561858654, 0.024433348327875137, 0.8111705780029297], "frame_29": [0.5078921914100647, 0.40590348839759827, 0.04704475402832031, 0.047728728502988815, 0.7592502236366272, 0.4395756721496582, 0.023719362914562225, 0.026619890704751015, 0.8564757704734802], "frame_30": [0.507961630821228, 0.4060499370098114, 0.047299958765506744, 0.04787423834204674, 0.7497450113296509, 0.42166146636009216, 0.023693254217505455, 0.02557067945599556, 0.9376603960990906], "frame_31": [0.5079221725463867, 0.4059784412384033, 0.04718920215964317, 0.047744665294885635, 0.7399225831031799, 0.40453672409057617, 0.023603396490216255, 0.02519598975777626, 0.9067662954330444], "frame_32": [0.5079109072685242, 0.4059377908706665, 0.047208022326231, 0.04760034382343292, 0.7287667989730835, 0.3891189694404602, 0.02459530346095562, 0.025361420586705208, 0.8772715926170349], "frame_33": [0.5078536868095398, 0.40590158104896545, 0.04703178256750107, 0.04751955717802048, 0.7179657220840454, 0.3744806945323944, 0.02378658764064312, 0.025455432012677193, 0.006606718525290489], "frame_34": [0.5078368186950684, 0.40589043498039246, 0.04681264981627464, 0.04754146933555603, 0.707576334476471, 0.36162087321281433, 0.02446509525179863, 0.02599010430276394, 0.8883423805236816], "frame_35": [0.5078970789909363, 0.405779093503952, 0.04695302993059158, 0.04740308225154877, 0.6976667642593384, 0.34937289357185364, 0.023490523919463158, 0.024669816717505455, 0.8666569590568542], "frame_36": [0.5076042413711548, 0.4055224061012268, 0.04709303006529808, 0.04700050503015518, 0.6875140070915222, 0.33919191360473633, 0.024533461779356003, 0.02550945244729519, 0.8722670078277588], "frame_37": [0.5075640082359314, 0.40551817417144775, 0.04710638150572777, 0.04699049890041351, 0.6778255105018616, 0.32959237694740295, 0.024189377203583717, 0.024927053600549698, 0.8212653994560242], "frame_38": [0.5077746510505676, 0.405462384223938, 0.047437287867069244, 0.04693124443292618, 0.6679106950759888, 0.3217752277851105, 0.023940488696098328, 0.024929195642471313, 0.7198498249053955], "frame_39": [0.5077759027481079, 0.40548425912857056, 0.04746381938457489, 0.04690301790833473, 0.6578642129898071, 0.3149738013744354, 0.023884115740656853, 0.025273555889725685, 0.7118373513221741],