{"frame_0": [0.6296490430831909, 0.3953999876976013, 0.04932013526558876, 0.05012185871601105, 0.6239673495292664, 0.4747045636177063, 0.022196197882294655, 0.026965798810124397, 0.946592390537262], "frame_1": [0.6296383142471313, 0.3956853151321411, 0.04934556782245636, 0.04956177622079849, 0.6239673495292664, 0.4747045636177063, 0.022196197882294655, 0.026965798810124397, 0.9472327828407288], "frame_2": [0.6295722126960754, 0.3956643342971802, 0.049283217638731, 0.049704402685165405, 0.6239673495292664, 0.4747045636177063, 0.022196197882294655, 0.026965798810124397, 0.970045268535614], "frame_3": [0.6295782327651978, 0.3957024812698364, 0.04928576201200485, 0.04979247972369194, 0.6239673495292664, 0.4747045636177063, 0.022196197882294655, 0.026965798810124397, 0.8899046182632446], "frame_4": [0.629621148109436, 0.3957599103450775, 0.049307167530059814, 0.049811385571956635, 0.6239673495292664, 0.4747045636177063, 0.022196197882294655, 0.026965798810124397, 0.81867516040802], "frame_5": [0.629611611366272, 0.39575567841529846, 0.049403972923755646, 0.04966545104980469, 0.6239673495292664, 0.4747045636177063, 0.022196197882294655, 0.026965798810124397, 0.7995030283927917], "frame_6": [0.6295410394668579, 0.3957839608192444, 0.04938850551843643, 0.04962192103266716, 0.6239673495292664, 0.4747045636177063, 0.022196197882294655, 0.026965798810124397, 0.857461154460907], "frame_7": [0.6295812726020813, 0.39558207988739014, 0.04948395490646362, 0.0492967814207077, 0.6239673495292664, 0.4747045636177063, 0.022196197882294655, 0.026965798810124397, 0.8345369696617126], "frame_8": [0.6296800971031189, 0.3955971300601959, 0.04934883117675781, 0.04916161298751831, 0.6239673495292664, 0.4747045636177063, 0.022196197882294655, 0.026965798810124397, 0.7194050550460815], "frame_9": [0.6297210454940796, 0.3955391049385071, 0.0493011474609375, 0.049197472631931305, 0.6239673495292664, 0.4747045636177063, 0.022196197882294655, 0.026965798810124397, 0.7192391157150269], "frame_10": [0.629669189453125, 0.3955344259738922, 0.049330901354551315, 0.04916852340102196, 0.6239673495292664, 0.4747045636177063, 0.022196197882294655, 0.026965798810124397, 0.6582846641540527], "frame_11": [0.6296561360359192, 0.3955194354057312, 0.04917945712804794, 0.04911939799785614, 0.6239673495292664, 0.4747045636177063, 0.022196197882294655, 0.026965798810124397, 0.5615494847297668], "frame_12": [0.6297087669372559, 0.39555731415748596, 0.04883783310651779, 0.04868821054697037, 0.6239673495292664, 0.4747045636177063, 0.022196197882294655, 0.026965798810124397, 0.5458898544311523], "frame_13": [0.6296969056129456, 0.3955289125442505, 0.04888886213302612, 0.04861174523830414, 0.6239673495292664, 0.4747045636177063, 0.022196197882294655, 0.026965798810124397, 0.4852216839790344], "frame_14": [0.6296873092651367, 0.39552170038223267, 0.04881400987505913, 0.0485883504152298, 0.6239673495292664, 0.4747045636177063, 0.022196197882294655, 0.026965798810124397, 0.5151111483573914], "frame_15": [0.6296722888946533, 0.3954908549785614, 0.04882965236902237, 0.04861268028616905, 0.3657894432544708, 0.510648250579834, 0.020811907947063446, 0.0218963623046875, 0.4430951774120331], "frame_16": [0.629694938659668, 0.3954511880874634, 0.04882181063294411, 0.04855601117014885, 0.3657894432544708, 0.510648250579834, 0.020811907947063446, 0.0218963623046875, 0.6972618103027344], "frame_17": [0.6297006607055664, 0.3954828977584839, 0.04883384704589844, 0.04860877990722656, 0.3657894432544708, 0.510648250579834, 0.020811907947063446, 0.0218963623046875, 0.6859872937202454], "frame_18": [0.6297041773796082, 0.3954848349094391, 0.04886970669031143, 0.04860996827483177, 0.3657894432544708, 0.510648250579834, 0.020811907947063446, 0.0218963623046875, 0.5919774770736694], "frame_19": [0.6297159194946289, 0.3953590393066406, 0.04881909862160683, 0.048674095422029495, 0.3657894432544708, 0.510648250579834, 0.020811907947063446, 0.0218963623046875, 0.5015284419059753], "frame_20": [0.629649817943573, 0.39546746015548706, 0.048705291002988815, 0.04849611967802048, 0.3657894432544708, 0.510648250579834, 0.020811907947063446, 0.0218963623046875, 0.5108768343925476], "frame_21": [0.6298051476478577, 0.39544790983200073, 0.04903585463762283, 0.048309411853551865, 0.3657894432544708, 0.510648250579834, 0.020811907947063446, 0.0218963623046875, 0.5683416724205017], "frame_22": [0.629755973815918, 0.3954211473464966, 0.04900779575109482, 0.048406898975372314, 0.3657894432544708, 0.510648250579834, 0.020811907947063446, 0.0218963623046875, 0.4976707696914673], "frame_23": [0.6298215389251709, 0.3954235017299652, 0.04914724454283714, 0.04835645854473114, 0.3657894432544708, 0.510648250579834, 0.020811907947063446, 0.0218963623046875, 0.8009158372879028], "frame_24": [0.6299956440925598, 0.39562225341796875, 0.04877188056707382, 0.048664603382349014, 0.3657894432544708, 0.510648250579834, 0.020811907947063446, 0.0218963623046875, 0.7090911269187927], "frame_25": [0.6299995183944702, 0.3955885171890259, 0.04870910570025444, 0.04864874854683876, 0.3657894432544708, 0.510648250579834, 0.020811907947063446, 0.0218963623046875, 0.7600287795066833], "frame_26": [0.6300019025802612, 0.39559173583984375, 0.048708174377679825, 0.04865705594420433, 0.3657894432544708, 0.510648250579834, 0.020811907947063446, 0.0218963623046875, 0.6955987811088562], "frame_27": [0.6299984455108643, 0.395577073097229, 0.048687998205423355, 0.04863760247826576, 0.32329776883125305, 0.476919949054718, 0.019446182996034622, 0.02292327955365181, 0.6409701704978943], "frame_28": [0.6300615668296814, 0.3955579102039337, 0.0487627238035202, 0.04863404110074043, 0.32455095648765564, 0.46788254380226135, 0.02074078470468521, 0.02533874474465847, 0.704077422618866], "frame_29": [0.6300573348999023, 0.39554375410079956, 0.04870974272489548, 0.04860195517539978, 0.32892781496047974, 0.4553198218345642, 0.020179452374577522, 0.023855973035097122, 0.7941291928291321], "frame_30": [0.6300728917121887, 0.39557698369026184, 0.04878455400466919, 0.04866082966327667, 0.3379327654838562, 0.44061753153800964, 0.021079931408166885, 0.023572539910674095, 0.7396764159202576], "frame_31": [0.630057692527771, 0.39558157324790955, 0.04873856529593468, 0.04871711879968643, 0.3379327654838562, 0.44061753153800964, 0.021079931408166885, 0.023572539910674095, 0.7648646235466003], "frame_32": [0.6301472187042236, 0.39560139179229736, 0.04892900213599205, 0.048751745373010635, 0.36294668912887573, 0.40921470522880554, 0.023562218993902206, 0.02396477572619915, 0.7998945116996765], "frame_33": [0.6300777196884155, 0.3955710232257843, 0.048700883984565735, 0.048718854784965515, 0.36294668912887573, 0.40921470522880554, 0.023562218993902206, 0.02396477572619915, 0.8199136257171631], "frame_34": [0.6300909519195557, 0.3956218361854553, 0.04889971390366554, 0.048696815967559814, 0.38459524512290955, 0.3870794475078583, 0.021690580993890762, 0.026816261932253838, 0.921334981918335], "frame_35": [0.6299681067466736, 0.3957056403160095, 0.048731230199337006, 0.04887830838561058, 0.38459524512290955, 0.3870794475078583, 0.021690580993890762, 0.026816261932253838, 0.8087189197540283], "frame_36": [0.6297498345375061, 0.39582180976867676, 0.04946395009756088, 0.04912656173110008, 0.4081501066684723, 0.36532220244407654, 0.02250366285443306, 0.025199783965945244, 0.7908818125724792], "frame_37": [0.6297966241836548, 0.3958049416542053, 0.04951591417193413, 0.04912995174527168, 0.4201701581478119, 0.35712966322898865, 0.021435927599668503, 0.02912750281393528, 0.6909923553466797], "frame_38": [0.6298076510429382, 0.3957785665988922, 0.04954851046204567, 0.049071162939071655, 0.4201701581478119, 0.35712966322898865, 0.021435927599668503, 0.02912750281393528, 0.6684908866882324], "frame_39": [0.6299659609794617, 0.39571142196655273, 0.04954681545495987, 0.04897058382630348, 0.44488877058029175, 0.34207233786582947, 0.023807356134057045, 0.024906307458877563, 0.5761042237281799],