{"frame_0": [0.6305477023124695, 0.3967716693878174, 0.049248673021793365, 0.04934332147240639, 0.4176064431667328, 0.5691803097724915, 0.023383798077702522, 0.024780867621302605, 0.7098578810691833], "frame_1": [0.6300789713859558, 0.39672520756721497, 0.04989318922162056, 0.04936714097857475, 0.4176064431667328, 0.5691803097724915, 0.023383798077702522, 0.024780867621302605, 0.7410093545913696], "frame_2": [0.630061149597168, 0.3966681659221649, 0.04974199831485748, 0.04922175779938698, 0.4176064431667328, 0.5691803097724915, 0.023383798077702522, 0.024780867621302605, 0.8007265329360962], "frame_3": [0.6300200819969177, 0.3966817259788513, 0.04973059892654419, 0.049233585596084595, 0.4176064431667328, 0.5691803097724915, 0.023383798077702522, 0.024780867621302605, 0.8667585849761963], "frame_4": [0.630153238773346, 0.39665496349334717, 0.050290297716856, 0.049315474927425385, 0.4176064431667328, 0.5691803097724915, 0.023383798077702522, 0.024780867621302605, 0.8789747953414917], "frame_5": [0.6303249001502991, 0.3966667950153351, 0.05054359510540962, 0.04919598996639252, 0.4176064431667328, 0.5691803097724915, 0.023383798077702522, 0.024780867621302605, 0.8178566694259644], "frame_6": [0.6303297281265259, 0.39656490087509155, 0.05063150078058243, 0.048942651599645615, 0.4176064431667328, 0.5691803097724915, 0.023383798077702522, 0.024780867621302605, 0.7465106248855591], "frame_7": [0.6302002668380737, 0.39660313725471497, 0.05034840852022171, 0.04895222932100296, 0.4176064431667328, 0.5691803097724915, 0.023383798077702522, 0.024780867621302605, 0.811326265335083], "frame_8": [0.6300910711288452, 0.39668282866477966, 0.05005781352519989, 0.04896698147058487, 0.36374229192733765, 0.5804181694984436, 0.019765833392739296, 0.023413468152284622, 0.8142505288124084], "frame_9": [0.6300325393676758, 0.3966617286205292, 0.05004437640309334, 0.04896719008684158, 0.3630909323692322, 0.5821302533149719, 0.0200356375426054, 0.023462465032935143, 0.8584309816360474], "frame_10": [0.6301560401916504, 0.396739661693573, 0.050549402832984924, 0.049171023070812225, 0.3617094159126282, 0.585473895072937, 0.019658872857689857, 0.02252197265625, 0.8411175012588501], "frame_11": [0.6300179362297058, 0.3965776562690735, 0.05000000074505806, 0.04883338138461113, 0.36077114939689636, 0.5863243341445923, 0.02037792280316353, 0.023164113983511925, 0.8544166088104248], "frame_12": [0.6299769878387451, 0.39648139476776123, 0.04985618591308594, 0.048614926636219025, 0.3626914918422699, 0.5835942029953003, 0.021459197625517845, 0.023656845092773438, 0.8551188707351685], "frame_13": [0.6300057768821716, 0.3964769244194031, 0.04991607740521431, 0.048572540283203125, 0.3626914918422699, 0.5835942029953003, 0.021459197625517845, 0.023656845092773438, 0.8517379760742188], "frame_14": [0.6300037503242493, 0.396502822637558, 0.049808673560619354, 0.04867434874176979, 0.36739382147789, 0.5746526718139648, 0.019784672185778618, 0.020172331482172012, 0.8021036982536316], "frame_15": [0.6299712061882019, 0.39649373292922974, 0.04971063509583473, 0.048706308007240295, 0.36739382147789, 0.5746526718139648, 0.019784672185778618, 0.020172331482172012, 0.8140239715576172], "frame_16": [0.6300219893455505, 0.3964816629886627, 0.049810029566287994, 0.048715971410274506, 0.36739382147789, 0.5746526718139648, 0.019784672185778618, 0.020172331482172012, 0.8027967214584351], "frame_17": [0.6300175786018372, 0.39645734429359436, 0.04987182468175888, 0.048632726073265076, 0.36739382147789, 0.5746526718139648, 0.019784672185778618, 0.020172331482172012, 0.7955842614173889], "frame_18": [0.6300109028816223, 0.396436482667923, 0.04981058090925217, 0.04870041832327843, 0.36739382147789, 0.5746526718139648, 0.019784672185778618, 0.020172331482172012, 0.7478718161582947], "frame_19": [0.630012571811676, 0.3964584767818451, 0.049824610352516174, 0.04872690886259079, 0.36739382147789, 0.5746526718139648, 0.019784672185778618, 0.020172331482172012, 0.7860574126243591], "frame_20": [0.6299894452095032, 0.39644986391067505, 0.04969393461942673, 0.04870804771780968, 0.36739382147789, 0.5746526718139648, 0.019784672185778618, 0.020172331482172012, 0.740173876285553], "frame_21": [0.6301062107086182, 0.3964233696460724, 0.049672700464725494, 0.048535071313381195, 0.36739382147789, 0.5746526718139648, 0.019784672185778618, 0.020172331482172012, 0.6892080903053284], "frame_22": [0.6301301121711731, 0.39641401171684265, 0.049714576452970505, 0.04849900305271149, 0.36739382147789, 0.5746526718139648, 0.019784672185778618, 0.020172331482172012, 0.6196236610412598], "frame_23": [0.6301374435424805, 0.3963874876499176, 0.04972877353429794, 0.04848615825176239, 0.36739382147789, 0.5746526718139648, 0.019784672185778618, 0.020172331482172012, 0.6776475310325623], "frame_24": [0.6302536725997925, 0.39634767174720764, 0.050112321972846985, 0.04861433058977127, 0.36739382147789, 0.5746526718139648, 0.019784672185778618, 0.020172331482172012, 0.6126687526702881], "frame_25": [0.6303980350494385, 0.3965088427066803, 0.05071737617254257, 0.04897698387503624, 0.36739382147789, 0.5746526718139648, 0.019784672185778618, 0.020172331482172012, 0.5608581304550171], "frame_26": [0.6303002238273621, 0.39651647210121155, 0.05069037526845932, 0.04900122806429863, 0.36739382147789, 0.5746526718139648, 0.019784672185778618, 0.020172331482172012, 0.45189177989959717], "frame_27": [0.6302459836006165, 0.3964603841304779, 0.05025804415345192, 0.048800405114889145, 0.36739382147789, 0.5746526718139648, 0.019784672185778618, 0.020172331482172012, 0.5325993299484253], "frame_28": [0.6303545832633972, 0.3966154456138611, 0.05080663785338402, 0.04917886480689049, 0.36739382147789, 0.5746526718139648, 0.019784672185778618, 0.020172331482172012, 0.5656133890151978], "frame_29": [0.630396842956543, 0.3965572714805603, 0.05084512382745743, 0.04911121726036072, 0.36739382147789, 0.5746526718139648, 0.019784672185778618, 0.020172331482172012, 0.6155496835708618], "frame_30": [0.6303858160972595, 0.3965708017349243, 0.051192473620176315, 0.04921501874923706, 0.3423672020435333, 0.406507283449173, 0.022658158093690872, 0.024488279595971107, 0.6277239322662354], "frame_31": [0.6303255558013916, 0.39632153511047363, 0.05066625773906708, 0.048689186573028564, 0.3548204004764557, 0.39240044355392456, 0.020727921277284622, 0.025067010894417763, 0.7081940770149231], "frame_32": [0.6304497718811035, 0.39657098054885864, 0.05108070373535156, 0.049042679369449615, 0.3548204004764557, 0.39240044355392456, 0.020727921277284622, 0.025067010894417763, 0.65984708070755], "frame_33": [0.6304773688316345, 0.3965682089328766, 0.05112648010253906, 0.049029964953660965, 0.3548204004764557, 0.39240044355392456, 0.020727921277284622, 0.025067010894417763, 0.6835881471633911], "frame_34": [0.6303912401199341, 0.39638155698776245, 0.05060233920812607, 0.04858521372079849, 0.3548204004764557, 0.39240044355392456, 0.020727921277284622, 0.025067010894417763, 0.7023389339447021], "frame_35": [0.6304205060005188, 0.39638954401016235, 0.05066549405455589, 0.048636119812726974, 0.4118010997772217, 0.35030651092529297, 0.023299576714634895, 0.025200355798006058, 0.6830224394798279], "frame_36": [0.6307656764984131, 0.39609605073928833, 0.050286948680877686, 0.04830970615148544, 0.426324725151062, 0.34172287583351135, 0.020832696929574013, 0.025206798687577248, 0.7126137018203735], "frame_37": [0.6307005882263184, 0.39607396721839905, 0.05011117830872536, 0.048267364501953125, 0.426324725151062, 0.34172287583351135, 0.020832696929574013, 0.025206798687577248, 0.7751196622848511], "frame_38": [0.6307644248008728, 0.396119087934494, 0.05031263455748558, 0.04833107069134712, 0.45362672209739685, 0.33014288544654846, 0.02474212646484375, 0.027149390429258347, 0.8525521755218506], "frame_39": [0.6306977272033691, 0.39611274003982544, 0.05005768686532974, 0.04837244004011154, 0.45362672209739685, 0.33014288544654846, 0.02474212646484375, 0.027149390429258347, 0.8554425835609436],