{"frame_0": [0.6289856433868408, 0.3972402811050415, 0.05016309767961502, 0.04904831945896149, 0.2667008638381958, 0.5779176354408264, 0.0197301022708416, 0.021989652886986732, 0.7007148265838623], "frame_1": [0.6286181211471558, 0.397124320268631, 0.0497426763176918, 0.04922998324036598, 0.2664349377155304, 0.5788761973381042, 0.019554710015654564, 0.02194196917116642, 0.7021294832229614], "frame_2": [0.6285289525985718, 0.3971478343009949, 0.049744244664907455, 0.04933793842792511, 0.26614516973495483, 0.5789986252784729, 0.019111378118395805, 0.022058868780732155, 0.7330018281936646], "frame_3": [0.6284975409507751, 0.3971610963344574, 0.04973860830068588, 0.04931199923157692, 0.2655143141746521, 0.5793020725250244, 0.01869964599609375, 0.021701430901885033, 0.7051606774330139], "frame_4": [0.6284959316253662, 0.39715638756752014, 0.049748994410037994, 0.04934132844209671, 0.2649148404598236, 0.5792946815490723, 0.018010053783655167, 0.02149743027985096, 0.70427006483078], "frame_5": [0.6285843253135681, 0.397135853767395, 0.04975501075387001, 0.04930474981665611, 0.2637459635734558, 0.5790098309516907, 0.018700556829571724, 0.021850967779755592, 0.728352427482605], "frame_6": [0.6286348104476929, 0.3971857726573944, 0.04979421943426132, 0.04922515153884888, 0.26227569580078125, 0.5790363550186157, 0.018338775262236595, 0.021967316046357155, 0.7138521671295166], "frame_7": [0.6285683512687683, 0.3971926271915436, 0.049774762243032455, 0.0491766594350338, 0.2613016664981842, 0.5791761875152588, 0.018315739929676056, 0.022572707384824753, 0.7043679356575012], "frame_8": [0.6285727620124817, 0.39719343185424805, 0.0497867576777935, 0.049163393676280975, 0.2606261372566223, 0.5797262191772461, 0.0176582969725132, 0.021881569176912308, 0.7024502158164978], "frame_9": [0.62861168384552, 0.3972192406654358, 0.04989602789282799, 0.04931695759296417, 0.26027992367744446, 0.5806255340576172, 0.018229398876428604, 0.022012244910001755, 0.7006403207778931], "frame_10": [0.6285554766654968, 0.3972366750240326, 0.049758147448301315, 0.049336835741996765, 0.26023468375205994, 0.5819562077522278, 0.018553923815488815, 0.022090911865234375, 0.7253820300102234], "frame_11": [0.6285836696624756, 0.39728519320487976, 0.04950811713933945, 0.04927033185958862, 0.2603808045387268, 0.582889974117279, 0.01828937605023384, 0.021389855071902275, 0.7228904962539673], "frame_12": [0.6283153295516968, 0.397439181804657, 0.04918670654296875, 0.049316491931676865, 0.26075440645217896, 0.5836467742919922, 0.01863842085003853, 0.021666886284947395, 0.7374885082244873], "frame_13": [0.6283145546913147, 0.3974335193634033, 0.04917106777429581, 0.04932200163602829, 0.2614635229110718, 0.5849782228469849, 0.019513363018631935, 0.022848892956972122, 0.7525656819343567], "frame_14": [0.628324031829834, 0.39742788672447205, 0.04914398118853569, 0.04930229112505913, 0.26239216327667236, 0.5864921808242798, 0.020867686718702316, 0.022967148572206497, 0.7447113394737244], "frame_15": [0.6283099055290222, 0.3974471986293793, 0.04917055740952492, 0.04933552071452141, 0.26496562361717224, 0.588042140007019, 0.018937768414616585, 0.0211020577698946, 0.7408541440963745], "frame_16": [0.6283490657806396, 0.39751291275024414, 0.04911994934082031, 0.04935485124588013, 0.26691263914108276, 0.588740885257721, 0.021797306835651398, 0.022475052624940872, 0.7245535254478455], "frame_17": [0.6284072995185852, 0.3975123465061188, 0.04912736639380455, 0.049347177147865295, 0.2708783745765686, 0.5882437825202942, 0.02075805701315403, 0.021577369421720505, 0.720536470413208], "frame_18": [0.6284605264663696, 0.3974752724170685, 0.049213707447052, 0.0493360310792923, 0.2753569483757019, 0.5854374170303345, 0.019736861810088158, 0.019535234197974205, 0.5827927589416504], "frame_19": [0.6284802556037903, 0.3974793255329132, 0.04921531677246094, 0.049312762916088104, 0.27841344475746155, 0.5802696347236633, 0.018433719873428345, 0.022203445434570312, 0.6271551847457886], "frame_20": [0.6284023523330688, 0.3974296450614929, 0.04913041740655899, 0.049380745738744736, 0.27934202551841736, 0.5728669762611389, 0.0185847170650959, 0.021166780963540077, 0.5255122780799866], "frame_21": [0.6284365057945251, 0.3974267840385437, 0.04915640130639076, 0.04935035854578018, 0.2793397307395935, 0.5656435489654541, 0.01696929894387722, 0.020844819024205208, 0.50284743309021], "frame_22": [0.6284825205802917, 0.397413045167923, 0.049279700964689255, 0.04930330812931061, 0.2780176103115082, 0.5570562481880188, 0.019046783447265625, 0.022823715582489967, 0.445933997631073], "frame_23": [0.6285151243209839, 0.39741596579551697, 0.04932365566492081, 0.04931962862610817, 0.2749638557434082, 0.5474053025245667, 0.020485496148467064, 0.022791121155023575, 0.3979468047618866], "frame_24": [0.6286723613739014, 0.39743873476982117, 0.048458270728588104, 0.04943207651376724, 0.27319595217704773, 0.53892982006073, 0.019663725048303604, 0.024619292467832565, 0.4240153431892395], "frame_25": [0.6287379264831543, 0.39757096767425537, 0.048828210681676865, 0.04927843064069748, 0.26927193999290466, 0.5313717722892761, 0.026063919067382812, 0.02668304368853569, 0.48334792256355286], "frame_26": [0.6287731528282166, 0.3974747061729431, 0.04873419925570488, 0.04941050335764885, 0.2713688611984253, 0.5232980251312256, 0.0213187113404274, 0.025553513318300247, 0.4009714424610138], "frame_27": [0.6287648677825928, 0.3974873721599579, 0.048735808581113815, 0.04942970350384712, 0.27437087893486023, 0.5110481977462769, 0.0197623148560524, 0.02399088628590107, 0.3603995740413666], "frame_28": [0.6287927627563477, 0.397507905960083, 0.0487101674079895, 0.049527570605278015, 0.2779945433139801, 0.496542751789093, 0.020991897210478783, 0.02636566199362278, 0.740274965763092], "frame_29": [0.6286627054214478, 0.3974297344684601, 0.04859453812241554, 0.04946522042155266, 0.2779945433139801, 0.496542751789093, 0.020991897210478783, 0.02636566199362278, 0.8474294543266296], "frame_30": [0.6286460757255554, 0.39744865894317627, 0.04858207702636719, 0.04954376071691513, 0.2981981635093689, 0.4616762697696686, 0.019939040765166283, 0.023132111877202988, 0.8043850064277649], "frame_31": [0.6286811232566833, 0.3974277973175049, 0.04852447658777237, 0.0495104044675827, 0.2981981635093689, 0.4616762697696686, 0.019939040765166283, 0.023132111877202988, 0.7955001592636108], "frame_32": [0.6286858320236206, 0.39742347598075867, 0.04855308681726456, 0.04949387535452843, 0.2981981635093689, 0.4616762697696686, 0.019939040765166283, 0.023132111877202988, 0.802145779132843], "frame_33": [0.6286885738372803, 0.39742669463157654, 0.04854888841509819, 0.04950167238712311, 0.2981981635093689, 0.4616762697696686, 0.019939040765166283, 0.023132111877202988, 0.7240578532218933], "frame_34": [0.6287111043930054, 0.3974422514438629, 0.04856241121888161, 0.049528419971466064, 0.34567540884017944, 0.4007117748260498, 0.02196263149380684, 0.023743439465761185, 0.715613067150116], "frame_35": [0.6286974549293518, 0.3974447548389435, 0.0485086664557457, 0.04949387535452843, 0.34567540884017944, 0.4007117748260498, 0.02196263149380684, 0.023743439465761185, 0.6182988286018372], "frame_36": [0.6285297274589539, 0.3973497152328491, 0.049346923828125, 0.04918107017874718, 0.34567540884017944, 0.4007117748260498, 0.02196263149380684, 0.023743439465761185, 0.8115975260734558], "frame_37": [0.6285286545753479, 0.39735302329063416, 0.04935455322265625, 0.04920065030455589, 0.34567540884017944, 0.4007117748260498, 0.02196263149380684, 0.023743439465761185, 0.788824200630188], "frame_38": [0.6285275816917419, 0.3973695635795593, 0.04946250841021538, 0.04921463876962662, 0.34567540884017944, 0.4007117748260498, 0.02196263149380684, 0.023743439465761185, 0.7565144896507263], "frame_39": [0.6285386085510254, 0.39739906787872314, 0.049532487988471985, 0.04927978664636612, 0.34567540884017944, 0.4007117748260498, 0.02196263149380684, 0.023743439465761185, 0.658221960067749],