{"frame_0": [0.6301125288009644, 0.3978976905345917, 0.049378205090761185, 0.04972495883703232, 0.7721748948097229, 0.5833685398101807, 0.026750607416033745, 0.029094822704792023, 0.698127031326294], "frame_1": [0.6299548745155334, 0.3975694477558136, 0.04967719316482544, 0.05009337514638901, 0.7694236636161804, 0.5780156254768372, 0.02619357593357563, 0.032341595739126205, 0.660226583480835], "frame_2": [0.6299013495445251, 0.39750969409942627, 0.04947369918227196, 0.05001894757151604, 0.7678878903388977, 0.5750072598457336, 0.02478434331715107, 0.031375885009765625, 0.709525465965271], "frame_3": [0.6298864483833313, 0.39753249287605286, 0.04940757900476456, 0.05006285756826401, 0.7643325924873352, 0.57036954164505, 0.02539655938744545, 0.029493501409888268, 0.7136214375495911], "frame_4": [0.6300457715988159, 0.39753130078315735, 0.0495368093252182, 0.05013067275285721, 0.760654866695404, 0.5642293095588684, 0.024667613208293915, 0.028592512011528015, 0.7521898746490479], "frame_5": [0.6300070285797119, 0.397554874420166, 0.04926431551575661, 0.050174884498119354, 0.760654866695404, 0.5642293095588684, 0.024667613208293915, 0.028592512011528015, 0.523419976234436], "frame_6": [0.6300490498542786, 0.3975447714328766, 0.04934493079781532, 0.05018585920333862, 0.760654866695404, 0.5642293095588684, 0.024667613208293915, 0.028592512011528015, 0.5691989660263062], "frame_7": [0.6301407814025879, 0.3975282311439514, 0.049376510083675385, 0.05015169829130173, 0.760654866695404, 0.5642293095588684, 0.024667613208293915, 0.028592512011528015, 0.4302539527416229], "frame_8": [0.6301237344741821, 0.3975410461425781, 0.04938104376196861, 0.050182342529296875, 0.760654866695404, 0.5642293095588684, 0.024667613208293915, 0.028592512011528015, 0.4847709536552429], "frame_9": [0.6300869584083557, 0.3974919617176056, 0.04946644976735115, 0.05022739991545677, 0.760654866695404, 0.5642293095588684, 0.024667613208293915, 0.028592512011528015, 0.5554946660995483], "frame_10": [0.6300444006919861, 0.397497296333313, 0.04944648593664169, 0.05021010339260101, 0.760654866695404, 0.5642293095588684, 0.024667613208293915, 0.028592512011528015, 0.5072826147079468], "frame_11": [0.6300315260887146, 0.39750272035598755, 0.049394987523555756, 0.05022629722952843, 0.760654866695404, 0.5642293095588684, 0.024667613208293915, 0.028592512011528015, 0.5354673862457275], "frame_12": [0.6301936507225037, 0.39743897318840027, 0.04836777597665787, 0.04975259676575661, 0.7741844058036804, 0.5048946738243103, 0.02339579351246357, 0.0301522146910429, 0.5059351921081543], "frame_13": [0.6301338076591492, 0.3975163400173187, 0.048213787376880646, 0.04973229393362999, 0.7741844058036804, 0.5048946738243103, 0.02339579351246357, 0.0301522146910429, 0.5366931557655334], "frame_14": [0.6300944089889526, 0.39755502343177795, 0.04827215522527695, 0.05007413402199745, 0.7741844058036804, 0.5048946738243103, 0.02339579351246357, 0.0301522146910429, 0.5262671113014221], "frame_15": [0.6301316022872925, 0.3975449502468109, 0.04826066642999649, 0.05004408210515976, 0.7741844058036804, 0.5048946738243103, 0.02339579351246357, 0.0301522146910429, 0.5595206022262573], "frame_16": [0.6300657391548157, 0.3975907564163208, 0.04831809923052788, 0.04980197548866272, 0.7741844058036804, 0.5048946738243103, 0.02339579351246357, 0.0301522146910429, 0.5950501561164856], "frame_17": [0.6300589442253113, 0.39755502343177795, 0.04854833707213402, 0.04973708093166351, 0.7741844058036804, 0.5048946738243103, 0.02339579351246357, 0.0301522146910429, 0.580593466758728], "frame_18": [0.6300762891769409, 0.3975807726383209, 0.048601701855659485, 0.049769844859838486, 0.7741844058036804, 0.5048946738243103, 0.02339579351246357, 0.0301522146910429, 0.5184808373451233], "frame_19": [0.63004469871521, 0.3975428342819214, 0.04852943494915962, 0.04972555488348007, 0.7741844058036804, 0.5048946738243103, 0.02339579351246357, 0.0301522146910429, 0.49572864174842834], "frame_20": [0.6300739049911499, 0.397574782371521, 0.048493023961782455, 0.049715805798769, 0.7847906947135925, 0.4902147054672241, 0.02762891910970211, 0.03164549916982651, 0.6871967911720276], "frame_21": [0.6300856471061707, 0.3976726233959198, 0.04849739000201225, 0.04968299716711044, 0.7847906947135925, 0.4902147054672241, 0.02762891910970211, 0.03164549916982651, 0.579340398311615], "frame_22": [0.630098819732666, 0.39770254492759705, 0.04848213121294975, 0.04972131550312042, 0.7847906947135925, 0.4902147054672241, 0.02762891910970211, 0.03164549916982651, 0.4785478711128235], "frame_23": [0.6300948262214661, 0.39780232310295105, 0.04850747808814049, 0.04981490224599838, 0.7852374315261841, 0.4798842668533325, 0.02790561318397522, 0.029589081183075905, 0.5975358486175537], "frame_24": [0.6299390196800232, 0.3978111147880554, 0.048818886280059814, 0.04961869865655899, 0.7852374315261841, 0.4798842668533325, 0.02790561318397522, 0.029589081183075905, 0.6331661939620972], "frame_25": [0.6298949122428894, 0.39771273732185364, 0.048596955835819244, 0.04984215646982193, 0.7852374315261841, 0.4798842668533325, 0.02790561318397522, 0.029589081183075905, 0.5485208630561829], "frame_26": [0.6298880577087402, 0.3977273404598236, 0.04856088384985924, 0.049880895763635635, 0.7852374315261841, 0.4798842668533325, 0.02790561318397522, 0.029589081183075905, 0.5091597437858582], "frame_27": [0.6299444437026978, 0.3979365825653076, 0.04874967038631439, 0.04977484792470932, 0.7779653072357178, 0.4349134564399719, 0.02660335972905159, 0.029649564996361732, 0.7214030623435974], "frame_28": [0.6299986243247986, 0.39783698320388794, 0.04902856796979904, 0.04977518692612648, 0.7723820209503174, 0.41184523701667786, 0.02594367042183876, 0.031199857592582703, 0.895840048789978], "frame_29": [0.6299538612365723, 0.3977593183517456, 0.048961639404296875, 0.049854107201099396, 0.7723820209503174, 0.41184523701667786, 0.02594367042183876, 0.031199857592582703, 0.9498518705368042], "frame_30": [0.6299322247505188, 0.3977607190608978, 0.04891497269272804, 0.049864958971738815, 0.7723820209503174, 0.41184523701667786, 0.02594367042183876, 0.031199857592582703, 0.9755361676216125], "frame_31": [0.6299529075622559, 0.3978208005428314, 0.04866837337613106, 0.04990772530436516, 0.7554091811180115, 0.35320279002189636, 0.02450408972799778, 0.025610055774450302, 0.8806170225143433], "frame_32": [0.6300608515739441, 0.3979347348213196, 0.048892974853515625, 0.04995494335889816, 0.7491575479507446, 0.33879995346069336, 0.02641923725605011, 0.029842758551239967, 0.9658649563789368], "frame_33": [0.6300702691078186, 0.3978442847728729, 0.04931212589144707, 0.050281863659620285, 0.7446390986442566, 0.3247811198234558, 0.024316491559147835, 0.028251033276319504, 0.8775263428688049], "frame_34": [0.6300339102745056, 0.39786872267723083, 0.04916975274682045, 0.05023752897977829, 0.7399276494979858, 0.31296175718307495, 0.02625528909265995, 0.03144577890634537, 0.8965811729431152], "frame_35": [0.6299307942390442, 0.3978095054626465, 0.04894616827368736, 0.05016984045505524, 0.7339545488357544, 0.3028167188167572, 0.02563798613846302, 0.029923439025878906, 0.9790917038917542], "frame_36": [0.6299187541007996, 0.3979666829109192, 0.04875793308019638, 0.05015144497156143, 0.728082537651062, 0.29351574182510376, 0.02425469271838665, 0.029292531311511993, 0.8866729736328125], "frame_37": [0.6299589276313782, 0.3979493975639343, 0.04905416816473007, 0.05016195401549339, 0.7230991721153259, 0.2854067385196686, 0.02391086146235466, 0.030403941869735718, 0.9435047507286072], "frame_38": [0.6299890279769897, 0.3977929949760437, 0.04884537681937218, 0.05003496631979942, 0.7230991721153259, 0.2854067385196686, 0.02391086146235466, 0.030403941869735718, 0.947956383228302], "frame_39": [0.6300688982009888, 0.39750534296035767, 0.04875831678509712, 0.05022875592112541, 0.7230991721153259, 0.2854067385196686, 0.02391086146235466, 0.030403941869735718, 0.9265477061271667],