{"frame_0": [0.6308372616767883, 0.39437925815582275, 0.04973432794213295, 0.05017636716365814, 0.7106971144676208, 0.6821975708007812, 0.028725391253829002, 0.030269622802734375, 0.9193314909934998], "frame_1": [0.6308543682098389, 0.3942848742008209, 0.04950819909572601, 0.04907124862074852, 0.712949275970459, 0.6695135235786438, 0.02838117815554142, 0.03253542631864548, 0.9108263254165649], "frame_2": [0.630825400352478, 0.3942814767360687, 0.049118973314762115, 0.04919450730085373, 0.7144778966903687, 0.6582887172698975, 0.02900221012532711, 0.031465910375118256, 0.8958516120910645], "frame_3": [0.6308279037475586, 0.3941093385219574, 0.04894735664129257, 0.04887216538190842, 0.7144778966903687, 0.6582887172698975, 0.02900221012532711, 0.031465910375118256, 0.8141324520111084], "frame_4": [0.6308560967445374, 0.3942399024963379, 0.04901076480746269, 0.04914893954992294, 0.7144778966903687, 0.6582887172698975, 0.02900221012532711, 0.031465910375118256, 0.7645542621612549], "frame_5": [0.6308427453041077, 0.3941669762134552, 0.049113377928733826, 0.048911795020103455, 0.7144778966903687, 0.6582887172698975, 0.02900221012532711, 0.031465910375118256, 0.2796190083026886], "frame_6": [0.6308673620223999, 0.39421921968460083, 0.04905107244849205, 0.049025725573301315, 0.7144778966903687, 0.6582887172698975, 0.02900221012532711, 0.031465910375118256, 0.7223619222640991], "frame_7": [0.6308756470680237, 0.3941945433616638, 0.04900313541293144, 0.0490068644285202, 0.7144778966903687, 0.6582887172698975, 0.02900221012532711, 0.031465910375118256, 0.788594126701355], "frame_8": [0.6309419274330139, 0.3942250609397888, 0.04918310418725014, 0.04902161657810211, 0.7144778966903687, 0.6582887172698975, 0.02900221012532711, 0.031465910375118256, 0.8519556522369385], "frame_9": [0.6309286952018738, 0.39415547251701355, 0.0492037869989872, 0.04889950156211853, 0.7144778966903687, 0.6582887172698975, 0.02900221012532711, 0.031465910375118256, 0.8977710008621216], "frame_10": [0.6309559941291809, 0.3941488564014435, 0.04925965145230293, 0.04885474219918251, 0.7144778966903687, 0.6582887172698975, 0.02900221012532711, 0.031465910375118256, 0.7842808961868286], "frame_11": [0.6309464573860168, 0.3941621482372284, 0.04931288957595825, 0.04885393753647804, 0.7144778966903687, 0.6582887172698975, 0.02900221012532711, 0.031465910375118256, 0.8085411787033081], "frame_12": [0.6312549710273743, 0.39404600858688354, 0.048767853528261185, 0.048684097826480865, 0.7144778966903687, 0.6582887172698975, 0.02900221012532711, 0.031465910375118256, 0.7860268950462341], "frame_13": [0.6312482953071594, 0.3940591514110565, 0.0487050786614418, 0.04870567470788956, 0.7144778966903687, 0.6582887172698975, 0.02900221012532711, 0.031465910375118256, 0.7080178260803223], "frame_14": [0.6312876343727112, 0.3940155506134033, 0.04863946884870529, 0.048725638538599014, 0.7144778966903687, 0.6582887172698975, 0.02900221012532711, 0.031465910375118256, 0.7937297224998474], "frame_15": [0.6313349604606628, 0.393979012966156, 0.04851587116718292, 0.048716988414525986, 0.7144778966903687, 0.6582887172698975, 0.02900221012532711, 0.031465910375118256, 0.7516036033630371], "frame_16": [0.6313174962997437, 0.393966943025589, 0.04855719581246376, 0.04869804531335831, 0.7144778966903687, 0.6582887172698975, 0.02900221012532711, 0.031465910375118256, 0.12297646701335907], "frame_17": [0.6312888860702515, 0.3939676880836487, 0.0484330914914608, 0.04861852899193764, 0.7144778966903687, 0.6582887172698975, 0.02900221012532711, 0.031465910375118256, 0.14084500074386597], "frame_18": [0.6312920451164246, 0.39399999380111694, 0.04851396381855011, 0.04872389882802963, 0.7144778966903687, 0.6582887172698975, 0.02900221012532711, 0.031465910375118256, 0.3969059884548187], "frame_19": [0.6312777400016785, 0.39390531182289124, 0.04840939864516258, 0.04846428707242012, 0.7144778966903687, 0.6582887172698975, 0.02900221012532711, 0.031465910375118256, 0.6283193826675415], "frame_20": [0.6312457323074341, 0.3939184546470642, 0.048258207738399506, 0.04845712333917618, 0.7144778966903687, 0.6582887172698975, 0.02900221012532711, 0.031465910375118256, 0.6868468523025513], "frame_21": [0.6312931776046753, 0.3939433693885803, 0.04823761060833931, 0.0485321469604969, 0.7144778966903687, 0.6582887172698975, 0.02900221012532711, 0.031465910375118256, 0.0], "frame_22": [0.6312701106071472, 0.3939688801765442, 0.04850027337670326, 0.04849883168935776, 0.7144778966903687, 0.6582887172698975, 0.02900221012532711, 0.031465910375118256, 0.9524334669113159], "frame_23": [0.631287157535553, 0.3939732015132904, 0.048538122326135635, 0.04851993918418884, 0.7144778966903687, 0.6582887172698975, 0.02900221012532711, 0.031465910375118256, 0.0], "frame_24": [0.6316840052604675, 0.3943062126636505, 0.04954948276281357, 0.049239180982112885, 0.7650038003921509, 0.4706234931945801, 0.029405297711491585, 0.03268110379576683, 0.5781463980674744], "frame_25": [0.6316583156585693, 0.39428889751434326, 0.04941978305578232, 0.04922421649098396, 0.7721657752990723, 0.4672508239746094, 0.031431324779987335, 0.03294813260436058, 0.5104835033416748], "frame_26": [0.6315650343894958, 0.39427095651626587, 0.04949209466576576, 0.04922756552696228, 0.7763449549674988, 0.4625229835510254, 0.03331315889954567, 0.033942244946956635, 0.6328775882720947], "frame_27": [0.6315991282463074, 0.3942723274230957, 0.049658797681331635, 0.04921417310833931, 0.7795628905296326, 0.4549912214279175, 0.033963944762945175, 0.03158043697476387, 0.5771681666374207], "frame_28": [0.6315920948982239, 0.39429163932800293, 0.049655914306640625, 0.04922722652554512, 0.7801957726478577, 0.4494527578353882, 0.03627624362707138, 0.031107330694794655, 0.6199513673782349], "frame_29": [0.6316439509391785, 0.39424386620521545, 0.04963857680559158, 0.04910621792078018, 0.7833141684532166, 0.4396681785583496, 0.032537419348955154, 0.03474922105669975, 0.5886141657829285], "frame_30": [0.6316386461257935, 0.39425164461135864, 0.04965247958898544, 0.049089133739471436, 0.7829115986824036, 0.4264398217201233, 0.03246188536286354, 0.0322306752204895, 0.7329332828521729], "frame_31": [0.6316367983818054, 0.39418554306030273, 0.04957563430070877, 0.04898219555616379, 0.7784600257873535, 0.4144626259803772, 0.0368092842400074, 0.034508343786001205, 0.7400593161582947], "frame_32": [0.6316558122634888, 0.3942680358886719, 0.04959509149193764, 0.049019452184438705, 0.7767745852470398, 0.3973522484302521, 0.02945132739841938, 0.03627319261431694, 0.6775583624839783], "frame_33": [0.63157719373703, 0.39426887035369873, 0.04923858493566513, 0.04902038723230362, 0.7767745852470398, 0.3973522484302521, 0.02945132739841938, 0.03627319261431694, 0.966561496257782], "frame_34": [0.6316536664962769, 0.39429935812950134, 0.04932967200875282, 0.049235280603170395, 0.7678183913230896, 0.35605940222740173, 0.025322724133729935, 0.027045419439673424, 0.905847430229187], "frame_35": [0.631705105304718, 0.3943086266517639, 0.04947221651673317, 0.04927639290690422, 0.761198103427887, 0.341169536113739, 0.025108762085437775, 0.028892220929265022, 0.9536640048027039], "frame_36": [0.6313698887825012, 0.39425820112228394, 0.048242948949337006, 0.04909968748688698, 0.7558490037918091, 0.32380154728889465, 0.025508880615234375, 0.026533614844083786, 0.9723284244537354], "frame_37": [0.6314087510108948, 0.3942609131336212, 0.04845411330461502, 0.04914673790335655, 0.75050288438797, 0.31240978837013245, 0.024279531091451645, 0.028752220794558525, 0.8838650584220886], "frame_38": [0.6313896179199219, 0.39425140619277954, 0.04842359572649002, 0.04914071783423424, 0.7439122796058655, 0.29849666357040405, 0.026789601892232895, 0.029914092272520065, 0.9592644572257996], "frame_39": [0.6313053369522095, 0.3942548930644989, 0.04817046970129013, 0.04907849803566933, 0.7365573644638062, 0.28793618083000183, 0.024691009894013405, 0.028542136773467064, 0.9687325954437256],