{"frame_0": [0.6301144957542419, 0.3980239927768707, 0.05123625695705414, 0.049756113439798355, 0.6360881924629211, 0.38034048676490784, 0.030490875244140625, 0.03283432871103287, 0.7139713168144226], "frame_1": [0.6295998692512512, 0.3976673483848572, 0.050670452415943146, 0.050031960010528564, 0.6360881924629211, 0.38034048676490784, 0.030490875244140625, 0.03283432871103287, 0.7574052810668945], "frame_2": [0.6294664144515991, 0.397622674703598, 0.05070389807224274, 0.05001835152506828, 0.6360881924629211, 0.38034048676490784, 0.030490875244140625, 0.03283432871103287, 0.7343323230743408], "frame_3": [0.6294329166412354, 0.39759987592697144, 0.05077773332595825, 0.05004611611366272, 0.3095239996910095, 0.5810104608535767, 0.017608556896448135, 0.02364129014313221, 0.7075815200805664], "frame_4": [0.6293233036994934, 0.39755019545555115, 0.05026207119226456, 0.049936506897211075, 0.3088434934616089, 0.5809652805328369, 0.01819915696978569, 0.023431947454810143, 0.7185845375061035], "frame_5": [0.6293618083000183, 0.39769887924194336, 0.04998643696308136, 0.049737464636564255, 0.3069031536579132, 0.5817205905914307, 0.01893511787056923, 0.024094093590974808, 0.7357553243637085], "frame_6": [0.629488468170166, 0.3975059390068054, 0.050512779504060745, 0.049925487488508224, 0.30360740423202515, 0.5820239782333374, 0.01965908519923687, 0.02379998192191124, 0.7390674948692322], "frame_7": [0.6296129822731018, 0.39753973484039307, 0.05020790174603462, 0.04979722946882248, 0.29934561252593994, 0.5819142460823059, 0.02347835898399353, 0.02513868547976017, 0.7453231811523438], "frame_8": [0.6295095682144165, 0.3975048363208771, 0.05032666400074959, 0.049859024584293365, 0.2960354685783386, 0.5805560946464539, 0.02159370854496956, 0.02549285814166069, 0.7580032348632812], "frame_9": [0.6295058131217957, 0.397500216960907, 0.05044424161314964, 0.04980485886335373, 0.2960354685783386, 0.5805560946464539, 0.02159370854496956, 0.02549285814166069, 0.7526374459266663], "frame_10": [0.629368007183075, 0.3975093960762024, 0.05020569637417793, 0.04984046146273613, 0.2960354685783386, 0.5805560946464539, 0.02159370854496956, 0.02549285814166069, 0.7038559317588806], "frame_11": [0.6293274164199829, 0.3975068926811218, 0.050189122557640076, 0.04985779523849487, 0.2960354685783386, 0.5805560946464539, 0.02159370854496956, 0.02549285814166069, 0.6304628252983093], "frame_12": [0.6294730305671692, 0.3973117768764496, 0.049897681921720505, 0.049641504883766174, 0.2960354685783386, 0.5805560946464539, 0.02159370854496956, 0.02549285814166069, 0.6035463213920593], "frame_13": [0.6296842098236084, 0.39731648564338684, 0.05011863633990288, 0.0496361218392849, 0.2960354685783386, 0.5805560946464539, 0.02159370854496956, 0.02549285814166069, 0.4665793180465698], "frame_14": [0.6296108365058899, 0.39710938930511475, 0.049747467041015625, 0.049724407494068146, 0.2960354685783386, 0.5805560946464539, 0.02159370854496956, 0.02549285814166069, 0.40476787090301514], "frame_15": [0.6295625567436218, 0.39711612462997437, 0.04969940334558487, 0.04972449317574501, 0.2960354685783386, 0.5805560946464539, 0.02159370854496956, 0.02549285814166069, 0.34328076243400574], "frame_16": [0.6295562982559204, 0.3971043825149536, 0.0496978759765625, 0.04969868063926697, 0.2960354685783386, 0.5805560946464539, 0.02159370854496956, 0.02549285814166069, 0.3283820152282715], "frame_17": [0.6294913291931152, 0.3970837891101837, 0.0496019572019577, 0.04970092698931694, 0.2960354685783386, 0.5805560946464539, 0.02159370854496956, 0.02549285814166069, 0.3910786211490631], "frame_18": [0.6295794248580933, 0.39707744121551514, 0.04937994107604027, 0.04962501674890518, 0.27149635553359985, 0.5067253112792969, 0.03171810507774353, 0.02558915875852108, 0.4042547345161438], "frame_19": [0.6295158267021179, 0.3971221148967743, 0.049804601818323135, 0.049717627465724945, 0.27149635553359985, 0.5067253112792969, 0.03171810507774353, 0.02558915875852108, 0.42474374175071716], "frame_20": [0.6293309330940247, 0.3974168598651886, 0.04954223707318306, 0.04970550537109375, 0.26352357864379883, 0.5011643171310425, 0.027438927441835403, 0.02653825469315052, 0.3599982261657715], "frame_21": [0.6294831037521362, 0.3972231447696686, 0.049776289612054825, 0.04971732944250107, 0.26352357864379883, 0.5011643171310425, 0.027438927441835403, 0.02653825469315052, 0.3231230676174164], "frame_22": [0.629670262336731, 0.3972100019454956, 0.049560461193323135, 0.04969465360045433, 0.26352357864379883, 0.5011643171310425, 0.027438927441835403, 0.02653825469315052, 0.3458459973335266], "frame_23": [0.62964928150177, 0.3972834348678589, 0.04958106204867363, 0.04963900148868561, 0.2587757706642151, 0.49737921357154846, 0.02538570761680603, 0.022076627239584923, 0.38238462805747986], "frame_24": [0.6297847628593445, 0.39742547273635864, 0.049738481640815735, 0.04954579845070839, 0.2583957612514496, 0.49417173862457275, 0.026001272723078728, 0.026595434173941612, 0.368965744972229], "frame_25": [0.629597544670105, 0.3973338305950165, 0.049915485084056854, 0.04954443871974945, 0.2598259449005127, 0.4902019500732422, 0.029196463525295258, 0.027182769030332565, 0.37680208683013916], "frame_26": [0.6298158168792725, 0.39712023735046387, 0.04981481656432152, 0.049205102026462555, 0.2589505612850189, 0.4827461242675781, 0.02582501247525215, 0.02700296975672245, 0.4496147930622101], "frame_27": [0.629766047000885, 0.3971059024333954, 0.04981163889169693, 0.04930754750967026, 0.2609430253505707, 0.473653107881546, 0.025987710803747177, 0.02729560062289238, 0.427942156791687], "frame_28": [0.6293113827705383, 0.3971141278743744, 0.04974144697189331, 0.04931331053376198, 0.2626926302909851, 0.46157413721084595, 0.026572121307253838, 0.026867082342505455, 0.46998515725135803], "frame_29": [0.6291651725769043, 0.3971337080001831, 0.049883268773555756, 0.04941118136048317, 0.2626926302909851, 0.46157413721084595, 0.026572121307253838, 0.026867082342505455, 0.5832337141036987], "frame_30": [0.6295613050460815, 0.3970555067062378, 0.049790360033512115, 0.049374815076589584, 0.2749709188938141, 0.4240688383579254, 0.024369874969124794, 0.02851257286965847, 0.7317361235618591], "frame_31": [0.6295786499977112, 0.3970682919025421, 0.04985906928777695, 0.04941317066550255, 0.28861477971076965, 0.4009304344654083, 0.02695399336516857, 0.029658423736691475, 0.7682875394821167], "frame_32": [0.6295979619026184, 0.3971046507358551, 0.05000288039445877, 0.04942215979099274, 0.2997826337814331, 0.38034048676490784, 0.023911094292998314, 0.027814101427793503, 0.8486708998680115], "frame_33": [0.6296595335006714, 0.39708656072616577, 0.0501885749399662, 0.049324288964271545, 0.31239446997642517, 0.3614942729473114, 0.02473277971148491, 0.027690421789884567, 0.7930507659912109], "frame_34": [0.6294489502906799, 0.3971397280693054, 0.04984185844659805, 0.049218833446502686, 0.32469090819358826, 0.343222051858902, 0.022553633898496628, 0.027102576568722725, 0.757682740688324], "frame_35": [0.6295964121818542, 0.3971574604511261, 0.050026703625917435, 0.049287836998701096, 0.33656468987464905, 0.32601839303970337, 0.022152243182063103, 0.02773689664900303, 0.7560502886772156], "frame_36": [0.6295668482780457, 0.3974205553531647, 0.050209131091833115, 0.04969990998506546, 0.3473847210407257, 0.31207066774368286, 0.02381182834506035, 0.028894424438476562, 0.7526888251304626], "frame_37": [0.62958824634552, 0.39740821719169617, 0.05030737817287445, 0.049711864441633224, 0.36118319630622864, 0.298094779253006, 0.02107086218893528, 0.02915717288851738, 0.7156317234039307], "frame_38": [0.6295500993728638, 0.39741864800453186, 0.05011902004480362, 0.04969126358628273, 0.3701057434082031, 0.2850172817707062, 0.024928072467446327, 0.027448315173387527, 0.664068341255188], "frame_39": [0.6294989585876465, 0.3973993957042694, 0.05003776401281357, 0.04969113692641258, 0.3701057434082031, 0.2850172817707062, 0.024928072467446327, 0.027448315173387527, 0.5994576215744019],