{"frame_0": [0.5074958205223083, 0.40458962321281433, 0.045582495629787445, 0.04616987332701683, 0.5652201175689697, 0.5015236139297485, 0.018035337328910828, 0.02034674771130085, 0.9158816337585449], "frame_1": [0.5068562626838684, 0.4046420753002167, 0.04480399936437607, 0.04622972384095192, 0.5652201175689697, 0.5015236139297485, 0.018035337328910828, 0.02034674771130085, 0.8931853175163269], "frame_2": [0.5068245530128479, 0.404617577791214, 0.04457550123333931, 0.04623536020517349, 0.5652201175689697, 0.5015236139297485, 0.018035337328910828, 0.02034674771130085, 0.8469988107681274], "frame_3": [0.5067094564437866, 0.40467506647109985, 0.04450492933392525, 0.046135541051626205, 0.5652201175689697, 0.5015236139297485, 0.018035337328910828, 0.02034674771130085, 0.7613028287887573], "frame_4": [0.5067319869995117, 0.4047028124332428, 0.044605255126953125, 0.046220481395721436, 0.5652201175689697, 0.5015236139297485, 0.018035337328910828, 0.02034674771130085, 0.7980265021324158], "frame_5": [0.5067346096038818, 0.40477192401885986, 0.044705580919981, 0.04650171101093292, 0.5652201175689697, 0.5015236139297485, 0.018035337328910828, 0.02034674771130085, 0.7949256896972656], "frame_6": [0.5067178606987, 0.40475159883499146, 0.0447092279791832, 0.046436987817287445, 0.5652201175689697, 0.5015236139297485, 0.018035337328910828, 0.02034674771130085, 0.7835293412208557], "frame_7": [0.5067013502120972, 0.4047369956970215, 0.044731393456459045, 0.04639540612697601, 0.5652201175689697, 0.5015236139297485, 0.018035337328910828, 0.02034674771130085, 0.2308122217655182], "frame_8": [0.5067658424377441, 0.40474388003349304, 0.0448014996945858, 0.04640541225671768, 0.5652201175689697, 0.5015236139297485, 0.018035337328910828, 0.02034674771130085, 0.23261629045009613], "frame_9": [0.5068288445472717, 0.40479040145874023, 0.04486512020230293, 0.04647161811590195, 0.5652201175689697, 0.5015236139297485, 0.018035337328910828, 0.02034674771130085, 0.22579443454742432], "frame_10": [0.5067939162254333, 0.40479591488838196, 0.04484350234270096, 0.046453263610601425, 0.5652201175689697, 0.5015236139297485, 0.018035337328910828, 0.02034674771130085, 0.24286483228206635], "frame_11": [0.5068016052246094, 0.40482187271118164, 0.0447818748652935, 0.04646644741296768, 0.5652201175689697, 0.5015236139297485, 0.018035337328910828, 0.02034674771130085, 0.28142762184143066], "frame_12": [0.5069509148597717, 0.4047805368900299, 0.04592034965753555, 0.0463782399892807, 0.5652201175689697, 0.5015236139297485, 0.018035337328910828, 0.02034674771130085, 0.0], "frame_13": [0.5069594383239746, 0.40479880571365356, 0.04591772332787514, 0.046385277062654495, 0.5652201175689697, 0.5015236139297485, 0.018035337328910828, 0.02034674771130085, 0.287519633769989], "frame_14": [0.5069295167922974, 0.4048055112361908, 0.04585855454206467, 0.04638794809579849, 0.5652201175689697, 0.5015236139297485, 0.018035337328910828, 0.02034674771130085, 0.2895663380622864], "frame_15": [0.5069699883460999, 0.40475335717201233, 0.046027373522520065, 0.04629300534725189, 0.5652201175689697, 0.5015236139297485, 0.018035337328910828, 0.02034674771130085, 0.4871668219566345], "frame_16": [0.5069453716278076, 0.4048163592815399, 0.04590271785855293, 0.04633140563964844, 0.5652201175689697, 0.5015236139297485, 0.018035337328910828, 0.02034674771130085, 0.37638378143310547], "frame_17": [0.5069392919540405, 0.40474697947502136, 0.045871905982494354, 0.04636908695101738, 0.5652201175689697, 0.5015236139297485, 0.018035337328910828, 0.02034674771130085, 0.0], "frame_18": [0.5069429278373718, 0.4047212302684784, 0.04587860032916069, 0.04639964550733566, 0.5652201175689697, 0.5015236139297485, 0.018035337328910828, 0.02034674771130085, 0.490789532661438], "frame_19": [0.5069856643676758, 0.40479931235313416, 0.04575470834970474, 0.04663340374827385, 0.5652201175689697, 0.5015236139297485, 0.018035337328910828, 0.02034674771130085, 0.5334646701812744], "frame_20": [0.5069279670715332, 0.4047980308532715, 0.045725420117378235, 0.0466434471309185, 0.6125327944755554, 0.4969288408756256, 0.02121599018573761, 0.02155100554227829, 0.6492221355438232], "frame_21": [0.5069055557250977, 0.404744416475296, 0.04577886685729027, 0.046620942652225494, 0.6158319115638733, 0.4949614703655243, 0.021855544298887253, 0.022137831896543503, 0.628799319267273], "frame_22": [0.5068197250366211, 0.40472641587257385, 0.045796968042850494, 0.046529728919267654, 0.6174681186676025, 0.49325311183929443, 0.022112825885415077, 0.02196502685546875, 0.6403524875640869], "frame_23": [0.5067363977432251, 0.40465247631073, 0.045612335205078125, 0.04637569934129715, 0.6188439130783081, 0.49079370498657227, 0.02301618829369545, 0.02286834642291069, 0.6597827076911926], "frame_24": [0.5066008567810059, 0.4043344259262085, 0.04527337849140167, 0.0459655337035656, 0.620984673500061, 0.48635703325271606, 0.022881317883729935, 0.023404311388731003, 0.6024991869926453], "frame_25": [0.5065422654151917, 0.4042649567127228, 0.045088451355695724, 0.045861899852752686, 0.6219006180763245, 0.4821350574493408, 0.02319776825606823, 0.024682702496647835, 0.7227120995521545], "frame_26": [0.5065699219703674, 0.4042825400829315, 0.04517419636249542, 0.04590644687414169, 0.621828556060791, 0.4765530824661255, 0.023962698876857758, 0.024176321923732758, 0.6783230900764465], "frame_27": [0.5065667629241943, 0.40426644682884216, 0.045124053955078125, 0.0457671694457531, 0.6214228272438049, 0.4710227847099304, 0.025071419775485992, 0.0261705182492733, 0.5822874903678894], "frame_28": [0.5065135955810547, 0.4042937457561493, 0.044962141662836075, 0.0458061657845974, 0.6209875345230103, 0.4645686149597168, 0.024557961151003838, 0.028078461065888405, 0.5735231637954712], "frame_29": [0.5065915584564209, 0.40437233448028564, 0.04507492855191231, 0.045899540185928345, 0.6190861463546753, 0.45599251985549927, 0.02517106756567955, 0.02702009491622448, 0.571198582649231], "frame_30": [0.5066112875938416, 0.40435171127319336, 0.045231714844703674, 0.04592285305261612, 0.6154934167861938, 0.44058388471603394, 0.025246260687708855, 0.02490234375, 0.504358172416687], "frame_31": [0.506575882434845, 0.4042521119117737, 0.04492340236902237, 0.04573750123381615, 0.6107407212257385, 0.4262145161628723, 0.02379167266190052, 0.024637985974550247, 0.8601589202880859], "frame_32": [0.5065353512763977, 0.40420615673065186, 0.04499206691980362, 0.04566175490617752, 0.6053870320320129, 0.4129493832588196, 0.025166871026158333, 0.028549406677484512, 0.8375557661056519], "frame_33": [0.5064099431037903, 0.4041122496128082, 0.04463165998458862, 0.045462120324373245, 0.6019620895385742, 0.3998483419418335, 0.021666336804628372, 0.024026276543736458, 0.8691531419754028], "frame_34": [0.5064737200737, 0.404268354177475, 0.04493886977434158, 0.04571652039885521, 0.5958442687988281, 0.38973262906074524, 0.022966597229242325, 0.02493574284017086, 0.8830903172492981], "frame_35": [0.5065509676933289, 0.4044429361820221, 0.04527299851179123, 0.046010758727788925, 0.5908536911010742, 0.3814018964767456, 0.023657439276576042, 0.026516256853938103, 0.8685755133628845], "frame_36": [0.5064178109169006, 0.4047490358352661, 0.044910602271556854, 0.04665964096784592, 0.5857623815536499, 0.3713453412055969, 0.022670364007353783, 0.025139449164271355, 0.7666882872581482], "frame_37": [0.5063316226005554, 0.40464523434638977, 0.04464094340801239, 0.046536169946193695, 0.5809034109115601, 0.3651101887226105, 0.02275237999856472, 0.02413294091820717, 0.6609611511230469], "frame_38": [0.5064391493797302, 0.4046725332736969, 0.04478827491402626, 0.04653489962220192, 0.576407790184021, 0.3593078553676605, 0.022463226690888405, 0.024131901562213898, 0.0], "frame_39": [0.5065058469772339, 0.4046635627746582, 0.04485299810767174, 0.046465132385492325, 0.5716161131858826, 0.3551340401172638, 0.021554183214902878, 0.023099178448319435, 0.0],