{"frame_0": [0.6297628879547119, 0.3965070843696594, 0.04904670640826225, 0.05083800479769707, 0.6346341371536255, 0.36699944734573364, 0.024942398071289062, 0.020826635882258415, 0.6887074112892151], "frame_1": [0.6294211745262146, 0.3965548574924469, 0.04893167316913605, 0.05045555904507637, 0.6346341371536255, 0.36699944734573364, 0.024942398071289062, 0.020826635882258415, 0.8583205342292786], "frame_2": [0.6292535662651062, 0.3963252604007721, 0.0488101951777935, 0.05004293471574783, 0.6346341371536255, 0.36699944734573364, 0.024942398071289062, 0.020826635882258415, 0.8440729975700378], "frame_3": [0.6293163299560547, 0.3963697552680969, 0.048920441418886185, 0.04999588802456856, 0.6346341371536255, 0.36699944734573364, 0.024942398071289062, 0.020826635882258415, 0.7925530672073364], "frame_4": [0.6293497085571289, 0.3963437080383301, 0.04908790439367294, 0.049929384142160416, 0.6346341371536255, 0.36699944734573364, 0.024942398071289062, 0.020826635882258415, 0.7381661534309387], "frame_5": [0.6293513774871826, 0.3963458240032196, 0.04911622032523155, 0.049954988062381744, 0.6346341371536255, 0.36699944734573364, 0.024942398071289062, 0.020826635882258415, 0.7603339552879333], "frame_6": [0.6293440461158752, 0.3961387574672699, 0.049233246594667435, 0.049532316625118256, 0.6346341371536255, 0.36699944734573364, 0.024942398071289062, 0.020826635882258415, 0.7374807596206665], "frame_7": [0.629364013671875, 0.39614155888557434, 0.049275800585746765, 0.04947658255696297, 0.6346341371536255, 0.36699944734573364, 0.024942398071289062, 0.020826635882258415, 0.7924317717552185], "frame_8": [0.6292473673820496, 0.3961019814014435, 0.048673417419195175, 0.04950150474905968, 0.6346341371536255, 0.36699944734573364, 0.024942398071289062, 0.020826635882258415, 0.8116545081138611], "frame_9": [0.6291965246200562, 0.39611753821372986, 0.04860564321279526, 0.049485523253679276, 0.6346341371536255, 0.36699944734573364, 0.024942398071289062, 0.020826635882258415, 0.6091652512550354], "frame_10": [0.6291751861572266, 0.3960666358470917, 0.04877404123544693, 0.049378205090761185, 0.6346341371536255, 0.36699944734573364, 0.024942398071289062, 0.020826635882258415, 0.13222412765026093], "frame_11": [0.6293163895606995, 0.3959563374519348, 0.04910668358206749, 0.0492037869989872, 0.6346341371536255, 0.36699944734573364, 0.024942398071289062, 0.020826635882258415, 0.43051058053970337], "frame_12": [0.6295602321624756, 0.39631524682044983, 0.04834726080298424, 0.049610435962677, 0.6346341371536255, 0.36699944734573364, 0.024942398071289062, 0.020826635882258415, 0.26062503457069397], "frame_13": [0.6295573115348816, 0.3963342308998108, 0.04837854206562042, 0.04958072304725647, 0.6346341371536255, 0.36699944734573364, 0.024942398071289062, 0.020826635882258415, 0.4369131028652191], "frame_14": [0.6295278668403625, 0.39634865522384644, 0.04828927665948868, 0.04958890378475189, 0.6346341371536255, 0.36699944734573364, 0.024942398071289062, 0.020826635882258415, 0.45433861017227173], "frame_15": [0.6294691562652588, 0.39637869596481323, 0.0481286384165287, 0.049597252160310745, 0.6887519359588623, 0.5346457362174988, 0.029135046526789665, 0.027238251641392708, 0.6753103137016296], "frame_16": [0.6294617652893066, 0.3963734209537506, 0.04812049865722656, 0.04958932846784592, 0.6897386312484741, 0.5251414179801941, 0.025642182677984238, 0.029638290405273438, 0.9262006878852844], "frame_17": [0.6294608116149902, 0.39636901021003723, 0.04812753573060036, 0.049601320177316666, 0.6897386312484741, 0.5251414179801941, 0.025642182677984238, 0.029638290405273438, 0.8751970529556274], "frame_18": [0.6295366883277893, 0.3963444232940674, 0.04822976887226105, 0.049612510949373245, 0.6897386312484741, 0.5251414179801941, 0.025642182677984238, 0.029638290405273438, 0.8902724981307983], "frame_19": [0.6294844746589661, 0.3963930904865265, 0.04816199466586113, 0.0497446283698082, 0.6897386312484741, 0.5251414179801941, 0.025642182677984238, 0.029638290405273438, 0.9854303598403931], "frame_20": [0.6294887661933899, 0.39636966586112976, 0.04815063625574112, 0.04981384426355362, 0.6897386312484741, 0.5251414179801941, 0.025642182677984238, 0.029638290405273438, 0.9865437150001526], "frame_21": [0.6295023560523987, 0.39638760685920715, 0.04820806533098221, 0.04981536790728569, 0.6897386312484741, 0.5251414179801941, 0.025642182677984238, 0.029638290405273438, 0.6042185425758362], "frame_22": [0.6295623183250427, 0.3964056372642517, 0.04837244004011154, 0.04979226738214493, 0.6999415159225464, 0.48793211579322815, 0.017802979797124863, 0.02233276329934597, 0.5708416700363159], "frame_23": [0.6295458674430847, 0.3964379131793976, 0.04843271151185036, 0.04984520748257637, 0.6961455345153809, 0.488799124956131, 0.022196579724550247, 0.023949220776557922, 0.5777915716171265], "frame_24": [0.629664957523346, 0.3962832987308502, 0.048388585448265076, 0.04915504530072212, 0.6915612816810608, 0.4882137179374695, 0.028414536267518997, 0.02778167650103569, 0.5871606469154358], "frame_25": [0.6296966671943665, 0.3962920308113098, 0.048476580530405045, 0.04915190860629082, 0.6885175704956055, 0.48973745107650757, 0.03356514126062393, 0.03705719858407974, 0.676282525062561], "frame_26": [0.6297070980072021, 0.3962680399417877, 0.048509977757930756, 0.04913262277841568, 0.6898468136787415, 0.4805152118206024, 0.029583485797047615, 0.028879759833216667, 0.6278954148292542], "frame_27": [0.629757285118103, 0.3962465822696686, 0.048575762659311295, 0.04909197613596916, 0.689111590385437, 0.47335100173950195, 0.029798338189721107, 0.02801649272441864, 0.8316061496734619], "frame_28": [0.6297867894172668, 0.39625024795532227, 0.04862336069345474, 0.04908163100481033, 0.6863730549812317, 0.4626579284667969, 0.028906038030982018, 0.03236524760723114, 0.8552801609039307], "frame_29": [0.629769504070282, 0.3962385952472687, 0.04864654690027237, 0.049093883484601974, 0.6850540041923523, 0.451751708984375, 0.028299331665039062, 0.03230421245098114, 0.6828057169914246], "frame_30": [0.6297426223754883, 0.39612627029418945, 0.04854888841509819, 0.048781245946884155, 0.6826748251914978, 0.43293923139572144, 0.030805587768554688, 0.03155907616019249, 0.8312119245529175], "frame_31": [0.6296684145927429, 0.39618173241615295, 0.04839019849896431, 0.04919717460870743, 0.68421870470047, 0.4091442823410034, 0.025319967418909073, 0.03015831857919693, 0.0], "frame_32": [0.6294873356819153, 0.3963090777397156, 0.048374176025390625, 0.0493733286857605, 0.6810996532440186, 0.3890743553638458, 0.025094520300626755, 0.03302141651511192, 0.9584317207336426], "frame_33": [0.6294193267822266, 0.39615076780319214, 0.04808061569929123, 0.04930843785405159, 0.6775884032249451, 0.366580992937088, 0.027308866381645203, 0.02983703650534153, 0.9420921802520752], "frame_34": [0.6296298503875732, 0.3960951864719391, 0.0480472557246685, 0.049530029296875, 0.675303041934967, 0.3476261496543884, 0.026858139783143997, 0.03042108751833439, 0.8951732516288757], "frame_35": [0.6299241185188293, 0.3962175250053406, 0.04840965196490288, 0.04959000647068024, 0.6735595464706421, 0.33040496706962585, 0.02782135084271431, 0.03052722103893757, 0.8848853707313538], "frame_36": [0.6297575235366821, 0.39622947573661804, 0.04923362657427788, 0.04952371492981911, 0.6716486811637878, 0.31420066952705383, 0.028098508715629578, 0.029853248968720436, 0.6327375769615173], "frame_37": [0.6296858191490173, 0.39620158076286316, 0.04894125089049339, 0.04943826422095299, 0.6700890064239502, 0.30067986249923706, 0.027417754754424095, 0.02906475029885769, 0.593934178352356], "frame_38": [0.6296528577804565, 0.39617350697517395, 0.048939261585474014, 0.04928135499358177, 0.6685041785240173, 0.2876037061214447, 0.025824101641774178, 0.02948368899524212, 0.6585124135017395], "frame_39": [0.6296447515487671, 0.39615949988365173, 0.048832450062036514, 0.049281734973192215, 0.6676292419433594, 0.27479058504104614, 0.02458699606359005, 0.028617477044463158, 0.7649881839752197],