{"frame_0": [0.629490077495575, 0.3978478014469147, 0.05057241767644882, 0.048983000218868256, 0.6336077451705933, 0.46252983808517456, 0.020563973113894463, 0.02094879187643528, 0.8059991598129272], "frame_1": [0.6293013095855713, 0.39782553911209106, 0.0499463826417923, 0.0491003654897213, 0.4654066264629364, 0.5580118894577026, 0.022587204352021217, 0.028807533904910088, 0.7983717918395996], "frame_2": [0.629408061504364, 0.3978295624256134, 0.05011902004480362, 0.049116432666778564, 0.4651021361351013, 0.5597425103187561, 0.021629247814416885, 0.028675079345703125, 0.7114906311035156], "frame_3": [0.6294235587120056, 0.3978409767150879, 0.050266265869140625, 0.04908905178308487, 0.4625890851020813, 0.5635435581207275, 0.021462038159370422, 0.028637314215302467, 0.7534040808677673], "frame_4": [0.6294047832489014, 0.39785248041152954, 0.05023612827062607, 0.04910431057214737, 0.4625890851020813, 0.5635435581207275, 0.021462038159370422, 0.028637314215302467, 0.8354572057723999], "frame_5": [0.6294276714324951, 0.39786261320114136, 0.05025749281048775, 0.04905547946691513, 0.4625890851020813, 0.5635435581207275, 0.021462038159370422, 0.028637314215302467, 0.8218449950218201], "frame_6": [0.6294323205947876, 0.3978598415851593, 0.05018022283911705, 0.04907718300819397, 0.4625890851020813, 0.5635435581207275, 0.021462038159370422, 0.028637314215302467, 0.8713968396186829], "frame_7": [0.629426896572113, 0.397887259721756, 0.05012482404708862, 0.04920942336320877, 0.4625890851020813, 0.5635435581207275, 0.021462038159370422, 0.028637314215302467, 0.9638526439666748], "frame_8": [0.6294320225715637, 0.39788368344306946, 0.049968719482421875, 0.04915538430213928, 0.4625890851020813, 0.5635435581207275, 0.021462038159370422, 0.028637314215302467, 0.9769995808601379], "frame_9": [0.6294453740119934, 0.39789313077926636, 0.04993116483092308, 0.04914601519703865, 0.4625890851020813, 0.5635435581207275, 0.021462038159370422, 0.028637314215302467, 0.9909893274307251], "frame_10": [0.6293559074401855, 0.3979000449180603, 0.049793243408203125, 0.04913639649748802, 0.4625890851020813, 0.5635435581207275, 0.021462038159370422, 0.028637314215302467, 0.9823706150054932], "frame_11": [0.62940514087677, 0.3978942930698395, 0.04987915977835655, 0.04919688031077385, 0.4625890851020813, 0.5635435581207275, 0.021462038159370422, 0.028637314215302467, 0.9749394655227661], "frame_12": [0.6290578842163086, 0.39774009585380554, 0.04887182265520096, 0.049450431019067764, 0.4625890851020813, 0.5635435581207275, 0.021462038159370422, 0.028637314215302467, 0.9669265747070312], "frame_13": [0.6290537714958191, 0.3977406919002533, 0.04884300380945206, 0.04945411533117294, 0.4625890851020813, 0.5635435581207275, 0.021462038159370422, 0.028637314215302467, 0.9767810106277466], "frame_14": [0.6290547251701355, 0.39773696660995483, 0.04884711280465126, 0.04944699630141258, 0.4625890851020813, 0.5635435581207275, 0.021462038159370422, 0.028637314215302467, 0.9839820861816406], "frame_15": [0.6290430426597595, 0.3977409303188324, 0.04882333427667618, 0.04944877699017525, 0.4380190670490265, 0.5710378885269165, 0.025423219427466393, 0.028018400073051453, 0.998681902885437], "frame_16": [0.6290505528450012, 0.39776843786239624, 0.048899754881858826, 0.0494672991335392, 0.4433554708957672, 0.560434103012085, 0.02632293663918972, 0.02653198316693306, 0.8552421927452087], "frame_17": [0.6290674805641174, 0.3977609872817993, 0.04887411370873451, 0.049463991075754166, 0.4433554708957672, 0.560434103012085, 0.02632293663918972, 0.02653198316693306, 0.665433943271637], "frame_18": [0.6290688514709473, 0.39776289463043213, 0.04886322095990181, 0.04946305975317955, 0.4433554708957672, 0.560434103012085, 0.02632293663918972, 0.02653198316693306, 0.6076390743255615], "frame_19": [0.6290764808654785, 0.3977714478969574, 0.04892883449792862, 0.049431778490543365, 0.4433554708957672, 0.560434103012085, 0.02632293663918972, 0.02653198316693306, 0.6238685846328735], "frame_20": [0.6291017532348633, 0.3977413475513458, 0.048981476575136185, 0.04941749572753906, 0.4433554708957672, 0.560434103012085, 0.02632293663918972, 0.02653198316693306, 0.5433255434036255], "frame_21": [0.629090428352356, 0.39773857593536377, 0.048999786376953125, 0.04946950450539589, 0.4433554708957672, 0.560434103012085, 0.02632293663918972, 0.02653198316693306, 0.5889410376548767], "frame_22": [0.62907874584198, 0.397768497467041, 0.04900169372558594, 0.0494750551879406, 0.4433554708957672, 0.560434103012085, 0.02632293663918972, 0.02653198316693306, 0.5299890041351318], "frame_23": [0.6290797591209412, 0.3977534770965576, 0.04912452772259712, 0.04960602521896362, 0.4433554708957672, 0.560434103012085, 0.02632293663918972, 0.02653198316693306, 0.5105985999107361], "frame_24": [0.6289735436439514, 0.39774054288864136, 0.04924829304218292, 0.049641333520412445, 0.4433554708957672, 0.560434103012085, 0.02632293663918972, 0.02653198316693306, 0.5591101050376892], "frame_25": [0.6290299892425537, 0.3977246582508087, 0.04913537949323654, 0.04962543770670891, 0.4433554708957672, 0.560434103012085, 0.02632293663918972, 0.02653198316693306, 0.576400101184845], "frame_26": [0.6290296912193298, 0.39772117137908936, 0.04910850524902344, 0.04961157962679863, 0.4433554708957672, 0.560434103012085, 0.02632293663918972, 0.02653198316693306, 0.49593624472618103], "frame_27": [0.629047691822052, 0.39771410822868347, 0.04926842451095581, 0.049652863293886185, 0.4433554708957672, 0.560434103012085, 0.02632293663918972, 0.02653198316693306, 0.5216864943504333], "frame_28": [0.629027783870697, 0.3977194130420685, 0.04925939813256264, 0.04969427362084389, 0.4433554708957672, 0.560434103012085, 0.02632293663918972, 0.02653198316693306, 0.5676995515823364], "frame_29": [0.6290320754051208, 0.3977075219154358, 0.049212731420993805, 0.04968918859958649, 0.4433554708957672, 0.560434103012085, 0.02632293663918972, 0.02653198316693306, 0.605034589767456], "frame_30": [0.6290398240089417, 0.39767026901245117, 0.04925842210650444, 0.049712710082530975, 0.4433554708957672, 0.560434103012085, 0.02632293663918972, 0.02653198316693306, 0.7077139616012573], "frame_31": [0.6290615200996399, 0.3977026343345642, 0.049126602709293365, 0.04969223961234093, 0.4433554708957672, 0.560434103012085, 0.02632293663918972, 0.02653198316693306, 0.7952127456665039], "frame_32": [0.6290649771690369, 0.39771273732185364, 0.049189671874046326, 0.049684397876262665, 0.4410749673843384, 0.3906500041484833, 0.022016694769263268, 0.026483409106731415, 0.814989447593689], "frame_33": [0.6290851831436157, 0.3977357745170593, 0.049064043909311295, 0.04976937919855118, 0.45128780603408813, 0.3806098401546478, 0.025591278448700905, 0.026998307555913925, 0.8624634742736816], "frame_34": [0.6289880275726318, 0.39776691794395447, 0.04904632642865181, 0.04976450651884079, 0.4639936685562134, 0.3688400983810425, 0.023859193548560143, 0.024376889690756798, 0.8425844311714172], "frame_35": [0.6290879249572754, 0.39784008264541626, 0.049329206347465515, 0.049795448780059814, 0.47264403104782104, 0.3629695475101471, 0.024573136121034622, 0.027627266943454742, 0.8419796824455261], "frame_36": [0.6290873289108276, 0.39776432514190674, 0.04943419620394707, 0.04977217689156532, 0.48478418588638306, 0.3553287088871002, 0.020833883434534073, 0.02568274550139904, 0.7025352716445923], "frame_37": [0.6291275024414062, 0.39792269468307495, 0.04926469549536705, 0.04978006333112717, 0.4963061809539795, 0.34854185581207275, 0.02352752722799778, 0.02674626186490059, 0.6452009677886963], "frame_38": [0.6290318369865417, 0.3979845345020294, 0.04944288358092308, 0.04982520267367363, 0.5033789873123169, 0.3447212278842926, 0.023990843445062637, 0.026707543060183525, 0.6306120753288269], "frame_39": [0.6290379166603088, 0.39796116948127747, 0.049594201147556305, 0.04987458139657974, 0.5147484540939331, 0.3421022295951843, 0.024292925372719765, 0.02744596265256405, 0.4834568202495575],