{"frame_0": [0.630597710609436, 0.39568549394607544, 0.04837837070226669, 0.04905145615339279, 0.9757922887802124, 0.5934221148490906, 0.039929624646902084, 0.039920806884765625, 0.0], "frame_1": [0.6305677890777588, 0.3957330882549286, 0.04927423223853111, 0.0486738421022892, 0.963401198387146, 0.5936261415481567, 0.03208957239985466, 0.0421505831182003, 0.0], "frame_2": [0.6306437253952026, 0.3957750201225281, 0.0495394803583622, 0.04873796924948692, 0.9537312984466553, 0.5933154821395874, 0.037823062390089035, 0.04346131160855293, 0.0], "frame_3": [0.6306368708610535, 0.39577510952949524, 0.04953545331954956, 0.048741742968559265, 0.9441359043121338, 0.5935916304588318, 0.036605410277843475, 0.0391787625849247, 0.0], "frame_4": [0.6306357383728027, 0.3957982361316681, 0.04949951171875, 0.04867168143391609, 0.935259222984314, 0.5952407121658325, 0.03287506103515625, 0.03676130622625351, 0.0], "frame_5": [0.6307294368743896, 0.39584609866142273, 0.04989166185259819, 0.048812102526426315, 0.935259222984314, 0.5952407121658325, 0.03287506103515625, 0.03676130622625351, 0.0], "frame_6": [0.6307018399238586, 0.39591890573501587, 0.049825116991996765, 0.048907216638326645, 0.935259222984314, 0.5952407121658325, 0.03287506103515625, 0.03676130622625351, 0.0], "frame_7": [0.6307226419448853, 0.39600229263305664, 0.04985067620873451, 0.04908951744437218, 0.9118080139160156, 0.5949028730392456, 0.02447018027305603, 0.034345753490924835, 0.0], "frame_8": [0.630756139755249, 0.39594361186027527, 0.04979247972369194, 0.04895761236548424, 0.9118080139160156, 0.5949028730392456, 0.02447018027305603, 0.034345753490924835, 0.0], "frame_9": [0.6307361125946045, 0.3959590494632721, 0.049717120826244354, 0.048910606652498245, 0.9118080139160156, 0.5949028730392456, 0.02447018027305603, 0.034345753490924835, 0.0], "frame_10": [0.6305859684944153, 0.3958902060985565, 0.04932526499032974, 0.048939049243927, 0.9118080139160156, 0.5949028730392456, 0.02447018027305603, 0.034345753490924835, 0.0], "frame_11": [0.6306137442588806, 0.39589130878448486, 0.04929979145526886, 0.048948753625154495, 0.9118080139160156, 0.5949028730392456, 0.02447018027305603, 0.034345753490924835, 0.0], "frame_12": [0.6308902502059937, 0.39624759554862976, 0.048780228942632675, 0.04897956922650337, 0.9118080139160156, 0.5949028730392456, 0.02447018027305603, 0.034345753490924835, 0.0], "frame_13": [0.6308743357658386, 0.3963022828102112, 0.048813629895448685, 0.04903246462345123, 0.9118080139160156, 0.5949028730392456, 0.02447018027305603, 0.034345753490924835, 0.37436702847480774], "frame_14": [0.6309590935707092, 0.3962259888648987, 0.04872161149978638, 0.048994190990924835, 0.8916515707969666, 0.5871032476425171, 0.038831159472465515, 0.034891340881586075, 0.7233770489692688], "frame_15": [0.6308924555778503, 0.39618217945098877, 0.0486239530146122, 0.04925829544663429, 0.8859825134277344, 0.5808113217353821, 0.04143066331744194, 0.041558243334293365, 0.7335037589073181], "frame_16": [0.6308729648590088, 0.3962075114250183, 0.04876348748803139, 0.04914703220129013, 0.879593551158905, 0.5791795253753662, 0.033182524144649506, 0.03508605808019638, 0.7453637719154358], "frame_17": [0.6308828592300415, 0.39628520607948303, 0.04876035079360008, 0.049198321998119354, 0.8672971725463867, 0.5674747228622437, 0.035645633935928345, 0.03763160854578018, 0.7686876058578491], "frame_18": [0.6308782696723938, 0.39628782868385315, 0.04877357557415962, 0.04914923757314682, 0.8638917803764343, 0.5538196563720703, 0.03391909971833229, 0.036161549389362335, 0.7870665788650513], "frame_19": [0.6308090090751648, 0.39666587114334106, 0.048871781677007675, 0.04903869703412056, 0.8638917803764343, 0.5538196563720703, 0.03391909971833229, 0.036161549389362335, 0.7770135402679443], "frame_20": [0.6307887434959412, 0.39670684933662415, 0.04877594858407974, 0.049053870141506195, 0.8638917803764343, 0.5538196563720703, 0.03391909971833229, 0.036161549389362335, 0.772707462310791], "frame_21": [0.6308767795562744, 0.3962850868701935, 0.04868185147643089, 0.04901076480746269, 0.871492326259613, 0.49109792709350586, 0.040871091187000275, 0.04003732651472092, 0.861664891242981], "frame_22": [0.6308533549308777, 0.396318644285202, 0.0486060231924057, 0.04909765347838402, 0.88343745470047, 0.4742179811000824, 0.04186808317899704, 0.04151573032140732, 0.9061591029167175], "frame_23": [0.6308910250663757, 0.3966113328933716, 0.048845671117305756, 0.049134064465761185, 0.8986810445785522, 0.46514177322387695, 0.03796233981847763, 0.04335327073931694, 0.8616592884063721], "frame_24": [0.630341112613678, 0.39633822441101074, 0.049373626708984375, 0.0493682436645031, 0.9079008102416992, 0.45947349071502686, 0.040963150560855865, 0.041846636682748795, 0.8201975226402283], "frame_25": [0.6303478479385376, 0.3963378965854645, 0.049401093274354935, 0.04938316345214844, 0.9139131307601929, 0.4517321288585663, 0.041486360132694244, 0.04128235578536987, 0.8909792304039001], "frame_26": [0.6303361654281616, 0.39634644985198975, 0.04938638582825661, 0.04938672482967377, 0.9139226078987122, 0.44076529145240784, 0.040852949023246765, 0.0406741239130497, 0.9607484936714172], "frame_27": [0.6300932168960571, 0.3963756263256073, 0.04920141398906708, 0.04944343492388725, 0.9117221236228943, 0.42671164870262146, 0.04108428955078125, 0.043932512402534485, 0.9229479432106018], "frame_28": [0.6301522254943848, 0.3964152932167053, 0.04938239976763725, 0.04948073625564575, 0.9048198461532593, 0.4065690040588379, 0.04733734205365181, 0.04205301031470299, 0.9776448607444763], "frame_29": [0.6301835775375366, 0.39668411016464233, 0.04984330013394356, 0.049416858702898026, 0.9014049768447876, 0.3834882080554962, 0.035666655749082565, 0.04185261204838753, 0.9719581007957458], "frame_30": [0.6302132606506348, 0.39663705229759216, 0.049838848412036896, 0.04939460754394531, 0.8918405175209045, 0.3540550768375397, 0.03432193398475647, 0.0352993868291378, 0.9392422437667847], "frame_31": [0.6304136514663696, 0.39624062180519104, 0.04980591684579849, 0.04933573305606842, 0.8789401650428772, 0.3280559182167053, 0.034894730895757675, 0.04079502820968628, 0.9802888631820679], "frame_32": [0.6303513646125793, 0.39620649814605713, 0.049646589905023575, 0.0493001714348793, 0.8676285743713379, 0.30583035945892334, 0.03324076160788536, 0.03673286363482475, 0.9973770380020142], "frame_33": [0.6304070353507996, 0.3962754011154175, 0.04967176541686058, 0.04942665249109268, 0.8570004105567932, 0.28667500615119934, 0.031873490661382675, 0.034815024584531784, 0.8217425346374512], "frame_34": [0.6303215026855469, 0.39629119634628296, 0.04955940321087837, 0.049391090869903564, 0.8448271155357361, 0.26841863989830017, 0.032715607434511185, 0.03767123818397522, 0.9390687346458435], "frame_35": [0.63045334815979, 0.3962000608444214, 0.04984567314386368, 0.04923150688409805, 0.8345443606376648, 0.2530636787414551, 0.03327212855219841, 0.03429118171334267, 0.9497655034065247], "frame_36": [0.6303059458732605, 0.3960859477519989, 0.04967193678021431, 0.04889708757400513, 0.8249503374099731, 0.2388426959514618, 0.029553985223174095, 0.034399986267089844, 0.9810395836830139], "frame_37": [0.6303797960281372, 0.3961580991744995, 0.049900904297828674, 0.04901466518640518, 0.8157308101654053, 0.2294301986694336, 0.029592132195830345, 0.03580733388662338, 0.9258409738540649], "frame_38": [0.6302506923675537, 0.39614027738571167, 0.04954185336828232, 0.04898592457175255, 0.8157308101654053, 0.2294301986694336, 0.029592132195830345, 0.03580733388662338, 0.9608244299888611], "frame_39": [0.6302704811096191, 0.39615151286125183, 0.049553509801626205, 0.04901309683918953, 0.7974104881286621, 0.20871467888355255, 0.0273267962038517, 0.030700979754328728, 0.8880220651626587], "frame_40": [0.6303085684776306, 0.39615222811698914, 0.049699146300554276, 0.04901517182588577, 0.789243757724762, 0.2021523416042328, 0.024748653173446655, 0.03294472023844719, 0.9798082113265991],