{"frame_0": [0.5086352229118347, 0.40535473823547363, 0.04618903249502182, 0.0474175363779068, 0.13826845586299896, 0.5827961564064026, 0.02032649703323841, 0.02422654815018177, 0.8201856017112732], "frame_1": [0.5082486271858215, 0.40533003211021423, 0.045339204370975494, 0.047107018530368805, 0.14005737006664276, 0.5833867192268372, 0.021892834454774857, 0.02509070560336113, 0.7874897718429565], "frame_2": [0.5083432197570801, 0.4054604470729828, 0.04562292993068695, 0.04723659157752991, 0.14202217757701874, 0.5849200487136841, 0.020572714507579803, 0.025711145251989365, 0.7836835980415344], "frame_3": [0.50834059715271, 0.4054986238479614, 0.04550115764141083, 0.047203149646520615, 0.14392606914043427, 0.586073637008667, 0.018415218219161034, 0.025783920660614967, 0.7849252223968506], "frame_4": [0.5083332657814026, 0.4056001305580139, 0.045421089977025986, 0.04694464057683945, 0.14392606914043427, 0.586073637008667, 0.018415218219161034, 0.025783920660614967, 0.7614284753799438], "frame_5": [0.5083335638046265, 0.4054908752441406, 0.045467548072338104, 0.046939339488744736, 0.1466958075761795, 0.5850273966789246, 0.01759050227701664, 0.023972151800990105, 0.770969033241272], "frame_6": [0.508229672908783, 0.4053666889667511, 0.04534416273236275, 0.04705831781029701, 0.1466958075761795, 0.5850273966789246, 0.01759050227701664, 0.023972151800990105, 0.7596481442451477], "frame_7": [0.5081772804260254, 0.4052118957042694, 0.045220185071229935, 0.04696964845061302, 0.1466958075761795, 0.5850273966789246, 0.01759050227701664, 0.023972151800990105, 0.7409273386001587], "frame_8": [0.5081785321235657, 0.40502336621284485, 0.04507789760828018, 0.04652002081274986, 0.15543495118618011, 0.572469174861908, 0.019312571734189987, 0.022021695971488953, 0.6817564964294434], "frame_9": [0.5081812739372253, 0.4050421118736267, 0.045044708997011185, 0.04654901474714279, 0.15543495118618011, 0.572469174861908, 0.019312571734189987, 0.022021695971488953, 0.62917560338974], "frame_10": [0.5083202123641968, 0.40509191155433655, 0.045330047607421875, 0.04646657407283783, 0.15543495118618011, 0.572469174861908, 0.019312571734189987, 0.022021695971488953, 0.558611273765564], "frame_11": [0.5083141922950745, 0.40508371591567993, 0.04530419409275055, 0.04642830044031143, 0.16371607780456543, 0.5485935807228088, 0.022173309698700905, 0.02216661162674427, 0.5424131155014038], "frame_12": [0.5083242654800415, 0.4052223265171051, 0.04549768194556236, 0.047058869153261185, 0.16371607780456543, 0.5485935807228088, 0.022173309698700905, 0.02216661162674427, 0.5393795371055603], "frame_13": [0.508311927318573, 0.4051980674266815, 0.045461103320121765, 0.0470622181892395, 0.1640079766511917, 0.5299097895622253, 0.022066306322813034, 0.021643448621034622, 0.579614520072937], "frame_14": [0.5083355903625488, 0.40520399808883667, 0.04549102857708931, 0.04707200825214386, 0.16219499707221985, 0.5234588384628296, 0.02245159074664116, 0.02488555945456028, 0.5355055332183838], "frame_15": [0.5083284974098206, 0.40520790219306946, 0.0454973429441452, 0.04709493741393089, 0.15844295918941498, 0.5177946090698242, 0.023220444098114967, 0.024863306432962418, 0.5118314027786255], "frame_16": [0.5083996057510376, 0.40520980954170227, 0.045563675463199615, 0.04707183688879013, 0.1542668491601944, 0.5122846961021423, 0.024225763976573944, 0.024952486157417297, 0.4793996512889862], "frame_17": [0.5084965825080872, 0.4051947593688965, 0.04568176344037056, 0.046936966478824615, 0.14938679337501526, 0.5087748169898987, 0.024112224578857422, 0.025483237579464912, 0.4289168417453766], "frame_18": [0.5085064768791199, 0.4052102863788605, 0.0457170270383358, 0.04698159918189049, 0.14639438688755035, 0.5064644813537598, 0.02322359010577202, 0.024975288659334183, 0.36206382513046265], "frame_19": [0.5084867477416992, 0.4052053689956665, 0.04574301093816757, 0.04695574566721916, 0.14355413615703583, 0.5045226216316223, 0.022584490478038788, 0.024637136608362198, 0.3777785301208496], "frame_20": [0.508359968662262, 0.4050544798374176, 0.04550408199429512, 0.046885594725608826, 0.14184772968292236, 0.5020244717597961, 0.02289733849465847, 0.02543623186647892, 0.4138985574245453], "frame_21": [0.5084143877029419, 0.40508463978767395, 0.04561729356646538, 0.046892378479242325, 0.14109759032726288, 0.5000200867652893, 0.023393820971250534, 0.024778874590992928, 0.24060478806495667], "frame_22": [0.5083070397377014, 0.405089408159256, 0.04543206840753555, 0.04683138430118561, 0.14088141918182373, 0.4974209666252136, 0.02306957170367241, 0.024306317791342735, 0.39807382225990295], "frame_23": [0.5083684325218201, 0.4051354229450226, 0.04573402553796768, 0.04677619785070419, 0.1402716338634491, 0.4951052665710449, 0.023587321862578392, 0.02477416954934597, 0.36458438634872437], "frame_24": [0.5083717107772827, 0.40516746044158936, 0.04536878690123558, 0.04673991724848747, 0.14032575488090515, 0.4906688332557678, 0.023707030341029167, 0.02665727399289608, 0.5032877922058105], "frame_25": [0.5083405375480652, 0.4051229655742645, 0.04522467777132988, 0.04677899554371834, 0.14242984354496002, 0.4839901924133301, 0.022553084418177605, 0.02489556185901165, 0.40146827697753906], "frame_26": [0.5083928108215332, 0.4051496386528015, 0.045488569885492325, 0.046727754175662994, 0.14401113986968994, 0.47692611813545227, 0.022426487877964973, 0.0250862967222929, 0.48799747228622437], "frame_27": [0.5083770751953125, 0.4051111042499542, 0.045432452112436295, 0.046669770032167435, 0.14672620594501495, 0.46807658672332764, 0.021915340796113014, 0.025447379797697067, 0.40026843547821045], "frame_28": [0.5083672404289246, 0.4049621522426605, 0.04537086561322212, 0.04666692763566971, 0.15175031125545502, 0.45742034912109375, 0.023266887292265892, 0.027189254760742188, 0.8603731989860535], "frame_29": [0.5083551406860352, 0.4051021635532379, 0.04531737416982651, 0.04662475734949112, 0.16077087819576263, 0.441384881734848, 0.021794678643345833, 0.024771371856331825, 0.6651042103767395], "frame_30": [0.5083935260772705, 0.40507346391677856, 0.04531165212392807, 0.046590592712163925, 0.17215892672538757, 0.42309170961380005, 0.022362709045410156, 0.025315644219517708, 0.7974921464920044], "frame_31": [0.508385956287384, 0.4051510989665985, 0.045329198241233826, 0.046631623059511185, 0.18585214018821716, 0.4060935974121094, 0.022019725292921066, 0.02394883893430233, 0.8079664707183838], "frame_32": [0.5083860754966736, 0.4051037132740021, 0.04526235908269882, 0.046755600720644, 0.19833309948444366, 0.390708327293396, 0.02325691655278206, 0.023056495934724808, 0.7821329832077026], "frame_33": [0.5083476901054382, 0.40507760643959045, 0.04521772637963295, 0.04672754183411598, 0.2115708291530609, 0.37714359164237976, 0.022899139672517776, 0.023362647742033005, 0.7608219981193542], "frame_34": [0.5083169937133789, 0.40504980087280273, 0.04517801105976105, 0.04676153510808945, 0.2250969409942627, 0.3639374077320099, 0.024282265454530716, 0.026791127398610115, 0.7169677019119263], "frame_35": [0.5083608627319336, 0.40499910712242126, 0.04524879530072212, 0.04666311293840408, 0.2370246946811676, 0.35238248109817505, 0.02357516810297966, 0.02681797929108143, 0.6753608584403992], "frame_36": [0.5082361698150635, 0.40491217374801636, 0.0452008992433548, 0.0462392158806324, 0.2501078248023987, 0.3404183089733124, 0.024062156677246094, 0.026515156030654907, 0.6670172810554504], "frame_37": [0.5082420110702515, 0.4049135744571686, 0.04524485394358635, 0.04626655578613281, 0.261924147605896, 0.3298422396183014, 0.02300586737692356, 0.02566765621304512, 0.799614667892456], "frame_38": [0.508232593536377, 0.4048914611339569, 0.045211199671030045, 0.04624655097723007, 0.2751607298851013, 0.321419358253479, 0.02182682976126671, 0.02488047257065773, 0.7122594118118286],