{"frame_0": [0.6292632818222046, 0.39565324783325195, 0.04893510788679123, 0.04888983815908432, 0.625709056854248, 0.4901279807090759, 0.022913360968232155, 0.024496078491210938, 0.9756894707679749], "frame_1": [0.6289730668067932, 0.3957298994064331, 0.048892803490161896, 0.04848543927073479, 0.625709056854248, 0.4901279807090759, 0.022913360968232155, 0.024496078491210938, 0.9609638452529907], "frame_2": [0.6290457844734192, 0.3957269489765167, 0.04910431057214737, 0.04842330142855644, 0.625709056854248, 0.4901279807090759, 0.022913360968232155, 0.024496078491210938, 0.9705446362495422], "frame_3": [0.6290335059165955, 0.39570745825767517, 0.04896566644310951, 0.04839422553777695, 0.625709056854248, 0.4901279807090759, 0.022913360968232155, 0.024496078491210938, 0.993076741695404], "frame_4": [0.6289533972740173, 0.39572674036026, 0.04899575933814049, 0.04837358370423317, 0.625709056854248, 0.4901279807090759, 0.022913360968232155, 0.024496078491210938, 0.9771342873573303], "frame_5": [0.6289471387863159, 0.395738810300827, 0.04884050041437149, 0.04827630892395973, 0.625709056854248, 0.4901279807090759, 0.022913360968232155, 0.024496078491210938, 0.9785141348838806], "frame_6": [0.628978967666626, 0.3957142233848572, 0.04876848682761192, 0.048212602734565735, 0.625709056854248, 0.4901279807090759, 0.022913360968232155, 0.024496078491210938, 0.9745139479637146], "frame_7": [0.6289817690849304, 0.3956565856933594, 0.0486280657351017, 0.048276349902153015, 0.625709056854248, 0.4901279807090759, 0.022913360968232155, 0.024496078491210938, 0.9898143410682678], "frame_8": [0.6289880275726318, 0.3956516683101654, 0.04864523187279701, 0.04827435687184334, 0.625709056854248, 0.4901279807090759, 0.022913360968232155, 0.024496078491210938, 0.9233871102333069], "frame_9": [0.6288634538650513, 0.3956007957458496, 0.04837493970990181, 0.04827910661697388, 0.625709056854248, 0.4901279807090759, 0.022913360968232155, 0.024496078491210938, 0.9195417761802673], "frame_10": [0.6289135217666626, 0.39559343457221985, 0.048446062952280045, 0.048287708312273026, 0.625709056854248, 0.4901279807090759, 0.022913360968232155, 0.024496078491210938, 0.9322733283042908], "frame_11": [0.6289204359054565, 0.39560210704803467, 0.048376720398664474, 0.048242609947919846, 0.625709056854248, 0.4901279807090759, 0.022913360968232155, 0.024496078491210938, 0.9315332770347595], "frame_12": [0.628908634185791, 0.3955974280834198, 0.048506926745176315, 0.04823409020900726, 0.625709056854248, 0.4901279807090759, 0.022913360968232155, 0.024496078491210938, 0.9241629838943481], "frame_13": [0.6289083957672119, 0.39559563994407654, 0.04849594831466675, 0.04822917655110359, 0.625709056854248, 0.4901279807090759, 0.022913360968232155, 0.024496078491210938, 0.9619477987289429], "frame_14": [0.6289131045341492, 0.3955974280834198, 0.048495102673769, 0.04823286086320877, 0.625709056854248, 0.4901279807090759, 0.022913360968232155, 0.024496078491210938, 0.9915753602981567], "frame_15": [0.6288851499557495, 0.39559435844421387, 0.04846594110131264, 0.048225995153188705, 0.625709056854248, 0.4901279807090759, 0.022913360968232155, 0.024496078491210938, 0.9920641779899597], "frame_16": [0.6288950443267822, 0.39560478925704956, 0.04845771938562393, 0.04822349548339844, 0.625709056854248, 0.4901279807090759, 0.022913360968232155, 0.024496078491210938, 0.9450571537017822], "frame_17": [0.6289070844650269, 0.395609587430954, 0.04846801608800888, 0.04825964942574501, 0.625709056854248, 0.4901279807090759, 0.022913360968232155, 0.024496078491210938, 0.9581249356269836], "frame_18": [0.6289045810699463, 0.3956122398376465, 0.04848747327923775, 0.048258207738399506, 0.625709056854248, 0.4901279807090759, 0.022913360968232155, 0.024496078491210938, 0.9687559008598328], "frame_19": [0.6288489699363708, 0.3956585228443146, 0.04847238212823868, 0.04831763356924057, 0.625709056854248, 0.4901279807090759, 0.022913360968232155, 0.024496078491210938, 0.8912811875343323], "frame_20": [0.62884920835495, 0.3956313133239746, 0.04842245206236839, 0.04829588904976845, 0.625709056854248, 0.4901279807090759, 0.022913360968232155, 0.024496078491210938, 0.7247354388237], "frame_21": [0.628844141960144, 0.39560666680336, 0.048455215990543365, 0.0482584647834301, 0.625709056854248, 0.4901279807090759, 0.022913360968232155, 0.024496078491210938, 0.6434065699577332], "frame_22": [0.6288430690765381, 0.3956288993358612, 0.04842796176671982, 0.048355866223573685, 0.625709056854248, 0.4901279807090759, 0.022913360968232155, 0.024496078491210938, 0.5261523127555847], "frame_23": [0.6288006901741028, 0.3956489562988281, 0.04851112514734268, 0.04838371276855469, 0.625709056854248, 0.4901279807090759, 0.022913360968232155, 0.024496078491210938, 0.4982684850692749], "frame_24": [0.628893256187439, 0.39568179845809937, 0.04846784844994545, 0.04840528592467308, 0.625709056854248, 0.4901279807090759, 0.022913360968232155, 0.024496078491210938, 0.5012271404266357], "frame_25": [0.6288578510284424, 0.3956970274448395, 0.048417408019304276, 0.048368580639362335, 0.625709056854248, 0.4901279807090759, 0.022913360968232155, 0.024496078491210938, 0.43238595128059387], "frame_26": [0.6289167404174805, 0.3956798017024994, 0.048551179468631744, 0.048362817615270615, 0.625709056854248, 0.4901279807090759, 0.022913360968232155, 0.024496078491210938, 0.5937737226486206], "frame_27": [0.6288614273071289, 0.39565396308898926, 0.04834310710430145, 0.048453353345394135, 0.625709056854248, 0.4901279807090759, 0.022913360968232155, 0.024496078491210938, 0.396962970495224], "frame_28": [0.6288827657699585, 0.39567047357559204, 0.04846594110131264, 0.04844534024596214, 0.3652063012123108, 0.4984685778617859, 0.02162626013159752, 0.03155975416302681, 0.595365583896637], "frame_29": [0.6288977861404419, 0.3956764340400696, 0.04856368154287338, 0.04842643812298775, 0.37126296758651733, 0.4796161353588104, 0.021734746173024178, 0.026577292010188103, 0.6264044642448425], "frame_30": [0.6289670467376709, 0.3957192599773407, 0.04882698133587837, 0.048423852771520615, 0.3838052451610565, 0.45750927925109863, 0.022792477160692215, 0.02719167061150074, 0.7598093152046204], "frame_31": [0.6289173364639282, 0.3956718146800995, 0.048698510974645615, 0.048442162573337555, 0.394026517868042, 0.4384758770465851, 0.021960491314530373, 0.02472398616373539, 0.8615158796310425], "frame_32": [0.6289201378822327, 0.3956807553768158, 0.04851248115301132, 0.048372648656368256, 0.40418434143066406, 0.4210159182548523, 0.023689864203333855, 0.025609757751226425, 0.8598567247390747], "frame_33": [0.6289058923721313, 0.39571449160575867, 0.048546768724918365, 0.04841829836368561, 0.41740068793296814, 0.40614598989486694, 0.022797225043177605, 0.028946474194526672, 0.7895833253860474], "frame_34": [0.6290016770362854, 0.39577847719192505, 0.04870758205652237, 0.04833022132515907, 0.4267287254333496, 0.39042431116104126, 0.025053787976503372, 0.02796868234872818, 0.7512123584747314], "frame_35": [0.6290443539619446, 0.3956030011177063, 0.048745132982730865, 0.04835548251867294, 0.4368048906326294, 0.37584441900253296, 0.023530196398496628, 0.025757217779755592, 0.7244687676429749], "frame_36": [0.6289089918136597, 0.3955134153366089, 0.04857008159160614, 0.04808506369590759, 0.44809579849243164, 0.3651893734931946, 0.021880637854337692, 0.024196116253733635, 0.7086729407310486], "frame_37": [0.6289280652999878, 0.39548203349113464, 0.04860670119524002, 0.04820594936609268, 0.4574021100997925, 0.35425084829330444, 0.022670364007353783, 0.02779233641922474, 0.6947048902511597], "frame_38": [0.6289342045783997, 0.39543864130973816, 0.04863721877336502, 0.04816093295812607, 0.4676215350627899, 0.34400811791419983, 0.023883437737822533, 0.028059091418981552, 0.6335133910179138], "frame_39": [0.6289209127426147, 0.39539116621017456, 0.04843292385339737, 0.04816712439060211, 0.4791508913040161, 0.3349699378013611, 0.019804000854492188, 0.023921966552734375, 0.649502158164978],