{"frame_0": [0.6295981407165527, 0.3973575234413147, 0.04991026967763901, 0.04927198588848114, 0.6511555314064026, 0.4709041118621826, 0.021357346326112747, 0.021625518798828125, 0.9861510992050171], "frame_1": [0.6292497515678406, 0.39714279770851135, 0.049837876111269, 0.04990145191550255, 0.6511555314064026, 0.4709041118621826, 0.021357346326112747, 0.021625518798828125, 0.8939632773399353], "frame_2": [0.6291847229003906, 0.3971576988697052, 0.04995078966021538, 0.04992879182100296, 0.6511555314064026, 0.4709041118621826, 0.021357346326112747, 0.021625518798828125, 0.7586150169372559], "frame_3": [0.6291306614875793, 0.39718273282051086, 0.04999580234289169, 0.0499742291867733, 0.6511555314064026, 0.4709041118621826, 0.021357346326112747, 0.021625518798828125, 0.6552427411079407], "frame_4": [0.6290835738182068, 0.3973013162612915, 0.05012847110629082, 0.049884285777807236, 0.6511555314064026, 0.4709041118621826, 0.021357346326112747, 0.021625518798828125, 0.6957211494445801], "frame_5": [0.6288982033729553, 0.3973551392555237, 0.04981575161218643, 0.04986551031470299, 0.6511555314064026, 0.4709041118621826, 0.021357346326112747, 0.021625518798828125, 0.3163686990737915], "frame_6": [0.628946840763092, 0.397341787815094, 0.04990221560001373, 0.04984588548541069, 0.6511555314064026, 0.4709041118621826, 0.021357346326112747, 0.021625518798828125, 0.7322471141815186], "frame_7": [0.6290208697319031, 0.39729607105255127, 0.04973343759775162, 0.04979065805673599, 0.6511555314064026, 0.4709041118621826, 0.021357346326112747, 0.021625518798828125, 0.7024144530296326], "frame_8": [0.6289143562316895, 0.3973052501678467, 0.04947526752948761, 0.049828339368104935, 0.6511555314064026, 0.4709041118621826, 0.021357346326112747, 0.021625518798828125, 0.6462889909744263], "frame_9": [0.6289104223251343, 0.3973437547683716, 0.04951782152056694, 0.04983164370059967, 0.6511555314064026, 0.4709041118621826, 0.021357346326112747, 0.021625518798828125, 0.8705812096595764], "frame_10": [0.6289299726486206, 0.3973899781703949, 0.04966240003705025, 0.049904800951480865, 0.6511555314064026, 0.4709041118621826, 0.021357346326112747, 0.021625518798828125, 0.8647587299346924], "frame_11": [0.6290226578712463, 0.39738592505455017, 0.049904461950063705, 0.04978743568062782, 0.6511555314064026, 0.4709041118621826, 0.021357346326112747, 0.021625518798828125, 0.6205922365188599], "frame_12": [0.6291860342025757, 0.39730632305145264, 0.05009307712316513, 0.04978497698903084, 0.6511555314064026, 0.4709041118621826, 0.021357346326112747, 0.021625518798828125, 0.25322026014328003], "frame_13": [0.6291722059249878, 0.39732983708381653, 0.05002593994140625, 0.049787480384111404, 0.6511555314064026, 0.4709041118621826, 0.021357346326112747, 0.021625518798828125, 0.37412893772125244], "frame_14": [0.6291764974594116, 0.39728686213493347, 0.050037384033203125, 0.049788665026426315, 0.6511555314064026, 0.4709041118621826, 0.021357346326112747, 0.021625518798828125, 0.47863584756851196], "frame_15": [0.629179060459137, 0.39725303649902344, 0.05012223869562149, 0.049810197204351425, 0.6511555314064026, 0.4709041118621826, 0.021357346326112747, 0.021625518798828125, 0.1820717602968216], "frame_16": [0.629132091999054, 0.39726555347442627, 0.05011329799890518, 0.04984809085726738, 0.6511555314064026, 0.4709041118621826, 0.021357346326112747, 0.021625518798828125, 0.5646699070930481], "frame_17": [0.6290659308433533, 0.39723509550094604, 0.0499376505613327, 0.049860890954732895, 0.6511555314064026, 0.4709041118621826, 0.021357346326112747, 0.021625518798828125, 0.6266316771507263], "frame_18": [0.6290515065193176, 0.39725059270858765, 0.04992065578699112, 0.04980570450425148, 0.6511555314064026, 0.4709041118621826, 0.021357346326112747, 0.021625518798828125, 0.674716055393219], "frame_19": [0.6290318965911865, 0.39726129174232483, 0.04986915737390518, 0.0497850626707077, 0.6511555314064026, 0.4709041118621826, 0.021357346326112747, 0.021625518798828125, 0.7006975412368774], "frame_20": [0.629008412361145, 0.39725103974342346, 0.04974784702062607, 0.04978857934474945, 0.6511555314064026, 0.4709041118621826, 0.021357346326112747, 0.021625518798828125, 0.7025278806686401], "frame_21": [0.6289786696434021, 0.39712345600128174, 0.049785614013671875, 0.0495666079223156, 0.6511555314064026, 0.4709041118621826, 0.021357346326112747, 0.021625518798828125, 0.5584640502929688], "frame_22": [0.6289635300636292, 0.39712947607040405, 0.04984474182128906, 0.049566566944122314, 0.6511555314064026, 0.4709041118621826, 0.021357346326112747, 0.021625518798828125, 0.2946319580078125], "frame_23": [0.6290046572685242, 0.39714983105659485, 0.049840547144412994, 0.04960280656814575, 0.6511555314064026, 0.4709041118621826, 0.021357346326112747, 0.021625518798828125, 0.21319060027599335], "frame_24": [0.629106879234314, 0.3971082866191864, 0.05013444647192955, 0.04937638342380524, 0.6511555314064026, 0.4709041118621826, 0.021357346326112747, 0.021625518798828125, 0.11105035245418549], "frame_25": [0.6291395425796509, 0.39716702699661255, 0.05033988878130913, 0.04937756806612015, 0.546425998210907, 0.5386047959327698, 0.02622155100107193, 0.028535842895507812, 0.08238770812749863], "frame_26": [0.629145622253418, 0.39724603295326233, 0.05045110732316971, 0.04948912560939789, 0.5461440086364746, 0.5243546962738037, 0.02840728685259819, 0.03299818933010101, 0.1100662350654602], "frame_27": [0.6291111707687378, 0.3972255289554596, 0.05028398334980011, 0.04938384145498276, 0.5461736917495728, 0.5094523429870605, 0.03139550983905792, 0.033863067626953125, 0.13133753836154938], "frame_28": [0.6290907859802246, 0.3972432315349579, 0.05019111558794975, 0.04939757287502289, 0.5456267595291138, 0.48834627866744995, 0.0338701456785202, 0.03778716176748276, 0.09945349395275116], "frame_29": [0.6290229558944702, 0.39718425273895264, 0.0499420166015625, 0.04919853061437607, 0.5483919978141785, 0.45968198776245117, 0.03231290355324745, 0.03053504042327404, 0.22060616314411163], "frame_30": [0.6291130781173706, 0.39735379815101624, 0.05040893703699112, 0.04931772127747536, 0.5522618293762207, 0.43293052911758423, 0.032137129455804825, 0.03275299072265625, 0.6780096888542175], "frame_31": [0.6290662884712219, 0.39726346731185913, 0.05002649128437042, 0.049302928149700165, 0.5563522577285767, 0.40679049491882324, 0.030214861035346985, 0.030111778527498245, 0.7371941208839417], "frame_32": [0.6290355920791626, 0.39746958017349243, 0.05071580782532692, 0.04948166757822037, 0.5600493550300598, 0.38314178586006165, 0.032041169703006744, 0.03086751326918602, 0.6708146333694458], "frame_33": [0.6288822293281555, 0.3974038064479828, 0.050757769495248795, 0.049447547644376755, 0.5643905401229858, 0.3616029620170593, 0.029744889587163925, 0.032380569726228714, 0.6757354736328125], "frame_34": [0.6290434002876282, 0.39731353521347046, 0.05032920837402344, 0.04961958900094032, 0.5678402185440063, 0.34018686413764954, 0.029300689697265625, 0.03317318111658096, 0.2489454746246338], "frame_35": [0.6293781995773315, 0.39706578850746155, 0.049849532544612885, 0.04917467013001442, 0.5713858604431152, 0.3229917883872986, 0.026166915893554688, 0.031118689104914665, 0.012851242907345295], "frame_36": [0.6292274594306946, 0.3975469768047333, 0.05047505721449852, 0.04968774691224098, 0.5755124688148499, 0.30731555819511414, 0.026533804833889008, 0.031407736241817474, 0.07937310636043549], "frame_37": [0.6293607950210571, 0.3972835838794708, 0.04978887736797333, 0.04962141066789627, 0.5783291459083557, 0.29384592175483704, 0.02587415836751461, 0.029891734942793846, 0.1921033412218094], "frame_38": [0.6291564106941223, 0.39724743366241455, 0.04942474514245987, 0.04990929365158081, 0.5827662348747253, 0.2815297544002533, 0.026042303070425987, 0.03182858228683472, 0.13726575672626495],