{"frame_0": [0.6294117569923401, 0.3953242301940918, 0.049927689135074615, 0.050029754638671875, 0.6204125881195068, 0.49051743745803833, 0.020745553076267242, 0.025307083502411842, 0.7651970982551575], "frame_1": [0.629244327545166, 0.39556747674942017, 0.04953575134277344, 0.04965782165527344, 0.6204125881195068, 0.49051743745803833, 0.020745553076267242, 0.025307083502411842, 0.819849967956543], "frame_2": [0.6292750835418701, 0.3954058289527893, 0.049378033727407455, 0.04925719276070595, 0.6204125881195068, 0.49051743745803833, 0.020745553076267242, 0.025307083502411842, 0.8703745007514954], "frame_3": [0.629301130771637, 0.3953819274902344, 0.0493316650390625, 0.04928737133741379, 0.6204125881195068, 0.49051743745803833, 0.020745553076267242, 0.025307083502411842, 0.8821127414703369], "frame_4": [0.6293991804122925, 0.3954210877418518, 0.04957563430070877, 0.04922447353601456, 0.6204125881195068, 0.49051743745803833, 0.020745553076267242, 0.025307083502411842, 0.8176933526992798], "frame_5": [0.6293563842773438, 0.3955724835395813, 0.049770865589380264, 0.04936714097857475, 0.6204125881195068, 0.49051743745803833, 0.020745553076267242, 0.025307083502411842, 0.9564827680587769], "frame_6": [0.6294270753860474, 0.39550140500068665, 0.04950133338570595, 0.049351416528224945, 0.6204125881195068, 0.49051743745803833, 0.020745553076267242, 0.025307083502411842, 0.9123597145080566], "frame_7": [0.6294257044792175, 0.3955007791519165, 0.049688637256622314, 0.04933662340044975, 0.6204125881195068, 0.49051743745803833, 0.020745553076267242, 0.025307083502411842, 0.9493394494056702], "frame_8": [0.6293773651123047, 0.39539578557014465, 0.04962446540594101, 0.049038611352443695, 0.6204125881195068, 0.49051743745803833, 0.020745553076267242, 0.025307083502411842, 0.8887363076210022], "frame_9": [0.6293758153915405, 0.395358145236969, 0.049623191356658936, 0.048972152173519135, 0.6204125881195068, 0.49051743745803833, 0.020745553076267242, 0.025307083502411842, 0.6050760746002197], "frame_10": [0.6293928623199463, 0.39535805583000183, 0.04956711828708649, 0.048996735364198685, 0.6204125881195068, 0.49051743745803833, 0.020745553076267242, 0.025307083502411842, 0.6855284571647644], "frame_11": [0.6293859481811523, 0.3953343629837036, 0.04955804720520973, 0.04898986965417862, 0.6204125881195068, 0.49051743745803833, 0.020745553076267242, 0.025307083502411842, 0.70367830991745], "frame_12": [0.6294420957565308, 0.39544856548309326, 0.0487508550286293, 0.04874085262417793, 0.6204125881195068, 0.49051743745803833, 0.020745553076267242, 0.025307083502411842, 0.7437015175819397], "frame_13": [0.629447340965271, 0.39544570446014404, 0.04875534772872925, 0.04874115064740181, 0.6204125881195068, 0.49051743745803833, 0.020745553076267242, 0.025307083502411842, 0.7459739446640015], "frame_14": [0.6294410824775696, 0.3953898251056671, 0.04873182624578476, 0.048581358045339584, 0.6204125881195068, 0.49051743745803833, 0.020745553076267242, 0.025307083502411842, 0.7468273043632507], "frame_15": [0.629430890083313, 0.3954058885574341, 0.0487050786614418, 0.048604585230350494, 0.4865359365940094, 0.6355424523353577, 0.017955780029296875, 0.026915444061160088, 0.8705081939697266], "frame_16": [0.6293892860412598, 0.3953642249107361, 0.048584576696157455, 0.04860810190439224, 0.4865359365940094, 0.6355424523353577, 0.017955780029296875, 0.026915444061160088, 0.8632268309593201], "frame_17": [0.6293899416923523, 0.39535754919052124, 0.04860975593328476, 0.04860398918390274, 0.4865359365940094, 0.6355424523353577, 0.017955780029296875, 0.026915444061160088, 0.8555440902709961], "frame_18": [0.629385232925415, 0.39536574482917786, 0.04864997789263725, 0.04870897904038429, 0.4865359365940094, 0.6355424523353577, 0.017955780029296875, 0.026915444061160088, 0.43415945768356323], "frame_19": [0.6293951869010925, 0.3953970968723297, 0.048751745373010635, 0.04870753735303879, 0.4865359365940094, 0.6355424523353577, 0.017955780029296875, 0.026915444061160088, 0.3606424331665039], "frame_20": [0.6293774843215942, 0.39539581537246704, 0.04872322082519531, 0.0486152209341526, 0.4865359365940094, 0.6355424523353577, 0.017955780029296875, 0.026915444061160088, 0.366255521774292], "frame_21": [0.6295621395111084, 0.3955874443054199, 0.04954804480075836, 0.048533715307712555, 0.4865359365940094, 0.6355424523353577, 0.017955780029296875, 0.026915444061160088, 0.3000887930393219], "frame_22": [0.62957763671875, 0.39561620354652405, 0.04965955764055252, 0.048416223376989365, 0.4865359365940094, 0.6355424523353577, 0.017955780029296875, 0.026915444061160088, 0.2532731592655182], "frame_23": [0.6293837428092957, 0.3952558636665344, 0.048996735364198685, 0.04859123378992081, 0.48855751752853394, 0.5007171034812927, 0.029123857617378235, 0.03332269564270973, 0.3972373902797699], "frame_24": [0.6294680833816528, 0.3953838646411896, 0.04946403577923775, 0.0487457700073719, 0.49237260222435, 0.47623494267463684, 0.02850935235619545, 0.03274421766400337, 0.42520394921302795], "frame_25": [0.6294631958007812, 0.39540398120880127, 0.04943122714757919, 0.04880231246352196, 0.4979779124259949, 0.4534861147403717, 0.02866990864276886, 0.03352835029363632, 0.762872040271759], "frame_26": [0.6295095086097717, 0.39535173773765564, 0.04946242272853851, 0.04886762797832489, 0.5074532628059387, 0.4312167763710022, 0.028360748663544655, 0.028359603136777878, 0.9387597441673279], "frame_27": [0.6293913722038269, 0.3952503502368927, 0.04911859333515167, 0.048743948340415955, 0.5143091082572937, 0.4116188585758209, 0.02645721472799778, 0.03104044683277607, 0.8435046672821045], "frame_28": [0.6294469237327576, 0.39532166719436646, 0.04929771274328232, 0.0488196462392807, 0.519665539264679, 0.39307114481925964, 0.02829759381711483, 0.030897734686732292, 0.8555853962898254], "frame_29": [0.6294726133346558, 0.39534297585487366, 0.04927338659763336, 0.048824988305568695, 0.5251882076263428, 0.3776346743106842, 0.025772858411073685, 0.030577300116419792, 0.017361512407660484], "frame_30": [0.6293022036552429, 0.3953123390674591, 0.049160681664943695, 0.048866864293813705, 0.5325397253036499, 0.36355066299438477, 0.025281693786382675, 0.030859947204589844, 0.12207091599702835], "frame_31": [0.6292624473571777, 0.3953232765197754, 0.04925820976495743, 0.04901313781738281, 0.5395157933235168, 0.3508480191230774, 0.026482561603188515, 0.030834876000881195, 0.220769003033638], "frame_32": [0.6292210221290588, 0.39530131220817566, 0.049143895506858826, 0.04900110140442848, 0.544944703578949, 0.34058910608291626, 0.02697279118001461, 0.030800141394138336, 0.1347190886735916], "frame_33": [0.6292486190795898, 0.39531776309013367, 0.04906290024518967, 0.048888396471738815, 0.5517289638519287, 0.3296816349029541, 0.023004362359642982, 0.027836227789521217, 0.37114667892456055], "frame_34": [0.6292506456375122, 0.39536046981811523, 0.049037255346775055, 0.048912134021520615, 0.5554223656654358, 0.32171550393104553, 0.02602233923971653, 0.030397415161132812, 0.14512822031974792], "frame_35": [0.6292378306388855, 0.39532217383384705, 0.048828039318323135, 0.048800278455019, 0.5599389672279358, 0.3151942789554596, 0.02781524695456028, 0.03068285994231701, 0.21650010347366333], "frame_36": [0.6294676065444946, 0.39527401328086853, 0.04848747327923775, 0.049269020557403564, 0.5666893124580383, 0.3105096220970154, 0.023546982556581497, 0.030995750799775124, 0.09443140029907227], "frame_37": [0.6294848918914795, 0.39528629183769226, 0.04858817905187607, 0.04929076135158539, 0.5702266097068787, 0.30876749753952026, 0.02471160888671875, 0.03274283930659294, 0.10959108918905258], "frame_38": [0.6294668316841125, 0.39528346061706543, 0.0485914871096611, 0.0491960309445858, 0.5756744146347046, 0.3057779371738434, 0.02319013886153698, 0.028658591210842133, 0.09634362906217575],