{"frame_0": [0.5079652667045593, 0.40521523356437683, 0.04629003629088402, 0.047396086156368256, 0.2876577377319336, 0.5794938802719116, 0.021474160254001617, 0.023312758654356003, 0.0], "frame_1": [0.5078843832015991, 0.4051026999950409, 0.04624443128705025, 0.04695108160376549, 0.28505000472068787, 0.5752304792404175, 0.023188909515738487, 0.024106428027153015, 0.0], "frame_2": [0.5075914859771729, 0.4050801694393158, 0.04566824063658714, 0.04692734777927399, 0.2850460410118103, 0.5727149844169617, 0.021778827533125877, 0.02272474579513073, 0.6582506895065308], "frame_3": [0.5075972080230713, 0.4050605893135071, 0.04562483727931976, 0.046944256871938705, 0.2847000062465668, 0.571330189704895, 0.02242821641266346, 0.022345945239067078, 0.0], "frame_4": [0.507628321647644, 0.4051847755908966, 0.045646581798791885, 0.04705102741718292, 0.28681111335754395, 0.571508526802063, 0.02233142778277397, 0.02239922434091568, 0.0], "frame_5": [0.5075909495353699, 0.4051690697669983, 0.04554731398820877, 0.047104474157094955, 0.28932833671569824, 0.571931779384613, 0.021859169006347656, 0.022340010851621628, 0.0], "frame_6": [0.5075295567512512, 0.40518391132354736, 0.04552764818072319, 0.047094643115997314, 0.2930518388748169, 0.5725958347320557, 0.024036597460508347, 0.02135772630572319, 0.0], "frame_7": [0.5075332522392273, 0.40514323115348816, 0.045630477368831635, 0.04705289378762245, 0.29922744631767273, 0.5730108618736267, 0.022520637139678, 0.020169617608189583, 0.0], "frame_8": [0.5074966549873352, 0.40513288974761963, 0.04559822008013725, 0.04711028188467026, 0.30162322521209717, 0.5721863508224487, 0.02133331261575222, 0.020543670281767845, 0.0], "frame_9": [0.5074648261070251, 0.40510040521621704, 0.04552345350384712, 0.04708366468548775, 0.30370423197746277, 0.5720492005348206, 0.02295600064098835, 0.021038267761468887, 0.0], "frame_10": [0.5074148178100586, 0.40509745478630066, 0.04540985822677612, 0.04704314470291138, 0.306696355342865, 0.5696995854377747, 0.020559607073664665, 0.019446944817900658, 0.0], "frame_11": [0.5074452757835388, 0.40513601899147034, 0.045377351343631744, 0.04704704135656357, 0.30801689624786377, 0.5663737058639526, 0.021308792755007744, 0.020324325188994408, 0.0], "frame_12": [0.5074896812438965, 0.40516090393066406, 0.045555878430604935, 0.04707115888595581, 0.3088970184326172, 0.5612226724624634, 0.02054290845990181, 0.019397184252738953, 0.0], "frame_13": [0.5074604153633118, 0.40515419840812683, 0.045537568628787994, 0.04707472026348114, 0.3099099397659302, 0.5567318201065063, 0.020786667242646217, 0.019327715039253235, 0.0], "frame_14": [0.507461667060852, 0.4051578640937805, 0.045523155480623245, 0.047037675976753235, 0.3106682598590851, 0.5504774451255798, 0.021922025829553604, 0.021906577050685883, 0.0], "frame_15": [0.5074338912963867, 0.40516525506973267, 0.04552565515041351, 0.0470370389521122, 0.3086072504520416, 0.5435168147087097, 0.020989608019590378, 0.020239640027284622, 0.0], "frame_16": [0.5074634552001953, 0.40519601106643677, 0.045670319348573685, 0.04714677482843399, 0.3067658245563507, 0.5368396639823914, 0.022581439465284348, 0.021346960216760635, 0.0], "frame_17": [0.5074639916419983, 0.40519654750823975, 0.04581413418054581, 0.04716978967189789, 0.30258432030677795, 0.5304943323135376, 0.02111358568072319, 0.023946210741996765, 0.0], "frame_18": [0.507503092288971, 0.4051695168018341, 0.04598961025476456, 0.04713359475135803, 0.2998526692390442, 0.5256168246269226, 0.02020740509033203, 0.02371503971517086, 0.0], "frame_19": [0.5074783563613892, 0.4051800072193146, 0.04597863182425499, 0.04707963764667511, 0.2947721779346466, 0.5210011601448059, 0.02134484238922596, 0.021814897656440735, 0.0], "frame_20": [0.5074455142021179, 0.4051787555217743, 0.045864276587963104, 0.04711490124464035, 0.29063060879707336, 0.5175086259841919, 0.02018432691693306, 0.022263716906309128, 0.34120839834213257], "frame_21": [0.507362425327301, 0.40518808364868164, 0.04568824917078018, 0.0470869280397892, 0.2868342399597168, 0.5145841240882874, 0.019553184509277344, 0.02299804612994194, 0.0], "frame_22": [0.5073732733726501, 0.4051799476146698, 0.04563306272029877, 0.04693976417183876, 0.2828340530395508, 0.5120208859443665, 0.02005055733025074, 0.021492386236786842, 0.0], "frame_23": [0.5072075724601746, 0.40515536069869995, 0.04527723416686058, 0.0469231940805912, 0.2798652648925781, 0.5104378461837769, 0.021267784759402275, 0.021939467638731003, 0.0], "frame_24": [0.5067864060401917, 0.4048820436000824, 0.04509294405579567, 0.04677052050828934, 0.2774868309497833, 0.5089594721794128, 0.021347131580114365, 0.021988889202475548, 0.0], "frame_25": [0.5067620277404785, 0.40487030148506165, 0.0450260154902935, 0.046657733619213104, 0.27553659677505493, 0.5069358944892883, 0.021214867010712624, 0.02110578678548336, 0.5130611658096313], "frame_26": [0.5067918300628662, 0.4048928916454315, 0.04504686966538429, 0.04668023809790611, 0.27401891350746155, 0.5042599439620972, 0.020896445959806442, 0.022008683532476425, 0.0], "frame_27": [0.506818413734436, 0.40495818853378296, 0.045232221484184265, 0.04672720283269882, 0.27245140075683594, 0.49984121322631836, 0.020944595336914062, 0.021415328606963158, 0.0], "frame_28": [0.5068250298500061, 0.40494590997695923, 0.045181360095739365, 0.04672817513346672, 0.27120140194892883, 0.4952089190483093, 0.02197890728712082, 0.021892547607421875, 0.09112246334552765], "frame_29": [0.5067500472068787, 0.404946506023407, 0.045157793909311295, 0.04673852026462555, 0.2714863121509552, 0.48915618658065796, 0.021393775939941406, 0.022882461547851562, 0.0], "frame_30": [0.5067577958106995, 0.4049339294433594, 0.045182205736637115, 0.04669036716222763, 0.271485298871994, 0.4805167317390442, 0.01982811838388443, 0.022964095696806908, 0.2921674847602844], "frame_31": [0.5067273378372192, 0.4049927592277527, 0.04520225524902344, 0.04676038771867752, 0.2745208442211151, 0.468832790851593, 0.02008495293557644, 0.02452223002910614, 0.5914145708084106], "frame_32": [0.506740391254425, 0.40490755438804626, 0.04509180039167404, 0.04665929824113846, 0.28025057911872864, 0.4508158266544342, 0.018810462206602097, 0.019071664661169052, 0.8268865942955017], "frame_33": [0.5067229270935059, 0.40493300557136536, 0.04520395025610924, 0.0466470941901207, 0.28747329115867615, 0.4354618787765503, 0.01860809326171875, 0.019046105444431305, 0.9149206876754761], "frame_34": [0.5067237615585327, 0.4049283266067505, 0.04519691318273544, 0.04665344953536987, 0.2943313717842102, 0.4209510087966919, 0.021053271368145943, 0.020565414801239967, 0.940092146396637], "frame_35": [0.5067355036735535, 0.4048929512500763, 0.04512986168265343, 0.046654678881168365, 0.3010117709636688, 0.40661096572875977, 0.01954345777630806, 0.019213061779737473, 0.9228725433349609], "frame_36": [0.5071916580200195, 0.4049292206764221, 0.04512977600097656, 0.046686552464962006, 0.30887073278427124, 0.394452840089798, 0.01914077252149582, 0.020254049450159073, 0.9120609760284424], "frame_37": [0.5071666240692139, 0.4049106538295746, 0.04505263268947601, 0.046639930456876755, 0.3160051703453064, 0.38228097558021545, 0.019970787689089775, 0.020334837958216667, 0.9056331515312195], "frame_38": [0.507120668888092, 0.40489086508750916, 0.04481468349695206, 0.0467122383415699, 0.3230404257774353, 0.37209150195121765, 0.02060479111969471, 0.022505570203065872, 0.8147247433662415], "frame_39": [0.5071111917495728, 0.4049672484397888, 0.0448429100215435, 0.04678238928318024, 0.3302818238735199, 0.36218082904815674, 0.020244302228093147, 0.02035202458500862, 0.8222894072532654], "frame_40": [0.5071046352386475, 0.40497106313705444, 0.04497108608484268, 0.046839989721775055, 0.33857765793800354, 0.3526696562767029, 0.01933727227151394, 0.02155693992972374, 0.6910314559936523],