{"frame_0": [0.6299259066581726, 0.3969597816467285, 0.050819989293813705, 0.04995180666446686, 0.5259427428245544, 0.5678038597106934, 0.029053878039121628, 0.03452911227941513, 0.5487590432167053], "frame_1": [0.6297205686569214, 0.3968689739704132, 0.05082206800580025, 0.049956172704696655, 0.5235922932624817, 0.5706594586372375, 0.029084015637636185, 0.03471777215600014, 0.5533486008644104], "frame_2": [0.6299268007278442, 0.39664432406425476, 0.05069931969046593, 0.049604713916778564, 0.5207799077033997, 0.5747919082641602, 0.02805192768573761, 0.03490621596574783, 0.5781700015068054], "frame_3": [0.6297764182090759, 0.39689475297927856, 0.050912220031023026, 0.049727290868759155, 0.5197192430496216, 0.5776429176330566, 0.027410125359892845, 0.032637618482112885, 0.5658208131790161], "frame_4": [0.6300408244132996, 0.39675742387771606, 0.050469037145376205, 0.04964357987046242, 0.5201895833015442, 0.5795556902885437, 0.026766417548060417, 0.03155869245529175, 0.5933958292007446], "frame_5": [0.6300528645515442, 0.3966837525367737, 0.05044000595808029, 0.04948904365301132, 0.5211272239685059, 0.580654501914978, 0.025214005261659622, 0.031088849529623985, 0.6193751096725464], "frame_6": [0.6299552321434021, 0.396645188331604, 0.05021650344133377, 0.049449581652879715, 0.5211272239685059, 0.580654501914978, 0.025214005261659622, 0.031088849529623985, 0.6848620772361755], "frame_7": [0.6299630999565125, 0.39664551615715027, 0.05021646246314049, 0.04943428188562393, 0.5211272239685059, 0.580654501914978, 0.025214005261659622, 0.031088849529623985, 0.664696216583252], "frame_8": [0.6299229264259338, 0.39648690819740295, 0.050123002380132675, 0.04906722158193588, 0.5211272239685059, 0.580654501914978, 0.025214005261659622, 0.031088849529623985, 0.6690639853477478], "frame_9": [0.6299031376838684, 0.3964974582195282, 0.05045386403799057, 0.04912177100777626, 0.5211272239685059, 0.580654501914978, 0.025214005261659622, 0.031088849529623985, 0.6733284592628479], "frame_10": [0.6299102902412415, 0.3964918255805969, 0.050463102757930756, 0.049117449671030045, 0.5211272239685059, 0.580654501914978, 0.025214005261659622, 0.031088849529623985, 0.6907426118850708], "frame_11": [0.629798412322998, 0.3966309726238251, 0.050788115710020065, 0.049353111535310745, 0.5211272239685059, 0.580654501914978, 0.025214005261659622, 0.031088849529623985, 0.7083075046539307], "frame_12": [0.629931628704071, 0.39653539657592773, 0.05040473863482475, 0.0493011474609375, 0.5211272239685059, 0.580654501914978, 0.025214005261659622, 0.031088849529623985, 0.74738609790802], "frame_13": [0.6299288868904114, 0.39651718735694885, 0.05038384348154068, 0.04932912066578865, 0.5211272239685059, 0.580654501914978, 0.025214005261659622, 0.031088849529623985, 0.8097111582756042], "frame_14": [0.6299269795417786, 0.3965390622615814, 0.05046844482421875, 0.0493072085082531, 0.5211272239685059, 0.580654501914978, 0.025214005261659622, 0.031088849529623985, 0.8639785051345825], "frame_15": [0.6298506855964661, 0.39654338359832764, 0.05024664103984833, 0.04932708665728569, 0.5211272239685059, 0.580654501914978, 0.025214005261659622, 0.031088849529623985, 0.7993285655975342], "frame_16": [0.6298632025718689, 0.396531879901886, 0.0502803809940815, 0.049346499145030975, 0.5211272239685059, 0.580654501914978, 0.025214005261659622, 0.031088849529623985, 0.7448202967643738], "frame_17": [0.6298264265060425, 0.39652225375175476, 0.0502149797976017, 0.049310725182294846, 0.5211272239685059, 0.580654501914978, 0.025214005261659622, 0.031088849529623985, 0.5235307812690735], "frame_18": [0.6298486590385437, 0.3964729607105255, 0.05027512460947037, 0.049127958714962006, 0.5211272239685059, 0.580654501914978, 0.025214005261659622, 0.031088849529623985, 0.5048667192459106], "frame_19": [0.629810094833374, 0.39651602506637573, 0.05027207359671593, 0.04922230914235115, 0.5211272239685059, 0.580654501914978, 0.025214005261659622, 0.031088849529623985, 0.326213002204895], "frame_20": [0.6297925114631653, 0.3965260088443756, 0.050151824951171875, 0.04922180250287056, 0.5211272239685059, 0.580654501914978, 0.025214005261659622, 0.031088849529623985, 0.59419184923172], "frame_21": [0.6297499537467957, 0.3968474566936493, 0.05104675143957138, 0.04934009909629822, 0.5643980503082275, 0.4808104634284973, 0.03420715406537056, 0.032318200916051865, 0.6722389459609985], "frame_22": [0.6297386884689331, 0.39687058329582214, 0.051071930676698685, 0.04931271821260452, 0.5699637532234192, 0.4718943238258362, 0.03772680461406708, 0.03450033441185951, 0.8072819709777832], "frame_23": [0.6297791600227356, 0.39688390493392944, 0.051112957298755646, 0.04932441562414169, 0.5741875767707825, 0.4635477662086487, 0.03597000986337662, 0.03499031066894531, 0.859219491481781], "frame_24": [0.6299217939376831, 0.3968505859375, 0.05164710059762001, 0.04912656173110008, 0.5758566856384277, 0.45460397005081177, 0.03840455040335655, 0.03738708421587944, 0.7082668542861938], "frame_25": [0.6300484538078308, 0.39677107334136963, 0.05145263671875, 0.04896753281354904, 0.576454222202301, 0.44354912638664246, 0.03953874483704567, 0.035363007336854935, 0.6579187512397766], "frame_26": [0.6300486326217651, 0.396806001663208, 0.05178099870681763, 0.04908197373151779, 0.5768380761146545, 0.4323740601539612, 0.03892059251666069, 0.03705041855573654, 0.9376847743988037], "frame_27": [0.6300474405288696, 0.39657893776893616, 0.05106010288000107, 0.048908062279224396, 0.5769097208976746, 0.41714298725128174, 0.040002357214689255, 0.03814811632037163, 0.9307497143745422], "frame_28": [0.6302074790000916, 0.3967568278312683, 0.05100288242101669, 0.049163818359375, 0.5796753168106079, 0.39957115054130554, 0.03392351046204567, 0.0409792996942997, 0.9822853207588196], "frame_29": [0.6293156147003174, 0.39697083830833435, 0.053587935864925385, 0.04917941614985466, 0.5818634629249573, 0.3749065697193146, 0.03005388006567955, 0.03670302405953407, 0.9637362360954285], "frame_30": [0.6300027370452881, 0.396795392036438, 0.05187661945819855, 0.04879998043179512, 0.5846505761146545, 0.3511509895324707, 0.028312131762504578, 0.033463817089796066, 0.9822735786437988], "frame_31": [0.6296150088310242, 0.39653700590133667, 0.05124931409955025, 0.04905073344707489, 0.5871491432189941, 0.330502986907959, 0.0282601248472929, 0.034073639661073685, 0.9637807607650757], "frame_32": [0.6299459934234619, 0.39682406187057495, 0.05192536115646362, 0.049228668212890625, 0.5905564427375793, 0.311445027589798, 0.025167465209960938, 0.0314185656607151, 0.9503327012062073], "frame_33": [0.6299769282341003, 0.3966803252696991, 0.05110452324151993, 0.049224853515625, 0.5921424627304077, 0.2948280870914459, 0.025893783196806908, 0.03245697170495987, 0.9731224179267883], "frame_34": [0.6297923922538757, 0.39657676219940186, 0.050802018493413925, 0.048957232385873795, 0.593913197517395, 0.27938714623451233, 0.0276336669921875, 0.034214019775390625, 0.9291500449180603], "frame_35": [0.6297363042831421, 0.3965282440185547, 0.050763703882694244, 0.048732928931713104, 0.5952732563018799, 0.26566725969314575, 0.02826605923473835, 0.03196421638131142, 0.9258135557174683], "frame_36": [0.6298394203186035, 0.39657339453697205, 0.050481583923101425, 0.04924625903367996, 0.5974876284599304, 0.2536555230617523, 0.028145980089902878, 0.029602814465761185, 0.8900341391563416], "frame_37": [0.6298815608024597, 0.3967443108558655, 0.05064642056822777, 0.049582671374082565, 0.5988041758537292, 0.24435420334339142, 0.029756758362054825, 0.032682523131370544, 0.9003034830093384], "frame_38": [0.6298800110816956, 0.3968649208545685, 0.05039558559656143, 0.04977700859308243, 0.5542969107627869, 0.4346986413002014, 0.016783395782113075, 0.026906711980700493, 0.8975639343261719], "frame_39": [0.6299702525138855, 0.3968363404273987, 0.050599075853824615, 0.04968689754605293, 0.6024923324584961, 0.22902247309684753, 0.029929563403129578, 0.034341197460889816, 0.821946382522583],