{"frame_0": [0.630200207233429, 0.39426782727241516, 0.05045318603515625, 0.05007171630859375, 0.09565374255180359, 0.616284966468811, 0.025534672662615776, 0.03051198273897171, 0.9993631839752197], "frame_1": [0.6305040717124939, 0.3945773243904114, 0.05007150396704674, 0.049795448780059814, 0.09086786210536957, 0.6050472259521484, 0.027512576431035995, 0.030118729919195175, 0.9904873967170715], "frame_2": [0.6305811405181885, 0.39450353384017944, 0.05025825649499893, 0.04963425546884537, 0.088602215051651, 0.5940332412719727, 0.028816619887948036, 0.0315355509519577, 0.9948128461837769], "frame_3": [0.6305524706840515, 0.39448800683021545, 0.05026550218462944, 0.0495741106569767, 0.0889771357178688, 0.5849554538726807, 0.02982477657496929, 0.031133057549595833, 0.9802455902099609], "frame_4": [0.630622148513794, 0.39448508620262146, 0.05017700046300888, 0.0496080182492733, 0.09078279882669449, 0.577681839466095, 0.029782772064208984, 0.030506515875458717, 0.9730396866798401], "frame_5": [0.6306517124176025, 0.39449989795684814, 0.05020391568541527, 0.04958678409457207, 0.09534770250320435, 0.5734449028968811, 0.029668686911463737, 0.028333282098174095, 0.9733256101608276], "frame_6": [0.6306027173995972, 0.39448750019073486, 0.050090789794921875, 0.04960983991622925, 0.1017492488026619, 0.5703446865081787, 0.031009938567876816, 0.027702204883098602, 0.9944697618484497], "frame_7": [0.6306206583976746, 0.3945053815841675, 0.050229646265506744, 0.04958038404583931, 0.11078143864870071, 0.5670728087425232, 0.033658143132925034, 0.030947409570217133, 0.9950918555259705], "frame_8": [0.6305378675460815, 0.394490510225296, 0.050054337829351425, 0.04960937425494194, 0.11078143864870071, 0.5670728087425232, 0.033658143132925034, 0.030947409570217133, 0.9177775382995605], "frame_9": [0.630557656288147, 0.39440664649009705, 0.05003611370921135, 0.04959598183631897, 0.11078143864870071, 0.5670728087425232, 0.033658143132925034, 0.030947409570217133, 0.979727029800415], "frame_10": [0.6305574774742126, 0.39442604780197144, 0.05007599666714668, 0.04963561147451401, 0.11078143864870071, 0.5670728087425232, 0.033658143132925034, 0.030947409570217133, 0.930177628993988], "frame_11": [0.6305417418479919, 0.3944094479084015, 0.05007972568273544, 0.04960441589355469, 0.11078143864870071, 0.5670728087425232, 0.033658143132925034, 0.030947409570217133, 0.9806079268455505], "frame_12": [0.6306182742118835, 0.3942963480949402, 0.04828987270593643, 0.04908159002661705, 0.11078143864870071, 0.5670728087425232, 0.033658143132925034, 0.030947409570217133, 0.9733602404594421], "frame_13": [0.6306281089782715, 0.3942987322807312, 0.048306189477443695, 0.04908121004700661, 0.11078143864870071, 0.5670728087425232, 0.033658143132925034, 0.030947409570217133, 0.904224157333374], "frame_14": [0.6306268572807312, 0.39430123567581177, 0.04830682650208473, 0.04908210039138794, 0.11078143864870071, 0.5670728087425232, 0.033658143132925034, 0.030947409570217133, 0.8186452388763428], "frame_15": [0.6305917501449585, 0.3943186402320862, 0.04823663458228111, 0.0491696260869503, 0.11078143864870071, 0.5670728087425232, 0.033658143132925034, 0.030947409570217133, 0.753409206867218], "frame_16": [0.6305863857269287, 0.3942825198173523, 0.04819662123918533, 0.04911092296242714, 0.11078143864870071, 0.5670728087425232, 0.033658143132925034, 0.030947409570217133, 0.7003142237663269], "frame_17": [0.6305922865867615, 0.3942834734916687, 0.04819810763001442, 0.0491207130253315, 0.11078143864870071, 0.5670728087425232, 0.033658143132925034, 0.030947409570217133, 0.6645786762237549], "frame_18": [0.6306151747703552, 0.39428356289863586, 0.04824714735150337, 0.04911376163363457, 0.22739093005657196, 0.5148267149925232, 0.02931889519095421, 0.030412759631872177, 0.6373816728591919], "frame_19": [0.6306408643722534, 0.3942994773387909, 0.04825286939740181, 0.04910409823060036, 0.22387023270130157, 0.5014168620109558, 0.03125156834721565, 0.029539193958044052, 0.4535698890686035], "frame_20": [0.6306549906730652, 0.39429983496665955, 0.04823761060833931, 0.04908561706542969, 0.21863436698913574, 0.4893254041671753, 0.028699684888124466, 0.02686445415019989, 0.4739300012588501], "frame_21": [0.630653977394104, 0.3943125307559967, 0.04823171719908714, 0.04909121245145798, 0.21863436698913574, 0.4893254041671753, 0.028699684888124466, 0.02686445415019989, 0.4549892544746399], "frame_22": [0.63065505027771, 0.3943263590335846, 0.04825231805443764, 0.04912300035357475, 0.19738849997520447, 0.47186943888664246, 0.02756485342979431, 0.027701567858457565, 0.4483579099178314], "frame_23": [0.6306495666503906, 0.39432746171951294, 0.048235151916742325, 0.04912698641419411, 0.19738849997520447, 0.47186943888664246, 0.02756485342979431, 0.027701567858457565, 0.41177821159362793], "frame_24": [0.6304094195365906, 0.3943827450275421, 0.04834573715925217, 0.04924464598298073, 0.1836821734905243, 0.4617407023906708, 0.027255026623606682, 0.026558473706245422, 0.41191843152046204], "frame_25": [0.6304115653038025, 0.3943895101547241, 0.04832679033279419, 0.04923354089260101, 0.1836821734905243, 0.4617407023906708, 0.027255026623606682, 0.026558473706245422, 0.5309487581253052], "frame_26": [0.6304137110710144, 0.39439061284065247, 0.04833123832941055, 0.04923439025878906, 0.1836821734905243, 0.4617407023906708, 0.027255026623606682, 0.026558473706245422, 0.4853317141532898], "frame_27": [0.6304163336753845, 0.3943481147289276, 0.04829690605401993, 0.049149151891469955, 0.1836821734905243, 0.4617407023906708, 0.027255026623606682, 0.026558473706245422, 0.48257890343666077], "frame_28": [0.6304036378860474, 0.39431941509246826, 0.048254311084747314, 0.04904967546463013, 0.19674184918403625, 0.4214269518852234, 0.027353964745998383, 0.03136444091796875, 0.5475518703460693], "frame_29": [0.6304054856300354, 0.3942665159702301, 0.04828605800867081, 0.048937734216451645, 0.19674184918403625, 0.4214269518852234, 0.027353964745998383, 0.03136444091796875, 0.6517753601074219], "frame_30": [0.6304044723510742, 0.3942587077617645, 0.04827605187892914, 0.04892438277602196, 0.22651270031929016, 0.3822961449623108, 0.026289939880371094, 0.029627354815602303, 0.7184010148048401], "frame_31": [0.6304036378860474, 0.3942570984363556, 0.04827622324228287, 0.04892777279019356, 0.2437949776649475, 0.3640567362308502, 0.026090050116181374, 0.029335616156458855, 0.6852242350578308], "frame_32": [0.6305024027824402, 0.3943352997303009, 0.04851922020316124, 0.04907023161649704, 0.2602537274360657, 0.3467644453048706, 0.025658288970589638, 0.02895793877542019, 0.6825965642929077], "frame_33": [0.6305198073387146, 0.39433637261390686, 0.04852943494915962, 0.04906908795237541, 0.2765358090400696, 0.33194127678871155, 0.026961136609315872, 0.02847662940621376, 0.6937819123268127], "frame_34": [0.6305273175239563, 0.39433857798576355, 0.04852409288287163, 0.04906739294528961, 0.29281094670295715, 0.31693270802497864, 0.024677466601133347, 0.02826436422765255, 0.735129714012146], "frame_35": [0.6305252313613892, 0.3943280577659607, 0.04851125180721283, 0.04906027019023895, 0.3088870644569397, 0.30491578578948975, 0.025408172979950905, 0.028367996215820312, 0.6973981857299805], "frame_36": [0.630886435508728, 0.3942547142505646, 0.04864387586712837, 0.0492900013923645, 0.32349103689193726, 0.2938559949398041, 0.02596149407327175, 0.02881298027932644, 0.7175719141960144], "frame_37": [0.6308931112289429, 0.39423462748527527, 0.04868125915527344, 0.04925888776779175, 0.34029456973075867, 0.28325870633125305, 0.026234202086925507, 0.028288990259170532, 0.6870865225791931], "frame_38": [0.6308760046958923, 0.3942345380783081, 0.04862234368920326, 0.049247317016124725, 0.3543985188007355, 0.27510014176368713, 0.026370812207460403, 0.027356337755918503, 0.6840997338294983],