{"frame_0": [0.6299910545349121, 0.39517152309417725, 0.05034857988357544, 0.04967346042394638, 0.6050071120262146, 0.4917476773262024, 0.02307807095348835, 0.02737731859087944, 0.8544523119926453], "frame_1": [0.6298548579216003, 0.39545050263404846, 0.05001623183488846, 0.049353450536727905, 0.6050071120262146, 0.4917476773262024, 0.02307807095348835, 0.02737731859087944, 0.8678739666938782], "frame_2": [0.6298117637634277, 0.3954639136791229, 0.04996282607316971, 0.049431271851062775, 0.6050071120262146, 0.4917476773262024, 0.02307807095348835, 0.02737731859087944, 0.8716416954994202], "frame_3": [0.6298127174377441, 0.39546534419059753, 0.049983806908130646, 0.0493960902094841, 0.6050071120262146, 0.4917476773262024, 0.02307807095348835, 0.02737731859087944, 0.8868158459663391], "frame_4": [0.6298635005950928, 0.39546436071395874, 0.04991874843835831, 0.04940405860543251, 0.6050071120262146, 0.4917476773262024, 0.02307807095348835, 0.02737731859087944, 0.8713498115539551], "frame_5": [0.6298696398735046, 0.3954918682575226, 0.04998016357421875, 0.04938388243317604, 0.6050071120262146, 0.4917476773262024, 0.02307807095348835, 0.02737731859087944, 0.8806803822517395], "frame_6": [0.6298842430114746, 0.3955073952674866, 0.05000105872750282, 0.04937036335468292, 0.6050071120262146, 0.4917476773262024, 0.02307807095348835, 0.02737731859087944, 0.881864070892334], "frame_7": [0.629888653755188, 0.39550331234931946, 0.050035178661346436, 0.04933984577655792, 0.6050071120262146, 0.4917476773262024, 0.02307807095348835, 0.02737731859087944, 0.9206488728523254], "frame_8": [0.6298424005508423, 0.3955451250076294, 0.050005171447992325, 0.049446869641542435, 0.6050071120262146, 0.4917476773262024, 0.02307807095348835, 0.02737731859087944, 0.9339369535446167], "frame_9": [0.6298428177833557, 0.3955090045928955, 0.05026482418179512, 0.049349721521139145, 0.6050071120262146, 0.4917476773262024, 0.02307807095348835, 0.02737731859087944, 0.9556483626365662], "frame_10": [0.6299298405647278, 0.39556923508644104, 0.05039024353027344, 0.04934743419289589, 0.6050071120262146, 0.4917476773262024, 0.02307807095348835, 0.02737731859087944, 0.9365222454071045], "frame_11": [0.6299408674240112, 0.39555221796035767, 0.05042915418744087, 0.04929754510521889, 0.6050071120262146, 0.4917476773262024, 0.02307807095348835, 0.02737731859087944, 0.9437351822853088], "frame_12": [0.6300013065338135, 0.3953879475593567, 0.05008294805884361, 0.048649173229932785, 0.6050071120262146, 0.4917476773262024, 0.02307807095348835, 0.02737731859087944, 0.9525244832038879], "frame_13": [0.6300206780433655, 0.3954152464866638, 0.05008697509765625, 0.04863514378666878, 0.6050071120262146, 0.4917476773262024, 0.02307807095348835, 0.02737731859087944, 0.9533752202987671], "frame_14": [0.6299567222595215, 0.3955376148223877, 0.0501861572265625, 0.048547618091106415, 0.6050071120262146, 0.4917476773262024, 0.02307807095348835, 0.02737731859087944, 0.859519362449646], "frame_15": [0.6298621892929077, 0.3955574333667755, 0.050318822264671326, 0.04864129051566124, 0.6050071120262146, 0.4917476773262024, 0.02307807095348835, 0.02737731859087944, 0.8642675280570984], "frame_16": [0.6299561262130737, 0.395586222410202, 0.05022413283586502, 0.04834700748324394, 0.6050071120262146, 0.4917476773262024, 0.02307807095348835, 0.02737731859087944, 0.8469280004501343], "frame_17": [0.629931628704071, 0.39557206630706787, 0.050131820142269135, 0.048309326171875, 0.6050071120262146, 0.4917476773262024, 0.02307807095348835, 0.02737731859087944, 0.8526777625083923], "frame_18": [0.6299075484275818, 0.3955751955509186, 0.05012970045208931, 0.04844695329666138, 0.6050071120262146, 0.4917476773262024, 0.02307807095348835, 0.02737731859087944, 0.8308308124542236], "frame_19": [0.6300023198127747, 0.3955886960029602, 0.05028817802667618, 0.04844042286276817, 0.6050071120262146, 0.4917476773262024, 0.02307807095348835, 0.02737731859087944, 0.8095427751541138], "frame_20": [0.629996120929718, 0.3956073820590973, 0.05031890794634819, 0.04834967851638794, 0.6050071120262146, 0.4917476773262024, 0.02307807095348835, 0.02737731859087944, 0.833408772945404], "frame_21": [0.6299857497215271, 0.39558282494544983, 0.05027978867292404, 0.04832594096660614, 0.6050071120262146, 0.4917476773262024, 0.02307807095348835, 0.02737731859087944, 0.8151020407676697], "frame_22": [0.6299933791160583, 0.3955809772014618, 0.050273217260837555, 0.048335351049900055, 0.6050071120262146, 0.4917476773262024, 0.02307807095348835, 0.02737731859087944, 0.7359901666641235], "frame_23": [0.6299948692321777, 0.395583838224411, 0.04997961223125458, 0.04833132401108742, 0.6050071120262146, 0.4917476773262024, 0.02307807095348835, 0.02737731859087944, 0.6250280141830444], "frame_24": [0.6299241781234741, 0.39524832367897034, 0.04972479119896889, 0.0482662208378315, 0.6050071120262146, 0.4917476773262024, 0.02307807095348835, 0.02737731859087944, 0.5960142016410828], "frame_25": [0.6300280094146729, 0.3954373300075531, 0.04989594221115112, 0.048159364610910416, 0.6050071120262146, 0.4917476773262024, 0.02307807095348835, 0.02737731859087944, 0.5068930387496948], "frame_26": [0.6301141381263733, 0.39538973569869995, 0.04982338100671768, 0.04824524000287056, 0.6050071120262146, 0.4917476773262024, 0.02307807095348835, 0.02737731859087944, 0.5271937251091003], "frame_27": [0.6301330327987671, 0.3954399526119232, 0.049805618822574615, 0.048289235681295395, 0.6050071120262146, 0.4917476773262024, 0.02307807095348835, 0.02737731859087944, 0.5877403616905212], "frame_28": [0.630148708820343, 0.3954293131828308, 0.049824777990579605, 0.04831865057349205, 0.6050071120262146, 0.4917476773262024, 0.02307807095348835, 0.02737731859087944, 0.6593316793441772], "frame_29": [0.630182147026062, 0.39544931054115295, 0.04989204555749893, 0.048378244042396545, 0.29879382252693176, 0.48211541771888733, 0.021571265533566475, 0.025926759466528893, 0.7993500232696533], "frame_30": [0.6301883459091187, 0.395459920167923, 0.04997444152832031, 0.04841821640729904, 0.30938538908958435, 0.464895635843277, 0.025128450244665146, 0.02601318433880806, 0.8025998473167419], "frame_31": [0.63019859790802, 0.3954685628414154, 0.05006438493728638, 0.048416730016469955, 0.3230848014354706, 0.4451381266117096, 0.02497931569814682, 0.026266563683748245, 0.8310766220092773], "frame_32": [0.6302111148834229, 0.395426869392395, 0.0500345453619957, 0.04835391417145729, 0.3369247317314148, 0.4263419806957245, 0.023566139861941338, 0.027478789910674095, 0.8243759870529175], "frame_33": [0.6302173733711243, 0.3954217731952667, 0.050107404589653015, 0.04840566962957382, 0.3497616946697235, 0.4101598560810089, 0.023881318047642708, 0.026102447882294655, 0.8582670092582703], "frame_34": [0.6302090883255005, 0.3954147398471832, 0.05004395544528961, 0.04839342087507248, 0.36454489827156067, 0.39337989687919617, 0.024276839569211006, 0.02833913080394268, 0.8594381809234619], "frame_35": [0.6301880478858948, 0.3954196572303772, 0.049987200647592545, 0.04837328568100929, 0.37751471996307373, 0.3818970024585724, 0.023426903411746025, 0.028248680755496025, 0.8194624781608582], "frame_36": [0.6300984621047974, 0.3955036699771881, 0.05012694373726845, 0.048243459314107895, 0.37751471996307373, 0.3818970024585724, 0.023426903411746025, 0.028248680755496025, 0.6647428274154663], "frame_37": [0.6301080584526062, 0.39549338817596436, 0.05013635382056236, 0.04829631373286247, 0.37751471996307373, 0.3818970024585724, 0.023426903411746025, 0.028248680755496025, 0.6412347555160522], "frame_38": [0.6301555037498474, 0.39552611112594604, 0.05037812143564224, 0.04834069311618805, 0.41587355732917786, 0.34661030769348145, 0.023535452783107758, 0.029798613861203194, 0.5573320984840393], "frame_39": [0.6301410794258118, 0.3955223858356476, 0.050362564623355865, 0.04828834533691406, 0.42797598242759705, 0.3370762765407562, 0.024196328595280647, 0.026508521288633347, 0.5517259836196899],