{"frame_0": [0.6300280094146729, 0.39872702956199646, 0.05029546841979027, 0.0488416887819767, 0.6236256957054138, 0.4701745808124542, 0.020389175042510033, 0.027383040636777878, 0.8235428929328918], "frame_1": [0.629558801651001, 0.3983738422393799, 0.04982871934771538, 0.04930470883846283, 0.6236256957054138, 0.4701745808124542, 0.020389175042510033, 0.027383040636777878, 0.8227397799491882], "frame_2": [0.6294136643409729, 0.3980668783187866, 0.04965171962976456, 0.04904073104262352, 0.6236256957054138, 0.4701745808124542, 0.020389175042510033, 0.027383040636777878, 0.8026953935623169], "frame_3": [0.6293172836303711, 0.39803364872932434, 0.04962713271379471, 0.04894566163420677, 0.6236256957054138, 0.4701745808124542, 0.020389175042510033, 0.027383040636777878, 0.7845782041549683], "frame_4": [0.6293204426765442, 0.39799028635025024, 0.04967545345425606, 0.04899393767118454, 0.6236256957054138, 0.4701745808124542, 0.020389175042510033, 0.027383040636777878, 0.6689901351928711], "frame_5": [0.629408597946167, 0.3979443907737732, 0.04980438947677612, 0.04902314022183418, 0.6236256957054138, 0.4701745808124542, 0.020389175042510033, 0.027383040636777878, 0.6457355618476868], "frame_6": [0.6294471621513367, 0.39803653955459595, 0.04991014301776886, 0.04905226081609726, 0.40421855449676514, 0.5584750771522522, 0.021079042926430702, 0.022590933367609978, 0.5999143719673157], "frame_7": [0.6295003890991211, 0.3980538249015808, 0.049932099878787994, 0.04908858239650726, 0.40503108501434326, 0.5528843998908997, 0.020882247015833855, 0.02145979180932045, 0.5947561264038086], "frame_8": [0.6293919682502747, 0.39805158972740173, 0.04968452453613281, 0.049084387719631195, 0.4077019691467285, 0.541659951210022, 0.015103742480278015, 0.02307874895632267, 0.6122709512710571], "frame_9": [0.6293516159057617, 0.39803722500801086, 0.04967346042394638, 0.04905755817890167, 0.4077019691467285, 0.541659951210022, 0.015103742480278015, 0.02307874895632267, 0.5739088654518127], "frame_10": [0.6292053461074829, 0.39813917875289917, 0.049766454845666885, 0.049193404614925385, 0.4077019691467285, 0.541659951210022, 0.015103742480278015, 0.02307874895632267, 0.5467992424964905], "frame_11": [0.6291639804840088, 0.3981381356716156, 0.0497446283698082, 0.04938795417547226, 0.3993796408176422, 0.5234600305557251, 0.019926834851503372, 0.02511240728199482, 0.48188793659210205], "frame_12": [0.6293438673019409, 0.3981470763683319, 0.049922265112400055, 0.04919183626770973, 0.3943757712841034, 0.5177441239356995, 0.021264096722006798, 0.024073410779237747, 0.4963603913784027], "frame_13": [0.6293071508407593, 0.3980678617954254, 0.04977128654718399, 0.049140337854623795, 0.38979607820510864, 0.5135371088981628, 0.021868133917450905, 0.022490903735160828, 0.4859951138496399], "frame_14": [0.629328727722168, 0.3980771005153656, 0.04973971098661423, 0.049156274646520615, 0.38979607820510864, 0.5135371088981628, 0.021868133917450905, 0.022490903735160828, 0.5669330954551697], "frame_15": [0.629315197467804, 0.39805299043655396, 0.04971962049603462, 0.04924227297306061, 0.38979607820510864, 0.5135371088981628, 0.021868133917450905, 0.022490903735160828, 0.5328461527824402], "frame_16": [0.6292502284049988, 0.39812690019607544, 0.04965315759181976, 0.049379389733076096, 0.38979607820510864, 0.5135371088981628, 0.021868133917450905, 0.022490903735160828, 0.6002810001373291], "frame_17": [0.6292510032653809, 0.3980950117111206, 0.049620818346738815, 0.049411945044994354, 0.38979607820510864, 0.5135371088981628, 0.021868133917450905, 0.022490903735160828, 0.5604649186134338], "frame_18": [0.6291916966438293, 0.39814293384552, 0.04945708438754082, 0.04931297153234482, 0.38979607820510864, 0.5135371088981628, 0.021868133917450905, 0.022490903735160828, 0.5481774210929871], "frame_19": [0.6291252970695496, 0.3980512022972107, 0.04960060119628906, 0.0492733009159565, 0.38979607820510864, 0.5135371088981628, 0.021868133917450905, 0.022490903735160828, 0.5364555716514587], "frame_20": [0.6291006207466125, 0.39793628454208374, 0.04944631829857826, 0.049044035375118256, 0.38979607820510864, 0.5135371088981628, 0.021868133917450905, 0.022490903735160828, 0.49709388613700867], "frame_21": [0.6292098164558411, 0.3979794681072235, 0.04910613223910332, 0.04903839901089668, 0.38979607820510864, 0.5135371088981628, 0.021868133917450905, 0.022490903735160828, 0.5351071953773499], "frame_22": [0.6292307376861572, 0.39799219369888306, 0.04919259995222092, 0.04917551577091217, 0.38979607820510864, 0.5135371088981628, 0.021868133917450905, 0.022490903735160828, 0.577553927898407], "frame_23": [0.6291953325271606, 0.397987961769104, 0.04914978891611099, 0.04919912666082382, 0.38979607820510864, 0.5135371088981628, 0.021868133917450905, 0.022490903735160828, 0.5079834461212158], "frame_24": [0.6290835738182068, 0.3979768455028534, 0.049232397228479385, 0.04944140091538429, 0.38979607820510864, 0.5135371088981628, 0.021868133917450905, 0.022490903735160828, 0.5052480101585388], "frame_25": [0.6290801763534546, 0.39799126982688904, 0.049270544201135635, 0.04947098717093468, 0.38979607820510864, 0.5135371088981628, 0.021868133917450905, 0.022490903735160828, 0.3959646224975586], "frame_26": [0.6290596723556519, 0.3980138897895813, 0.049339208751916885, 0.04943521320819855, 0.3620727062225342, 0.47535035014152527, 0.019115637987852097, 0.023045985028147697, 0.3557437062263489], "frame_27": [0.6291106939315796, 0.3980153501033783, 0.049422454088926315, 0.04943877458572388, 0.3630441129207611, 0.4637102782726288, 0.019644249230623245, 0.026064766570925713, 0.32397693395614624], "frame_28": [0.6291025876998901, 0.39798396825790405, 0.04931280389428139, 0.049305640161037445, 0.3684905171394348, 0.4511720538139343, 0.020666122436523438, 0.023681258782744408, 0.7861899137496948], "frame_29": [0.629118800163269, 0.3979579508304596, 0.049349382519721985, 0.049283262342214584, 0.3684905171394348, 0.4511720538139343, 0.020666122436523438, 0.023681258782744408, 0.0], "frame_30": [0.6293274760246277, 0.3979637026786804, 0.049302756786346436, 0.04927033185958862, 0.3684905171394348, 0.4511720538139343, 0.020666122436523438, 0.023681258782744408, 0.8520795702934265], "frame_31": [0.6292353868484497, 0.39797642827033997, 0.049130335450172424, 0.0493597649037838, 0.3684905171394348, 0.4511720538139343, 0.020666122436523438, 0.023681258782744408, 0.0], "frame_32": [0.6292449235916138, 0.39805951714515686, 0.04933891445398331, 0.04949086531996727, 0.40698936581611633, 0.38980352878570557, 0.018883345648646355, 0.0239851213991642, 0.8520275950431824], "frame_33": [0.629191517829895, 0.3979775607585907, 0.04901474714279175, 0.049456022679805756, 0.40698936581611633, 0.38980352878570557, 0.018883345648646355, 0.0239851213991642, 0.8147997260093689], "frame_34": [0.6291319727897644, 0.3979378044605255, 0.04896698147058487, 0.049534860998392105, 0.40698936581611633, 0.38980352878570557, 0.018883345648646355, 0.0239851213991642, 0.7915372252464294], "frame_35": [0.6291256546974182, 0.3979197144508362, 0.04903716966509819, 0.04938850551843643, 0.4347679018974304, 0.35457921028137207, 0.020517561584711075, 0.023223601281642914, 0.7583706378936768], "frame_36": [0.6293800473213196, 0.3977617025375366, 0.049629803746938705, 0.049190521240234375, 0.4433220624923706, 0.34620410203933716, 0.02195604145526886, 0.022728262469172478, 0.7552847862243652], "frame_37": [0.6293925642967224, 0.3977695107460022, 0.04959670081734657, 0.04917233809828758, 0.4433220624923706, 0.34620410203933716, 0.02195604145526886, 0.022728262469172478, 0.5595077276229858], "frame_38": [0.629404604434967, 0.39779019355773926, 0.04964684322476387, 0.049224600195884705, 0.4433220624923706, 0.34620410203933716, 0.02195604145526886, 0.022728262469172478, 0.5664583444595337], "frame_39": [0.6293773055076599, 0.39774128794670105, 0.049494847655296326, 0.04919043555855751, 0.4433220624923706, 0.34620410203933716, 0.02195604145526886, 0.022728262469172478, 0.7073472142219543],