{"frame_0": [0.6296179294586182, 0.39602500200271606, 0.04925651475787163, 0.05065087229013443, 0.6030973792076111, 0.44964903593063354, 0.021024534478783607, 0.02431504987180233, 0.29631057381629944], "frame_1": [0.6297163963317871, 0.3961794674396515, 0.04951447248458862, 0.05012228339910507, 0.6030973792076111, 0.44964903593063354, 0.021024534478783607, 0.02431504987180233, 0.5817345976829529], "frame_2": [0.6297590136528015, 0.3961702883243561, 0.04935760423541069, 0.05012728273868561, 0.6030973792076111, 0.44964903593063354, 0.021024534478783607, 0.02431504987180233, 0.5148995518684387], "frame_3": [0.6298345327377319, 0.3962250053882599, 0.04944000393152237, 0.05010528489947319, 0.6030973792076111, 0.44964903593063354, 0.021024534478783607, 0.02431504987180233, 0.46960723400115967], "frame_4": [0.6298944354057312, 0.3962261974811554, 0.049570463597774506, 0.05002441257238388, 0.6030973792076111, 0.44964903593063354, 0.021024534478783607, 0.02431504987180233, 0.4104302227497101], "frame_5": [0.6298955082893372, 0.3962416350841522, 0.049536727368831635, 0.049999237060546875, 0.6030973792076111, 0.44964903593063354, 0.021024534478783607, 0.02431504987180233, 0.7168847322463989], "frame_6": [0.6298675537109375, 0.3963088095188141, 0.04971160739660263, 0.05013084411621094, 0.6030973792076111, 0.44964903593063354, 0.021024534478783607, 0.02431504987180233, 0.46382343769073486], "frame_7": [0.629863977432251, 0.39632177352905273, 0.04969940334558487, 0.05019323527812958, 0.38916364312171936, 0.43494313955307007, 0.024695077911019325, 0.028010008856654167, 0.5543155670166016], "frame_8": [0.6299272179603577, 0.39640337228775024, 0.04970588535070419, 0.0502946637570858, 0.38916364312171936, 0.43494313955307007, 0.024695077911019325, 0.028010008856654167, 0.7140823006629944], "frame_9": [0.6298792958259583, 0.39636528491973877, 0.04957122728228569, 0.05025587975978851, 0.38916364312171936, 0.43494313955307007, 0.024695077911019325, 0.028010008856654167, 0.7799416780471802], "frame_10": [0.6298803091049194, 0.3963969647884369, 0.049713898450136185, 0.050195228308439255, 0.38916364312171936, 0.43494313955307007, 0.024695077911019325, 0.028010008856654167, 0.8706150650978088], "frame_11": [0.6296930909156799, 0.3964245617389679, 0.04953040927648544, 0.05014563724398613, 0.38916364312171936, 0.43494313955307007, 0.024695077911019325, 0.028010008856654167, 0.8816825151443481], "frame_12": [0.6297869086265564, 0.39642333984375, 0.0491628423333168, 0.049404993653297424, 0.38916364312171936, 0.43494313955307007, 0.024695077911019325, 0.028010008856654167, 0.8814802765846252], "frame_13": [0.6298196315765381, 0.39644113183021545, 0.049227524548769, 0.04945860803127289, 0.38916364312171936, 0.43494313955307007, 0.024695077911019325, 0.028010008856654167, 0.8707365393638611], "frame_14": [0.6299737691879272, 0.39656949043273926, 0.04973352327942848, 0.049566734582185745, 0.456548273563385, 0.3442799746990204, 0.023891618475317955, 0.025314224883913994, 0.8365251421928406], "frame_15": [0.6299687027931213, 0.3964708149433136, 0.049703385680913925, 0.04937782138586044, 0.46672913432121277, 0.337446928024292, 0.025216801092028618, 0.027194594964385033, 0.8375329375267029], "frame_16": [0.6299247741699219, 0.3965044617652893, 0.049718305468559265, 0.04947751387953758, 0.4761619567871094, 0.32972556352615356, 0.023698171600699425, 0.025938479229807854, 0.8253377079963684], "frame_17": [0.6298287510871887, 0.39653727412223816, 0.04956855624914169, 0.04954376071691513, 0.48629799485206604, 0.3216613829135895, 0.02141130156815052, 0.025426674634218216, 0.8306918144226074], "frame_18": [0.6297444701194763, 0.39681968092918396, 0.04970664903521538, 0.049813248217105865, 0.4940255880355835, 0.3188762366771698, 0.027042601257562637, 0.027341460809111595, 0.833915114402771], "frame_19": [0.6296796798706055, 0.39704781770706177, 0.05014169588685036, 0.049633197486400604, 0.5023261308670044, 0.31672388315200806, 0.025105370208621025, 0.02710505574941635, 0.8456278443336487], "frame_20": [0.6297067403793335, 0.3967343270778656, 0.04945699870586395, 0.049694739282131195, 0.5123913288116455, 0.3136475086212158, 0.024541981518268585, 0.025616751983761787, 0.8562077283859253], "frame_21": [0.6298196315765381, 0.39667975902557373, 0.04953897371888161, 0.04971970617771149, 0.5223643779754639, 0.31131014227867126, 0.02294243685901165, 0.027705997228622437, 0.8590606451034546], "frame_22": [0.6298111081123352, 0.3964419960975647, 0.04921531677246094, 0.04947997257113457, 0.5310242772102356, 0.3112143576145172, 0.020878007635474205, 0.02432316727936268, 0.8454567193984985], "frame_23": [0.6296952962875366, 0.3965147137641907, 0.04917030408978462, 0.04950769245624542, 0.5393286943435669, 0.3113436698913574, 0.024258973076939583, 0.026837222278118134, 0.8229839205741882], "frame_24": [0.6296216249465942, 0.3966662585735321, 0.04892387241125107, 0.049954649060964584, 0.5393286943435669, 0.3113436698913574, 0.024258973076939583, 0.026837222278118134, 0.8436902165412903], "frame_25": [0.6295250654220581, 0.3967750668525696, 0.048967912793159485, 0.0499318428337574, 0.5393286943435669, 0.3113436698913574, 0.024258973076939583, 0.026837222278118134, 0.8525346517562866], "frame_26": [0.62965989112854, 0.39668402075767517, 0.04897592216730118, 0.05001474916934967, 0.5393286943435669, 0.3113436698913574, 0.024258973076939583, 0.026837222278118134, 0.7520590424537659], "frame_27": [0.6296036839485168, 0.39671146869659424, 0.04893205314874649, 0.050006017088890076, 0.5393286943435669, 0.3113436698913574, 0.024258973076939583, 0.026837222278118134, 0.7297760248184204], "frame_28": [0.6297492384910583, 0.39653313159942627, 0.049072265625, 0.050202179700136185, 0.5393286943435669, 0.3113436698913574, 0.024258973076939583, 0.026837222278118134, 0.6327390074729919], "frame_29": [0.6297539472579956, 0.39670121669769287, 0.049608442932367325, 0.05000707879662514, 0.5934571027755737, 0.33751949667930603, 0.02228529192507267, 0.026513757184147835, 0.46630194783210754], "frame_30": [0.6299896836280823, 0.39689525961875916, 0.049532487988471985, 0.0494697131216526, 0.601101279258728, 0.3448740541934967, 0.02276899479329586, 0.025964949280023575, 0.4765029549598694], "frame_31": [0.6300705671310425, 0.3969568908214569, 0.049555037170648575, 0.04986610263586044, 0.6090580224990845, 0.3537832796573639, 0.02249925397336483, 0.025464925915002823, 0.5497291088104248], "frame_32": [0.6303883194923401, 0.3978877663612366, 0.04857330396771431, 0.04910638555884361, 0.6170953512191772, 0.363930344581604, 0.023875977843999863, 0.025952614843845367, 0.6519094109535217], "frame_33": [0.6304426193237305, 0.3963887393474579, 0.04766341298818588, 0.05135536193847656, 0.6252795457839966, 0.3741389811038971, 0.027495574206113815, 0.021903397515416145, 0.7217091917991638], "frame_34": [0.6295533180236816, 0.3967324197292328, 0.04885741323232651, 0.04953430965542793, 0.6252795457839966, 0.3741389811038971, 0.027495574206113815, 0.021903397515416145, 0.8498516082763672], "frame_35": [0.6302750706672668, 0.3917973041534424, 0.04902076721191406, 0.040998924523591995, 0.6252795457839966, 0.3741389811038971, 0.027495574206113815, 0.021903397515416145, 0.9163565635681152], "frame_36": [0.6306017637252808, 0.38976070284843445, 0.04854341968894005, 0.036946021020412445, 0.6252795457839966, 0.3741389811038971, 0.027495574206113815, 0.021903397515416145, 0.9721445441246033], "frame_37": [0.6326696872711182, 0.38888487219810486, 0.05212821811437607, 0.03503197431564331, 0.6252795457839966, 0.3741389811038971, 0.027495574206113815, 0.021903397515416145, 0.9709043502807617], "frame_38": [0.6332939267158508, 0.38871482014656067, 0.05458017811179161, 0.03495839610695839, 0.6252795457839966, 0.3741389811038971, 0.027495574206113815, 0.021903397515416145, 0.9669513702392578],