{"frame_0": [0.6296321749687195, 0.3956477642059326, 0.048768021166324615, 0.05064019188284874, 0.851445198059082, 0.5539779663085938, 0.03345676138997078, 0.030864885076880455, 0.8614869713783264], "frame_1": [0.6299265623092651, 0.39575815200805664, 0.04938028007745743, 0.04952371492981911, 0.8474636673927307, 0.5565605759620667, 0.032172732055187225, 0.03406333923339844, 0.5812161564826965], "frame_2": [0.6297988295555115, 0.39556685090065, 0.04930161312222481, 0.04910888522863388, 0.8400124311447144, 0.5588616132736206, 0.03295491635799408, 0.03485480323433876, 0.5411763191223145], "frame_3": [0.6297863721847534, 0.3955962657928467, 0.049239519983530045, 0.049118973314762115, 0.8337324261665344, 0.5644826292991638, 0.033319685608148575, 0.03644226863980293, 0.5503562688827515], "frame_4": [0.6297442317008972, 0.3956533968448639, 0.049399565905332565, 0.04906310886144638, 0.8258785605430603, 0.5706667304039001, 0.033373091369867325, 0.03361227363348007, 0.5962313413619995], "frame_5": [0.6297468543052673, 0.395693302154541, 0.04935400187969208, 0.04900173470377922, 0.8191015720367432, 0.5744704604148865, 0.02532806433737278, 0.03421134874224663, 0.6944339871406555], "frame_6": [0.6296608448028564, 0.39567065238952637, 0.04915398359298706, 0.04902941361069679, 0.8191015720367432, 0.5744704604148865, 0.02532806433737278, 0.03421134874224663, 0.7413033843040466], "frame_7": [0.6296669244766235, 0.3956882059574127, 0.049096934497356415, 0.049126263707876205, 0.8168820142745972, 0.582770049571991, 0.027457427233457565, 0.03371713310480118, 0.6576048135757446], "frame_8": [0.6297087669372559, 0.39571914076805115, 0.04911231994628906, 0.04919853061437607, 0.8157282471656799, 0.5859613418579102, 0.027501678094267845, 0.03295648470520973, 0.6501255631446838], "frame_9": [0.629671573638916, 0.3957073986530304, 0.04915466159582138, 0.049190349876880646, 0.8147745728492737, 0.5879450440406799, 0.025841353461146355, 0.03344705328345299, 0.7306689023971558], "frame_10": [0.6296709775924683, 0.39570969343185425, 0.04915656894445419, 0.049188148230314255, 0.8134008049964905, 0.5897979736328125, 0.024353452026844025, 0.031369272619485855, 0.7074944972991943], "frame_11": [0.6297012567520142, 0.3957422971725464, 0.04932810366153717, 0.04919327795505524, 0.8125790357589722, 0.5910595655441284, 0.022156525403261185, 0.028820207342505455, 0.6880538463592529], "frame_12": [0.6299000382423401, 0.3958979845046997, 0.04908735305070877, 0.048365019261837006, 0.8123179078102112, 0.5910835266113281, 0.02079620398581028, 0.026311323046684265, 0.7385861873626709], "frame_13": [0.6300480961799622, 0.3958738446235657, 0.049535539001226425, 0.04829317703843117, 0.8123179078102112, 0.5910835266113281, 0.02079620398581028, 0.026311323046684265, 0.7716896533966064], "frame_14": [0.6299006342887878, 0.39596566557884216, 0.04919488728046417, 0.04842465743422508, 0.8123179078102112, 0.5910835266113281, 0.02079620398581028, 0.026311323046684265, 0.8482997417449951], "frame_15": [0.6298776268959045, 0.39594802260398865, 0.04912775009870529, 0.04845542833209038, 0.8123179078102112, 0.5910835266113281, 0.02079620398581028, 0.026311323046684265, 0.754560649394989], "frame_16": [0.6298738121986389, 0.39593127369880676, 0.04905832186341286, 0.04839731752872467, 0.8123179078102112, 0.5910835266113281, 0.02079620398581028, 0.026311323046684265, 0.44519177079200745], "frame_17": [0.6298770904541016, 0.39596185088157654, 0.04918670654296875, 0.04849819466471672, 0.7973743677139282, 0.5625849366188049, 0.02147606760263443, 0.027529610320925713, 0.0], "frame_18": [0.62992262840271, 0.39598023891448975, 0.04932992905378342, 0.04847501218318939, 0.7973743677139282, 0.5625849366188049, 0.02147606760263443, 0.027529610320925713, 0.5722334384918213], "frame_19": [0.6299277544021606, 0.395975798368454, 0.0493621826171875, 0.04844886064529419, 0.7973743677139282, 0.5625849366188049, 0.02147606760263443, 0.027529610320925713, 0.7667814493179321], "frame_20": [0.6299118399620056, 0.39591920375823975, 0.04911668598651886, 0.04850307106971741, 0.8080008029937744, 0.5046855211257935, 0.0298631452023983, 0.03184271976351738, 0.7659557461738586], "frame_21": [0.6298771500587463, 0.3959217369556427, 0.04906768724322319, 0.04861145094037056, 0.8196356892585754, 0.48540911078453064, 0.029665375128388405, 0.02994300052523613, 0.7116600871086121], "frame_22": [0.6298956871032715, 0.3959246873855591, 0.04908731207251549, 0.04856262356042862, 0.8344674706459045, 0.47462108731269836, 0.02971208281815052, 0.03447091951966286, 0.7938995361328125], "frame_23": [0.6299265623092651, 0.39593684673309326, 0.04920700937509537, 0.04861793667078018, 0.8442895412445068, 0.46840617060661316, 0.03371463343501091, 0.03498285263776779, 0.6962891817092896], "frame_24": [0.6303423643112183, 0.3958398699760437, 0.04941385239362717, 0.04842355474829674, 0.8535632491111755, 0.46316149830818176, 0.034883879125118256, 0.032917194068431854, 0.649017333984375], "frame_25": [0.6303702592849731, 0.3958152234554291, 0.04951256513595581, 0.048380449414253235, 0.858933687210083, 0.45684611797332764, 0.037667591124773026, 0.03577978163957596, 0.6616809368133545], "frame_26": [0.6303794980049133, 0.3958217203617096, 0.04955101013183594, 0.048406898975372314, 0.8605577945709229, 0.44905853271484375, 0.03586103767156601, 0.03551788255572319, 0.7528718709945679], "frame_27": [0.6303978562355042, 0.3957999050617218, 0.049498748034238815, 0.048331111669540405, 0.8593143224716187, 0.43814876675605774, 0.035944025963544846, 0.03563109412789345, 0.8153472542762756], "frame_28": [0.6303237080574036, 0.3957979083061218, 0.04942376911640167, 0.04836336895823479, 0.8571043014526367, 0.4262741506099701, 0.034932710230350494, 0.03545989841222763, 0.8346915245056152], "frame_29": [0.6303478479385376, 0.3957985043525696, 0.04949662834405899, 0.04834751412272453, 0.8508840203285217, 0.4143409729003906, 0.038778264075517654, 0.04232046380639076, 0.8498246669769287], "frame_30": [0.6303078532218933, 0.39578646421432495, 0.04938316345214844, 0.04835641756653786, 0.847141444683075, 0.3901604413986206, 0.03085022047162056, 0.03402849659323692, 0.8786877393722534], "frame_31": [0.6303465962409973, 0.3958195149898529, 0.04948463290929794, 0.04842139407992363, 0.8386839032173157, 0.36722099781036377, 0.028800539672374725, 0.030607881024479866, 0.9616466164588928], "frame_32": [0.6303101181983948, 0.39581823348999023, 0.049382612109184265, 0.04841736704111099, 0.8298506140708923, 0.34817036986351013, 0.027482181787490845, 0.03241394832730293, 0.9709990620613098], "frame_33": [0.6302334666252136, 0.395730197429657, 0.04914398118853569, 0.048405710607767105, 0.8178882002830505, 0.32986143231391907, 0.032787494361400604, 0.033008873462677, 0.9244104623794556], "frame_34": [0.6302468180656433, 0.3958579897880554, 0.04937095567584038, 0.04834378510713577, 0.8104739785194397, 0.31594645977020264, 0.02813534252345562, 0.03432464599609375, 0.9296932220458984], "frame_35": [0.6301460862159729, 0.3958008587360382, 0.04918394982814789, 0.04839973524212837, 0.8012932538986206, 0.30056267976760864, 0.02793138287961483, 0.03151054307818413, 0.898662269115448], "frame_36": [0.6299509406089783, 0.39589041471481323, 0.05002631992101669, 0.04839545488357544, 0.7929438352584839, 0.28859061002731323, 0.026329126209020615, 0.03225008770823479, 0.8867810964584351], "frame_37": [0.6299324631690979, 0.39586228132247925, 0.04991861805319786, 0.048287540674209595, 0.7857187986373901, 0.2767334282398224, 0.024943966418504715, 0.02987995184957981, 0.7439101934432983], "frame_38": [0.6299871802330017, 0.39591294527053833, 0.05008506774902344, 0.0483330637216568, 0.7754872441291809, 0.26847001910209656, 0.02689361572265625, 0.030321035534143448, 0.761155903339386], "frame_39": [0.6303262710571289, 0.3958292603492737, 0.05054808780550957, 0.04829004034399986, 0.7670637369155884, 0.2591160535812378, 0.0272810198366642, 0.030238237231969833, 0.8388532996177673],