{"frame_0": [0.5076529383659363, 0.40504786372184753, 0.045958708971738815, 0.04683206230401993, 0.14104436337947845, 0.5810734033584595, 0.02889242209494114, 0.026511551812291145, 0.7604297995567322], "frame_1": [0.5077306628227234, 0.40521538257598877, 0.04610900953412056, 0.04693717882037163, 0.13910368084907532, 0.580329954624176, 0.028257941827178, 0.026796892285346985, 0.7510318756103516], "frame_2": [0.5077514052391052, 0.40523311495780945, 0.04620666429400444, 0.046942900866270065, 0.1377280205488205, 0.5823168754577637, 0.02661876752972603, 0.030720604583621025, 0.6657424569129944], "frame_3": [0.5077308416366577, 0.40519383549690247, 0.046224720776081085, 0.04681434482336044, 0.1377280205488205, 0.5823168754577637, 0.02661876752972603, 0.030720604583621025, 0.7059332132339478], "frame_4": [0.5075540542602539, 0.40521830320358276, 0.04601724445819855, 0.04685482382774353, 0.1377280205488205, 0.5823168754577637, 0.02661876752972603, 0.030720604583621025, 0.7031711339950562], "frame_5": [0.5076590776443481, 0.405223548412323, 0.046039879322052, 0.04689466580748558, 0.1377280205488205, 0.5823168754577637, 0.02661876752972603, 0.030720604583621025, 0.7020156979560852], "frame_6": [0.5076434016227722, 0.4052320718765259, 0.045963287353515625, 0.04692666977643967, 0.1377280205488205, 0.5823168754577637, 0.02661876752972603, 0.030720604583621025, 0.7141901254653931], "frame_7": [0.5075778365135193, 0.40522095561027527, 0.045955486595630646, 0.04679976403713226, 0.1377280205488205, 0.5823168754577637, 0.02661876752972603, 0.030720604583621025, 0.6833080053329468], "frame_8": [0.507634162902832, 0.4051819145679474, 0.04605742543935776, 0.046687908470630646, 0.13142625987529755, 0.5774736404418945, 0.024002911522984505, 0.028282547369599342, 0.6516591310501099], "frame_9": [0.5075161457061768, 0.40502870082855225, 0.04585893452167511, 0.04650628939270973, 0.1317126303911209, 0.5727319717407227, 0.024804454296827316, 0.028772268444299698, 0.6848077774047852], "frame_10": [0.5075446963310242, 0.40501224994659424, 0.04594840854406357, 0.0465003103017807, 0.1317126303911209, 0.5727319717407227, 0.024804454296827316, 0.028772268444299698, 0.6208950877189636], "frame_11": [0.507468044757843, 0.40495723485946655, 0.045796796679496765, 0.046392060816287994, 0.1317126303911209, 0.5727319717407227, 0.024804454296827316, 0.028772268444299698, 0.5517885684967041], "frame_12": [0.5075467228889465, 0.4047539532184601, 0.04556168615818024, 0.04620552062988281, 0.13265657424926758, 0.5480823516845703, 0.024911075830459595, 0.02537553571164608, 0.47038131952285767], "frame_13": [0.5074344873428345, 0.40470632910728455, 0.04532945528626442, 0.04609832912683487, 0.13079483807086945, 0.539325475692749, 0.028423458337783813, 0.0271148681640625, 0.37032246589660645], "frame_14": [0.5073467493057251, 0.40465325117111206, 0.04510515183210373, 0.046050261706113815, 0.1291569322347641, 0.5301178693771362, 0.028447013348340988, 0.027581194415688515, 0.3349097669124603], "frame_15": [0.507395327091217, 0.4046780467033386, 0.04524116590619087, 0.046159446239471436, 0.12568247318267822, 0.5210769176483154, 0.03035127930343151, 0.029829321429133415, 0.325813889503479], "frame_16": [0.5073924660682678, 0.40474429726600647, 0.04527604952454567, 0.04625719040632248, 0.12205901741981506, 0.5138090252876282, 0.029728475958108902, 0.03428705036640167, 0.2793174088001251], "frame_17": [0.5073312520980835, 0.40477490425109863, 0.04515554755926132, 0.046347640454769135, 0.11884161829948425, 0.506557285785675, 0.030180644243955612, 0.03327539190649986, 0.2635164260864258], "frame_18": [0.5071216821670532, 0.4046802818775177, 0.04490814357995987, 0.04618293046951294, 0.11623945087194443, 0.4999389946460724, 0.02694057859480381, 0.029735565185546875, 0.25153109431266785], "frame_19": [0.5068858861923218, 0.404588907957077, 0.04460466280579567, 0.04599757865071297, 0.11171852052211761, 0.4966425895690918, 0.0271740909665823, 0.029885102063417435, 0.362579882144928], "frame_20": [0.5070139765739441, 0.4046380817890167, 0.04477102309465408, 0.046085357666015625, 0.10924921184778214, 0.49457743763923645, 0.028573162853717804, 0.03049265593290329, 0.27976009249687195], "frame_21": [0.5075075030326843, 0.4045689105987549, 0.0455891489982605, 0.04607442393898964, 0.1075127050280571, 0.4928242862224579, 0.030112722888588905, 0.030786428600549698, 0.4203910827636719], "frame_22": [0.5074054002761841, 0.4045617878437042, 0.04541435092687607, 0.04604911804199219, 0.10736384987831116, 0.49065548181533813, 0.029695183038711548, 0.031307220458984375, 0.38574180006980896], "frame_23": [0.5073478817939758, 0.40465307235717773, 0.045600127428770065, 0.0462893582880497, 0.10767929255962372, 0.4884811341762543, 0.029235437512397766, 0.030650710687041283, 0.3034970164299011], "frame_24": [0.5069979429244995, 0.4045741558074951, 0.04501821845769882, 0.0459299311041832, 0.10764611512422562, 0.48497992753982544, 0.029012562707066536, 0.030489137396216393, 0.38505613803863525], "frame_25": [0.5070235729217529, 0.40456873178482056, 0.045078448951244354, 0.04593832045793533, 0.10876218974590302, 0.4798509478569031, 0.029149627313017845, 0.030935456976294518, 0.3484216630458832], "frame_26": [0.5069538950920105, 0.4045623242855072, 0.04493255540728569, 0.04598608985543251, 0.11039809137582779, 0.47302889823913574, 0.028998015448451042, 0.032259199768304825, 0.3647489845752716], "frame_27": [0.5070943832397461, 0.40464112162590027, 0.04514893516898155, 0.0460687018930912, 0.11345800012350082, 0.4632241129875183, 0.029651015996932983, 0.03293181583285332, 0.4760265350341797], "frame_28": [0.5069187879562378, 0.4047609865665436, 0.044960614293813705, 0.04619958624243736, 0.1166185811161995, 0.45150989294052124, 0.03009973093867302, 0.033940378576517105, 0.40116652846336365], "frame_29": [0.5069814324378967, 0.40479913353919983, 0.04507721960544586, 0.04629851505160332, 0.12369697540998459, 0.43322744965553284, 0.028584670275449753, 0.03313501179218292, 0.5861102342605591], "frame_30": [0.5070047974586487, 0.4047532081604004, 0.04514961317181587, 0.04617394506931305, 0.13311578333377838, 0.4092147946357727, 0.025675032287836075, 0.03309499844908714, 0.6823057532310486], "frame_31": [0.5075910687446594, 0.40474218130111694, 0.0459757074713707, 0.04627037048339844, 0.14799809455871582, 0.38253504037857056, 0.0289643295109272, 0.0327887199819088, 0.7958886623382568], "frame_32": [0.5074955224990845, 0.4047144949436188, 0.04588775709271431, 0.046186067163944244, 0.16300591826438904, 0.35977795720100403, 0.027956845238804817, 0.0318462997674942, 0.81509929895401], "frame_33": [0.5073392391204834, 0.4045770466327667, 0.04565221816301346, 0.04591204226016998, 0.17495231330394745, 0.3360125720500946, 0.029461966827511787, 0.031583596020936966, 0.7827844023704529], "frame_34": [0.5073097348213196, 0.4045564532279968, 0.04569142684340477, 0.04589831084012985, 0.18818028271198273, 0.31605279445648193, 0.028407860547304153, 0.03101906180381775, 0.7521587014198303], "frame_35": [0.5072981715202332, 0.40444865822792053, 0.04579467698931694, 0.04568464308977127, 0.20061573386192322, 0.2965400218963623, 0.02785087190568447, 0.03075423836708069, 0.7526172995567322], "frame_36": [0.5073263645172119, 0.40447473526000977, 0.04557321220636368, 0.04604903236031532, 0.21338172256946564, 0.2802010476589203, 0.028162553906440735, 0.031091880053281784, 0.7701339721679688], "frame_37": [0.5072953104972839, 0.40447938442230225, 0.045532818883657455, 0.046100616455078125, 0.22575610876083374, 0.2650301456451416, 0.02825249545276165, 0.030563440173864365, 0.7617776393890381], "frame_38": [0.5073180198669434, 0.4044486880302429, 0.04561920091509819, 0.046020422130823135, 0.2377573698759079, 0.25080639123916626, 0.028138160705566406, 0.03062725067138672, 0.7411574125289917],