{"frame_0": [0.6297902464866638, 0.39769500494003296, 0.05165901035070419, 0.04729669541120529, 0.610142707824707, 0.634462833404541, 0.023071076720952988, 0.025807274505496025, 0.8861371874809265], "frame_1": [0.6292041540145874, 0.3977915346622467, 0.04988975450396538, 0.04751404747366905, 0.6097135543823242, 0.6474168300628662, 0.025039460510015488, 0.025525961071252823, 0.8920331001281738], "frame_2": [0.6292200088500977, 0.39776721596717834, 0.04963967949151993, 0.047516461461782455, 0.6076154708862305, 0.661001443862915, 0.024775823578238487, 0.026906711980700493, 0.8722260594367981], "frame_3": [0.628905713558197, 0.3977001905441284, 0.05002530291676521, 0.04813995212316513, 0.606962263584137, 0.6756193041801453, 0.024099349975585938, 0.026050567626953125, 0.8704779148101807], "frame_4": [0.6293020248413086, 0.3978794515132904, 0.05011541396379471, 0.04817356541752815, 0.6069645285606384, 0.6915897727012634, 0.02376573346555233, 0.026781972497701645, 0.8643532395362854], "frame_5": [0.6291463375091553, 0.39782223105430603, 0.04955558851361275, 0.0481676310300827, 0.6056444048881531, 0.6816707849502563, 0.024634171277284622, 0.027085283771157265, 0.8966482877731323], "frame_6": [0.6291518211364746, 0.3978196978569031, 0.04961416497826576, 0.04821773245930672, 0.6042948365211487, 0.669266402721405, 0.023876402527093887, 0.027324380353093147, 0.9182646870613098], "frame_7": [0.6291036009788513, 0.3978719115257263, 0.049504175782203674, 0.04820556566119194, 0.6040463447570801, 0.6587762832641602, 0.02380676195025444, 0.028071383014321327, 0.9287234544754028], "frame_8": [0.6287352442741394, 0.39778077602386475, 0.04973123222589493, 0.04817983880639076, 0.6052891612052917, 0.6493683457374573, 0.022164154797792435, 0.02741105854511261, 0.9532390832901001], "frame_9": [0.6288022994995117, 0.39773696660995483, 0.04965188726782799, 0.04807641729712486, 0.6061379909515381, 0.6415516138076782, 0.020340517163276672, 0.026998985558748245, 0.9512578845024109], "frame_10": [0.6289104223251343, 0.3977394104003906, 0.049257490783929825, 0.04777374118566513, 0.6056045889854431, 0.6318841576576233, 0.01949106901884079, 0.028395462781190872, 0.9704940319061279], "frame_11": [0.6288446187973022, 0.3977952301502228, 0.04966010898351669, 0.048181235790252686, 0.605370283126831, 0.6234979033470154, 0.01949445903301239, 0.03294219821691513, 0.9554365873336792], "frame_12": [0.6290027499198914, 0.39772674441337585, 0.04899732768535614, 0.04855567216873169, 0.6051979064941406, 0.6195976138114929, 0.021609878167510033, 0.028034379705786705, 0.9227282404899597], "frame_13": [0.6289933323860168, 0.397733211517334, 0.048967912793159485, 0.04853519797325134, 0.6051979064941406, 0.6195976138114929, 0.021609878167510033, 0.028034379705786705, 0.9315817952156067], "frame_14": [0.6289010047912598, 0.3977069556713104, 0.04877912625670433, 0.04860632121562958, 0.6051979064941406, 0.6195976138114929, 0.021609878167510033, 0.028034379705786705, 0.9425716996192932], "frame_15": [0.6289128065109253, 0.397676944732666, 0.048739030957221985, 0.04851264879107475, 0.6051979064941406, 0.6195976138114929, 0.021609878167510033, 0.028034379705786705, 0.9747380614280701], "frame_16": [0.6289907097816467, 0.39772453904151917, 0.04861573129892349, 0.04853922501206398, 0.6051979064941406, 0.6195976138114929, 0.021609878167510033, 0.028034379705786705, 0.9889090061187744], "frame_17": [0.6289790868759155, 0.3977464437484741, 0.04860801622271538, 0.048558469861745834, 0.6051979064941406, 0.6195976138114929, 0.021609878167510033, 0.028034379705786705, 0.9818456768989563], "frame_18": [0.62877357006073, 0.39766302704811096, 0.048830244690179825, 0.04863777011632919, 0.6051979064941406, 0.6195976138114929, 0.021609878167510033, 0.028034379705786705, 0.9649256467819214], "frame_19": [0.6287393569946289, 0.3976462483406067, 0.04880739748477936, 0.048636965453624725, 0.6051979064941406, 0.6195976138114929, 0.021609878167510033, 0.028034379705786705, 0.9857524633407593], "frame_20": [0.6287416815757751, 0.39766430854797363, 0.04892251640558243, 0.048678673803806305, 0.6051979064941406, 0.6195976138114929, 0.021609878167510033, 0.028034379705786705, 0.936631977558136], "frame_21": [0.6286903619766235, 0.3976190388202667, 0.048854827880859375, 0.04863548278808594, 0.6051979064941406, 0.6195976138114929, 0.021609878167510033, 0.028034379705786705, 0.8450629711151123], "frame_22": [0.6287010312080383, 0.39762309193611145, 0.0488484688103199, 0.04863124340772629, 0.6051979064941406, 0.6195976138114929, 0.021609878167510033, 0.028034379705786705, 0.831555187702179], "frame_23": [0.6285960078239441, 0.3976735472679138, 0.04845407232642174, 0.048490483313798904, 0.6051979064941406, 0.6195976138114929, 0.021609878167510033, 0.028034379705786705, 0.6945447325706482], "frame_24": [0.6285309791564941, 0.3973643481731415, 0.048518963158130646, 0.04803212359547615, 0.6051979064941406, 0.6195976138114929, 0.021609878167510033, 0.028034379705786705, 0.9331164360046387], "frame_25": [0.6286381483078003, 0.3973710238933563, 0.049178313463926315, 0.047981176525354385, 0.6051979064941406, 0.6195976138114929, 0.021609878167510033, 0.028034379705786705, 0.021888962015509605], "frame_26": [0.6287829279899597, 0.3974067270755768, 0.0486765131354332, 0.048067305237054825, 0.6051979064941406, 0.6195976138114929, 0.021609878167510033, 0.028034379705786705, 0.31261882185935974], "frame_27": [0.6288673281669617, 0.3974589407444, 0.04894981533288956, 0.04820370301604271, 0.6051979064941406, 0.6195976138114929, 0.021609878167510033, 0.028034379705786705, 0.3422749638557434], "frame_28": [0.6289280652999878, 0.39745259284973145, 0.048974864184856415, 0.048145465552806854, 0.6051979064941406, 0.6195976138114929, 0.021609878167510033, 0.028034379705786705, 0.35019704699516296], "frame_29": [0.6289315819740295, 0.39733150601387024, 0.048606108874082565, 0.04769376292824745, 0.6051979064941406, 0.6195976138114929, 0.021609878167510033, 0.028034379705786705, 0.6223386526107788], "frame_30": [0.6288442611694336, 0.3970858156681061, 0.04871728643774986, 0.0471360944211483, 0.6051979064941406, 0.6195976138114929, 0.021609878167510033, 0.028034379705786705, 0.4281446039676666], "frame_31": [0.6288175582885742, 0.39708277583122253, 0.04837540537118912, 0.04742215573787689, 0.6194431185722351, 0.43857404589653015, 0.02825792133808136, 0.03362439572811127, 0.5487579703330994], "frame_32": [0.6284337043762207, 0.39772024750709534, 0.04875047504901886, 0.04958496242761612, 0.6193777918815613, 0.42408865690231323, 0.024356460198760033, 0.029503801837563515, 0.5845178365707397], "frame_33": [0.6288381218910217, 0.3960750997066498, 0.04756317287683487, 0.045236799865961075, 0.6229642033576965, 0.4002540707588196, 0.03465864434838295, 0.03684518486261368, 0.5005443692207336], "frame_34": [0.6299943923950195, 0.4060872495174408, 0.04747619479894638, 0.06067076697945595, 0.619551956653595, 0.39069312810897827, 0.026580046862363815, 0.031425051391124725, 0.7309131622314453], "frame_35": [0.6285431981086731, 0.41278076171875, 0.049932777881622314, 0.056311290711164474, 0.6195739507675171, 0.3763340711593628, 0.025139618664979935, 0.02720031701028347, 0.904784619808197], "frame_36": [0.6290374994277954, 0.39896202087402344, 0.04788530245423317, 0.0461561419069767, 0.6201499104499817, 0.3654263913631439, 0.023928452283143997, 0.026710722595453262, 0.8958228826522827], "frame_37": [0.6293315887451172, 0.39841029047966003, 0.049504853785037994, 0.04810523986816406, 0.6206639409065247, 0.3546653985977173, 0.023509809747338295, 0.026377657428383827, 0.7335258722305298], "frame_38": [0.629991888999939, 0.397909551858902, 0.049888018518686295, 0.04716962203383446, 0.6210255026817322, 0.3451783359050751, 0.023610178381204605, 0.02705792337656021, 0.827925443649292], "frame_39": [0.629560112953186, 0.39818522334098816, 0.04968634620308876, 0.047632597386837006, 0.621239960193634, 0.3366006314754486, 0.02322370745241642, 0.02624339982867241, 0.8302220106124878],