{"frame_0": [0.6309298276901245, 0.39923831820487976, 0.05341055244207382, 0.04892395809292793, 0.6297993659973145, 0.454151451587677, 0.021489037200808525, 0.02343292161822319, 0.9779001474380493], "frame_1": [0.6304917931556702, 0.3992112874984741, 0.05150506645441055, 0.04878824204206467, 0.6297993659973145, 0.454151451587677, 0.021489037200808525, 0.02343292161822319, 0.9805552363395691], "frame_2": [0.630660355091095, 0.3992004692554474, 0.051092445850372314, 0.048750560730695724, 0.6297993659973145, 0.454151451587677, 0.021489037200808525, 0.02343292161822319, 0.9947815537452698], "frame_3": [0.6307187676429749, 0.39924177527427673, 0.051065146923065186, 0.048717498779296875, 0.6297993659973145, 0.454151451587677, 0.021489037200808525, 0.02343292161822319, 0.9842697978019714], "frame_4": [0.6306391358375549, 0.39922189712524414, 0.05094278231263161, 0.04869202524423599, 0.6297993659973145, 0.454151451587677, 0.021489037200808525, 0.02343292161822319, 0.9676377773284912], "frame_5": [0.6306130290031433, 0.3992345929145813, 0.05086500197649002, 0.04873695224523544, 0.6297993659973145, 0.454151451587677, 0.021489037200808525, 0.02343292161822319, 0.9861555099487305], "frame_6": [0.6306176781654358, 0.39923450350761414, 0.05088522285223007, 0.04873703792691231, 0.6297993659973145, 0.454151451587677, 0.021489037200808525, 0.02343292161822319, 0.9613859057426453], "frame_7": [0.6306194067001343, 0.39923858642578125, 0.05095503106713295, 0.04876111447811127, 0.6297993659973145, 0.454151451587677, 0.021489037200808525, 0.02343292161822319, 0.9635022878646851], "frame_8": [0.6306205987930298, 0.3992845416069031, 0.050990208983421326, 0.04866892471909523, 0.6297993659973145, 0.454151451587677, 0.021489037200808525, 0.02343292161822319, 0.9955366253852844], "frame_9": [0.630674421787262, 0.399309366941452, 0.050916459411382675, 0.048647690564394, 0.6297993659973145, 0.454151451587677, 0.021489037200808525, 0.02343292161822319, 0.9912879467010498], "frame_10": [0.6306766271591187, 0.3993076682090759, 0.050917986780405045, 0.04864129051566124, 0.6297993659973145, 0.454151451587677, 0.021489037200808525, 0.02343292161822319, 0.990027129650116], "frame_11": [0.6306461095809937, 0.3992868959903717, 0.05088386684656143, 0.04860788956284523, 0.6297993659973145, 0.454151451587677, 0.021489037200808525, 0.02343292161822319, 0.9820193648338318], "frame_12": [0.6307148933410645, 0.39936837553977966, 0.05060424655675888, 0.048715125769376755, 0.6297993659973145, 0.454151451587677, 0.021489037200808525, 0.02343292161822319, 0.9893376231193542], "frame_13": [0.630753219127655, 0.3994732201099396, 0.05071695148944855, 0.048954688012599945, 0.6297993659973145, 0.454151451587677, 0.021489037200808525, 0.02343292161822319, 0.9655724167823792], "frame_14": [0.6307361721992493, 0.3995184898376465, 0.05068495124578476, 0.048830796033144, 0.6297993659973145, 0.454151451587677, 0.021489037200808525, 0.02343292161822319, 0.8717496991157532], "frame_15": [0.6306898593902588, 0.3995416462421417, 0.05074331536889076, 0.04892141371965408, 0.6297993659973145, 0.454151451587677, 0.021489037200808525, 0.02343292161822319, 0.7804957032203674], "frame_16": [0.6307084560394287, 0.3995542824268341, 0.05073738098144531, 0.04897744953632355, 0.6297993659973145, 0.454151451587677, 0.021489037200808525, 0.02343292161822319, 0.7283885478973389], "frame_17": [0.6307141184806824, 0.39952200651168823, 0.050766922533512115, 0.048909928649663925, 0.6297993659973145, 0.454151451587677, 0.021489037200808525, 0.02343292161822319, 0.6798299551010132], "frame_18": [0.6307016015052795, 0.3995210528373718, 0.05072364956140518, 0.04895744472742081, 0.6297993659973145, 0.454151451587677, 0.021489037200808525, 0.02343292161822319, 0.5323229432106018], "frame_19": [0.6307129859924316, 0.3995344936847687, 0.0507659912109375, 0.04888458177447319, 0.6297993659973145, 0.454151451587677, 0.021489037200808525, 0.02343292161822319, 0.47894835472106934], "frame_20": [0.6307216882705688, 0.3994567096233368, 0.050715044140815735, 0.04889632388949394, 0.22450445592403412, 0.47714224457740784, 0.027406396344304085, 0.030703185126185417, 0.4460488557815552], "frame_21": [0.6307024359703064, 0.3994516134262085, 0.05070745572447777, 0.04888661578297615, 0.2145611196756363, 0.4760970175266266, 0.026584668084979057, 0.029170608147978783, 0.4246063530445099], "frame_22": [0.6306905150413513, 0.3994554281234741, 0.0506771095097065, 0.04887411370873451, 0.2073078602552414, 0.4736189842224121, 0.026613999158143997, 0.027978897094726562, 0.42558133602142334], "frame_23": [0.6307038068771362, 0.39944013953208923, 0.050745222717523575, 0.04891153797507286, 0.20381903648376465, 0.47027096152305603, 0.02675645612180233, 0.026701608672738075, 0.39449432492256165], "frame_24": [0.6305081248283386, 0.3994978070259094, 0.050353240221738815, 0.04887572303414345, 0.20175065100193024, 0.4650241732597351, 0.02746719866991043, 0.027690717950463295, 0.4186120629310608], "frame_25": [0.6305329203605652, 0.3994835317134857, 0.05041694641113281, 0.04883558303117752, 0.2024727463722229, 0.4559219479560852, 0.027216382324695587, 0.026594288647174835, 0.43062373995780945], "frame_26": [0.6305094361305237, 0.3994402289390564, 0.05035531893372536, 0.048785313963890076, 0.20451846718788147, 0.4443856179714203, 0.026735877618193626, 0.025915145874023438, 0.494500994682312], "frame_27": [0.6305595636367798, 0.3994545042514801, 0.050501927733421326, 0.048784129321575165, 0.20451846718788147, 0.4443856179714203, 0.026735877618193626, 0.025915145874023438, 0.6012356281280518], "frame_28": [0.6306414008140564, 0.39930444955825806, 0.05069579929113388, 0.04853418096899986, 0.22060169279575348, 0.41455596685409546, 0.02586212195456028, 0.028824064880609512, 0.7145944833755493], "frame_29": [0.6306728720664978, 0.3991793394088745, 0.0511152483522892, 0.04856562986969948, 0.23501281440258026, 0.39439740777015686, 0.025622813031077385, 0.02766316756606102, 0.7949463129043579], "frame_30": [0.6306794285774231, 0.39925357699394226, 0.050981223583221436, 0.04861564561724663, 0.2520328462123871, 0.37710046768188477, 0.026524310931563377, 0.028701188042759895, 0.7929425835609436], "frame_31": [0.6306236982345581, 0.39933115243911743, 0.05101670324802399, 0.04858817905187607, 0.2520328462123871, 0.37710046768188477, 0.026524310931563377, 0.028701188042759895, 0.7677247524261475], "frame_32": [0.6306419968605042, 0.3993483781814575, 0.05116746574640274, 0.04865794628858566, 0.28488272428512573, 0.3442438840866089, 0.0264595877379179, 0.029604127630591393, 0.814998984336853], "frame_33": [0.6307125091552734, 0.39933574199676514, 0.05127817764878273, 0.04863683879375458, 0.30095434188842773, 0.3317735493183136, 0.025400351732969284, 0.028207968920469284, 0.8630113005638123], "frame_34": [0.6307043433189392, 0.3993421792984009, 0.05123608931899071, 0.04862912371754646, 0.31642964482307434, 0.3194025158882141, 0.02739204838871956, 0.027332305908203125, 0.7764611840248108], "frame_35": [0.6307606101036072, 0.39935606718063354, 0.05135803297162056, 0.04865413159132004, 0.33232852816581726, 0.3081042468547821, 0.025880325585603714, 0.029216576367616653, 0.8740106225013733], "frame_36": [0.6309061646461487, 0.39928796887397766, 0.05077841132879257, 0.048789214342832565, 0.34741249680519104, 0.29861801862716675, 0.025627560913562775, 0.027461815625429153, 0.8977724313735962], "frame_37": [0.6309090256690979, 0.3992948830127716, 0.050751663744449615, 0.04881333187222481, 0.3616905212402344, 0.2917214334011078, 0.027176856994628906, 0.026951875537633896, 0.9207205176353455], "frame_38": [0.6308871507644653, 0.39929643273353577, 0.050720978528261185, 0.04879659041762352, 0.37705984711647034, 0.2837006747722626, 0.025531303137540817, 0.02805817872285843, 0.8884856104850769], "frame_39": [0.6308649778366089, 0.39932599663734436, 0.05078239366412163, 0.04883842542767525, 0.39083197712898254, 0.27882495522499084, 0.02353549562394619, 0.024701882153749466, 0.8732837438583374],