{"frame_0": [0.5081983208656311, 0.405411034822464, 0.04637946933507919, 0.04762831702828407, 0.5216590166091919, 0.4759235382080078, 0.02073974534869194, 0.021332550793886185, 0.9547496438026428], "frame_1": [0.5081825852394104, 0.4055417478084564, 0.04665794223546982, 0.04724930599331856, 0.5216590166091919, 0.4759235382080078, 0.02073974534869194, 0.021332550793886185, 0.9994559288024902], "frame_2": [0.5082129836082458, 0.4054972231388092, 0.04656274616718292, 0.04729601368308067, 0.5216590166091919, 0.4759235382080078, 0.02073974534869194, 0.021332550793886185, 0.969287097454071], "frame_3": [0.5080276727676392, 0.4054935872554779, 0.04677619785070419, 0.04732903465628624, 0.5216590166091919, 0.4759235382080078, 0.02073974534869194, 0.021332550793886185, 0.9743015170097351], "frame_4": [0.5082685947418213, 0.40549883246421814, 0.04677297919988632, 0.047258928418159485, 0.5216590166091919, 0.4759235382080078, 0.02073974534869194, 0.021332550793886185, 0.937748908996582], "frame_5": [0.5084232091903687, 0.405595064163208, 0.04682197421789169, 0.047583263367414474, 0.5216590166091919, 0.4759235382080078, 0.02073974534869194, 0.021332550793886185, 0.9196357131004333], "frame_6": [0.5084882378578186, 0.405617356300354, 0.04684248939156532, 0.04758966341614723, 0.5216590166091919, 0.4759235382080078, 0.02073974534869194, 0.021332550793886185, 0.9041286110877991], "frame_7": [0.5084542036056519, 0.4056146442890167, 0.046694181859493256, 0.04758118465542793, 0.5216590166091919, 0.4759235382080078, 0.02073974534869194, 0.021332550793886185, 0.9102179408073425], "frame_8": [0.508344292640686, 0.4056219458580017, 0.04647962749004364, 0.04767019301652908, 0.5216590166091919, 0.4759235382080078, 0.02073974534869194, 0.021332550793886185, 0.910865843296051], "frame_9": [0.5083271265029907, 0.40565523505210876, 0.04639875516295433, 0.04750891774892807, 0.5216590166091919, 0.4759235382080078, 0.02073974534869194, 0.021332550793886185, 0.914802610874176], "frame_10": [0.5082287192344666, 0.40564659237861633, 0.046316783875226974, 0.04747246578335762, 0.5216590166091919, 0.4759235382080078, 0.02073974534869194, 0.021332550793886185, 0.9548675417900085], "frame_11": [0.5083900690078735, 0.4056907594203949, 0.04659220203757286, 0.04751468077301979, 0.5216590166091919, 0.4759235382080078, 0.02073974534869194, 0.021332550793886185, 0.97865229845047], "frame_12": [0.5082510113716125, 0.405279278755188, 0.04577751085162163, 0.04706336185336113, 0.5216590166091919, 0.4759235382080078, 0.02073974534869194, 0.021332550793886185, 0.564044713973999], "frame_13": [0.5081666111946106, 0.4052658975124359, 0.04591996967792511, 0.0471818707883358, 0.5216590166091919, 0.4759235382080078, 0.02073974534869194, 0.021332550793886185, 0.06912922859191895], "frame_14": [0.508231520652771, 0.40526607632637024, 0.04594018682837486, 0.047182846814394, 0.5216590166091919, 0.4759235382080078, 0.02073974534869194, 0.021332550793886185, 0.34636545181274414], "frame_15": [0.5083069801330566, 0.40525326132774353, 0.046117570251226425, 0.04723425954580307, 0.2802612781524658, 0.5213001370429993, 0.023373985663056374, 0.02458953857421875, 0.17404061555862427], "frame_16": [0.508334755897522, 0.40527230501174927, 0.0462782122194767, 0.0472056083381176, 0.27627232670783997, 0.5141222476959229, 0.026723163202404976, 0.029828939586877823, 0.007969108410179615], "frame_17": [0.5082559585571289, 0.4052650034427643, 0.04612312465906143, 0.04718000441789627, 0.2749769687652588, 0.5084847211837769, 0.023309282958507538, 0.031426068395376205, 0.07696309685707092], "frame_18": [0.5082345604896545, 0.40528199076652527, 0.04607810825109482, 0.047203656286001205, 0.2717868983745575, 0.5015576481819153, 0.022911496460437775, 0.027721023187041283, 0.09297041594982147], "frame_19": [0.5081275701522827, 0.4052881896495819, 0.04598524421453476, 0.04713630676269531, 0.2687265872955322, 0.4971087872982025, 0.023775948211550713, 0.025658586993813515, 0.20562033355236053], "frame_20": [0.508097231388092, 0.40525463223457336, 0.04584838077425957, 0.04704704135656357, 0.2662626802921295, 0.49511367082595825, 0.02460784837603569, 0.02825775183737278, 0.2100527286529541], "frame_21": [0.5080578923225403, 0.4052024781703949, 0.04572906345129013, 0.04707726463675499, 0.26471567153930664, 0.4934054911136627, 0.02472599968314171, 0.029137039557099342, 0.294118732213974], "frame_22": [0.508051872253418, 0.4052400290966034, 0.04586312919855118, 0.04712503403425217, 0.26341626048088074, 0.49094653129577637, 0.02608165703713894, 0.028587723150849342, 0.2832662761211395], "frame_23": [0.5081583857536316, 0.40522342920303345, 0.04582617059350014, 0.04706916958093643, 0.2617195248603821, 0.48881980776786804, 0.027351675555109978, 0.029037263244390488, 0.2854323983192444], "frame_24": [0.5090030431747437, 0.40563490986824036, 0.04757096990942955, 0.04745063930749893, 0.2607576549053192, 0.4864116609096527, 0.028256479650735855, 0.027749549597501755, 0.36159124970436096], "frame_25": [0.5087746381759644, 0.4055792987346649, 0.04714440181851387, 0.04750412702560425, 0.2598564028739929, 0.4835009276866913, 0.027017593383789062, 0.027891159057617188, 0.2466302365064621], "frame_26": [0.5087544918060303, 0.4054856300354004, 0.047192297875881195, 0.04740888625383377, 0.2597692608833313, 0.47986268997192383, 0.027076764032244682, 0.02793579176068306, 0.3872646391391754], "frame_27": [0.5084728002548218, 0.40548405051231384, 0.046932049095630646, 0.04736565425992012, 0.2602504789829254, 0.47491654753685, 0.028086047619581223, 0.029364775866270065, 0.39068105816841125], "frame_28": [0.5084234476089478, 0.40549495816230774, 0.04685003310441971, 0.04737213999032974, 0.2624126970767975, 0.46882757544517517, 0.027638817206025124, 0.030910957604646683, 0.38356542587280273], "frame_29": [0.5083969831466675, 0.4054217040538788, 0.046806588768959045, 0.04725981876254082, 0.26346760988235474, 0.4595523774623871, 0.027983516454696655, 0.031133269891142845, 0.3542311191558838], "frame_30": [0.5083650946617126, 0.4054395854473114, 0.04670821130275726, 0.04729321971535683, 0.2669384479522705, 0.44536247849464417, 0.02950420416891575, 0.030560048297047615, 0.5611631870269775], "frame_31": [0.5083811283111572, 0.4054684042930603, 0.04672966152429581, 0.047349464148283005, 0.2719316780567169, 0.4276944398880005, 0.027220344170928, 0.030399704352021217, 0.7254009246826172], "frame_32": [0.5083706974983215, 0.4054785370826721, 0.04678819328546524, 0.04742872342467308, 0.2791156768798828, 0.4065990746021271, 0.024890052154660225, 0.028688982129096985, 0.8145338892936707], "frame_33": [0.5083670020103455, 0.40549400448799133, 0.04680010303854942, 0.047406092286109924, 0.2896846830844879, 0.3867795169353485, 0.026358604431152344, 0.028667662292718887, 0.7836024761199951], "frame_34": [0.5083051323890686, 0.405454158782959, 0.046568382531404495, 0.0473337396979332, 0.29822012782096863, 0.36825770139694214, 0.024704784154891968, 0.02834455668926239, 0.7257195115089417], "frame_35": [0.5082484483718872, 0.40539517998695374, 0.046334076672792435, 0.04723069816827774, 0.3070927560329437, 0.35391104221343994, 0.02533825859427452, 0.030529340729117393, 0.703470766544342], "frame_36": [0.508672297000885, 0.4056037962436676, 0.047150250524282455, 0.04736942797899246, 0.3155865967273712, 0.3376719653606415, 0.02535247802734375, 0.028087805956602097, 0.6883391737937927], "frame_37": [0.5086224675178528, 0.40558964014053345, 0.04683791100978851, 0.04735124483704567, 0.3155865967273712, 0.3376719653606415, 0.02535247802734375, 0.028087805956602097, 0.6881904602050781], "frame_38": [0.5086489915847778, 0.40560010075569153, 0.046958159655332565, 0.04738769680261612, 0.3320420980453491, 0.3094422221183777, 0.0290693286806345, 0.028613004833459854, 0.6762890219688416], "frame_39": [0.5085013508796692, 0.4056466817855835, 0.04725074768066406, 0.04757898300886154, 0.3416770398616791, 0.2996799349784851, 0.026372380554676056, 0.028690803796052933, 0.5988842844963074],