{"frame_0": [0.5074315667152405, 0.405321329832077, 0.04510154575109482, 0.04684613645076752, 0.5269396305084229, 0.47857216000556946, 0.021309450268745422, 0.022073745727539062, 0.9285863637924194], "frame_1": [0.507724940776825, 0.40524834394454956, 0.04590415954589844, 0.046469032764434814, 0.5269396305084229, 0.47857216000556946, 0.021309450268745422, 0.022073745727539062, 0.9655382037162781], "frame_2": [0.5074555277824402, 0.40515777468681335, 0.04537981003522873, 0.046411894261837006, 0.5269396305084229, 0.47857216000556946, 0.021309450268745422, 0.022073745727539062, 0.9488990306854248], "frame_3": [0.5074018836021423, 0.4050886332988739, 0.04517783969640732, 0.046297837048769, 0.5269396305084229, 0.47857216000556946, 0.021309450268745422, 0.022073745727539062, 0.994236171245575], "frame_4": [0.5073528289794922, 0.40513119101524353, 0.04508870467543602, 0.04638960212469101, 0.5269396305084229, 0.47857216000556946, 0.021309450268745422, 0.022073745727539062, 0.9591211080551147], "frame_5": [0.5074306130409241, 0.405009001493454, 0.045055091381073, 0.04615630954504013, 0.5269396305084229, 0.47857216000556946, 0.021309450268745422, 0.022073745727539062, 0.9511185884475708], "frame_6": [0.5074918866157532, 0.4051048159599304, 0.04526557773351669, 0.046246591955423355, 0.5269396305084229, 0.47857216000556946, 0.021309450268745422, 0.022073745727539062, 0.9081404209136963], "frame_7": [0.5077155232429504, 0.40518492460250854, 0.04581565782427788, 0.0463097058236599, 0.5269396305084229, 0.47857216000556946, 0.021309450268745422, 0.022073745727539062, 0.8502068519592285], "frame_8": [0.5077788233757019, 0.4051867127418518, 0.04594574123620987, 0.04624307528138161, 0.5269396305084229, 0.47857216000556946, 0.021309450268745422, 0.022073745727539062, 0.8409521579742432], "frame_9": [0.5078468918800354, 0.4052228331565857, 0.0460636131465435, 0.04628181457519531, 0.5269396305084229, 0.47857216000556946, 0.021309450268745422, 0.022073745727539062, 0.7389355301856995], "frame_10": [0.5078484416007996, 0.40518227219581604, 0.04590483754873276, 0.046117231249809265, 0.5269396305084229, 0.47857216000556946, 0.021309450268745422, 0.022073745727539062, 0.09652607142925262], "frame_11": [0.5076420903205872, 0.40523257851600647, 0.04551887512207031, 0.0461772084236145, 0.5269396305084229, 0.47857216000556946, 0.021309450268745422, 0.022073745727539062, 0.09908793121576309], "frame_12": [0.5073019862174988, 0.40468233823776245, 0.04457910358905792, 0.045195769518613815, 0.5269396305084229, 0.47857216000556946, 0.021309450268745422, 0.022073745727539062, 0.09458990395069122], "frame_13": [0.5071995258331299, 0.40465596318244934, 0.04453904926776886, 0.04515906423330307, 0.5269396305084229, 0.47857216000556946, 0.021309450268745422, 0.022073745727539062, 0.8910777568817139], "frame_14": [0.5072444677352905, 0.40466126799583435, 0.04458329826593399, 0.045285798609256744, 0.5269396305084229, 0.47857216000556946, 0.021309450268745422, 0.022073745727539062, 0.03895705193281174], "frame_15": [0.5072615742683411, 0.4047107398509979, 0.04455519840121269, 0.045386336743831635, 0.5269396305084229, 0.47857216000556946, 0.021309450268745422, 0.022073745727539062, 0.0657171756029129], "frame_16": [0.5071502923965454, 0.40465036034584045, 0.0444200299680233, 0.04537129029631615, 0.5269396305084229, 0.47857216000556946, 0.021309450268745422, 0.022073745727539062, 0.13664691150188446], "frame_17": [0.5072337985038757, 0.4046620726585388, 0.044739700853824615, 0.04545478895306587, 0.3096986711025238, 0.5017762780189514, 0.022759543731808662, 0.027038361877202988, 0.16881412267684937], "frame_18": [0.5073145627975464, 0.4046822488307953, 0.04475042596459389, 0.045455001294612885, 0.3033789098262787, 0.49619463086128235, 0.023663710802793503, 0.023232735693454742, 0.1941881626844406], "frame_19": [0.5076690912246704, 0.40486830472946167, 0.04544258117675781, 0.045798663049936295, 0.2960149943828583, 0.4948635995388031, 0.028003057464957237, 0.02556474506855011, 0.20110753178596497], "frame_20": [0.5077576637268066, 0.40494105219841003, 0.0458553321659565, 0.04589949548244476, 0.2924324870109558, 0.4927160441875458, 0.02853938192129135, 0.026991823688149452, 0.2176688015460968], "frame_21": [0.5077299475669861, 0.40495339035987854, 0.04600656405091286, 0.045866988599300385, 0.2878442406654358, 0.4901159405708313, 0.02813415601849556, 0.027100160717964172, 0.26988211274147034], "frame_22": [0.5077269673347473, 0.4050634503364563, 0.04602660983800888, 0.0460670031607151, 0.2841385304927826, 0.4887666404247284, 0.02768334373831749, 0.027734756469726562, 0.2801773250102997], "frame_23": [0.5076410174369812, 0.4050290882587433, 0.04584388807415962, 0.04600830003619194, 0.28092798590660095, 0.4872110188007355, 0.028772735968232155, 0.028462769463658333, 0.4099711775779724], "frame_24": [0.507985532283783, 0.40482690930366516, 0.04624231159687042, 0.04567396268248558, 0.27856457233428955, 0.48419663310050964, 0.02950611151754856, 0.029585054144263268, 0.3669607937335968], "frame_25": [0.5079966187477112, 0.404830664396286, 0.04631996154785156, 0.0456753633916378, 0.27646392583847046, 0.47985389828681946, 0.027686607092618942, 0.02835235558450222, 0.3247518539428711], "frame_26": [0.5079138278961182, 0.404811829328537, 0.04615991562604904, 0.04557020217180252, 0.2745087444782257, 0.47457826137542725, 0.028063010424375534, 0.029334047809243202, 0.44122740626335144], "frame_27": [0.5078051090240479, 0.4047803580760956, 0.04611311852931976, 0.045439910143613815, 0.27355849742889404, 0.4675960838794708, 0.02635394223034382, 0.028113175183534622, 0.46926799416542053], "frame_28": [0.5082108378410339, 0.4048636555671692, 0.046862028539180756, 0.04531288146972656, 0.27286073565483093, 0.46057552099227905, 0.02850918285548687, 0.02903289720416069, 0.3800992965698242], "frame_29": [0.5083680748939514, 0.404935359954834, 0.04717369005084038, 0.04535645246505737, 0.2729049623012543, 0.4505068361759186, 0.030093956738710403, 0.029045231640338898, 0.49014055728912354], "frame_30": [0.5083154439926147, 0.40486082434654236, 0.04714071378111839, 0.04517143964767456, 0.27874311804771423, 0.4339602291584015, 0.02565525844693184, 0.028021622449159622, 0.5842938423156738], "frame_31": [0.5084933638572693, 0.4049895405769348, 0.047454070299863815, 0.04524248093366623, 0.28738436102867126, 0.41498225927352905, 0.026210933923721313, 0.028848521411418915, 0.7994838356971741], "frame_32": [0.5084969997406006, 0.40486815571784973, 0.04745369032025337, 0.04514961317181587, 0.29570046067237854, 0.3953947424888611, 0.024799389764666557, 0.027394358068704605, 0.7279989123344421], "frame_33": [0.5085577964782715, 0.4047132730484009, 0.04771300405263901, 0.04477068409323692, 0.30613836646080017, 0.37779372930526733, 0.02566882222890854, 0.027874289080500603, 0.7042999863624573], "frame_34": [0.5084995031356812, 0.40475624799728394, 0.047489676624536514, 0.04505195468664169, 0.3154771029949188, 0.3620113730430603, 0.02737712860107422, 0.027087274938821793, 0.6043028831481934], "frame_35": [0.5084758996963501, 0.40470919013023376, 0.047451529651880264, 0.044944848865270615, 0.323321670293808, 0.34880203008651733, 0.023252487182617188, 0.025847328826785088, 0.5788165330886841], "frame_36": [0.5076119899749756, 0.40496352314949036, 0.04615804925560951, 0.04583074897527695, 0.3328574299812317, 0.33645546436309814, 0.023038292303681374, 0.0270974263548851, 0.6816872954368591], "frame_37": [0.507625937461853, 0.4050082266330719, 0.04647674411535263, 0.045879364013671875, 0.34207671880722046, 0.32555657625198364, 0.02525448240339756, 0.027345571666955948, 0.737984836101532], "frame_38": [0.5075744390487671, 0.40492960810661316, 0.046243201941251755, 0.04577005282044411, 0.3501149117946625, 0.3150574266910553, 0.024846289306879044, 0.027170095592737198, 0.6565831899642944],