{"frame_0": [0.6307607889175415, 0.3947897255420685, 0.05026274919509888, 0.050872378051280975, 0.11788908392190933, 0.5538294315338135, 0.02415403723716736, 0.027054384350776672, 0.601243257522583], "frame_1": [0.6306368708610535, 0.39485159516334534, 0.04954651743173599, 0.05028953403234482, 0.11905895173549652, 0.5549435615539551, 0.02431325986981392, 0.026719581335783005, 0.6457934975624084], "frame_2": [0.6306638717651367, 0.39498069882392883, 0.04970131069421768, 0.05036227032542229, 0.12209256738424301, 0.5564081072807312, 0.023521920666098595, 0.026250839233398438, 0.6034049987792969], "frame_3": [0.6303625106811523, 0.39468085765838623, 0.049152672290802, 0.04994523897767067, 0.12450946867465973, 0.5586473941802979, 0.023520417511463165, 0.025887934491038322, 0.6265585422515869], "frame_4": [0.6304477453231812, 0.39469224214553833, 0.049358196556568146, 0.04993909224867821, 0.12717211246490479, 0.5601558685302734, 0.023670239374041557, 0.026413049548864365, 0.6369247436523438], "frame_5": [0.6305449604988098, 0.3947139382362366, 0.04931754991412163, 0.04985703527927399, 0.12973614037036896, 0.5638653039932251, 0.023286914452910423, 0.026352014392614365, 0.6640740036964417], "frame_6": [0.630634069442749, 0.39472275972366333, 0.04945411533117294, 0.04986949637532234, 0.1321839839220047, 0.5678214430809021, 0.022869544103741646, 0.025846311822533607, 0.6641201972961426], "frame_7": [0.6306344866752625, 0.3947147727012634, 0.04936010390520096, 0.04987110570073128, 0.1352716088294983, 0.5699167847633362, 0.02341318130493164, 0.025844955816864967, 0.6896410584449768], "frame_8": [0.6305887699127197, 0.39469820261001587, 0.04931602627038956, 0.049831900745630264, 0.13768497109413147, 0.5716795325279236, 0.024638144299387932, 0.026275083422660828, 0.7833280563354492], "frame_9": [0.6306485533714294, 0.3946944773197174, 0.04938248544931412, 0.04983028769493103, 0.1392824351787567, 0.5721315145492554, 0.024931378662586212, 0.02612152136862278, 0.8171311616897583], "frame_10": [0.6307597756385803, 0.3946934938430786, 0.04891319200396538, 0.04988738149404526, 0.1405450999736786, 0.5724188089370728, 0.024922052398324013, 0.026104185730218887, 0.797213613986969], "frame_11": [0.6307640671730042, 0.39469900727272034, 0.048905011266469955, 0.04989060387015343, 0.14383120834827423, 0.5715673565864563, 0.022622818127274513, 0.025426100939512253, 0.8780232667922974], "frame_12": [0.630872368812561, 0.3946712613105774, 0.04917793348431587, 0.049693383276462555, 0.14383120834827423, 0.5715673565864563, 0.022622818127274513, 0.025426100939512253, 0.8935529589653015], "frame_13": [0.6308862566947937, 0.3946477174758911, 0.0492018386721611, 0.04969910532236099, 0.14383120834827423, 0.5715673565864563, 0.022622818127274513, 0.025426100939512253, 0.8989089727401733], "frame_14": [0.6308884620666504, 0.39464977383613586, 0.04920196533203125, 0.04970436170697212, 0.14383120834827423, 0.5715673565864563, 0.022622818127274513, 0.025426100939512253, 0.8939632177352905], "frame_15": [0.6309008002281189, 0.39462628960609436, 0.04919565096497536, 0.049630820751190186, 0.14383120834827423, 0.5715673565864563, 0.022622818127274513, 0.025426100939512253, 0.8511276245117188], "frame_16": [0.6309005618095398, 0.39462026953697205, 0.049159832298755646, 0.04963120445609093, 0.14383120834827423, 0.5715673565864563, 0.022622818127274513, 0.025426100939512253, 0.8119336366653442], "frame_17": [0.6309626698493958, 0.3946188986301422, 0.04921722412109375, 0.04961361363530159, 0.14383120834827423, 0.5715673565864563, 0.022622818127274513, 0.025426100939512253, 0.8420141935348511], "frame_18": [0.6309462785720825, 0.39462319016456604, 0.04920217767357826, 0.04960852861404419, 0.14383120834827423, 0.5715673565864563, 0.022622818127274513, 0.025426100939512253, 0.7434706091880798], "frame_19": [0.6309484839439392, 0.39462319016456604, 0.04921930283308029, 0.04960954561829567, 0.14383120834827423, 0.5715673565864563, 0.022622818127274513, 0.025426100939512253, 0.7229352593421936], "frame_20": [0.6309854984283447, 0.39462390542030334, 0.04930593818426132, 0.04959915950894356, 0.14383120834827423, 0.5715673565864563, 0.022622818127274513, 0.025426100939512253, 0.732347309589386], "frame_21": [0.6309568881988525, 0.3946431577205658, 0.04926770552992821, 0.04962518438696861, 0.14701734483242035, 0.48598527908325195, 0.02652783878147602, 0.02646196074783802, 0.4917023479938507], "frame_22": [0.630946159362793, 0.394624799489975, 0.049248505383729935, 0.049587421119213104, 0.14701734483242035, 0.48598527908325195, 0.02652783878147602, 0.02646196074783802, 0.43839263916015625], "frame_23": [0.6310945153236389, 0.3947523832321167, 0.049532994627952576, 0.04974178597331047, 0.14701734483242035, 0.48598527908325195, 0.02652783878147602, 0.02646196074783802, 0.41809529066085815], "frame_24": [0.6310340166091919, 0.39457353949546814, 0.049012839794158936, 0.04954185336828232, 0.12066411972045898, 0.46943360567092896, 0.025523800402879715, 0.02414228580892086, 0.724976122379303], "frame_25": [0.6310647130012512, 0.39457210898399353, 0.04907548800110817, 0.04953626170754433, 0.1194872185587883, 0.46550723910331726, 0.025397321209311485, 0.023235321044921875, 0.8380383849143982], "frame_26": [0.6310672163963318, 0.39457473158836365, 0.049079131335020065, 0.04953973740339279, 0.1194872185587883, 0.46550723910331726, 0.025397321209311485, 0.023235321044921875, 0.7690496444702148], "frame_27": [0.6311026811599731, 0.39457982778549194, 0.04914207383990288, 0.04946081340312958, 0.1194872185587883, 0.46550723910331726, 0.025397321209311485, 0.023235321044921875, 0.6113330125808716], "frame_28": [0.6310768723487854, 0.39461103081703186, 0.0490502268075943, 0.049525704234838486, 0.13037313520908356, 0.4324088990688324, 0.027632638812065125, 0.028384018689393997, 0.5324110388755798], "frame_29": [0.6310983300209045, 0.39466890692710876, 0.04915750399231911, 0.04960017651319504, 0.13037313520908356, 0.4324088990688324, 0.027632638812065125, 0.028384018689393997, 0.5692926049232483], "frame_30": [0.6311071515083313, 0.3946598470211029, 0.04917411878705025, 0.04958241805434227, 0.16343694925308228, 0.39643752574920654, 0.025006072595715523, 0.0265791155397892, 0.6849550008773804], "frame_31": [0.6311332583427429, 0.3946763873100281, 0.04922141879796982, 0.0496172159910202, 0.18213504552841187, 0.37927940487861633, 0.024731837213039398, 0.025725089013576508, 0.7203713059425354], "frame_32": [0.6311962008476257, 0.39469027519226074, 0.04933319240808487, 0.04956834763288498, 0.19979462027549744, 0.362954705953598, 0.024499468505382538, 0.026454437524080276, 0.7146128416061401], "frame_33": [0.6311811804771423, 0.3946915566921234, 0.04937400668859482, 0.04957716166973114, 0.21814502775669098, 0.3485972583293915, 0.02484656497836113, 0.02516566403210163, 0.7093645930290222], "frame_34": [0.6311732530593872, 0.39469417929649353, 0.04936256259679794, 0.049586400389671326, 0.21814502775669098, 0.3485972583293915, 0.02484656497836113, 0.02516566403210163, 0.705476701259613], "frame_35": [0.6311145424842834, 0.3946945071220398, 0.04926414415240288, 0.049567583948373795, 0.25297829508781433, 0.3214578330516815, 0.023843340575695038, 0.02596535161137581, 0.6793582439422607], "frame_36": [0.6307312250137329, 0.39465460181236267, 0.04873182624578476, 0.04967430979013443, 0.2716176211833954, 0.31034690141677856, 0.0258894395083189, 0.03059491142630577, 0.6915196776390076], "frame_37": [0.6307168006896973, 0.3946577310562134, 0.04871673509478569, 0.04967138543725014, 0.2888176143169403, 0.30061158537864685, 0.024385197088122368, 0.02894001081585884, 0.6729692816734314], "frame_38": [0.630743682384491, 0.3946705162525177, 0.04876229912042618, 0.049665238708257675, 0.2888176143169403, 0.30061158537864685, 0.024385197088122368, 0.02894001081585884, 0.6712591052055359],