{"frame_0": [0.6299845576286316, 0.3971991539001465, 0.05124329403042793, 0.04839634522795677, 0.6063722968101501, 0.4557904899120331, 0.020361540839076042, 0.025319671258330345, 0.7258181571960449], "frame_1": [0.6296376585960388, 0.39716610312461853, 0.049853600561618805, 0.048883989453315735, 0.4035634398460388, 0.5808270573616028, 0.029707251116633415, 0.028888998553156853, 0.8415306210517883], "frame_2": [0.6295852065086365, 0.39722010493278503, 0.04974708706140518, 0.04888343811035156, 0.4035634398460388, 0.5808270573616028, 0.029707251116633415, 0.028888998553156853, 0.9125996828079224], "frame_3": [0.6295905113220215, 0.39724501967430115, 0.04976005479693413, 0.048926543444395065, 0.4035634398460388, 0.5808270573616028, 0.029707251116633415, 0.028888998553156853, 0.8725223541259766], "frame_4": [0.6296697854995728, 0.3971399962902069, 0.05025291442871094, 0.04907595366239548, 0.4035634398460388, 0.5808270573616028, 0.029707251116633415, 0.028888998553156853, 0.9495418071746826], "frame_5": [0.62967848777771, 0.39720645546913147, 0.05036773532629013, 0.04901953786611557, 0.4035634398460388, 0.5808270573616028, 0.029707251116633415, 0.028888998553156853, 0.9966637492179871], "frame_6": [0.6296190619468689, 0.3972608745098114, 0.05029123276472092, 0.04894506558775902, 0.4035634398460388, 0.5808270573616028, 0.029707251116633415, 0.028888998553156853, 0.8835646510124207], "frame_7": [0.6296109557151794, 0.39725959300994873, 0.05001326650381088, 0.04900669679045677, 0.4035634398460388, 0.5808270573616028, 0.029707251116633415, 0.028888998553156853, 0.8854401707649231], "frame_8": [0.6296042799949646, 0.3972615599632263, 0.049841903150081635, 0.04898902028799057, 0.4035634398460388, 0.5808270573616028, 0.029707251116633415, 0.028888998553156853, 0.8591816425323486], "frame_9": [0.6296030879020691, 0.3972272276878357, 0.04983939975500107, 0.04905577749013901, 0.4035634398460388, 0.5808270573616028, 0.029707251116633415, 0.028888998553156853, 0.855618417263031], "frame_10": [0.6295683979988098, 0.3972134590148926, 0.04978179931640625, 0.04908311739563942, 0.4035634398460388, 0.5808270573616028, 0.029707251116633415, 0.028888998553156853, 0.8194770216941833], "frame_11": [0.6295605301856995, 0.3972039818763733, 0.04975145310163498, 0.04907883703708649, 0.4035634398460388, 0.5808270573616028, 0.029707251116633415, 0.028888998553156853, 0.7579001188278198], "frame_12": [0.6296660304069519, 0.3971702456474304, 0.04904882609844208, 0.04871135205030441, 0.4035634398460388, 0.5808270573616028, 0.029707251116633415, 0.028888998553156853, 0.7127313613891602], "frame_13": [0.6296572089195251, 0.3971717953681946, 0.04904204607009888, 0.04871876910328865, 0.4035634398460388, 0.5808270573616028, 0.029707251116633415, 0.028888998553156853, 0.6012322306632996], "frame_14": [0.6295943260192871, 0.39724111557006836, 0.04894158989191055, 0.04866082966327667, 0.4035634398460388, 0.5808270573616028, 0.029707251116633415, 0.028888998553156853, 0.704711377620697], "frame_15": [0.629634439945221, 0.3971814513206482, 0.04907006025314331, 0.04865684360265732, 0.4035634398460388, 0.5808270573616028, 0.029707251116633415, 0.028888998553156853, 0.6776520609855652], "frame_16": [0.6296208500862122, 0.3971942961215973, 0.04909142479300499, 0.04861755296587944, 0.4035634398460388, 0.5808270573616028, 0.029707251116633415, 0.028888998553156853, 0.05844012275338173], "frame_17": [0.6296221613883972, 0.3971939980983734, 0.04914258420467377, 0.04856995493173599, 0.4035634398460388, 0.5808270573616028, 0.029707251116633415, 0.028888998553156853, 0.5481556057929993], "frame_18": [0.6296194195747375, 0.39720553159713745, 0.0491781011223793, 0.04857521131634712, 0.4035634398460388, 0.5808270573616028, 0.029707251116633415, 0.028888998553156853, 0.07093694061040878], "frame_19": [0.6295655369758606, 0.39726799726486206, 0.049265459179878235, 0.048739030957221985, 0.3495194613933563, 0.48646363615989685, 0.026500891894102097, 0.0300920270383358, 0.1270720660686493], "frame_20": [0.6295477747917175, 0.3972736895084381, 0.04928415268659592, 0.04872385784983635, 0.3430163860321045, 0.47354525327682495, 0.02926112338900566, 0.03190269321203232, 0.08888896554708481], "frame_21": [0.6295343041419983, 0.3970099687576294, 0.04941253736615181, 0.04855690151453018, 0.33846762776374817, 0.4667782783508301, 0.0327511690557003, 0.03223741427063942, 0.3779979646205902], "frame_22": [0.6295533776283264, 0.3970074951648712, 0.049509428441524506, 0.04851603880524635, 0.33292287588119507, 0.4619906544685364, 0.032418929040431976, 0.03371208906173706, 0.22250424325466156], "frame_23": [0.6295536756515503, 0.3970009386539459, 0.049552325159311295, 0.04848429188132286, 0.32966893911361694, 0.45888519287109375, 0.03156575188040733, 0.03296852111816406, 0.13443247973918915], "frame_24": [0.6296943426132202, 0.3970628082752228, 0.049258168786764145, 0.048535071313381195, 0.3284933567047119, 0.45440080761909485, 0.03281126916408539, 0.03466996178030968, 0.18812350928783417], "frame_25": [0.6296910047531128, 0.3970508575439453, 0.04920179396867752, 0.04860670119524002, 0.32921794056892395, 0.4465591013431549, 0.030702929943799973, 0.032904647290706635, 0.06566455960273743], "frame_26": [0.6296975016593933, 0.39703869819641113, 0.049244776368141174, 0.04866837337613106, 0.33069005608558655, 0.4343841075897217, 0.03422728553414345, 0.035353850573301315, 0.3886968791484833], "frame_27": [0.6296806931495667, 0.3970051109790802, 0.049232736229896545, 0.0486043281853199, 0.33613282442092896, 0.42045244574546814, 0.031041717156767845, 0.0359012596309185, 0.3019278943538666], "frame_28": [0.6296952366828918, 0.39700326323509216, 0.04936476796865463, 0.04859131574630737, 0.33613282442092896, 0.42045244574546814, 0.031041717156767845, 0.0359012596309185, 0.05652767792344093], "frame_29": [0.6295369267463684, 0.3970033526420593, 0.04938697814941406, 0.04890844598412514, 0.35496795177459717, 0.3767428994178772, 0.030257903039455414, 0.03344756364822388, 0.8798372149467468], "frame_30": [0.629673957824707, 0.39704594016075134, 0.04910765588283539, 0.04886576160788536, 0.36806607246398926, 0.3561006188392639, 0.02905682474374771, 0.03125784173607826, 0.8215404152870178], "frame_31": [0.6298120021820068, 0.396939218044281, 0.04941520839929581, 0.0489891916513443, 0.38066303730010986, 0.33521509170532227, 0.03191176429390907, 0.03217750042676926, 0.828850507736206], "frame_32": [0.6297035217285156, 0.3970302939414978, 0.04930504783987999, 0.04901796951889992, 0.39435529708862305, 0.31959041953086853, 0.031702421605587006, 0.03172539547085762, 0.7783024907112122], "frame_33": [0.6296758651733398, 0.39705199003219604, 0.04931610822677612, 0.0490102544426918, 0.40630197525024414, 0.30425143241882324, 0.029068375006318092, 0.03120030276477337, 0.7926037907600403], "frame_34": [0.6296740770339966, 0.3970787823200226, 0.04939155653119087, 0.0490017794072628, 0.4177212715148926, 0.29082727432250977, 0.031813133507966995, 0.029095564037561417, 0.8390724658966064], "frame_35": [0.6296714544296265, 0.3970370888710022, 0.049305472522974014, 0.04898851364850998, 0.4290752708911896, 0.28024783730506897, 0.031610362231731415, 0.030563460662961006, 0.8288429975509644], "frame_36": [0.6297194361686707, 0.39682120084762573, 0.049372777342796326, 0.04880540817975998, 0.44191503524780273, 0.2688322365283966, 0.027447890490293503, 0.03144340589642525, 0.8013613224029541], "frame_37": [0.6296235918998718, 0.39680081605911255, 0.04983062669634819, 0.048899415880441666, 0.4519292712211609, 0.261399507522583, 0.02964477613568306, 0.030164804309606552, 0.7804310321807861], "frame_38": [0.6296027898788452, 0.3968220055103302, 0.04989946261048317, 0.04887792840600014, 0.4636226296424866, 0.2546482980251312, 0.027248213067650795, 0.026192283257842064, 0.7631942629814148],