{"frame_0": [0.6292262673377991, 0.3985915780067444, 0.0505496971309185, 0.04947882890701294, 0.6434198021888733, 0.49031931161880493, 0.020841598510742188, 0.02771606482565403, 0.9603691697120667], "frame_1": [0.6290402412414551, 0.3986678123474121, 0.04992998018860817, 0.04968766123056412, 0.6434198021888733, 0.49031931161880493, 0.020841598510742188, 0.02771606482565403, 0.987973690032959], "frame_2": [0.6289379000663757, 0.3986581563949585, 0.04954393208026886, 0.04970860108733177, 0.6434198021888733, 0.49031931161880493, 0.020841598510742188, 0.02771606482565403, 0.9592137336730957], "frame_3": [0.6289899349212646, 0.3986211121082306, 0.04951057583093643, 0.04968986660242081, 0.6434198021888733, 0.49031931161880493, 0.020841598510742188, 0.02771606482565403, 0.9184474945068359], "frame_4": [0.6289923191070557, 0.39870449900627136, 0.04962899908423424, 0.049687109887599945, 0.6434198021888733, 0.49031931161880493, 0.020841598510742188, 0.02771606482565403, 0.9881077408790588], "frame_5": [0.6290063858032227, 0.3988063335418701, 0.04961374029517174, 0.04956516623497009, 0.6434198021888733, 0.49031931161880493, 0.020841598510742188, 0.02771606482565403, 0.9606108665466309], "frame_6": [0.6288577318191528, 0.3987733721733093, 0.049752045422792435, 0.04969533160328865, 0.6434198021888733, 0.49031931161880493, 0.020841598510742188, 0.02771606482565403, 0.9650613069534302], "frame_7": [0.6289477348327637, 0.39870500564575195, 0.04966430738568306, 0.04961259663105011, 0.6434198021888733, 0.49031931161880493, 0.020841598510742188, 0.02771606482565403, 0.9470996260643005], "frame_8": [0.6289650201797485, 0.3987163007259369, 0.04963141679763794, 0.04961764067411423, 0.6434198021888733, 0.49031931161880493, 0.020841598510742188, 0.02771606482565403, 0.9488955736160278], "frame_9": [0.6290308833122253, 0.39872080087661743, 0.04974488168954849, 0.04958953708410263, 0.6434198021888733, 0.49031931161880493, 0.020841598510742188, 0.02771606482565403, 0.9590495824813843], "frame_10": [0.6290293335914612, 0.3986928164958954, 0.04971868544816971, 0.04959382116794586, 0.6434198021888733, 0.49031931161880493, 0.020841598510742188, 0.02771606482565403, 0.9633239507675171], "frame_11": [0.629034161567688, 0.39871275424957275, 0.049618910998106, 0.04960805922746658, 0.6434198021888733, 0.49031931161880493, 0.020841598510742188, 0.02771606482565403, 0.9355486631393433], "frame_12": [0.6285654902458191, 0.3985893130302429, 0.04932250827550888, 0.04969092458486557, 0.19685740768909454, 0.5813116431236267, 0.03433628007769585, 0.03129090368747711, 0.9579451084136963], "frame_13": [0.6285308599472046, 0.398574560880661, 0.049218833446502686, 0.0496089942753315, 0.2011106312274933, 0.5723590850830078, 0.03766803815960884, 0.0352630615234375, 0.9060829877853394], "frame_14": [0.6285694241523743, 0.3985510468482971, 0.049273934215307236, 0.04955139011144638, 0.2011106312274933, 0.5723590850830078, 0.03766803815960884, 0.0352630615234375, 0.7080585956573486], "frame_15": [0.6285495758056641, 0.39858245849609375, 0.049185942858457565, 0.04954155907034874, 0.2011106312274933, 0.5723590850830078, 0.03766803815960884, 0.0352630615234375, 0.6662023067474365], "frame_16": [0.6285427808761597, 0.3985472321510315, 0.04918365553021431, 0.049479082226753235, 0.2011106312274933, 0.5723590850830078, 0.03766803815960884, 0.0352630615234375, 0.774804413318634], "frame_17": [0.6284842491149902, 0.39858976006507874, 0.04910697788000107, 0.049546219408512115, 0.2011106312274933, 0.5723590850830078, 0.03766803815960884, 0.0352630615234375, 0.8056154251098633], "frame_18": [0.6284783482551575, 0.398592084646225, 0.04910888522863388, 0.049538251012563705, 0.21760490536689758, 0.5097255110740662, 0.032412782311439514, 0.02846374548971653, 0.5298182368278503], "frame_19": [0.6285440921783447, 0.3985995054244995, 0.04917776212096214, 0.04960619658231735, 0.21470126509666443, 0.49242299795150757, 0.03508728742599487, 0.027338791638612747, 0.5064937472343445], "frame_20": [0.6285675764083862, 0.39859679341316223, 0.049183189868927, 0.04958381503820419, 0.20589041709899902, 0.4824104309082031, 0.03295055031776428, 0.03119642473757267, 0.40473780035972595], "frame_21": [0.6285335421562195, 0.39853549003601074, 0.049102019518613815, 0.04962815344333649, 0.19773027300834656, 0.47325924038887024, 0.03317684680223465, 0.03597068786621094, 0.3946415185928345], "frame_22": [0.6285340785980225, 0.3985706865787506, 0.04910125583410263, 0.04959186911582947, 0.19077171385288239, 0.46887409687042236, 0.03357496112585068, 0.03304710239171982, 0.41467365622520447], "frame_23": [0.6285160779953003, 0.39855626225471497, 0.04917246475815773, 0.04956050589680672, 0.18477486073970795, 0.46682876348495483, 0.033389948308467865, 0.03187081962823868, 0.41834813356399536], "frame_24": [0.6286319494247437, 0.398453950881958, 0.04900550842285156, 0.049339547753334045, 0.1816229522228241, 0.4622734487056732, 0.03237628936767578, 0.02945488877594471, 0.43265092372894287], "frame_25": [0.6286329030990601, 0.3984595835208893, 0.04897461086511612, 0.049334291368722916, 0.17903940379619598, 0.454324334859848, 0.030444961041212082, 0.027217695489525795, 0.4343927800655365], "frame_26": [0.6286912560462952, 0.3985244035720825, 0.04899389296770096, 0.049270883202552795, 0.18146514892578125, 0.44696998596191406, 0.030827045440673828, 0.02959577739238739, 0.4007347822189331], "frame_27": [0.6286008954048157, 0.39850354194641113, 0.04878713935613632, 0.04938418045639992, 0.1860761046409607, 0.4333449900150299, 0.030346086248755455, 0.028583696112036705, 0.552226185798645], "frame_28": [0.6286492347717285, 0.39838647842407227, 0.048976726830005646, 0.04919624328613281, 0.19451840221881866, 0.4176008403301239, 0.03014507330954075, 0.03241539001464844, 0.5481140613555908], "frame_29": [0.6287927627563477, 0.39836594462394714, 0.04893531650304794, 0.04973818361759186, 0.20597898960113525, 0.39584532380104065, 0.028074560686945915, 0.03163095936179161, 0.7217404246330261], "frame_30": [0.6287230849266052, 0.3984452188014984, 0.048887550830841064, 0.0493706613779068, 0.22321705520153046, 0.37333616614341736, 0.02993231825530529, 0.031204987317323685, 0.7342549562454224], "frame_31": [0.6287015080451965, 0.3984825909137726, 0.04895744472742081, 0.04944750294089317, 0.2399473637342453, 0.3528350293636322, 0.02726372703909874, 0.03109281323850155, 0.7818222641944885], "frame_32": [0.6287232041358948, 0.3984905183315277, 0.04898393526673317, 0.04943220317363739, 0.25586915016174316, 0.3326883614063263, 0.027438269928097725, 0.03099280409514904, 0.7767277359962463], "frame_33": [0.6287276148796082, 0.3984948396682739, 0.049021825194358826, 0.049462974071502686, 0.2736573815345764, 0.3163612186908722, 0.028349876403808594, 0.031252671033144, 0.7880692481994629], "frame_34": [0.6287158131599426, 0.39850929379463196, 0.049054719507694244, 0.04949929937720299, 0.28962719440460205, 0.30079787969589233, 0.02888859622180462, 0.031495921313762665, 0.7426213026046753], "frame_35": [0.6287285089492798, 0.3985029458999634, 0.049080658704042435, 0.04948912560939789, 0.3048630654811859, 0.28636905550956726, 0.028920937329530716, 0.03027922287583351, 0.7923019528388977], "frame_36": [0.6287264227867126, 0.39861270785331726, 0.0489017479121685, 0.04969821497797966, 0.3204115927219391, 0.27297574281692505, 0.027081362903118134, 0.033533476293087006, 0.7999902367591858], "frame_37": [0.6287401914596558, 0.3986200988292694, 0.0488850474357605, 0.04967325180768967, 0.33497777581214905, 0.26303374767303467, 0.029282845556735992, 0.029956817626953125, 0.8064687848091125], "frame_38": [0.6287333369255066, 0.3986246883869171, 0.04886072129011154, 0.04966858774423599, 0.3493155241012573, 0.25362318754196167, 0.02792682684957981, 0.028934182599186897, 0.7745835185050964], "frame_39": [0.628757894039154, 0.39860984683036804, 0.04900377243757248, 0.04970503970980644, 0.3643920421600342, 0.24628663063049316, 0.02772742323577404, 0.03141508996486664, 0.7916973233222961],