{"frame_0": [0.6295315027236938, 0.3974511921405792, 0.050250835716724396, 0.04935256019234657, 0.6482795476913452, 0.6019992828369141, 0.025247573852539062, 0.0275099016726017, 0.6062332391738892], "frame_1": [0.6290901303291321, 0.3972248435020447, 0.05005357414484024, 0.04990018159151077, 0.6549777984619141, 0.5998573303222656, 0.0253143310546875, 0.028845807537436485, 0.49367308616638184], "frame_2": [0.6291345953941345, 0.39723214507102966, 0.0498293973505497, 0.04977065324783325, 0.6617971658706665, 0.5974592566490173, 0.027338027954101562, 0.028888829052448273, 0.4715728461742401], "frame_3": [0.6292164325714111, 0.3972392976284027, 0.049489084631204605, 0.049736954271793365, 0.6709696650505066, 0.5949556827545166, 0.02861395850777626, 0.030494224280118942, 0.5475410223007202], "frame_4": [0.6289215087890625, 0.3972190320491791, 0.049729157239198685, 0.04983452707529068, 0.6814454793930054, 0.5916146039962769, 0.027261056005954742, 0.02862531878054142, 0.5800783038139343], "frame_5": [0.6289048790931702, 0.39723724126815796, 0.05020857974886894, 0.05019586533308029, 0.6814454793930054, 0.5916146039962769, 0.027261056005954742, 0.02862531878054142, 0.7346016764640808], "frame_6": [0.6288803815841675, 0.39722663164138794, 0.05009116977453232, 0.05020662769675255, 0.6814454793930054, 0.5916146039962769, 0.027261056005954742, 0.02862531878054142, 0.8070022463798523], "frame_7": [0.628976583480835, 0.3972174823284149, 0.04998647794127464, 0.049946129322052, 0.6814454793930054, 0.5916146039962769, 0.027261056005954742, 0.02862531878054142, 0.761595606803894], "frame_8": [0.6290118098258972, 0.39722663164138794, 0.04998758062720299, 0.04983050003647804, 0.6814454793930054, 0.5916146039962769, 0.027261056005954742, 0.02862531878054142, 0.7554620504379272], "frame_9": [0.6289152503013611, 0.39720407128334045, 0.0498715303838253, 0.04979455843567848, 0.6814454793930054, 0.5916146039962769, 0.027261056005954742, 0.02862531878054142, 0.7550989985466003], "frame_10": [0.6289173364639282, 0.3971923291683197, 0.04989708960056305, 0.04973585158586502, 0.6814454793930054, 0.5916146039962769, 0.027261056005954742, 0.02862531878054142, 0.9096704721450806], "frame_11": [0.6288970112800598, 0.3972328305244446, 0.04971656948328018, 0.0497005470097065, 0.6814454793930054, 0.5916146039962769, 0.027261056005954742, 0.02862531878054142, 0.9460007548332214], "frame_12": [0.6291964054107666, 0.39688289165496826, 0.04976776987314224, 0.04957245662808418, 0.6814454793930054, 0.5916146039962769, 0.027261056005954742, 0.02862531878054142, 0.9288115501403809], "frame_13": [0.629141092300415, 0.3968780040740967, 0.04980184882879257, 0.049605559557676315, 0.6814454793930054, 0.5916146039962769, 0.027261056005954742, 0.02862531878054142, 0.8058795928955078], "frame_14": [0.629148542881012, 0.39683881402015686, 0.049652185291051865, 0.049620818346738815, 0.6814454793930054, 0.5916146039962769, 0.027261056005954742, 0.02862531878054142, 0.8970832824707031], "frame_15": [0.6291247606277466, 0.3968163728713989, 0.049608781933784485, 0.04967193678021431, 0.6814454793930054, 0.5916146039962769, 0.027261056005954742, 0.02862531878054142, 0.9065174460411072], "frame_16": [0.6291593909263611, 0.3967750668525696, 0.04982787370681763, 0.04949968308210373, 0.6814454793930054, 0.5916146039962769, 0.027261056005954742, 0.02862531878054142, 0.1352815330028534], "frame_17": [0.629086971282959, 0.39682701230049133, 0.0496673583984375, 0.04959093779325485, 0.6814454793930054, 0.5916146039962769, 0.027261056005954742, 0.02862531878054142, 0.1691572666168213], "frame_18": [0.6291592121124268, 0.3967369794845581, 0.04981803894042969, 0.04951091483235359, 0.6814454793930054, 0.5916146039962769, 0.027261056005954742, 0.02862531878054142, 0.6872764229774475], "frame_19": [0.6291033625602722, 0.3967953026294708, 0.04998215660452843, 0.04947293549776077, 0.6814454793930054, 0.5916146039962769, 0.027261056005954742, 0.02862531878054142, 0.7075907588005066], "frame_20": [0.6289562582969666, 0.39696770906448364, 0.050241682678461075, 0.049261391162872314, 0.6814454793930054, 0.5916146039962769, 0.027261056005954742, 0.02862531878054142, 0.6698336601257324], "frame_21": [0.629008412361145, 0.3969309628009796, 0.04992065578699112, 0.04944402724504471, 0.7407591342926025, 0.4643651247024536, 0.025982581079006195, 0.028498459607362747, 0.6127519607543945], "frame_22": [0.6290439367294312, 0.3968782126903534, 0.049987539649009705, 0.0495462641119957, 0.744346022605896, 0.45663976669311523, 0.028045654296875, 0.029132461175322533, 0.24501387774944305], "frame_23": [0.6290408372879028, 0.39691221714019775, 0.05007972568273544, 0.04954355210065842, 0.7496105432510376, 0.45001059770584106, 0.027586787939071655, 0.029551316052675247, 0.39872923493385315], "frame_24": [0.6292568445205688, 0.3971654772758484, 0.049735259264707565, 0.049763742834329605, 0.754173219203949, 0.4434528350830078, 0.02749328687787056, 0.03103027306497097, 0.968097984790802], "frame_25": [0.6293246746063232, 0.39721059799194336, 0.04991111904382706, 0.04989679157733917, 0.7593920230865479, 0.4402181804180145, 0.02924279123544693, 0.030838478356599808, 0.9439433813095093], "frame_26": [0.6293928027153015, 0.3970908224582672, 0.049668122082948685, 0.04962111636996269, 0.7649454474449158, 0.43481385707855225, 0.029048580676317215, 0.0313100591301918, 0.9708289504051208], "frame_27": [0.6295496821403503, 0.3970450460910797, 0.04934043809771538, 0.04948047921061516, 0.7680441737174988, 0.42871466279029846, 0.02894117496907711, 0.030475912615656853, 0.5704882144927979], "frame_28": [0.6294214129447937, 0.397117018699646, 0.04969808831810951, 0.04961831867694855, 0.7704423069953918, 0.42096999287605286, 0.03002573736011982, 0.030015945434570312, 0.5328801870346069], "frame_29": [0.62932288646698, 0.39716100692749023, 0.049579791724681854, 0.04955185949802399, 0.7701215744018555, 0.41282299160957336, 0.029581451788544655, 0.03892690688371658, 0.6883963942527771], "frame_30": [0.6292844414710999, 0.39711517095565796, 0.04963989183306694, 0.04949505999684334, 0.7653027176856995, 0.3923082947731018, 0.024989742785692215, 0.027133729308843613, 0.9904311299324036], "frame_31": [0.6292365789413452, 0.3970446288585663, 0.049431610852479935, 0.0493459478020668, 0.7653027176856995, 0.3923082947731018, 0.024989742785692215, 0.027133729308843613, 0.9966462850570679], "frame_32": [0.6292203068733215, 0.39704039692878723, 0.04916496202349663, 0.049344252794981, 0.7653027176856995, 0.3923082947731018, 0.024989742785692215, 0.027133729308843613, 0.9136154055595398], "frame_33": [0.6291918158531189, 0.3971138000488281, 0.049237824976444244, 0.049387358129024506, 0.749485433101654, 0.3518524169921875, 0.025019412860274315, 0.026246918365359306, 0.8736497163772583], "frame_34": [0.6292349696159363, 0.39715033769607544, 0.04929504543542862, 0.04931754991412163, 0.7454491257667542, 0.34228086471557617, 0.02214406244456768, 0.02605351433157921, 0.864356517791748], "frame_35": [0.6291570663452148, 0.39717182517051697, 0.04929924011230469, 0.049231890588998795, 0.7454491257667542, 0.34228086471557617, 0.02214406244456768, 0.02605351433157921, 0.9362765550613403], "frame_36": [0.6290332674980164, 0.3973480761051178, 0.049021318554878235, 0.049794770777225494, 0.7454491257667542, 0.34228086471557617, 0.02214406244456768, 0.02605351433157921, 0.835355818271637], "frame_37": [0.6291343569755554, 0.3974763751029968, 0.04951019212603569, 0.049904461950063705, 0.7289804816246033, 0.31642043590545654, 0.024965498596429825, 0.02817469649016857, 0.773297131061554], "frame_38": [0.6292212009429932, 0.3975283205509186, 0.04971377179026604, 0.04988962784409523, 0.7232115268707275, 0.3112775683403015, 0.022673796862363815, 0.027443017810583115, 0.6850000023841858], "frame_39": [0.6292305588722229, 0.3975500464439392, 0.049726273864507675, 0.049900904297828674, 0.7181896567344666, 0.3066142499446869, 0.023364977911114693, 0.02876872941851616, 0.6081193685531616],