{"frame_0": [0.5076078772544861, 0.4052319824695587, 0.04503763094544411, 0.04750624671578407, 0.556373655796051, 0.4910518229007721, 0.021564949303865433, 0.02222205325961113, 0.8423839211463928], "frame_1": [0.5078181028366089, 0.40511372685432434, 0.04479196295142174, 0.047155000269412994, 0.556373655796051, 0.4910518229007721, 0.021564949303865433, 0.02222205325961113, 0.8079438805580139], "frame_2": [0.5078125596046448, 0.4051532447338104, 0.04469926655292511, 0.04723548889160156, 0.556373655796051, 0.4910518229007721, 0.021564949303865433, 0.02222205325961113, 0.780047595500946], "frame_3": [0.5078269839286804, 0.4051525890827179, 0.04470214992761612, 0.047384727746248245, 0.556373655796051, 0.4910518229007721, 0.021564949303865433, 0.02222205325961113, 0.7368580102920532], "frame_4": [0.5078369379043579, 0.40513238310813904, 0.044733598828315735, 0.047324202954769135, 0.556373655796051, 0.4910518229007721, 0.021564949303865433, 0.02222205325961113, 0.7020082473754883], "frame_5": [0.5078732371330261, 0.4050932228565216, 0.044756148010492325, 0.04722395911812782, 0.556373655796051, 0.4910518229007721, 0.021564949303865433, 0.02222205325961113, 0.7088109254837036], "frame_6": [0.5078891515731812, 0.4051083028316498, 0.044802770018577576, 0.047230783849954605, 0.556373655796051, 0.4910518229007721, 0.021564949303865433, 0.02222205325961113, 0.8349926471710205], "frame_7": [0.5078707933425903, 0.405211478471756, 0.04483642429113388, 0.04741418734192848, 0.556373655796051, 0.4910518229007721, 0.021564949303865433, 0.02222205325961113, 0.8753985166549683], "frame_8": [0.5079056024551392, 0.40520179271698, 0.04487457126379013, 0.04750841110944748, 0.556373655796051, 0.4910518229007721, 0.021564949303865433, 0.02222205325961113, 0.7945494055747986], "frame_9": [0.5078873038291931, 0.40521493554115295, 0.04476233571767807, 0.04754829406738281, 0.556373655796051, 0.4910518229007721, 0.021564949303865433, 0.02222205325961113, 0.7402377724647522], "frame_10": [0.5080668330192566, 0.40527045726776123, 0.04473876953125, 0.04760453850030899, 0.556373655796051, 0.4910518229007721, 0.021564949303865433, 0.02222205325961113, 0.6758332848548889], "frame_11": [0.5080856084823608, 0.40533167123794556, 0.04522687941789627, 0.04766036197543144, 0.556373655796051, 0.4910518229007721, 0.021564949303865433, 0.02222205325961113, 0.5194134712219238], "frame_12": [0.5082857608795166, 0.40544018149375916, 0.04570096358656883, 0.048029158264398575, 0.556373655796051, 0.4910518229007721, 0.021564949303865433, 0.02222205325961113, 0.2530108690261841], "frame_13": [0.5083338618278503, 0.40552210807800293, 0.04583456367254257, 0.048176489770412445, 0.556373655796051, 0.4910518229007721, 0.021564949303865433, 0.02222205325961113, 0.14550650119781494], "frame_14": [0.5083043575286865, 0.4055410623550415, 0.04581337049603462, 0.04823137819766998, 0.556373655796051, 0.4910518229007721, 0.021564949303865433, 0.02222205325961113, 0.12341349571943283], "frame_15": [0.5081891417503357, 0.40552860498428345, 0.045730676501989365, 0.04820594936609268, 0.556373655796051, 0.4910518229007721, 0.021564949303865433, 0.02222205325961113, 0.13218434154987335], "frame_16": [0.50828617811203, 0.4055559039115906, 0.04588830843567848, 0.04822845384478569, 0.556373655796051, 0.4910518229007721, 0.021564949303865433, 0.02222205325961113, 0.13154038786888123], "frame_17": [0.5083380937576294, 0.4055131673812866, 0.046013470739126205, 0.048111386597156525, 0.35766613483428955, 0.49440544843673706, 0.03787916153669357, 0.043978117406368256, 0.14598476886749268], "frame_18": [0.5083332657814026, 0.40550845861434937, 0.046071454882621765, 0.048168692737817764, 0.3577863872051239, 0.4906509518623352, 0.03882179409265518, 0.043241288512945175, 0.09192820638418198], "frame_19": [0.5084571242332458, 0.40552419424057007, 0.04615652188658714, 0.04813957214355469, 0.3576706349849701, 0.487678200006485, 0.038615141063928604, 0.04119788110256195, 0.03587787225842476], "frame_20": [0.5084698796272278, 0.40551725029945374, 0.04624053090810776, 0.048183441162109375, 0.3578031659126282, 0.4840547442436218, 0.03870610147714615, 0.03647194057703018, 0.00018934941908810288], "frame_21": [0.5082721710205078, 0.40547698736190796, 0.0457000732421875, 0.04808235168457031, 0.3582315146923065, 0.48066067695617676, 0.03873507305979729, 0.035254839807748795, 0.08188516646623611], "frame_22": [0.5082985758781433, 0.4054724872112274, 0.045680999755859375, 0.048071205615997314, 0.35786178708076477, 0.4761110842227936, 0.0379406176507473, 0.03143781051039696, 0.14319981634616852], "frame_23": [0.508217453956604, 0.40547698736190796, 0.04565518721938133, 0.04799546301364899, 0.35920944809913635, 0.4722336232662201, 0.037341583520174026, 0.03227996826171875, 0.4367395341396332], "frame_24": [0.5082972645759583, 0.4054054617881775, 0.04604186862707138, 0.047989483922719955, 0.3603813946247101, 0.4666406512260437, 0.03715106099843979, 0.035929106175899506, 0.293282151222229], "frame_25": [0.5082166790962219, 0.40534287691116333, 0.04587491229176521, 0.04788246005773544, 0.3622092306613922, 0.45627662539482117, 0.03821601718664169, 0.03431671857833862, 0.3654502332210541], "frame_26": [0.5082247257232666, 0.40529581904411316, 0.04574258625507355, 0.04786644130945206, 0.3637220561504364, 0.4447595477104187, 0.03860359266400337, 0.03489172086119652, 0.772063672542572], "frame_27": [0.5081024765968323, 0.405183881521225, 0.04557991027832031, 0.04761895164847374, 0.3662911653518677, 0.43110665678977966, 0.039760950952768326, 0.04051857069134712, 0.6736189126968384], "frame_28": [0.5080915689468384, 0.40521854162216187, 0.04571342468261719, 0.047652944922447205, 0.37018686532974243, 0.40571093559265137, 0.03553208336234093, 0.04066047817468643, 0.8872030377388], "frame_29": [0.508093535900116, 0.40525978803634644, 0.0456974022090435, 0.047556303441524506, 0.3755432069301605, 0.3714665174484253, 0.035045284777879715, 0.03390928730368614, 0.9364402890205383], "frame_30": [0.5080093145370483, 0.4052535891532898, 0.045415326952934265, 0.04760797321796417, 0.38009724020957947, 0.34020787477493286, 0.035378266125917435, 0.03528014197945595, 0.9120370745658875], "frame_31": [0.5081340074539185, 0.40533921122550964, 0.04579590633511543, 0.047675155103206635, 0.38495492935180664, 0.31304529309272766, 0.03323902562260628, 0.03614673763513565, 0.8665891289710999], "frame_32": [0.5083015561103821, 0.4052984416484833, 0.046047382056713104, 0.04761610925197601, 0.3914252519607544, 0.28844061493873596, 0.03286238759756088, 0.0367010124027729, 0.8457509279251099], "frame_33": [0.5081372857093811, 0.40514832735061646, 0.045588597655296326, 0.0473039411008358, 0.39646580815315247, 0.26546382904052734, 0.03435130789875984, 0.036243438720703125, 0.8636280298233032], "frame_34": [0.5080090165138245, 0.4049971401691437, 0.045308854430913925, 0.047078534960746765, 0.4017166495323181, 0.24437417089939117, 0.03390892967581749, 0.035474397242069244, 0.8358882665634155], "frame_35": [0.5079877376556396, 0.4050157368183136, 0.045230865478515625, 0.04701127111911774, 0.40587174892425537, 0.22593308985233307, 0.03261222690343857, 0.03464503958821297, 0.8459932208061218], "frame_36": [0.507917046546936, 0.405145525932312, 0.04469642788171768, 0.04696600139141083, 0.41094452142715454, 0.20952194929122925, 0.03172726184129715, 0.03399363532662392, 0.8791800737380981], "frame_37": [0.5079920291900635, 0.405187726020813, 0.04484469071030617, 0.04707391560077667, 0.41595467925071716, 0.19443431496620178, 0.031905364245176315, 0.03438260778784752, 0.92367023229599], "frame_38": [0.5079855918884277, 0.4051975607872009, 0.04476415738463402, 0.04707204923033714, 0.4201284646987915, 0.18146172165870667, 0.03145620599389076, 0.0338955894112587, 0.9779034852981567], "frame_39": [0.5080996155738831, 0.40513232350349426, 0.04497472941875458, 0.04693061113357544, 0.4244695007801056, 0.17069344222545624, 0.031168662011623383, 0.033512964844703674, 0.9873053431510925],