{"frame_0": [0.6292920708656311, 0.3977353274822235, 0.0508684366941452, 0.04893837124109268, 0.2712644040584564, 0.5503864884376526, 0.026569556444883347, 0.029396142810583115, 0.4829862117767334], "frame_1": [0.6288458704948425, 0.39758631587028503, 0.04993285983800888, 0.049323782324790955, 0.26928529143333435, 0.552608847618103, 0.02678360417485237, 0.031205367296934128, 0.4973994195461273], "frame_2": [0.62879878282547, 0.3976258933544159, 0.049954816699028015, 0.04936807602643967, 0.2674856185913086, 0.5562278628349304, 0.027848731726408005, 0.031209563836455345, 0.4873504340648651], "frame_3": [0.62883460521698, 0.39761775732040405, 0.049825288355350494, 0.0493876151740551, 0.2672460377216339, 0.5601657629013062, 0.027861976996064186, 0.03117980994284153, 0.3376833498477936], "frame_4": [0.6288139224052429, 0.3976149559020996, 0.049697283655405045, 0.04924871772527695, 0.2690649628639221, 0.5640559792518616, 0.025740327313542366, 0.030180063098669052, 0.4254542291164398], "frame_5": [0.6288065314292908, 0.397619366645813, 0.04964188486337662, 0.04924960806965828, 0.2710995674133301, 0.5683077573776245, 0.027995681390166283, 0.03130743280053139, 0.47849228978157043], "frame_6": [0.6288104057312012, 0.39758554100990295, 0.04955054447054863, 0.049312762916088104, 0.2717773914337158, 0.5722816586494446, 0.025731362402439117, 0.031687334179878235, 0.4651168882846832], "frame_7": [0.628818154335022, 0.397596538066864, 0.04959547147154808, 0.049327850341796875, 0.27324604988098145, 0.576696515083313, 0.02820720709860325, 0.030393769964575768, 0.5070470571517944], "frame_8": [0.628637969493866, 0.3975848853588104, 0.04962921142578125, 0.04936964064836502, 0.27302971482276917, 0.5805445313453674, 0.02860022708773613, 0.030561191961169243, 0.5322827696800232], "frame_9": [0.6286791563034058, 0.3975663483142853, 0.04963510483503342, 0.049369726330041885, 0.2722512185573578, 0.5836895704269409, 0.02887878380715847, 0.02966359443962574, 0.5633420348167419], "frame_10": [0.6286521553993225, 0.39759013056755066, 0.04962531104683876, 0.0494018979370594, 0.2721344828605652, 0.5847082138061523, 0.0276933666318655, 0.029153993353247643, 0.5668026804924011], "frame_11": [0.6286788582801819, 0.39754989743232727, 0.049694910645484924, 0.049330055713653564, 0.2708832621574402, 0.5851125717163086, 0.02738543599843979, 0.028153439983725548, 0.6441683769226074], "frame_12": [0.6289466023445129, 0.3974817991256714, 0.05047408118844032, 0.04891204833984375, 0.2702326476573944, 0.5848687887191772, 0.02773929201066494, 0.028189469128847122, 0.6559497117996216], "frame_13": [0.6289333701133728, 0.3974613547325134, 0.05040321499109268, 0.04881545156240463, 0.26986396312713623, 0.5840257406234741, 0.026643138378858566, 0.027557160705327988, 0.7325009703636169], "frame_14": [0.628796398639679, 0.39743492007255554, 0.05014055222272873, 0.04878484830260277, 0.2696160674095154, 0.5831136703491211, 0.024722013622522354, 0.025362608954310417, 0.8603211045265198], "frame_15": [0.6287895441055298, 0.3974338173866272, 0.050126053392887115, 0.04878179728984833, 0.2696160674095154, 0.5831136703491211, 0.024722013622522354, 0.025362608954310417, 0.8829632997512817], "frame_16": [0.6288340091705322, 0.3974539339542389, 0.05027097091078758, 0.0488128662109375, 0.2696160674095154, 0.5831136703491211, 0.024722013622522354, 0.025362608954310417, 0.9183109402656555], "frame_17": [0.6288584470748901, 0.39748847484588623, 0.05032912269234657, 0.04886258393526077, 0.2696160674095154, 0.5831136703491211, 0.024722013622522354, 0.025362608954310417, 0.9125224947929382], "frame_18": [0.6288712620735168, 0.3975221514701843, 0.05035705491900444, 0.04893599450588226, 0.2696160674095154, 0.5831136703491211, 0.024722013622522354, 0.025362608954310417, 0.9235700964927673], "frame_19": [0.6288708448410034, 0.39753061532974243, 0.05036010593175888, 0.04892768710851669, 0.2696160674095154, 0.5831136703491211, 0.024722013622522354, 0.025362608954310417, 0.866582453250885], "frame_20": [0.6288830637931824, 0.3975569009780884, 0.05044182762503624, 0.04900118336081505, 0.2696160674095154, 0.5831136703491211, 0.024722013622522354, 0.025362608954310417, 0.7914842963218689], "frame_21": [0.6289281249046326, 0.39748892188072205, 0.05029114708304405, 0.04890937730669975, 0.2696160674095154, 0.5831136703491211, 0.024722013622522354, 0.025362608954310417, 0.6632187962532043], "frame_22": [0.6288783550262451, 0.39748239517211914, 0.05024702101945877, 0.04897494986653328, 0.2696160674095154, 0.5831136703491211, 0.024722013622522354, 0.025362608954310417, 0.7480033040046692], "frame_23": [0.6288721561431885, 0.3974803388118744, 0.05029792711138725, 0.04891442134976387, 0.24022208154201508, 0.4842688739299774, 0.030535783618688583, 0.03175603970885277, 0.4755772650241852], "frame_24": [0.628844141960144, 0.397373229265213, 0.049860380589962006, 0.048649851232767105, 0.22816087305545807, 0.4762444496154785, 0.029178492724895477, 0.03129798173904419, 0.4465028643608093], "frame_25": [0.6288345456123352, 0.39739862084388733, 0.049874283373355865, 0.04868600517511368, 0.21816541254520416, 0.4692922830581665, 0.02689158171415329, 0.028971312567591667, 0.41069477796554565], "frame_26": [0.6287939548492432, 0.39746639132499695, 0.04982973635196686, 0.04881829023361206, 0.2125018686056137, 0.4624771177768707, 0.028127480298280716, 0.027327347546815872, 0.38921883702278137], "frame_27": [0.62879878282547, 0.39744168519973755, 0.049998559057712555, 0.04881935194134712, 0.21046695113182068, 0.4562019407749176, 0.026885986328125, 0.027297209948301315, 0.3970077931880951], "frame_28": [0.6288825273513794, 0.39746636152267456, 0.04988517612218857, 0.048771753907203674, 0.21046695113182068, 0.4562019407749176, 0.026885986328125, 0.027297209948301315, 0.44142159819602966], "frame_29": [0.6289085149765015, 0.39740630984306335, 0.049915142357349396, 0.04872962087392807, 0.21046695113182068, 0.4562019407749176, 0.026885986328125, 0.027297209948301315, 0.48632514476776123], "frame_30": [0.6288962364196777, 0.3973815143108368, 0.04990319162607193, 0.04867668077349663, 0.21852315962314606, 0.42403894662857056, 0.028512848541140556, 0.028900612145662308, 0.5796518921852112], "frame_31": [0.6289342045783997, 0.397321879863739, 0.050189122557640076, 0.048641204833984375, 0.22822822630405426, 0.4055233299732208, 0.025646209716796875, 0.02798021025955677, 0.7200002670288086], "frame_32": [0.6289288997650146, 0.397251158952713, 0.050505828112363815, 0.0486704520881176, 0.24472686648368835, 0.3861479163169861, 0.02648025006055832, 0.028974659740924835, 0.7640258073806763], "frame_33": [0.6288760900497437, 0.39726319909095764, 0.05038825049996376, 0.04877760261297226, 0.262278288602829, 0.36997896432876587, 0.025648223236203194, 0.0297054722905159, 0.7339487671852112], "frame_34": [0.6288248896598816, 0.397262841463089, 0.05035553127527237, 0.048865508288145065, 0.27785444259643555, 0.3530486524105072, 0.025041431188583374, 0.02737579308450222, 0.7007861137390137], "frame_35": [0.6287863254547119, 0.39723968505859375, 0.0502939447760582, 0.048912979662418365, 0.2969028949737549, 0.3380790650844574, 0.026299582794308662, 0.02884998358786106, 0.6871545910835266], "frame_36": [0.62850421667099, 0.39709752798080444, 0.050467681139707565, 0.049039077013731, 0.3124062716960907, 0.3264038860797882, 0.02677220292389393, 0.02891521528363228, 0.7135897278785706], "frame_37": [0.6285432577133179, 0.3970240354537964, 0.05048925429582596, 0.04879150539636612, 0.3289174735546112, 0.3154475688934326, 0.02595081366598606, 0.028550952672958374, 0.7373359799385071], "frame_38": [0.6286101341247559, 0.3969738781452179, 0.05068414658308029, 0.04867621511220932, 0.3441377282142639, 0.30471840500831604, 0.027441659942269325, 0.028608236461877823, 0.7354490160942078], "frame_39": [0.6286081075668335, 0.39703065156936646, 0.05054223909974098, 0.04883842542767525, 0.36014285683631897, 0.2965238690376282, 0.02576597034931183, 0.029719797894358635, 0.6993145942687988],