{"frame_0": [0.6292721629142761, 0.39516618847846985, 0.04936540499329567, 0.05007074028253555, 0.6221024394035339, 0.5610237717628479, 0.023099899291992188, 0.029602814465761185, 0.7106424570083618], "frame_1": [0.6292628049850464, 0.3951582610607147, 0.04931170120835304, 0.049165599048137665, 0.6204946041107178, 0.566066563129425, 0.023224851116538048, 0.028735140338540077, 0.6889282464981079], "frame_2": [0.6292489171028137, 0.39511778950691223, 0.04923265427350998, 0.04917924851179123, 0.6189326047897339, 0.5685216188430786, 0.022571776062250137, 0.025868522003293037, 0.7455094456672668], "frame_3": [0.6292021870613098, 0.39491984248161316, 0.04915877431631088, 0.04918691888451576, 0.6155694723129272, 0.5700575709342957, 0.023828336969017982, 0.026851102709770203, 0.7750425934791565], "frame_4": [0.6291937232017517, 0.39503365755081177, 0.04941919073462486, 0.049189504235982895, 0.6104999780654907, 0.5731967687606812, 0.02183685265481472, 0.025164879858493805, 0.8430759906768799], "frame_5": [0.6291467547416687, 0.39501553773880005, 0.049353789538145065, 0.04910392686724663, 0.6104999780654907, 0.5731967687606812, 0.02183685265481472, 0.025164879858493805, 0.8362432718276978], "frame_6": [0.6291428208351135, 0.39502987265586853, 0.049298860132694244, 0.04906696826219559, 0.6104999780654907, 0.5731967687606812, 0.02183685265481472, 0.025164879858493805, 0.7972864508628845], "frame_7": [0.6291207075119019, 0.3950152099132538, 0.04917992651462555, 0.04901169613003731, 0.6104999780654907, 0.5731967687606812, 0.02183685265481472, 0.025164879858493805, 0.7849874496459961], "frame_8": [0.6290477514266968, 0.39501991868019104, 0.049170855432748795, 0.049002837389707565, 0.6104999780654907, 0.5731967687606812, 0.02183685265481472, 0.025164879858493805, 0.8857207298278809], "frame_9": [0.629054844379425, 0.39500343799591064, 0.04916267469525337, 0.04892370477318764, 0.6104999780654907, 0.5731967687606812, 0.02183685265481472, 0.025164879858493805, 0.8806508779525757], "frame_10": [0.6290417313575745, 0.39498087763786316, 0.0491044782102108, 0.048922982066869736, 0.6104999780654907, 0.5731967687606812, 0.02183685265481472, 0.025164879858493805, 0.9491830468177795], "frame_11": [0.6290273666381836, 0.3949773907661438, 0.04905137047171593, 0.04894879832863808, 0.6104999780654907, 0.5731967687606812, 0.02183685265481472, 0.025164879858493805, 0.8857808113098145], "frame_12": [0.6291995644569397, 0.395440936088562, 0.04886389896273613, 0.0492408312857151, 0.6104999780654907, 0.5731967687606812, 0.02183685265481472, 0.025164879858493805, 0.911306619644165], "frame_13": [0.6292065382003784, 0.3954322934150696, 0.048906706273555756, 0.04925075173377991, 0.6104999780654907, 0.5731967687606812, 0.02183685265481472, 0.025164879858493805, 0.8519032001495361], "frame_14": [0.6291675567626953, 0.3954353630542755, 0.048822782933712006, 0.049190521240234375, 0.6104999780654907, 0.5731967687606812, 0.02183685265481472, 0.025164879858493805, 0.7273309826850891], "frame_15": [0.6291747093200684, 0.3954371213912964, 0.04884300380945206, 0.04919175058603287, 0.6104999780654907, 0.5731967687606812, 0.02183685265481472, 0.025164879858493805, 0.6930193901062012], "frame_16": [0.6292662024497986, 0.3955199420452118, 0.04910791292786598, 0.04920031130313873, 0.6104999780654907, 0.5731967687606812, 0.02183685265481472, 0.025164879858493805, 0.6934654116630554], "frame_17": [0.6292749047279358, 0.3953748047351837, 0.04907434433698654, 0.049264609813690186, 0.6104999780654907, 0.5731967687606812, 0.02183685265481472, 0.025164879858493805, 0.6371093392372131], "frame_18": [0.629280686378479, 0.3955090343952179, 0.04921930283308029, 0.04918433353304863, 0.6104999780654907, 0.5731967687606812, 0.02183685265481472, 0.025164879858493805, 0.5233840346336365], "frame_19": [0.6293177008628845, 0.39552024006843567, 0.0492563471198082, 0.049154918640851974, 0.6104999780654907, 0.5731967687606812, 0.02183685265481472, 0.025164879858493805, 0.2662566900253296], "frame_20": [0.6293057203292847, 0.39547356963157654, 0.049216292798519135, 0.04912690073251724, 0.6104999780654907, 0.5731967687606812, 0.02183685265481472, 0.025164879858493805, 0.3363035023212433], "frame_21": [0.6293625235557556, 0.3955182433128357, 0.049378033727407455, 0.04917038977146149, 0.6104999780654907, 0.5731967687606812, 0.02183685265481472, 0.025164879858493805, 0.3286258578300476], "frame_22": [0.6293554306030273, 0.3955127000808716, 0.04933929443359375, 0.049167294055223465, 0.6104999780654907, 0.5731967687606812, 0.02183685265481472, 0.025164879858493805, 0.3370627164840698], "frame_23": [0.6294222474098206, 0.395532488822937, 0.04947369918227196, 0.049157291650772095, 0.5541939735412598, 0.5303308367729187, 0.020780477672815323, 0.02671356126666069, 0.36818045377731323], "frame_24": [0.6293210983276367, 0.39522087574005127, 0.04922159016132355, 0.04858656972646713, 0.5536119937896729, 0.5233559608459473, 0.021343866363167763, 0.026299666613340378, 0.4366641044616699], "frame_25": [0.6293351054191589, 0.39521706104278564, 0.049212731420993805, 0.04856469854712486, 0.5528784990310669, 0.514523446559906, 0.022465812042355537, 0.025996483862400055, 0.3939160108566284], "frame_26": [0.6293306946754456, 0.3952259123325348, 0.0491713210940361, 0.048570845276117325, 0.5532053709030151, 0.5028820633888245, 0.022067472338676453, 0.024492815136909485, 0.4813969135284424], "frame_27": [0.6293890476226807, 0.39528074860572815, 0.04937392473220825, 0.04857398197054863, 0.5530285239219666, 0.4875236451625824, 0.023262957111001015, 0.02834065817296505, 0.45406055450439453], "frame_28": [0.6293125748634338, 0.39532744884490967, 0.04921705275774002, 0.04848446324467659, 0.5561921000480652, 0.4694044291973114, 0.02203657291829586, 0.026998519897460938, 0.6874425411224365], "frame_29": [0.6292250156402588, 0.39531654119491577, 0.04891937971115112, 0.04849904403090477, 0.5598781704902649, 0.4511812925338745, 0.02227003313601017, 0.028522279113531113, 0.7818959355354309], "frame_30": [0.6294565200805664, 0.39536675810813904, 0.049416352063417435, 0.048489760607481, 0.5616937279701233, 0.43466949462890625, 0.020141389220952988, 0.02763671800494194, 0.836408793926239], "frame_31": [0.6294205784797668, 0.3953375220298767, 0.04909926652908325, 0.048523373901844025, 0.5640794634819031, 0.4187755584716797, 0.017850197851657867, 0.02493574284017086, 0.8186500072479248], "frame_32": [0.6293730735778809, 0.3953208029270172, 0.048972319811582565, 0.04840058088302612, 0.5680155158042908, 0.405844122171402, 0.019863680005073547, 0.024743059650063515, 0.780398428440094], "frame_33": [0.6292194128036499, 0.3952729105949402, 0.048905350267887115, 0.04854164272546768, 0.5680155158042908, 0.405844122171402, 0.019863680005073547, 0.024743059650063515, 0.762611985206604], "frame_34": [0.6289520859718323, 0.39531365036964417, 0.04931013286113739, 0.048540327697992325, 0.5680155158042908, 0.405844122171402, 0.019863680005073547, 0.024743059650063515, 0.741372287273407], "frame_35": [0.6286512613296509, 0.3956320881843567, 0.05125906318426132, 0.048514217138290405, 0.5815103054046631, 0.3671901226043701, 0.019473647698760033, 0.028506089001893997, 0.7517381906509399], "frame_36": [0.6287885904312134, 0.3957434892654419, 0.05012490972876549, 0.04865485429763794, 0.5853995680809021, 0.35552117228507996, 0.018654420971870422, 0.025497011840343475, 0.7247219681739807], "frame_37": [0.6289522051811218, 0.39565932750701904, 0.04928771033883095, 0.048600345849990845, 0.5905587673187256, 0.3464440703392029, 0.01745452918112278, 0.025168122723698616, 0.6918176412582397], "frame_38": [0.6290277242660522, 0.3955671191215515, 0.04907570034265518, 0.04868808388710022, 0.5925374627113342, 0.3391079902648926, 0.018382729962468147, 0.024919891729950905, 0.6713889241218567], "frame_39": [0.6290759444236755, 0.39548900723457336, 0.048757173120975494, 0.04885512590408325, 0.5944132804870605, 0.3319752514362335, 0.021094512194395065, 0.02534656599164009, 0.6849225163459778],