{"frame_0": [0.6295625567436218, 0.3955990970134735, 0.0489560030400753, 0.04972436651587486, 0.6361928582191467, 0.3787132203578949, 0.027701187878847122, 0.03366563469171524, 0.7481642961502075], "frame_1": [0.6296452283859253, 0.3954694867134094, 0.04942457377910614, 0.04902008920907974, 0.6361928582191467, 0.3787132203578949, 0.027701187878847122, 0.03366563469171524, 0.7017237544059753], "frame_2": [0.6296213865280151, 0.39561259746551514, 0.04912003502249718, 0.04882087558507919, 0.6361928582191467, 0.3787132203578949, 0.027701187878847122, 0.03366563469171524, 0.746434211730957], "frame_3": [0.6296436190605164, 0.3955913484096527, 0.049198150634765625, 0.04876810684800148, 0.6361928582191467, 0.3787132203578949, 0.027701187878847122, 0.03366563469171524, 0.7253962159156799], "frame_4": [0.6296553611755371, 0.39564183354377747, 0.049241721630096436, 0.04884596914052963, 0.6361928582191467, 0.3787132203578949, 0.027701187878847122, 0.03366563469171524, 0.7750825881958008], "frame_5": [0.6296220421791077, 0.39563462138175964, 0.04919365793466568, 0.04881841689348221, 0.6361928582191467, 0.3787132203578949, 0.027701187878847122, 0.03366563469171524, 0.8278763890266418], "frame_6": [0.6296077966690063, 0.395621120929718, 0.049234602600336075, 0.048821765929460526, 0.6361928582191467, 0.3787132203578949, 0.027701187878847122, 0.03366563469171524, 0.8496371507644653], "frame_7": [0.6296378374099731, 0.3955828845500946, 0.04928893968462944, 0.048703767359256744, 0.6361928582191467, 0.3787132203578949, 0.027701187878847122, 0.03366563469171524, 0.7229143977165222], "frame_8": [0.629603922367096, 0.3956138491630554, 0.04946412146091461, 0.04876484349370003, 0.6361928582191467, 0.3787132203578949, 0.027701187878847122, 0.03366563469171524, 0.6466561555862427], "frame_9": [0.6297358870506287, 0.3956107199192047, 0.049300383776426315, 0.04875746741890907, 0.6361928582191467, 0.3787132203578949, 0.027701187878847122, 0.03366563469171524, 0.6939610838890076], "frame_10": [0.6297264695167542, 0.39562293887138367, 0.049301911145448685, 0.04878044128417969, 0.6361928582191467, 0.3787132203578949, 0.027701187878847122, 0.03366563469171524, 0.7440491318702698], "frame_11": [0.6296816468238831, 0.39562469720840454, 0.04933585971593857, 0.04878120496869087, 0.6361928582191467, 0.3787132203578949, 0.027701187878847122, 0.03366563469171524, 0.5325167775154114], "frame_12": [0.6299937963485718, 0.3956105411052704, 0.049113549292087555, 0.04851561784744263, 0.6361928582191467, 0.3787132203578949, 0.027701187878847122, 0.03366563469171524, 0.5112299919128418], "frame_13": [0.6300098896026611, 0.39558151364326477, 0.049081165343523026, 0.04846411943435669, 0.6361928582191467, 0.3787132203578949, 0.027701187878847122, 0.03366563469171524, 0.4633239209651947], "frame_14": [0.6300222873687744, 0.3956211507320404, 0.04928703233599663, 0.04843906685709953, 0.6361928582191467, 0.3787132203578949, 0.027701187878847122, 0.03366563469171524, 0.26202306151390076], "frame_15": [0.6300016045570374, 0.3956298530101776, 0.04930314049124718, 0.04842834547162056, 0.6361928582191467, 0.3787132203578949, 0.027701187878847122, 0.03366563469171524, 0.23980847001075745], "frame_16": [0.6300129890441895, 0.39562827348709106, 0.04923231154680252, 0.04842474311590195, 0.6361928582191467, 0.3787132203578949, 0.027701187878847122, 0.03366563469171524, 0.3104424476623535], "frame_17": [0.6300188899040222, 0.3956208825111389, 0.049285888671875, 0.04840799793601036, 0.6361928582191467, 0.3787132203578949, 0.027701187878847122, 0.03366563469171524, 0.5785068869590759], "frame_18": [0.6299416422843933, 0.395614892244339, 0.04917144775390625, 0.04844466224312782, 0.6361928582191467, 0.3787132203578949, 0.027701187878847122, 0.03366563469171524, 0.6042485237121582], "frame_19": [0.6299111247062683, 0.39557674527168274, 0.04925079271197319, 0.04848535358905792, 0.6361928582191467, 0.3787132203578949, 0.027701187878847122, 0.03366563469171524, 0.39935725927352905], "frame_20": [0.6299201846122742, 0.395579069852829, 0.04929029569029808, 0.04850497841835022, 0.6361928582191467, 0.3787132203578949, 0.027701187878847122, 0.03366563469171524, 0.6674272418022156], "frame_21": [0.6299165487289429, 0.3955739736557007, 0.049306489527225494, 0.048512693494558334, 0.6361928582191467, 0.3787132203578949, 0.027701187878847122, 0.03366563469171524, 0.37450075149536133], "frame_22": [0.6300621628761292, 0.3956436216831207, 0.049810197204351425, 0.0485178641974926, 0.6361928582191467, 0.3787132203578949, 0.027701187878847122, 0.03366563469171524, 0.3495144546031952], "frame_23": [0.6300888061523438, 0.3957076668739319, 0.050058577209711075, 0.04854600876569748, 0.6361928582191467, 0.3787132203578949, 0.027701187878847122, 0.03366563469171524, 0.35688289999961853], "frame_24": [0.6298827528953552, 0.3957933187484741, 0.04981439560651779, 0.04848908260464668, 0.6361928582191467, 0.3787132203578949, 0.027701187878847122, 0.03366563469171524, 0.6400855779647827], "frame_25": [0.6299117803573608, 0.3957918882369995, 0.04983978345990181, 0.04846246540546417, 0.26276475191116333, 0.48629456758499146, 0.024050945416092873, 0.026855850592255592, 0.4653857946395874], "frame_26": [0.6299123764038086, 0.39580196142196655, 0.04985915124416351, 0.04846585541963577, 0.26361286640167236, 0.4809189736843109, 0.02482670731842518, 0.027920065447688103, 0.4885851740837097], "frame_27": [0.6298937797546387, 0.3957865536212921, 0.049695588648319244, 0.04843949154019356, 0.2645297944545746, 0.47045183181762695, 0.02588977850973606, 0.027022551745176315, 0.4401308000087738], "frame_28": [0.6299173831939697, 0.39578908681869507, 0.04972809553146362, 0.048392146825790405, 0.2675687074661255, 0.4605591595172882, 0.02716761641204357, 0.027145003899931908, 0.4958189129829407], "frame_29": [0.6299418210983276, 0.39579418301582336, 0.04982651770114899, 0.048370361328125, 0.2675687074661255, 0.4605591595172882, 0.02716761641204357, 0.027145003899931908, 0.6799201369285583], "frame_30": [0.6299721002578735, 0.39574676752090454, 0.049862418323755264, 0.04834717512130737, 0.2820502519607544, 0.42397698760032654, 0.025371741503477097, 0.02788543701171875, 0.7487293481826782], "frame_31": [0.6298289895057678, 0.39569637179374695, 0.049530621618032455, 0.04836035892367363, 0.29555097222328186, 0.4027917683124542, 0.02507476881146431, 0.030615996569395065, 0.8510847687721252], "frame_32": [0.6298316121101379, 0.3956841826438904, 0.04952964931726456, 0.04826592281460762, 0.3102177381515503, 0.38231903314590454, 0.027528762817382812, 0.03130149841308594, 0.8223990797996521], "frame_33": [0.6298375129699707, 0.3956771790981293, 0.049530114978551865, 0.04826507717370987, 0.3223075866699219, 0.36560168862342834, 0.024327341467142105, 0.02957458421587944, 0.7828229069709778], "frame_34": [0.6298407912254333, 0.39570093154907227, 0.04953613132238388, 0.04831860959529877, 0.3223075866699219, 0.36560168862342834, 0.024327341467142105, 0.02957458421587944, 0.7246077060699463], "frame_35": [0.6299091577529907, 0.3956763446331024, 0.04959309846162796, 0.04835014417767525, 0.3492412865161896, 0.33443889021873474, 0.025795554742217064, 0.028445137664675713, 0.6709182858467102], "frame_36": [0.6299221515655518, 0.39590972661972046, 0.049694910645484924, 0.04886682331562042, 0.36226001381874084, 0.32314521074295044, 0.024056604132056236, 0.02809513919055462, 0.6716692447662354], "frame_37": [0.6299576759338379, 0.39589959383010864, 0.04986296594142914, 0.048939429223537445, 0.37536969780921936, 0.30981573462486267, 0.023458098992705345, 0.0269728135317564, 0.5983163714408875], "frame_38": [0.6299543380737305, 0.3958984315395355, 0.04989166185259819, 0.04894489794969559, 0.3874739706516266, 0.29960402846336365, 0.023701179772615433, 0.030646895989775658, 0.5193827152252197], "frame_39": [0.6299776434898376, 0.3958998918533325, 0.049985121935606, 0.04890140891075134, 0.39905691146850586, 0.2902458906173706, 0.024028057232499123, 0.03021763637661934, 0.4059453308582306],