{"frame_0": [0.6288120150566101, 0.39582595229148865, 0.04883524402976036, 0.04994744062423706, 0.6491164565086365, 0.45179927349090576, 0.018483268097043037, 0.023601319640874863, 0.9706082344055176], "frame_1": [0.6290440559387207, 0.3959621787071228, 0.049193743616342545, 0.04926134645938873, 0.6491164565086365, 0.45179927349090576, 0.018483268097043037, 0.023601319640874863, 0.9346504807472229], "frame_2": [0.6290289759635925, 0.3959459960460663, 0.04890327528119087, 0.04921112209558487, 0.6491164565086365, 0.45179927349090576, 0.018483268097043037, 0.023601319640874863, 0.8963248133659363], "frame_3": [0.6290597915649414, 0.3959764242172241, 0.049018096178770065, 0.04920518770813942, 0.6491164565086365, 0.45179927349090576, 0.018483268097043037, 0.023601319640874863, 0.8867579698562622], "frame_4": [0.6289434432983398, 0.39599609375, 0.04875814542174339, 0.049269188195466995, 0.6491164565086365, 0.45179927349090576, 0.018483268097043037, 0.023601319640874863, 0.851686418056488], "frame_5": [0.6290419101715088, 0.39599135518074036, 0.04866345599293709, 0.04921400174498558, 0.6491164565086365, 0.45179927349090576, 0.018483268097043037, 0.023601319640874863, 0.927427351474762], "frame_6": [0.6290175318717957, 0.39601388573646545, 0.04867574945092201, 0.04926355183124542, 0.6491164565086365, 0.45179927349090576, 0.018483268097043037, 0.023601319640874863, 0.9597960710525513], "frame_7": [0.6290154457092285, 0.39601564407348633, 0.04867265373468399, 0.049263086169958115, 0.6491164565086365, 0.45179927349090576, 0.018483268097043037, 0.023601319640874863, 0.9778202176094055], "frame_8": [0.6289826035499573, 0.3960389792919159, 0.048734113574028015, 0.04924621433019638, 0.6491164565086365, 0.45179927349090576, 0.018483268097043037, 0.023601319640874863, 0.811848521232605], "frame_9": [0.6291247606277466, 0.3961268663406372, 0.049160681664943695, 0.049323949962854385, 0.6491164565086365, 0.45179927349090576, 0.018483268097043037, 0.023601319640874863, 0.9018868803977966], "frame_10": [0.6290498375892639, 0.39592885971069336, 0.04905755817890167, 0.0490308552980423, 0.6491164565086365, 0.45179927349090576, 0.018483268097043037, 0.023601319640874863, 0.9372178316116333], "frame_11": [0.6290528774261475, 0.3959297239780426, 0.04903772100806236, 0.04903784766793251, 0.6491164565086365, 0.45179927349090576, 0.018483268097043037, 0.023601319640874863, 0.9401087164878845], "frame_12": [0.6290998458862305, 0.39585477113723755, 0.04854621738195419, 0.04841490834951401, 0.6491164565086365, 0.45179927349090576, 0.018483268097043037, 0.023601319640874863, 0.4291016161441803], "frame_13": [0.6291067600250244, 0.3958589434623718, 0.04850959777832031, 0.04841889441013336, 0.6491164565086365, 0.45179927349090576, 0.018483268097043037, 0.023601319640874863, 0.5665008425712585], "frame_14": [0.6291072964668274, 0.3958800435066223, 0.0485670305788517, 0.04835082218050957, 0.6491164565086365, 0.45179927349090576, 0.018483268097043037, 0.023601319640874863, 0.4848020672798157], "frame_15": [0.6290448307991028, 0.3958851397037506, 0.04850616306066513, 0.04831276088953018, 0.6491164565086365, 0.45179927349090576, 0.018483268097043037, 0.023601319640874863, 0.6402407884597778], "frame_16": [0.628991425037384, 0.3958440124988556, 0.04835968092083931, 0.04831797257065773, 0.6491164565086365, 0.45179927349090576, 0.018483268097043037, 0.023601319640874863, 0.9598690867424011], "frame_17": [0.62900710105896, 0.39579612016677856, 0.04837235435843468, 0.04842092841863632, 0.6491164565086365, 0.45179927349090576, 0.018483268097043037, 0.023601319640874863, 0.9944033026695251], "frame_18": [0.6290037035942078, 0.3957981467247009, 0.048413850367069244, 0.04837989807128906, 0.6491164565086365, 0.45179927349090576, 0.018483268097043037, 0.023601319640874863, 0.9865177273750305], "frame_19": [0.6290118098258972, 0.3958112895488739, 0.04845229163765907, 0.04837540537118912, 0.6491164565086365, 0.45179927349090576, 0.018483268097043037, 0.023601319640874863, 0.942396879196167], "frame_20": [0.6290092468261719, 0.39581602811813354, 0.04844801127910614, 0.04837413504719734, 0.6491164565086365, 0.45179927349090576, 0.018483268097043037, 0.023601319640874863, 0.9229965806007385], "frame_21": [0.6290508508682251, 0.3958384692668915, 0.04861992597579956, 0.04834357276558876, 0.6491164565086365, 0.45179927349090576, 0.018483268097043037, 0.023601319640874863, 0.9468922019004822], "frame_22": [0.6290653944015503, 0.39582666754722595, 0.0485551618039608, 0.048349082469940186, 0.6491164565086365, 0.45179927349090576, 0.018483268097043037, 0.023601319640874863, 0.7956495881080627], "frame_23": [0.6290686130523682, 0.3958350718021393, 0.048564910888671875, 0.04831390455365181, 0.6491164565086365, 0.45179927349090576, 0.018483268097043037, 0.023601319640874863, 0.4279453456401825], "frame_24": [0.6292359232902527, 0.3960261940956116, 0.048899248242378235, 0.04848289489746094, 0.6491164565086365, 0.45179927349090576, 0.018483268097043037, 0.023601319640874863, 0.3939996361732483], "frame_25": [0.6292399168014526, 0.3960314393043518, 0.0489393025636673, 0.04846907779574394, 0.6491164565086365, 0.45179927349090576, 0.018483268097043037, 0.023601319640874863, 0.37086156010627747], "frame_26": [0.6292774081230164, 0.39626753330230713, 0.04949493333697319, 0.04870940372347832, 0.45252421498298645, 0.5356159210205078, 0.027149878442287445, 0.02831709198653698, 0.3425554931163788], "frame_27": [0.6292402148246765, 0.39629143476486206, 0.04946746677160263, 0.048746827989816666, 0.4531685709953308, 0.5195097327232361, 0.026423348113894463, 0.028170565143227577, 0.40447670221328735], "frame_28": [0.6292339563369751, 0.39626580476760864, 0.04940507560968399, 0.04872487485408783, 0.45490777492523193, 0.5004245042800903, 0.02736816368997097, 0.028311919420957565, 0.3516620397567749], "frame_29": [0.6291781067848206, 0.3959982097148895, 0.04886817932128906, 0.04852002486586571, 0.46302682161331177, 0.4768356382846832, 0.02783983014523983, 0.026355361565947533, 0.564285397529602], "frame_30": [0.6292157769203186, 0.3963068127632141, 0.04967596381902695, 0.0487959124147892, 0.46987396478652954, 0.45474326610565186, 0.030536439269781113, 0.03335685655474663, 0.571947455406189], "frame_31": [0.6291190981864929, 0.3963439166545868, 0.04966481402516365, 0.04873695224523544, 0.4805145263671875, 0.43416765332221985, 0.0281516183167696, 0.03155335411429405, 0.8206109404563904], "frame_32": [0.629156231880188, 0.39626821875572205, 0.04956313222646713, 0.048840418457984924, 0.48829925060272217, 0.41312289237976074, 0.027950117364525795, 0.029780875891447067, 0.7764027714729309], "frame_33": [0.6292491555213928, 0.396017462015152, 0.04911515861749649, 0.04870452731847763, 0.49844232201576233, 0.3956703543663025, 0.028063837438821793, 0.03008422814309597, 0.5714229345321655], "frame_34": [0.6290486454963684, 0.3963763415813446, 0.04942033439874649, 0.048845164477825165, 0.5053218603134155, 0.3795467019081116, 0.027793290093541145, 0.029125595465302467, 0.43002912402153015], "frame_35": [0.6293141841888428, 0.39608442783355713, 0.04918632656335831, 0.04860242083668709, 0.5148591995239258, 0.36528629064559937, 0.026369264349341393, 0.029882198199629784, 0.41508519649505615], "frame_36": [0.6292756795883179, 0.39641833305358887, 0.04918365553021431, 0.04951811954379082, 0.5233991742134094, 0.35157376527786255, 0.024725129827857018, 0.027071084827184677, 0.43315091729164124], "frame_37": [0.6292693018913269, 0.3964107930660248, 0.04924829304218292, 0.04950828477740288, 0.5291479229927063, 0.3404531180858612, 0.029255464673042297, 0.03061504289507866, 0.340023010969162], "frame_38": [0.629181981086731, 0.39678794145584106, 0.04986487329006195, 0.04956737160682678, 0.5385408401489258, 0.33074840903282166, 0.025709746405482292, 0.029532920569181442, 0.30115699768066406],