{"frame_0": [0.6301865577697754, 0.39730140566825867, 0.050032977014780045, 0.04945729672908783, 0.26412418484687805, 0.569525957107544, 0.02129383012652397, 0.023121049627661705, 0.7984516620635986], "frame_1": [0.6298089623451233, 0.3970738649368286, 0.05025961250066757, 0.04964468255639076, 0.2624095678329468, 0.5700492858886719, 0.021857071667909622, 0.022705459967255592, 0.8123583197593689], "frame_2": [0.6298705339431763, 0.39700847864151, 0.05026817321777344, 0.049614038318395615, 0.26053518056869507, 0.5702283382415771, 0.022607145830988884, 0.023011017590761185, 0.7994564771652222], "frame_3": [0.6299018859863281, 0.3969850242137909, 0.05031852796673775, 0.04960924759507179, 0.25931426882743835, 0.5706844925880432, 0.02319744974374771, 0.023498449474573135, 0.8152868747711182], "frame_4": [0.6298015713691711, 0.3969821035861969, 0.050187088549137115, 0.049578603357076645, 0.2582361102104187, 0.5716131329536438, 0.023350821807980537, 0.023390410467982292, 0.8314533233642578], "frame_5": [0.6300061345100403, 0.39696240425109863, 0.050356462597846985, 0.04944928362965584, 0.2577266991138458, 0.5723772644996643, 0.024039650335907936, 0.023746702820062637, 0.801430881023407], "frame_6": [0.6297988891601562, 0.396971732378006, 0.05048980563879013, 0.04967443645000458, 0.2578335702419281, 0.5737577080726624, 0.02343139611184597, 0.023143302649259567, 0.8413609266281128], "frame_7": [0.6297212243080139, 0.3969515860080719, 0.0502275675535202, 0.049652013927698135, 0.25875410437583923, 0.5768117904663086, 0.022232860326766968, 0.021448390558362007, 0.8483754396438599], "frame_8": [0.6297470927238464, 0.39691483974456787, 0.0502498634159565, 0.04954193904995918, 0.2592296898365021, 0.5788401961326599, 0.022682655602693558, 0.022873306646943092, 0.8868563175201416], "frame_9": [0.6296982169151306, 0.3969075381755829, 0.05010579526424408, 0.04952345788478851, 0.25974658131599426, 0.5802281498908997, 0.02306041680276394, 0.023111555725336075, 0.9044715762138367], "frame_10": [0.6297563910484314, 0.3969413638114929, 0.0502023920416832, 0.04962942376732826, 0.26009446382522583, 0.5807744264602661, 0.023289022967219353, 0.023246001452207565, 0.9116071462631226], "frame_11": [0.6297637820243835, 0.3969438672065735, 0.050221167504787445, 0.049663882702589035, 0.2624988257884979, 0.5804571509361267, 0.02271166816353798, 0.023631667718291283, 0.9246894121170044], "frame_12": [0.6301398277282715, 0.39705148339271545, 0.04981956630945206, 0.04945220798254013, 0.26524436473846436, 0.5786399841308594, 0.0235879048705101, 0.023355696350336075, 0.9150381088256836], "frame_13": [0.6301650404930115, 0.3970499336719513, 0.04985864460468292, 0.049489762634038925, 0.2694379687309265, 0.5745164752006531, 0.022967232391238213, 0.022925948724150658, 0.9086624979972839], "frame_14": [0.6300707459449768, 0.397072434425354, 0.04980659484863281, 0.04954702407121658, 0.2750590443611145, 0.5694278478622437, 0.02235312946140766, 0.022236548364162445, 0.8740289807319641], "frame_15": [0.6300237774848938, 0.3970666527748108, 0.04974479600787163, 0.04955041781067848, 0.2796107530593872, 0.561019241809845, 0.020839203149080276, 0.02037489227950573, 0.830750584602356], "frame_16": [0.6300333738327026, 0.3970743715763092, 0.04979438707232475, 0.04952184855937958, 0.2796107530593872, 0.561019241809845, 0.020839203149080276, 0.02037489227950573, 0.7750206589698792], "frame_17": [0.6299571990966797, 0.39711523056030273, 0.04981841892004013, 0.04951439052820206, 0.2796107530593872, 0.561019241809845, 0.020839203149080276, 0.02037489227950573, 0.7676571011543274], "frame_18": [0.6300088763237, 0.3970498740673065, 0.049817658960819244, 0.04952134191989899, 0.2796107530593872, 0.561019241809845, 0.020839203149080276, 0.02037489227950573, 0.7178549766540527], "frame_19": [0.6300472021102905, 0.3970244526863098, 0.049886152148246765, 0.0495239682495594, 0.2796107530593872, 0.561019241809845, 0.020839203149080276, 0.02037489227950573, 0.6551316976547241], "frame_20": [0.6301650404930115, 0.3970288038253784, 0.05007515102624893, 0.04943406954407692, 0.2796107530593872, 0.561019241809845, 0.020839203149080276, 0.02037489227950573, 0.6527376770973206], "frame_21": [0.630164384841919, 0.3970324993133545, 0.0499979667365551, 0.04943165183067322, 0.2796107530593872, 0.561019241809845, 0.020839203149080276, 0.02037489227950573, 0.539408802986145], "frame_22": [0.6301075220108032, 0.39703643321990967, 0.049942608922719955, 0.049410924315452576, 0.24731750786304474, 0.4787576496601105, 0.02447814866900444, 0.027003267779946327, 0.5524128079414368], "frame_23": [0.6300461292266846, 0.39703962206840515, 0.04986555129289627, 0.04949056729674339, 0.2361123412847519, 0.4772379696369171, 0.024193085730075836, 0.027517318725585938, 0.6747882962226868], "frame_24": [0.6300841569900513, 0.39698001742362976, 0.05030839890241623, 0.04941596835851669, 0.2361123412847519, 0.4772379696369171, 0.024193085730075836, 0.027517318725585938, 0.39166775345802307], "frame_25": [0.6300576329231262, 0.3970041871070862, 0.050282374024391174, 0.049432627856731415, 0.2361123412847519, 0.4772379696369171, 0.024193085730075836, 0.027517318725585938, 0.39312246441841125], "frame_26": [0.6300640106201172, 0.3970010578632355, 0.050315264612436295, 0.0494205467402935, 0.2361123412847519, 0.4772379696369171, 0.024193085730075836, 0.027517318725585938, 0.6894557476043701], "frame_27": [0.6300644874572754, 0.39699244499206543, 0.050315264612436295, 0.04941626638174057, 0.2361123412847519, 0.4772379696369171, 0.024193085730075836, 0.027517318725585938, 0.6817548871040344], "frame_28": [0.6300991773605347, 0.3969588279724121, 0.05030534416437149, 0.04935544356703758, 0.2361123412847519, 0.4772379696369171, 0.024193085730075836, 0.027517318725585938, 0.7243185639381409], "frame_29": [0.6301095485687256, 0.3969578742980957, 0.050314247608184814, 0.049351587891578674, 0.2361123412847519, 0.4772379696369171, 0.024193085730075836, 0.027517318725585938, 0.8114131689071655], "frame_30": [0.6300950646400452, 0.3966728150844574, 0.05053473636507988, 0.048917390406131744, 0.24044296145439148, 0.42092522978782654, 0.02505207061767578, 0.024979019537568092, 0.6951459646224976], "frame_31": [0.6301174759864807, 0.3967631757259369, 0.05057563632726669, 0.049065060913562775, 0.25555622577667236, 0.4019899070262909, 0.02071581967175007, 0.025808334350585938, 0.7666729688644409], "frame_32": [0.630088746547699, 0.39673876762390137, 0.05049391835927963, 0.0490034744143486, 0.26996561884880066, 0.3846503496170044, 0.02539706788957119, 0.027599377557635307, 0.7578132748603821], "frame_33": [0.6300344467163086, 0.3967854380607605, 0.05040397495031357, 0.04906633123755455, 0.26996561884880066, 0.3846503496170044, 0.02539706788957119, 0.027599377557635307, 0.7389976382255554], "frame_34": [0.6300190091133118, 0.3967916667461395, 0.05047471821308136, 0.04908960312604904, 0.2997213900089264, 0.35537856817245483, 0.02404193952679634, 0.02581804059445858, 0.6956983804702759], "frame_35": [0.6300233602523804, 0.396781325340271, 0.05046425014734268, 0.04909773916006088, 0.31576457619667053, 0.34045109152793884, 0.024428177624940872, 0.02595757320523262, 0.7072682976722717], "frame_36": [0.6301233172416687, 0.39695221185684204, 0.05077400058507919, 0.04928457364439964, 0.32884177565574646, 0.3303450644016266, 0.023890305310487747, 0.0267634280025959, 0.6903249621391296], "frame_37": [0.6301549673080444, 0.39695069193840027, 0.05084075778722763, 0.049286652356386185, 0.3417742848396301, 0.31903645396232605, 0.026005618274211884, 0.027613110840320587, 0.6870264410972595], "frame_38": [0.6301385760307312, 0.39668431878089905, 0.05091574043035507, 0.048784635961055756, 0.35637766122817993, 0.30937647819519043, 0.024737294763326645, 0.027040481567382812, 0.6839059591293335], "frame_39": [0.6301616430282593, 0.39670199155807495, 0.05103319138288498, 0.04882507398724556, 0.37043601274490356, 0.3010747730731964, 0.026653289794921875, 0.024864768609404564, 0.6771478652954102],