{"frame_0": [0.628385603427887, 0.39791569113731384, 0.05029144138097763, 0.048783790320158005, 0.5997748970985413, 0.46971333026885986, 0.021121300756931305, 0.023324966430664062, 0.15462224185466766], "frame_1": [0.6282415390014648, 0.39786791801452637, 0.049033354967832565, 0.04917030408978462, 0.5997748970985413, 0.46971333026885986, 0.021121300756931305, 0.023324966430664062, 0.12082438170909882], "frame_2": [0.6282256841659546, 0.39792007207870483, 0.049313947558403015, 0.04925066605210304, 0.5997748970985413, 0.46971333026885986, 0.021121300756931305, 0.023324966430664062, 0.12838676571846008], "frame_3": [0.628232479095459, 0.3979240953922272, 0.04936239495873451, 0.0492384172976017, 0.5997748970985413, 0.46971333026885986, 0.021121300756931305, 0.023324966430664062, 0.08568722009658813], "frame_4": [0.6282371282577515, 0.39791950583457947, 0.04931962862610817, 0.049223583191633224, 0.5997748970985413, 0.46971333026885986, 0.021121300756931305, 0.023324966430664062, 0.11214097589254379], "frame_5": [0.628253698348999, 0.39792174100875854, 0.04987907409667969, 0.049304284155368805, 0.5997748970985413, 0.46971333026885986, 0.021121300756931305, 0.023324966430664062, 0.2216147482395172], "frame_6": [0.6283499002456665, 0.39793145656585693, 0.04953575134277344, 0.04936540499329567, 0.5997748970985413, 0.46971333026885986, 0.021121300756931305, 0.023324966430664062, 0.26214146614074707], "frame_7": [0.6283474564552307, 0.3979591429233551, 0.04956953227519989, 0.04929029569029808, 0.5997748970985413, 0.46971333026885986, 0.021121300756931305, 0.023324966430664062, 0.30390745401382446], "frame_8": [0.6283239722251892, 0.39795684814453125, 0.0495205782353878, 0.04925744980573654, 0.5997748970985413, 0.46971333026885986, 0.021121300756931305, 0.023324966430664062, 0.29365357756614685], "frame_9": [0.6283380389213562, 0.39792513847351074, 0.04947204515337944, 0.04918653517961502, 0.5997748970985413, 0.46971333026885986, 0.021121300756931305, 0.023324966430664062, 0.34460878372192383], "frame_10": [0.6283589601516724, 0.3979468047618866, 0.04947624355554581, 0.049245961010456085, 0.5997748970985413, 0.46971333026885986, 0.021121300756931305, 0.023324966430664062, 0.33546262979507446], "frame_11": [0.6283608078956604, 0.3979414105415344, 0.04953032732009888, 0.04925736412405968, 0.5997748970985413, 0.46971333026885986, 0.021121300756931305, 0.023324966430664062, 0.4219941198825836], "frame_12": [0.6281529068946838, 0.3979114890098572, 0.049428388476371765, 0.04944390058517456, 0.5997748970985413, 0.46971333026885986, 0.021121300756931305, 0.023324966430664062, 0.4375333786010742], "frame_13": [0.6281244158744812, 0.3979072570800781, 0.04942215979099274, 0.04946916550397873, 0.5997748970985413, 0.46971333026885986, 0.021121300756931305, 0.023324966430664062, 0.4488237798213959], "frame_14": [0.6281289458274841, 0.3979108929634094, 0.04945831373333931, 0.04947539418935776, 0.5997748970985413, 0.46971333026885986, 0.021121300756931305, 0.023324966430664062, 0.4027940630912781], "frame_15": [0.6281197667121887, 0.397909939289093, 0.04942444711923599, 0.049483660608530045, 0.5997748970985413, 0.46971333026885986, 0.021121300756931305, 0.023324966430664062, 0.46906641125679016], "frame_16": [0.6281225681304932, 0.3978920876979828, 0.04935552924871445, 0.04947802051901817, 0.5997748970985413, 0.46971333026885986, 0.021121300756931305, 0.023324966430664062, 0.48310282826423645], "frame_17": [0.628114640712738, 0.39788955450057983, 0.04925499111413956, 0.04944708198308945, 0.5997748970985413, 0.46971333026885986, 0.021121300756931305, 0.023324966430664062, 0.47970619797706604], "frame_18": [0.6281204223632812, 0.39787283539772034, 0.04921913146972656, 0.04944542795419693, 0.5997748970985413, 0.46971333026885986, 0.021121300756931305, 0.023324966430664062, 0.47894054651260376], "frame_19": [0.6281204223632812, 0.3978859782218933, 0.04921302944421768, 0.049449242651462555, 0.5997748970985413, 0.46971333026885986, 0.021121300756931305, 0.023324966430664062, 0.5053952932357788], "frame_20": [0.6280912756919861, 0.3978945314884186, 0.0491967536509037, 0.0494554303586483, 0.5997748970985413, 0.46971333026885986, 0.021121300756931305, 0.023324966430664062, 0.4011663794517517], "frame_21": [0.6280980110168457, 0.39790454506874084, 0.04924621433019638, 0.04947013780474663, 0.5997748970985413, 0.46971333026885986, 0.021121300756931305, 0.023324966430664062, 0.5297620892524719], "frame_22": [0.6281111240386963, 0.3979349434375763, 0.04932645335793495, 0.049472637474536896, 0.429606556892395, 0.46422961354255676, 0.026879968121647835, 0.03104248084127903, 0.4921841621398926], "frame_23": [0.6280958652496338, 0.3979397118091583, 0.04929695278406143, 0.049479588866233826, 0.429606556892395, 0.46422961354255676, 0.026879968121647835, 0.03104248084127903, 0.5380672812461853], "frame_24": [0.6281883120536804, 0.3978855609893799, 0.04948272556066513, 0.04938943684101105, 0.4257301688194275, 0.4583723247051239, 0.02741851843893528, 0.030630875378847122, 0.44561681151390076], "frame_25": [0.6280444860458374, 0.39790475368499756, 0.0493595115840435, 0.049312081187963486, 0.4283131957054138, 0.45583122968673706, 0.028146743774414062, 0.02824418805539608, 0.334791898727417], "frame_26": [0.6280033588409424, 0.39795058965682983, 0.04918632656335831, 0.04929034039378166, 0.4283131957054138, 0.45583122968673706, 0.028146743774414062, 0.02824418805539608, 0.33245015144348145], "frame_27": [0.6280274391174316, 0.3979974389076233, 0.04941825941205025, 0.04926668852567673, 0.43534278869628906, 0.4374655783176422, 0.029464976862072945, 0.0302734375, 0.5486208200454712], "frame_28": [0.6280733942985535, 0.398017555475235, 0.049378205090761185, 0.04939647391438484, 0.4407815635204315, 0.4208586812019348, 0.026124445721507072, 0.02797393873333931, 0.5289313793182373], "frame_29": [0.6279354095458984, 0.39799752831459045, 0.04924163967370987, 0.04940427094697952, 0.4492393434047699, 0.4048367738723755, 0.023849105462431908, 0.025620566681027412, 0.772395670413971], "frame_30": [0.6279284358024597, 0.3980450928211212, 0.04936065524816513, 0.049449242651462555, 0.4553076922893524, 0.39052972197532654, 0.025610564276576042, 0.027592087164521217, 0.5840185880661011], "frame_31": [0.628002941608429, 0.39808884263038635, 0.04954643175005913, 0.049463823437690735, 0.46460333466529846, 0.3768059313297272, 0.028525246307253838, 0.02943895198404789, 0.7527968287467957], "frame_32": [0.6279316544532776, 0.398147851228714, 0.049421608448028564, 0.04966757073998451, 0.4748852550983429, 0.3646315634250641, 0.024018097668886185, 0.026967408135533333, 0.8059435486793518], "frame_33": [0.6279457211494446, 0.39817014336586, 0.04953969269990921, 0.04967905580997467, 0.4827877879142761, 0.35308074951171875, 0.024929216131567955, 0.02837456576526165, 0.8205087780952454], "frame_34": [0.6279334425926208, 0.39822274446487427, 0.04950696974992752, 0.04972517117857933, 0.491272896528244, 0.3448381721973419, 0.026179715991020203, 0.02954203262925148, 0.8034571409225464], "frame_35": [0.6279495358467102, 0.39825135469436646, 0.04954969510436058, 0.049777474254369736, 0.49969062209129333, 0.33477354049682617, 0.025415971875190735, 0.026359176263213158, 0.7914530634880066], "frame_36": [0.6280043721199036, 0.39815598726272583, 0.049073029309511185, 0.04974615201354027, 0.5069335103034973, 0.3271552622318268, 0.026457766070961952, 0.027412690222263336, 0.6788243055343628], "frame_37": [0.6281426548957825, 0.3981791138648987, 0.04938201978802681, 0.04975005239248276, 0.5156795382499695, 0.32148411870002747, 0.025258636102080345, 0.027385223656892776, 0.6702154278755188], "frame_38": [0.6281465291976929, 0.398215651512146, 0.0493411161005497, 0.04976929724216461, 0.5237305760383606, 0.3167731761932373, 0.023406218737363815, 0.024086762219667435, 0.6543483138084412],