{"frame_0": [0.6292136907577515, 0.399177223443985, 0.050568219274282455, 0.04824451729655266, 0.22437191009521484, 0.5673065781593323, 0.022619586437940598, 0.025127029046416283, 0.6255523562431335], "frame_1": [0.6290789246559143, 0.3989824950695038, 0.04969698563218117, 0.04869431257247925, 0.22584137320518494, 0.5667439103126526, 0.021938323974609375, 0.024773238226771355, 0.6656174659729004], "frame_2": [0.6290820837020874, 0.39889687299728394, 0.0497080497443676, 0.04855003207921982, 0.22637397050857544, 0.5663809180259705, 0.022277386859059334, 0.024210570380091667, 0.6682441830635071], "frame_3": [0.6291552186012268, 0.39889606833457947, 0.04991060867905617, 0.048462677747011185, 0.2270222157239914, 0.5664721727371216, 0.022784126922488213, 0.02333967387676239, 0.6906836628913879], "frame_4": [0.6291263103485107, 0.39893412590026855, 0.049627769738435745, 0.04840223491191864, 0.22715602815151215, 0.566468358039856, 0.022845182567834854, 0.023125838488340378, 0.731322169303894], "frame_5": [0.6291564702987671, 0.39891332387924194, 0.04965972900390625, 0.04843881353735924, 0.2274433970451355, 0.5667187571525574, 0.023200225085020065, 0.022728899493813515, 0.7458746433258057], "frame_6": [0.6290778517723083, 0.3989008665084839, 0.0496477335691452, 0.04821624606847763, 0.22790302336215973, 0.5664640665054321, 0.022882651537656784, 0.022842872887849808, 0.7548698782920837], "frame_7": [0.6290813684463501, 0.3989737629890442, 0.04969651997089386, 0.04812164232134819, 0.22883521020412445, 0.5665275454521179, 0.021695222705602646, 0.022569529712200165, 0.7625575661659241], "frame_8": [0.6290819048881531, 0.3989741802215576, 0.04968511685729027, 0.048116471618413925, 0.22975680232048035, 0.5667752027511597, 0.021663814783096313, 0.022735595703125, 0.7637640237808228], "frame_9": [0.6291136741638184, 0.3990662097930908, 0.04985762760043144, 0.04814249649643898, 0.23069101572036743, 0.5672764778137207, 0.0216416884213686, 0.02321489155292511, 0.7411706447601318], "frame_10": [0.629123330116272, 0.39908668398857117, 0.04990556463599205, 0.04808379337191582, 0.23246333003044128, 0.56687992811203, 0.020725907757878304, 0.023705292493104935, 0.7297033667564392], "frame_11": [0.6291230916976929, 0.39910244941711426, 0.04991662874817848, 0.04806721955537796, 0.23420363664627075, 0.566468358039856, 0.01972552388906479, 0.023591317236423492, 0.734296977519989], "frame_12": [0.6288972496986389, 0.3992931842803955, 0.04942190274596214, 0.048214975744485855, 0.23836633563041687, 0.5649797320365906, 0.020341916009783745, 0.022772978991270065, 0.7230002880096436], "frame_13": [0.6288920640945435, 0.39928629994392395, 0.04942436143755913, 0.04819628223776817, 0.24141812324523926, 0.5617529153823853, 0.02101421356201172, 0.021969815716147423, 0.684096097946167], "frame_14": [0.6289409399032593, 0.39925405383110046, 0.04953935369849205, 0.04824422299861908, 0.2451973408460617, 0.5570905208587646, 0.020984267815947533, 0.023267745971679688, 0.7141754627227783], "frame_15": [0.628905713558197, 0.3992207944393158, 0.0494595430791378, 0.04826232045888901, 0.24980218708515167, 0.5497161746025085, 0.018790245056152344, 0.02259521558880806, 0.7279413938522339], "frame_16": [0.6288503408432007, 0.39926207065582275, 0.049410246312618256, 0.04833895340561867, 0.24980218708515167, 0.5497161746025085, 0.018790245056152344, 0.02259521558880806, 0.7577140927314758], "frame_17": [0.6288551092147827, 0.39925524592399597, 0.0494537353515625, 0.04831865057349205, 0.24980218708515167, 0.5497161746025085, 0.018790245056152344, 0.02259521558880806, 0.7892856597900391], "frame_18": [0.6289186477661133, 0.3992357850074768, 0.04953040927648544, 0.04839871823787689, 0.2545897364616394, 0.5183759927749634, 0.022064972668886185, 0.022580336779356003, 0.7930225729942322], "frame_19": [0.6288865804672241, 0.3992326557636261, 0.04954812675714493, 0.04841558635234833, 0.2545897364616394, 0.5183759927749634, 0.022064972668886185, 0.022580336779356003, 0.7295936346054077], "frame_20": [0.6288909316062927, 0.3992323875427246, 0.049565888941287994, 0.04841240867972374, 0.2545897364616394, 0.5183759927749634, 0.022064972668886185, 0.022580336779356003, 0.7471960783004761], "frame_21": [0.62883460521698, 0.3992301821708679, 0.04940948635339737, 0.04840278625488281, 0.23257866501808167, 0.4850657284259796, 0.020382774993777275, 0.023862075060606003, 0.7657074332237244], "frame_22": [0.6288022398948669, 0.3992653787136078, 0.04931984096765518, 0.04840168356895447, 0.23257866501808167, 0.4850657284259796, 0.020382774993777275, 0.023862075060606003, 0.718903124332428], "frame_23": [0.6287280321121216, 0.3990646302700043, 0.04931776225566864, 0.04854872077703476, 0.23257866501808167, 0.4850657284259796, 0.020382774993777275, 0.023862075060606003, 0.723896861076355], "frame_24": [0.6293448805809021, 0.3991100788116455, 0.04998914897441864, 0.04824858903884888, 0.23257866501808167, 0.4850657284259796, 0.020382774993777275, 0.023862075060606003, 0.7678407430648804], "frame_25": [0.6293986439704895, 0.3991190195083618, 0.050095368176698685, 0.04823693260550499, 0.23257866501808167, 0.4850657284259796, 0.020382774993777275, 0.023862075060606003, 0.7650346755981445], "frame_26": [0.6294222474098206, 0.3991137146949768, 0.05011389032006264, 0.048230405896902084, 0.23257866501808167, 0.4850657284259796, 0.020382774993777275, 0.023862075060606003, 0.8035690784454346], "frame_27": [0.6294119358062744, 0.39912304282188416, 0.05009829252958298, 0.04823404923081398, 0.23257866501808167, 0.4850657284259796, 0.020382774993777275, 0.023862075060606003, 0.7585620880126953], "frame_28": [0.6294124126434326, 0.3991239666938782, 0.050100624561309814, 0.04823587089776993, 0.23257866501808167, 0.4850657284259796, 0.020382774993777275, 0.023862075060606003, 0.7996283173561096], "frame_29": [0.629274308681488, 0.3991963565349579, 0.049693383276462555, 0.04827122017741203, 0.23257866501808167, 0.4850657284259796, 0.020382774993777275, 0.023862075060606003, 0.8114617466926575], "frame_30": [0.6293007731437683, 0.39918890595436096, 0.04967842251062393, 0.04813893511891365, 0.21978382766246796, 0.41745132207870483, 0.02095947228372097, 0.023239262402057648, 0.8456792831420898], "frame_31": [0.6292330622673035, 0.3991937041282654, 0.04950141906738281, 0.04815673828125, 0.21978382766246796, 0.41745132207870483, 0.02095947228372097, 0.023239262402057648, 0.9032080769538879], "frame_32": [0.6292387247085571, 0.39919671416282654, 0.04951303452253342, 0.04816368967294693, 0.21978382766246796, 0.41745132207870483, 0.02095947228372097, 0.023239262402057648, 0.8830494284629822], "frame_33": [0.6292232871055603, 0.39918726682662964, 0.049548085778951645, 0.048187002539634705, 0.21978382766246796, 0.41745132207870483, 0.02095947228372097, 0.023239262402057648, 0.7983031868934631], "frame_34": [0.6292229294776917, 0.39918065071105957, 0.04954338073730469, 0.048162080347537994, 0.21978382766246796, 0.41745132207870483, 0.02095947228372097, 0.023239262402057648, 0.9446226358413696], "frame_35": [0.6292664408683777, 0.39925798773765564, 0.0496690534055233, 0.048052046447992325, 0.292683482170105, 0.3438462018966675, 0.022299088537693024, 0.0243221502751112, 0.961898684501648], "frame_36": [0.6290022134780884, 0.3995877206325531, 0.05041923373937607, 0.0482025146484375, 0.3078025281429291, 0.33428364992141724, 0.02337680384516716, 0.02510223351418972, 0.7889243960380554], "frame_37": [0.6292016506195068, 0.3994937539100647, 0.050718605518341064, 0.048040349036455154, 0.3230346143245697, 0.32376569509506226, 0.020880360156297684, 0.023834334686398506, 0.797248899936676], "frame_38": [0.629207968711853, 0.3994731605052948, 0.05074043199419975, 0.048092737793922424, 0.3378349244594574, 0.3147193491458893, 0.022028351202607155, 0.025282669812440872, 0.7569342851638794],