{"frame_0": [0.506931483745575, 0.40489551424980164, 0.04490157216787338, 0.04671906307339668, 0.5482643246650696, 0.49212127923965454, 0.020194074138998985, 0.022765900939702988, 0.8788548707962036], "frame_1": [0.5073389410972595, 0.4049891531467438, 0.04590398818254471, 0.04650811105966568, 0.5482643246650696, 0.49212127923965454, 0.020194074138998985, 0.022765900939702988, 0.8470542430877686], "frame_2": [0.5072413086891174, 0.40493515133857727, 0.04567926377058029, 0.04652540385723114, 0.5482643246650696, 0.49212127923965454, 0.020194074138998985, 0.022765900939702988, 0.9061925411224365], "frame_3": [0.5068340301513672, 0.4048994183540344, 0.04490966722369194, 0.04651171341538429, 0.5482643246650696, 0.49212127923965454, 0.020194074138998985, 0.022765900939702988, 0.9270531535148621], "frame_4": [0.5072579383850098, 0.40484118461608887, 0.04549522325396538, 0.046437837183475494, 0.5482643246650696, 0.49212127923965454, 0.020194074138998985, 0.022765900939702988, 0.9515766501426697], "frame_5": [0.507030725479126, 0.4048306345939636, 0.04528677091002464, 0.046561602503061295, 0.5482643246650696, 0.49212127923965454, 0.020194074138998985, 0.022765900939702988, 0.9426039457321167], "frame_6": [0.5068636536598206, 0.40473976731300354, 0.04517496004700661, 0.046463605016469955, 0.5482643246650696, 0.49212127923965454, 0.020194074138998985, 0.022765900939702988, 0.9448500871658325], "frame_7": [0.5069655776023865, 0.40480536222457886, 0.04537145793437958, 0.04651540145277977, 0.5482643246650696, 0.49212127923965454, 0.020194074138998985, 0.022765900939702988, 0.9584681987762451], "frame_8": [0.5069947838783264, 0.4048556983470917, 0.04549865797162056, 0.04659317806363106, 0.5482643246650696, 0.49212127923965454, 0.020194074138998985, 0.022765900939702988, 0.9348515272140503], "frame_9": [0.5070114135742188, 0.4047915041446686, 0.04551679641008377, 0.04646797105669975, 0.5482643246650696, 0.49212127923965454, 0.020194074138998985, 0.022765900939702988, 0.9211007356643677], "frame_10": [0.5069827437400818, 0.40475982427597046, 0.04532432556152344, 0.04636192321777344, 0.5482643246650696, 0.49212127923965454, 0.020194074138998985, 0.022765900939702988, 0.8900813460350037], "frame_11": [0.5069988369941711, 0.4047698676586151, 0.04519517719745636, 0.046422407031059265, 0.5482643246650696, 0.49212127923965454, 0.020194074138998985, 0.022765900939702988, 0.8409836888313293], "frame_12": [0.5074151754379272, 0.40465131402015686, 0.045781709253787994, 0.04586639255285263, 0.5482643246650696, 0.49212127923965454, 0.020194074138998985, 0.022765900939702988, 0.42603740096092224], "frame_13": [0.5073562264442444, 0.4046131670475006, 0.045735254883766174, 0.04579976573586464, 0.3228779137134552, 0.5336245894432068, 0.020059585571289062, 0.020427534356713295, 0.4284890294075012], "frame_14": [0.5074811577796936, 0.40465667843818665, 0.04593505710363388, 0.045945655554533005, 0.3157743513584137, 0.5271733403205872, 0.024633662775158882, 0.024941254407167435, 0.3296409249305725], "frame_15": [0.507343053817749, 0.40460407733917236, 0.04579192399978638, 0.045901108533144, 0.3089669644832611, 0.5186266303062439, 0.02437199465930462, 0.024619504809379578, 0.3413397967815399], "frame_16": [0.5074183940887451, 0.40462926030158997, 0.04601355642080307, 0.04592781141400337, 0.30210500955581665, 0.5141939520835876, 0.02486148476600647, 0.028472136706113815, 0.3099689483642578], "frame_17": [0.5074740648269653, 0.40470945835113525, 0.046178437769412994, 0.04605751112103462, 0.29491207003593445, 0.5091871619224548, 0.025019941851496696, 0.027176285162568092, 0.26560837030410767], "frame_18": [0.5073366761207581, 0.40460047125816345, 0.04591848701238632, 0.04592420905828476, 0.2886287569999695, 0.5040466785430908, 0.023700756952166557, 0.02652520127594471, 0.27368491888046265], "frame_19": [0.5074580907821655, 0.4045950174331665, 0.046141646802425385, 0.04593730345368385, 0.28303664922714233, 0.5011763572692871, 0.024170218035578728, 0.025300215929746628, 0.2839754521846771], "frame_20": [0.5074264407157898, 0.40461045503616333, 0.04610917717218399, 0.04602241516113281, 0.2773377597332001, 0.4977116882801056, 0.024520980194211006, 0.023728560656309128, 0.22899460792541504], "frame_21": [0.5074383616447449, 0.4046822786331177, 0.046143341809511185, 0.046091459691524506, 0.27218005061149597, 0.4949542284011841, 0.024137306958436966, 0.02505035325884819, 0.3228957951068878], "frame_22": [0.5074459314346313, 0.4046846032142639, 0.04616343230009079, 0.04612066596746445, 0.26881274580955505, 0.49232977628707886, 0.025969993323087692, 0.02521226741373539, 0.32442760467529297], "frame_23": [0.5074920058250427, 0.40467044711112976, 0.04620704799890518, 0.04612359032034874, 0.2650676369667053, 0.48835423588752747, 0.02542048506438732, 0.024435807019472122, 0.34232768416404724], "frame_24": [0.5076517462730408, 0.4048062562942505, 0.04634895175695419, 0.04565196484327316, 0.26284369826316833, 0.4843846559524536, 0.026211250573396683, 0.026070700958371162, 0.3893478810787201], "frame_25": [0.5075922012329102, 0.404801607131958, 0.046239472925662994, 0.045638952404260635, 0.2612479031085968, 0.4782596528530121, 0.025714069604873657, 0.0260162353515625, 0.5095459818840027], "frame_26": [0.5075896978378296, 0.40473589301109314, 0.04622870683670044, 0.045655738562345505, 0.26004377007484436, 0.4713720679283142, 0.0258539617061615, 0.026950962841510773, 0.5006776452064514], "frame_27": [0.5075647234916687, 0.40470534563064575, 0.046146392822265625, 0.04551154375076294, 0.25993096828460693, 0.4629670977592468, 0.025991249829530716, 0.027017423883080482, 0.35929620265960693], "frame_28": [0.507599949836731, 0.4047590494155884, 0.04627342149615288, 0.04558525234460831, 0.26191145181655884, 0.4526716470718384, 0.026047473773360252, 0.027022933587431908, 0.4417516887187958], "frame_29": [0.5075143575668335, 0.40477558970451355, 0.04621933773159981, 0.04565739259123802, 0.26704269647598267, 0.43724524974823, 0.026560211554169655, 0.026511382311582565, 0.49810659885406494], "frame_30": [0.5075510740280151, 0.4048577547073364, 0.04636133089661598, 0.04575805738568306, 0.27529674768447876, 0.41976138949394226, 0.02572735771536827, 0.027952490374445915, 0.745315670967102], "frame_31": [0.5075226426124573, 0.4048909544944763, 0.04631805419921875, 0.04577759653329849, 0.28444549441337585, 0.40180855989456177, 0.02488146908581257, 0.026419660076498985, 0.7171850204467773], "frame_32": [0.5074828267097473, 0.4048478901386261, 0.04615173488855362, 0.04585075378417969, 0.29541638493537903, 0.38741204142570496, 0.023438835516572, 0.027090707793831825, 0.7521033883094788], "frame_33": [0.5075147151947021, 0.4047721028327942, 0.046164702624082565, 0.04579031094908714, 0.3041694164276123, 0.3720342814922333, 0.021359147503972054, 0.025728989392518997, 0.7142139673233032], "frame_34": [0.5074689984321594, 0.404816597700119, 0.04599198326468468, 0.04592323303222656, 0.31336233019828796, 0.3602718412876129, 0.021456442773342133, 0.02675817348062992, 0.6129201650619507], "frame_35": [0.5074632167816162, 0.40479958057403564, 0.04598303884267807, 0.045909583568573, 0.3237352669239044, 0.34817013144493103, 0.019464874640107155, 0.024011993780732155, 0.6005894541740417], "frame_36": [0.5070263743400574, 0.40501973032951355, 0.045376673340797424, 0.04662560299038887, 0.3334241509437561, 0.33852821588516235, 0.023301314562559128, 0.026614677160978317, 0.6144025921821594], "frame_37": [0.5074377059936523, 0.40496397018432617, 0.04597443342208862, 0.046468693763017654, 0.34204337000846863, 0.328092485666275, 0.02557373046875, 0.027482710778713226, 0.5490217804908752], "frame_38": [0.5069483518600464, 0.4049636125564575, 0.04526413977146149, 0.04665811359882355, 0.35172221064567566, 0.32055342197418213, 0.02420586533844471, 0.02515479177236557, 0.44561824202537537],