{"frame_0": [0.6299115419387817, 0.3958360552787781, 0.04891768470406532, 0.04978074133396149, 0.6125009059906006, 0.49106353521347046, 0.022591780871152878, 0.024423599243164062, 0.5999742150306702], "frame_1": [0.6297048330307007, 0.39588889479637146, 0.049080658704042435, 0.049239519983530045, 0.4780145287513733, 0.5368195176124573, 0.022154998034238815, 0.024548042565584183, 0.5457313060760498], "frame_2": [0.6296178102493286, 0.39588266611099243, 0.04896973446011543, 0.049176450818777084, 0.47414636611938477, 0.5463763475418091, 0.02337019145488739, 0.025623703375458717, 0.5553813576698303], "frame_3": [0.6296952366828918, 0.3959633708000183, 0.048996564000844955, 0.04918556287884712, 0.46903467178344727, 0.554333508014679, 0.022052383050322533, 0.025046920403838158, 0.5791975259780884], "frame_4": [0.629679262638092, 0.39591675996780396, 0.04899923503398895, 0.04926452785730362, 0.46903467178344727, 0.554333508014679, 0.022052383050322533, 0.025046920403838158, 0.6589661240577698], "frame_5": [0.6298033595085144, 0.3958611488342285, 0.04931763559579849, 0.0492326095700264, 0.46903467178344727, 0.554333508014679, 0.022052383050322533, 0.025046920403838158, 0.6698344349861145], "frame_6": [0.6298249363899231, 0.3957875669002533, 0.04938964918255806, 0.04915953800082207, 0.46903467178344727, 0.554333508014679, 0.022052383050322533, 0.025046920403838158, 0.7514560222625732], "frame_7": [0.6298916339874268, 0.39589157700538635, 0.049424488097429276, 0.04920586571097374, 0.46903467178344727, 0.554333508014679, 0.022052383050322533, 0.025046920403838158, 0.8569741249084473], "frame_8": [0.6299384832382202, 0.39596760272979736, 0.049533165991306305, 0.04924960806965828, 0.46903467178344727, 0.554333508014679, 0.022052383050322533, 0.025046920403838158, 0.8586822152137756], "frame_9": [0.6298645734786987, 0.3959198296070099, 0.04951591417193413, 0.04911753162741661, 0.46903467178344727, 0.554333508014679, 0.022052383050322533, 0.025046920403838158, 0.8982824683189392], "frame_10": [0.6296240091323853, 0.3958956301212311, 0.04920540004968643, 0.04933145269751549, 0.46903467178344727, 0.554333508014679, 0.022052383050322533, 0.025046920403838158, 0.913135290145874], "frame_11": [0.629601776599884, 0.3959294259548187, 0.049221038818359375, 0.0493452288210392, 0.46903467178344727, 0.554333508014679, 0.022052383050322533, 0.025046920403838158, 0.9313869476318359], "frame_12": [0.629726767539978, 0.39594119787216187, 0.049138471484184265, 0.049302078783512115, 0.46903467178344727, 0.554333508014679, 0.022052383050322533, 0.025046920403838158, 0.94002765417099], "frame_13": [0.6298067569732666, 0.3959280252456665, 0.04920141398906708, 0.04928779602050781, 0.46903467178344727, 0.554333508014679, 0.022052383050322533, 0.025046920403838158, 0.9607012867927551], "frame_14": [0.6297498941421509, 0.3957315981388092, 0.04909706115722656, 0.048886872828006744, 0.46903467178344727, 0.554333508014679, 0.022052383050322533, 0.025046920403838158, 0.9782367944717407], "frame_15": [0.6298249959945679, 0.39573100209236145, 0.04909222945570946, 0.04885512590408325, 0.46903467178344727, 0.554333508014679, 0.022052383050322533, 0.025046920403838158, 0.9932758212089539], "frame_16": [0.629815399646759, 0.3957121968269348, 0.04894544929265976, 0.04878026992082596, 0.46903467178344727, 0.554333508014679, 0.022052383050322533, 0.025046920403838158, 0.9951061010360718], "frame_17": [0.6297523379325867, 0.39570897817611694, 0.04881608858704567, 0.04872864484786987, 0.46903467178344727, 0.554333508014679, 0.022052383050322533, 0.025046920403838158, 0.9966239929199219], "frame_18": [0.6297948360443115, 0.39571377635002136, 0.04890463128685951, 0.048726823180913925, 0.46903467178344727, 0.554333508014679, 0.022052383050322533, 0.025046920403838158, 0.9613898992538452], "frame_19": [0.6296663284301758, 0.395723819732666, 0.04886114224791527, 0.04883257672190666, 0.46903467178344727, 0.554333508014679, 0.022052383050322533, 0.025046920403838158, 0.7745650410652161], "frame_20": [0.6296051144599915, 0.3957298994064331, 0.048817191272974014, 0.04879951477050781, 0.46903467178344727, 0.554333508014679, 0.022052383050322533, 0.025046920403838158, 0.5786226987838745], "frame_21": [0.6296144127845764, 0.39573320746421814, 0.0488305427134037, 0.04884732514619827, 0.46903467178344727, 0.554333508014679, 0.022052383050322533, 0.025046920403838158, 0.5085294842720032], "frame_22": [0.629743218421936, 0.3957367241382599, 0.04902581125497818, 0.048794470727443695, 0.46903467178344727, 0.554333508014679, 0.022052383050322533, 0.025046920403838158, 0.5115079879760742], "frame_23": [0.629744827747345, 0.39571812748908997, 0.04906463623046875, 0.04875365272164345, 0.46903467178344727, 0.554333508014679, 0.022052383050322533, 0.025046920403838158, 0.3648354113101959], "frame_24": [0.6301200985908508, 0.395746111869812, 0.049405287951231, 0.048625648021698, 0.46903467178344727, 0.554333508014679, 0.022052383050322533, 0.025046920403838158, 0.32874956727027893], "frame_25": [0.6300898194313049, 0.3957529664039612, 0.049405287951231, 0.04862518236041069, 0.46903467178344727, 0.554333508014679, 0.022052383050322533, 0.025046920403838158, 0.30541136860847473], "frame_26": [0.6298403143882751, 0.3957952857017517, 0.0490984171628952, 0.04865311458706856, 0.4471934735774994, 0.5147920250892639, 0.025683296844363213, 0.031588364392519, 0.289357990026474], "frame_27": [0.6298412084579468, 0.39583820104599, 0.048996564000844955, 0.04869774729013443, 0.4471934735774994, 0.5147920250892639, 0.025683296844363213, 0.031588364392519, 0.28434643149375916], "frame_28": [0.629883885383606, 0.39594608545303345, 0.049282245337963104, 0.04878930002450943, 0.44976475834846497, 0.48173385858535767, 0.023674393072724342, 0.025869963690638542, 0.44807732105255127], "frame_29": [0.6298892498016357, 0.39594095945358276, 0.04936103895306587, 0.04872233048081398, 0.4557947814464569, 0.46291759610176086, 0.025037765502929688, 0.026416566222906113, 0.6930080652236938], "frame_30": [0.6300026774406433, 0.39599618315696716, 0.049813080579042435, 0.04879828542470932, 0.4626307189464569, 0.445157527923584, 0.03137533366680145, 0.031183073297142982, 0.8101148009300232], "frame_31": [0.6299960613250732, 0.39592936635017395, 0.049901749938726425, 0.048892974853515625, 0.4744494557380676, 0.4269912838935852, 0.022552490234375, 0.02228681743144989, 0.8365209698677063], "frame_32": [0.6300591230392456, 0.3959972858428955, 0.049940407276153564, 0.04875623807311058, 0.48089760541915894, 0.4116893410682678, 0.026171494275331497, 0.024118805304169655, 0.7977064251899719], "frame_33": [0.6300209760665894, 0.39602330327033997, 0.0498436838388443, 0.04880065843462944, 0.4902288317680359, 0.3941097557544708, 0.02490997314453125, 0.027522532269358635, 0.8312048316001892], "frame_34": [0.6300064325332642, 0.3960549533367157, 0.049902938306331635, 0.048791587352752686, 0.4981212317943573, 0.3779209554195404, 0.024272536858916283, 0.02552439458668232, 0.706841230392456], "frame_35": [0.6300331354141235, 0.39615583419799805, 0.050063833594322205, 0.048903994262218475, 0.50534987449646, 0.36701294779777527, 0.023425674065947533, 0.025895288214087486, 0.6811515688896179], "frame_36": [0.6299506425857544, 0.3960247337818146, 0.049803756177425385, 0.04919280856847763, 0.5129377841949463, 0.35530781745910645, 0.022665617987513542, 0.02505512163043022, 0.8367959260940552], "frame_37": [0.6300050616264343, 0.3960511088371277, 0.04997100681066513, 0.049217816442251205, 0.5204837918281555, 0.34588584303855896, 0.02549591101706028, 0.028072845190763474, 0.6541700959205627], "frame_38": [0.629936695098877, 0.39598286151885986, 0.04995286837220192, 0.049176450818777084, 0.5269570350646973, 0.33650150895118713, 0.02735273540019989, 0.029788123443722725, 0.24003396928310394], "frame_39": [0.629905104637146, 0.3958073556423187, 0.04986517131328583, 0.049102868884801865, 0.5340878963470459, 0.3292757570743561, 0.023950958624482155, 0.02732916921377182, 0.4450654983520508],