{"frame_0": [0.6296480894088745, 0.3957233726978302, 0.0484628900885582, 0.04995647072792053, 0.6131482124328613, 0.45034530758857727, 0.02303026057779789, 0.02645568922162056, 0.9892069101333618], "frame_1": [0.6294509172439575, 0.3959251940250397, 0.04873017221689224, 0.049715932458639145, 0.6131482124328613, 0.45034530758857727, 0.02303026057779789, 0.02645568922162056, 0.9649823307991028], "frame_2": [0.629587709903717, 0.39585956931114197, 0.04886627197265625, 0.049704741686582565, 0.6131482124328613, 0.45034530758857727, 0.02303026057779789, 0.02645568922162056, 0.9590969085693359], "frame_3": [0.629679799079895, 0.3959521949291229, 0.04902297258377075, 0.049673378467559814, 0.6131482124328613, 0.45034530758857727, 0.02303026057779789, 0.02645568922162056, 0.930024266242981], "frame_4": [0.6297574043273926, 0.39598533511161804, 0.0488722063601017, 0.049696434289216995, 0.6131482124328613, 0.45034530758857727, 0.02303026057779789, 0.02645568922162056, 0.9733306169509888], "frame_5": [0.6297851800918579, 0.3959941565990448, 0.048941802233457565, 0.0496782511472702, 0.6131482124328613, 0.45034530758857727, 0.02303026057779789, 0.02645568922162056, 0.9388962984085083], "frame_6": [0.6297866702079773, 0.39599788188934326, 0.04883231967687607, 0.04964061453938484, 0.6131482124328613, 0.45034530758857727, 0.02303026057779789, 0.02645568922162056, 0.8962553143501282], "frame_7": [0.6298304796218872, 0.39599770307540894, 0.0489155650138855, 0.04961463063955307, 0.6131482124328613, 0.45034530758857727, 0.02303026057779789, 0.02645568922162056, 0.9420698881149292], "frame_8": [0.6298860907554626, 0.39596810936927795, 0.04903106763958931, 0.04963264614343643, 0.6131482124328613, 0.45034530758857727, 0.02303026057779789, 0.02645568922162056, 0.9647764563560486], "frame_9": [0.6298888921737671, 0.39594870805740356, 0.04908650740981102, 0.04957771301269531, 0.38906216621398926, 0.6154385209083557, 0.023164283484220505, 0.0272064208984375, 0.9405134320259094], "frame_10": [0.6298738121986389, 0.39589428901672363, 0.04896591976284981, 0.04958190768957138, 0.38906216621398926, 0.6154385209083557, 0.023164283484220505, 0.0272064208984375, 0.9342706799507141], "frame_11": [0.6298540830612183, 0.39574551582336426, 0.04889547452330589, 0.04922676086425781, 0.38906216621398926, 0.6154385209083557, 0.023164283484220505, 0.0272064208984375, 0.8052921891212463], "frame_12": [0.6297904849052429, 0.3957025408744812, 0.048859234899282455, 0.04880867153406143, 0.38906216621398926, 0.6154385209083557, 0.023164283484220505, 0.0272064208984375, 0.6978194713592529], "frame_13": [0.6297944784164429, 0.3956998288631439, 0.04885139316320419, 0.04881926625967026, 0.38906216621398926, 0.6154385209083557, 0.023164283484220505, 0.0272064208984375, 0.4911171793937683], "frame_14": [0.6297940015792847, 0.3956855833530426, 0.048893991857767105, 0.04885254055261612, 0.38906216621398926, 0.6154385209083557, 0.023164283484220505, 0.0272064208984375, 0.43924787640571594], "frame_15": [0.6297892332077026, 0.39566242694854736, 0.04896736145019531, 0.04887598007917404, 0.38906216621398926, 0.6154385209083557, 0.023164283484220505, 0.0272064208984375, 0.2530170679092407], "frame_16": [0.6297902464866638, 0.3956555724143982, 0.04897727817296982, 0.04885779321193695, 0.38906216621398926, 0.6154385209083557, 0.023164283484220505, 0.0272064208984375, 0.3348980247974396], "frame_17": [0.6297545433044434, 0.3956606686115265, 0.04896295443177223, 0.04881299287080765, 0.38906216621398926, 0.6154385209083557, 0.023164283484220505, 0.0272064208984375, 0.359687864780426], "frame_18": [0.6297829747200012, 0.39569514989852905, 0.04902971163392067, 0.04885965958237648, 0.38906216621398926, 0.6154385209083557, 0.023164283484220505, 0.0272064208984375, 0.4225749373435974], "frame_19": [0.6297844648361206, 0.39568769931793213, 0.048990461975336075, 0.04887733608484268, 0.38906216621398926, 0.6154385209083557, 0.023164283484220505, 0.0272064208984375, 0.3942010998725891], "frame_20": [0.6297930479049683, 0.39571714401245117, 0.04901483282446861, 0.048960112035274506, 0.3922416567802429, 0.49652430415153503, 0.02516411617398262, 0.028730900958180428, 0.3559732437133789], "frame_21": [0.6297953724861145, 0.39571863412857056, 0.049110326915979385, 0.04895523935556412, 0.3928568661212921, 0.49537330865859985, 0.025836309418082237, 0.028798675164580345, 0.35672783851623535], "frame_22": [0.6297826766967773, 0.39569923281669617, 0.04907849803566933, 0.04891904070973396, 0.39277535676956177, 0.4947914183139801, 0.02702789381146431, 0.02969750389456749, 0.29894542694091797], "frame_23": [0.6298300623893738, 0.39573487639427185, 0.04918128252029419, 0.048810407519340515, 0.3931429088115692, 0.4926893413066864, 0.027966901659965515, 0.029165862128138542, 0.317933052778244], "frame_24": [0.6299780011177063, 0.3957185447216034, 0.04949218034744263, 0.04876958951354027, 0.3937875032424927, 0.4871290326118469, 0.02899780310690403, 0.029314804822206497, 0.40845322608947754], "frame_25": [0.6299957633018494, 0.39570724964141846, 0.04935438185930252, 0.048856861889362335, 0.3946705758571625, 0.4813736081123352, 0.029183367267251015, 0.029675377532839775, 0.4231712520122528], "frame_26": [0.6299823522567749, 0.39569661021232605, 0.049281395971775055, 0.048824481666088104, 0.39694714546203613, 0.47367507219314575, 0.0323631726205349, 0.03124084509909153, 0.3723353147506714], "frame_27": [0.6299665570259094, 0.3957025408744812, 0.04924219101667404, 0.04876619949936867, 0.39941224455833435, 0.4641214907169342, 0.032264117151498795, 0.0328226312994957, 0.47522780299186707], "frame_28": [0.6299726963043213, 0.3956851661205292, 0.04922472685575485, 0.048717200756073, 0.39941224455833435, 0.4641214907169342, 0.032264117151498795, 0.0328226312994957, 0.5884426236152649], "frame_29": [0.6299271583557129, 0.39567869901657104, 0.04918670654296875, 0.0487186424434185, 0.39941224455833435, 0.4641214907169342, 0.032264117151498795, 0.0328226312994957, 0.7259631156921387], "frame_30": [0.6299623250961304, 0.39567673206329346, 0.049291230738162994, 0.048597801476716995, 0.4200386106967926, 0.4066731333732605, 0.02712249755859375, 0.03262024000287056, 0.7373552322387695], "frame_31": [0.62999027967453, 0.39571842551231384, 0.049467552453279495, 0.048770055174827576, 0.4272010028362274, 0.3827812969684601, 0.028139708563685417, 0.03402722626924515, 0.43230536580085754], "frame_32": [0.6300076246261597, 0.3957329988479614, 0.04954511672258377, 0.048777345567941666, 0.4361901879310608, 0.36196133494377136, 0.026131989434361458, 0.03345050662755966, 0.8207864165306091], "frame_33": [0.6300327181816101, 0.3957543969154358, 0.049655064940452576, 0.048910100013017654, 0.44508951902389526, 0.34258148074150085, 0.026317596435546875, 0.029345808550715446, 0.7200487852096558], "frame_34": [0.6300395727157593, 0.39575085043907166, 0.04960212856531143, 0.048967573791742325, 0.45349282026290894, 0.32623976469039917, 0.025476159527897835, 0.03247345983982086, 0.8117793202400208], "frame_35": [0.630023717880249, 0.39577215909957886, 0.04959678649902344, 0.048732247203588486, 0.46173545718193054, 0.31088969111442566, 0.024954605847597122, 0.031938932836055756, 0.7189160585403442], "frame_36": [0.6300002336502075, 0.39588233828544617, 0.04889564588665962, 0.04887682572007179, 0.4694768190383911, 0.2969931662082672, 0.027075577527284622, 0.030374377965927124, 0.7176294326782227], "frame_37": [0.6299676895141602, 0.3958355784416199, 0.04878900200128555, 0.0489383265376091, 0.47674933075904846, 0.2812906801700592, 0.025749970227479935, 0.03610873594880104, 0.5586938261985779], "frame_38": [0.630126416683197, 0.3958205282688141, 0.04870016127824783, 0.04895210266113281, 0.486083984375, 0.2717210650444031, 0.02521158941090107, 0.029269324615597725, 0.3480917811393738], "frame_39": [0.630121111869812, 0.39584922790527344, 0.04862234368920326, 0.04898783192038536, 0.49329784512519836, 0.2633305788040161, 0.026436317712068558, 0.03172940015792847, 0.23115311563014984],