{"frame_0": [0.5077042579650879, 0.4048636555671692, 0.04596519470214844, 0.04706976190209389, 0.5262949466705322, 0.47941505908966064, 0.021927939727902412, 0.023213576525449753, 0.9666755795478821], "frame_1": [0.5074886679649353, 0.40485790371894836, 0.045323945581912994, 0.04684740677475929, 0.5262949466705322, 0.47941505908966064, 0.021927939727902412, 0.023213576525449753, 0.9963828325271606], "frame_2": [0.507533848285675, 0.40493637323379517, 0.04547165706753731, 0.04692412540316582, 0.5262949466705322, 0.47941505908966064, 0.021927939727902412, 0.023213576525449753, 0.9645146131515503], "frame_3": [0.5074302554130554, 0.40492647886276245, 0.045449234545230865, 0.04701966047286987, 0.5262949466705322, 0.47941505908966064, 0.021927939727902412, 0.023213576525449753, 0.9510793089866638], "frame_4": [0.5075541734695435, 0.4049215614795685, 0.045693885535001755, 0.04706154018640518, 0.5262949466705322, 0.47941505908966064, 0.021927939727902412, 0.023213576525449753, 0.899529218673706], "frame_5": [0.5076107382774353, 0.40494927763938904, 0.045870207250118256, 0.04699096828699112, 0.5262949466705322, 0.47941505908966064, 0.021927939727902412, 0.023213576525449753, 0.8811166882514954], "frame_6": [0.507559061050415, 0.40494900941848755, 0.0458265095949173, 0.04691369831562042, 0.5262949466705322, 0.47941505908966064, 0.021927939727902412, 0.023213576525449753, 0.8002313375473022], "frame_7": [0.5075528025627136, 0.40493038296699524, 0.045790694653987885, 0.04690759629011154, 0.5262949466705322, 0.47941505908966064, 0.021927939727902412, 0.023213576525449753, 0.29588234424591064], "frame_8": [0.5075231194496155, 0.40490612387657166, 0.045738134533166885, 0.046800315380096436, 0.5262949466705322, 0.47941505908966064, 0.021927939727902412, 0.023213576525449753, 0.331232488155365], "frame_9": [0.5073789954185486, 0.40488848090171814, 0.04556109011173248, 0.04674720764160156, 0.5262949466705322, 0.47941505908966064, 0.021927939727902412, 0.023213576525449753, 0.32790058851242065], "frame_10": [0.5073837041854858, 0.4048900306224823, 0.045615557581186295, 0.04675483703613281, 0.5262949466705322, 0.47941505908966064, 0.021927939727902412, 0.023213576525449753, 0.21013422310352325], "frame_11": [0.5074303150177002, 0.40488511323928833, 0.045666757971048355, 0.046776581555604935, 0.5262949466705322, 0.47941505908966064, 0.021927939727902412, 0.023213576525449753, 0.22802047431468964], "frame_12": [0.5077650547027588, 0.4045894742012024, 0.0455142967402935, 0.046913061290979385, 0.3576306700706482, 0.5116252303123474, 0.02423756942152977, 0.028195105493068695, 0.28547951579093933], "frame_13": [0.507773756980896, 0.4046030640602112, 0.04555481672286987, 0.0468946248292923, 0.3576306700706482, 0.5116252303123474, 0.02423756942152977, 0.028195105493068695, 0.32484835386276245], "frame_14": [0.5077679753303528, 0.40460264682769775, 0.045538246631622314, 0.04699261859059334, 0.3576306700706482, 0.5116252303123474, 0.02423756942152977, 0.028195105493068695, 0.3402120769023895], "frame_15": [0.5078184604644775, 0.4046344757080078, 0.0458516851067543, 0.046930015087127686, 0.34726452827453613, 0.49437230825424194, 0.02223309502005577, 0.021795950829982758, 0.30550965666770935], "frame_16": [0.5078703761100769, 0.4045723080635071, 0.045873261988162994, 0.04679344967007637, 0.34474971890449524, 0.49106189608573914, 0.020711665973067284, 0.02197265625, 0.37792477011680603], "frame_17": [0.5078354477882385, 0.4045424461364746, 0.04578416794538498, 0.04672614112496376, 0.3426835238933563, 0.48860329389572144, 0.021024640649557114, 0.021654892712831497, 0.3910551071166992], "frame_18": [0.5078195333480835, 0.40452414751052856, 0.04569604620337486, 0.04683180898427963, 0.3402009606361389, 0.4870116412639618, 0.022613525390625, 0.021717453375458717, 0.3663785457611084], "frame_19": [0.5078175663948059, 0.40451693534851074, 0.04574296623468399, 0.04684478044509888, 0.33811408281326294, 0.4852713644504547, 0.022003067657351494, 0.022028138861060143, 0.40075424313545227], "frame_20": [0.5078504681587219, 0.4045366048812866, 0.04585897549986839, 0.04684325307607651, 0.33626309037208557, 0.4841221570968628, 0.022166062146425247, 0.02244550921022892, 0.3690226674079895], "frame_21": [0.5078666806221008, 0.4045928120613098, 0.045967865735292435, 0.04676950350403786, 0.3353732228279114, 0.4825024902820587, 0.021881675347685814, 0.022875679656863213, 0.41185808181762695], "frame_22": [0.5079086422920227, 0.40458017587661743, 0.04599626362323761, 0.04683214798569679, 0.3347351849079132, 0.4819202721118927, 0.023112868890166283, 0.024416733533143997, 0.3426315486431122], "frame_23": [0.5079056024551392, 0.40464672446250916, 0.046156056225299835, 0.04691992700099945, 0.33470776677131653, 0.48099711537361145, 0.02318168245255947, 0.026075489819049835, 0.39589810371398926], "frame_24": [0.5081280469894409, 0.4047478437423706, 0.04679243266582489, 0.04649832099676132, 0.33384013175964355, 0.47888755798339844, 0.022934531792998314, 0.02573242224752903, 0.4050610661506653], "frame_25": [0.5080674886703491, 0.40476277470588684, 0.04673004150390625, 0.04653367027640343, 0.3334253430366516, 0.4762779176235199, 0.02354583702981472, 0.02557745948433876, 0.4510393738746643], "frame_26": [0.5080680847167969, 0.40475761890411377, 0.046783447265625, 0.04650247469544411, 0.33331769704818726, 0.47398555278778076, 0.023741044104099274, 0.026356039568781853, 0.4081006944179535], "frame_27": [0.5080857276916504, 0.4047901928424835, 0.046858977526426315, 0.046469878405332565, 0.33335769176483154, 0.47018370032310486, 0.025813357904553413, 0.02631140872836113, 0.44025179743766785], "frame_28": [0.5080726146697998, 0.4047935903072357, 0.04678802564740181, 0.04648149386048317, 0.3350354731082916, 0.46334466338157654, 0.02458987757563591, 0.02439100481569767, 0.5172012448310852], "frame_29": [0.5080662965774536, 0.4048233926296234, 0.04681960120797157, 0.046511460095644, 0.3377436399459839, 0.4562232494354248, 0.024025535210967064, 0.02836015447974205, 0.5172752141952515], "frame_30": [0.50812828540802, 0.4048311114311218, 0.04691649600863457, 0.04649263992905617, 0.34420180320739746, 0.4383845031261444, 0.02229003980755806, 0.023619292303919792, 0.5721957087516785], "frame_31": [0.5079247951507568, 0.40485474467277527, 0.04675848037004471, 0.04656317085027695, 0.3522023856639862, 0.42289742827415466, 0.022849485278129578, 0.02392120286822319, 0.7063348889350891], "frame_32": [0.5079416036605835, 0.40485745668411255, 0.04659165441989899, 0.04668032377958298, 0.3608030080795288, 0.4104698598384857, 0.02100658416748047, 0.02585991844534874, 0.718980073928833], "frame_33": [0.5080153346061707, 0.40485772490501404, 0.0468030720949173, 0.04674525931477547, 0.3681425452232361, 0.3965122103691101, 0.022136475890874863, 0.026629045605659485, 0.7068760991096497], "frame_34": [0.5080558061599731, 0.40486618876457214, 0.046788617968559265, 0.046786118298769, 0.37542641162872314, 0.38619330525398254, 0.02288140170276165, 0.026785701513290405, 0.66154944896698], "frame_35": [0.5080389976501465, 0.40487366914749146, 0.04670431464910507, 0.046812694519758224, 0.3833623230457306, 0.3750188946723938, 0.026669608429074287, 0.025974782183766365, 0.775301992893219], "frame_36": [0.5081819295883179, 0.4046151041984558, 0.04737646132707596, 0.046547867357730865, 0.3913460969924927, 0.3654717206954956, 0.023291099816560745, 0.02454289421439171, 0.7403320074081421], "frame_37": [0.5081640481948853, 0.4045945107936859, 0.04735900089144707, 0.04668494313955307, 0.3988243043422699, 0.35761794447898865, 0.024882210418581963, 0.02534978650510311, 0.7174506187438965], "frame_38": [0.5082427263259888, 0.4045414924621582, 0.04750366136431694, 0.04650336503982544, 0.405448317527771, 0.35233598947525024, 0.026515578851103783, 0.027862973511219025, 0.6562339663505554],