{"frame_0": [0.6290086507797241, 0.3985481560230255, 0.05010833591222763, 0.04938879981637001, 0.5249572992324829, 0.45426440238952637, 0.02249908447265625, 0.02646264061331749, 0.5480927228927612], "frame_1": [0.6287080645561218, 0.3985079824924469, 0.04928380995988846, 0.049772560596466064, 0.5219188332557678, 0.46135440468788147, 0.019344625994563103, 0.024802017956972122, 0.5449252128601074], "frame_2": [0.628684401512146, 0.39849674701690674, 0.04905527085065842, 0.04967935383319855, 0.5207359194755554, 0.46473291516304016, 0.0201280377805233, 0.025008391588926315, 0.579853892326355], "frame_3": [0.6285536289215088, 0.3984659016132355, 0.04908807575702667, 0.04953642934560776, 0.5196503400802612, 0.46636390686035156, 0.019512346014380455, 0.025226423516869545, 0.5902028679847717], "frame_4": [0.628620982170105, 0.3985060751438141, 0.049151524901390076, 0.04959750548005104, 0.5189287662506104, 0.4670228660106659, 0.019793320447206497, 0.025054719299077988, 0.5600437521934509], "frame_5": [0.6284980773925781, 0.3984869122505188, 0.049431778490543365, 0.04956787824630737, 0.5200426578521729, 0.465410441160202, 0.018971040844917297, 0.024132240563631058, 0.5636979937553406], "frame_6": [0.6284685730934143, 0.3985119163990021, 0.04917276278138161, 0.0496646873652935, 0.5210615396499634, 0.46188974380493164, 0.019536886364221573, 0.023898696526885033, 0.5254712104797363], "frame_7": [0.6286157369613647, 0.39853179454803467, 0.0492800809442997, 0.049674224108457565, 0.5210615396499634, 0.46188974380493164, 0.019536886364221573, 0.023898696526885033, 0.5980943441390991], "frame_8": [0.6284637451171875, 0.3986339271068573, 0.04931030422449112, 0.04987059533596039, 0.5242971777915955, 0.44125819206237793, 0.019802983850240707, 0.025179291144013405, 0.5566815733909607], "frame_9": [0.6284860372543335, 0.3986510932445526, 0.04919641464948654, 0.049783919006586075, 0.5303062200546265, 0.4281153380870819, 0.019878387451171875, 0.024051453918218613, 0.5622715353965759], "frame_10": [0.6283360719680786, 0.39857611060142517, 0.04848870262503624, 0.04977972060441971, 0.5346375107765198, 0.4146631956100464, 0.020055856555700302, 0.024306699633598328, 0.5697249174118042], "frame_11": [0.6283515691757202, 0.3984757661819458, 0.048250749707221985, 0.04974297434091568, 0.5396673679351807, 0.40230873227119446, 0.019786283373832703, 0.021255111321806908, 0.4823862910270691], "frame_12": [0.6284494400024414, 0.39858949184417725, 0.04851960018277168, 0.05023667961359024, 0.5435531735420227, 0.39112040400505066, 0.02233276329934597, 0.025672530755400658, 0.4402918815612793], "frame_13": [0.6284118890762329, 0.39855271577835083, 0.04874216765165329, 0.05024757236242294, 0.5435531735420227, 0.39112040400505066, 0.02233276329934597, 0.025672530755400658, 0.523756206035614], "frame_14": [0.6284868717193604, 0.3986092805862427, 0.04920463636517525, 0.050236597657203674, 0.5540239810943604, 0.3720657229423523, 0.021918954327702522, 0.021882416680455208, 0.524265468120575], "frame_15": [0.6284103393554688, 0.3985259532928467, 0.04900665208697319, 0.05018768459558487, 0.5540239810943604, 0.3720657229423523, 0.021918954327702522, 0.021882416680455208, 0.526989758014679], "frame_16": [0.6285103559494019, 0.3985624611377716, 0.04876352846622467, 0.05030093714594841, 0.5540239810943604, 0.3720657229423523, 0.021918954327702522, 0.021882416680455208, 0.5771815776824951], "frame_17": [0.6285315752029419, 0.3985295593738556, 0.04860496520996094, 0.04982452467083931, 0.5540239810943604, 0.3720657229423523, 0.021918954327702522, 0.021882416680455208, 0.5439426898956299], "frame_18": [0.6283853054046631, 0.39848896861076355, 0.04828910902142525, 0.049805451184511185, 0.5540239810943604, 0.3720657229423523, 0.021918954327702522, 0.021882416680455208, 0.4712119698524475], "frame_19": [0.6283356547355652, 0.3985765278339386, 0.04831962659955025, 0.04986928403377533, 0.5540239810943604, 0.3720657229423523, 0.021918954327702522, 0.021882416680455208, 0.4896273910999298], "frame_20": [0.6284573674201965, 0.3985128700733185, 0.048503875732421875, 0.04987508803606033, 0.5851919651031494, 0.33841466903686523, 0.018586179241538048, 0.025322193279862404, 0.526130199432373], "frame_21": [0.6284493207931519, 0.3985772430896759, 0.048342131078243256, 0.050213709473609924, 0.5897320508956909, 0.3357600271701813, 0.019890764728188515, 0.024387041106820107, 0.6122810244560242], "frame_22": [0.6285353899002075, 0.39854294061660767, 0.04834403842687607, 0.05022934824228287, 0.5941660404205322, 0.3344607949256897, 0.020576689392328262, 0.02328133024275303, 0.7365962266921997], "frame_23": [0.6285558938980103, 0.39866068959236145, 0.04861640930175781, 0.05026618018746376, 0.5977756381034851, 0.33371907472610474, 0.02168290875852108, 0.023676682263612747, 0.8230116367340088], "frame_24": [0.6287948489189148, 0.3988172709941864, 0.048575591295957565, 0.04990704730153084, 0.6019102931022644, 0.3346753716468811, 0.022575844079256058, 0.02424182929098606, 0.8459055423736572], "frame_25": [0.6287813782691956, 0.39885830879211426, 0.04844076186418533, 0.049780018627643585, 0.6062864661216736, 0.33695492148399353, 0.022393586114048958, 0.02454138919711113, 0.9353857040405273], "frame_26": [0.6287771463394165, 0.3989153504371643, 0.04856147617101669, 0.04934366047382355, 0.6114183068275452, 0.3397568464279175, 0.02210693433880806, 0.024589262902736664, 0.956513524055481], "frame_27": [0.6289749145507812, 0.39896896481513977, 0.04872245714068413, 0.0495215505361557, 0.6160904169082642, 0.3440585136413574, 0.022510698065161705, 0.02453632280230522, 0.9449793100357056], "frame_28": [0.6286667585372925, 0.3991227149963379, 0.0490349680185318, 0.04912249371409416, 0.6209418177604675, 0.3489283621311188, 0.02336730994284153, 0.0246399138122797, 0.9290460348129272], "frame_29": [0.6288062930107117, 0.39921650290489197, 0.04876997321844101, 0.04909040778875351, 0.6257508397102356, 0.3542499244213104, 0.023116683587431908, 0.0254961010068655, 0.9243263006210327], "frame_30": [0.6282780766487122, 0.39941084384918213, 0.04868299514055252, 0.04875145107507706, 0.6306759119033813, 0.36233091354370117, 0.0226906668394804, 0.02510089799761772, 0.9267725944519043], "frame_31": [0.6277385950088501, 0.39979514479637146, 0.046942733228206635, 0.0477990061044693, 0.6363142132759094, 0.37028512358665466, 0.023743566125631332, 0.024425294250249863, 0.926066517829895], "frame_32": [0.6273645162582397, 0.40015149116516113, 0.04686690494418144, 0.04734399542212486, 0.6361146569252014, 0.37588292360305786, 0.02396545372903347, 0.02328423410654068, 0.9225757718086243], "frame_33": [0.6274076700210571, 0.3982844948768616, 0.04463556036353111, 0.05033836513757706, 0.6280348300933838, 0.39393898844718933, 0.03597204387187958, 0.047971345484256744, 0.9219191074371338], "frame_34": [0.6288092136383057, 0.3988100588321686, 0.04871118441224098, 0.0489451102912426, 0.6280348300933838, 0.39393898844718933, 0.03597204387187958, 0.047971345484256744, 0.9243974089622498], "frame_35": [0.629060685634613, 0.39810043573379517, 0.047478485852479935, 0.04796723276376724, 0.6280348300933838, 0.39393898844718933, 0.03597204387187958, 0.047971345484256744, 0.9031501412391663], "frame_36": [0.6288199424743652, 0.392975777387619, 0.0457296147942543, 0.03989126533269882, 0.6280348300933838, 0.39393898844718933, 0.03597204387187958, 0.047971345484256744, 0.9142895340919495], "frame_37": [0.6290266513824463, 0.39377158880233765, 0.04506399482488632, 0.04056566208600998, 0.6280348300933838, 0.39393898844718933, 0.03597204387187958, 0.047971345484256744, 0.9325749278068542], "frame_38": [0.6282944083213806, 0.39325225353240967, 0.0461663156747818, 0.03936852514743805, 0.6280348300933838, 0.39393898844718933, 0.03597204387187958, 0.047971345484256744, 0.8909831643104553], "frame_39": [0.6285326480865479, 0.39321577548980713, 0.04630902782082558, 0.03942311555147171, 0.6280348300933838, 0.39393898844718933, 0.03597204387187958, 0.047971345484256744, 0.8799177408218384],