{"frame_0": [0.6288620829582214, 0.39608681201934814, 0.05021476745605469, 0.04886504262685776, 0.6228320002555847, 0.4894671142101288, 0.025379732251167297, 0.027516640722751617, 0.6995672583580017], "frame_1": [0.6286347508430481, 0.3960699439048767, 0.049524519592523575, 0.04865752160549164, 0.6228320002555847, 0.4894671142101288, 0.025379732251167297, 0.027516640722751617, 0.7494629621505737], "frame_2": [0.6287127733230591, 0.39609265327453613, 0.04973297193646431, 0.04860975593328476, 0.6228320002555847, 0.4894671142101288, 0.025379732251167297, 0.027516640722751617, 0.7709234952926636], "frame_3": [0.6286482214927673, 0.3961236774921417, 0.04956016689538956, 0.04854223504662514, 0.6228320002555847, 0.4894671142101288, 0.025379732251167297, 0.027516640722751617, 0.7616929411888123], "frame_4": [0.6285803914070129, 0.3958719074726105, 0.04940605163574219, 0.04809854179620743, 0.6228320002555847, 0.4894671142101288, 0.025379732251167297, 0.027516640722751617, 0.7794364094734192], "frame_5": [0.6285770535469055, 0.39586830139160156, 0.04940032958984375, 0.048097144812345505, 0.6228320002555847, 0.4894671142101288, 0.025379732251167297, 0.027516640722751617, 0.767166793346405], "frame_6": [0.628543496131897, 0.39586758613586426, 0.049355316907167435, 0.04814249649643898, 0.6228320002555847, 0.4894671142101288, 0.025379732251167297, 0.027516640722751617, 0.7379475831985474], "frame_7": [0.6285127401351929, 0.395835280418396, 0.04924964904785156, 0.04809464514255524, 0.6228320002555847, 0.4894671142101288, 0.025379732251167297, 0.027516640722751617, 0.7493466138839722], "frame_8": [0.6285277605056763, 0.39589470624923706, 0.049407195299863815, 0.04800834506750107, 0.6228320002555847, 0.4894671142101288, 0.025379732251167297, 0.027516640722751617, 0.7461953163146973], "frame_9": [0.6285248398780823, 0.39589306712150574, 0.049390412867069244, 0.0479888916015625, 0.6228320002555847, 0.4894671142101288, 0.025379732251167297, 0.027516640722751617, 0.7484672665596008], "frame_10": [0.6282815933227539, 0.3961520791053772, 0.04910316318273544, 0.04822273179888725, 0.6228320002555847, 0.4894671142101288, 0.025379732251167297, 0.027516640722751617, 0.7121936678886414], "frame_11": [0.6284497380256653, 0.39596396684646606, 0.049132537096738815, 0.04809362441301346, 0.6228320002555847, 0.4894671142101288, 0.025379732251167297, 0.027516640722751617, 0.7244428992271423], "frame_12": [0.6285600662231445, 0.3963497281074524, 0.04939443618059158, 0.048797693103551865, 0.6228320002555847, 0.4894671142101288, 0.025379732251167297, 0.027516640722751617, 0.7360164523124695], "frame_13": [0.6285603046417236, 0.39635008573532104, 0.04939473420381546, 0.04879680275917053, 0.6228320002555847, 0.4894671142101288, 0.025379732251167297, 0.027516640722751617, 0.697803795337677], "frame_14": [0.6285552382469177, 0.39635002613067627, 0.04940338060259819, 0.048797693103551865, 0.6228320002555847, 0.4894671142101288, 0.025379732251167297, 0.027516640722751617, 0.683885395526886], "frame_15": [0.6285830140113831, 0.39636093378067017, 0.049502182751894, 0.04881612956523895, 0.6228320002555847, 0.4894671142101288, 0.025379732251167297, 0.027516640722751617, 0.7277157306671143], "frame_16": [0.6285810470581055, 0.3963484764099121, 0.04947929456830025, 0.04878061264753342, 0.6228320002555847, 0.4894671142101288, 0.025379732251167297, 0.027516640722751617, 0.6708356738090515], "frame_17": [0.6285796165466309, 0.39635229110717773, 0.04946649447083473, 0.04875908046960831, 0.6228320002555847, 0.4894671142101288, 0.025379732251167297, 0.027516640722751617, 0.6343692541122437], "frame_18": [0.6285597085952759, 0.3963765501976013, 0.04952676594257355, 0.04878892004489899, 0.10623706877231598, 0.5984856486320496, 0.023510117083787918, 0.024568557739257812, 0.632926344871521], "frame_19": [0.6285198926925659, 0.3963642418384552, 0.04943656921386719, 0.04878315329551697, 0.11043039709329605, 0.594433605670929, 0.02321811206638813, 0.025052260607481003, 0.5809990167617798], "frame_20": [0.6285255551338196, 0.39636939764022827, 0.049551986157894135, 0.04877709224820137, 0.11444184929132462, 0.5876866579055786, 0.023677200078964233, 0.023398293182253838, 0.6152404546737671], "frame_21": [0.6285119652748108, 0.396369606256485, 0.049532700330019, 0.04876166582107544, 0.11475518345832825, 0.577605128288269, 0.023105144500732422, 0.022255538031458855, 0.5837419629096985], "frame_22": [0.6285209059715271, 0.3963794410228729, 0.049529265612363815, 0.04878349229693413, 0.11407093703746796, 0.563406229019165, 0.026026206091046333, 0.025406435132026672, 0.5961433053016663], "frame_23": [0.6286834478378296, 0.39631491899490356, 0.049746956676244736, 0.04858754575252533, 0.11265769600868225, 0.550628125667572, 0.02737908810377121, 0.026844024658203125, 0.6764532923698425], "frame_24": [0.6286388039588928, 0.3965500593185425, 0.04990111291408539, 0.04910240322351456, 0.11207720637321472, 0.5372172594070435, 0.026467397809028625, 0.02679443359375, 0.4395290017127991], "frame_25": [0.6286382675170898, 0.39655041694641113, 0.04990170896053314, 0.049102783203125, 0.11207720637321472, 0.5372172594070435, 0.026467397809028625, 0.02679443359375, 0.43345674872398376], "frame_26": [0.628490686416626, 0.3965977430343628, 0.0497564934194088, 0.0491672083735466, 0.11477471143007278, 0.5093139410018921, 0.023097271099686623, 0.026730727404356003, 0.514694333076477], "frame_27": [0.6287612915039062, 0.3964218199253082, 0.04990098625421524, 0.04905467480421066, 0.12080373615026474, 0.4929940104484558, 0.024003557860851288, 0.02647721953690052, 0.6470237970352173], "frame_28": [0.6287540197372437, 0.39644351601600647, 0.049918364733457565, 0.04899821802973747, 0.13429246842861176, 0.4728892147541046, 0.02089514210820198, 0.025512482970952988, 0.7119352221488953], "frame_29": [0.6287463903427124, 0.3964603543281555, 0.049939557909965515, 0.0489654541015625, 0.15023121237754822, 0.45228567719459534, 0.021163230761885643, 0.023452207446098328, 0.8271782994270325], "frame_30": [0.6287155747413635, 0.3965679705142975, 0.049936674535274506, 0.049200523644685745, 0.16738134622573853, 0.4342586100101471, 0.020052475854754448, 0.027096176519989967, 0.8259404301643372], "frame_31": [0.628727376461029, 0.396485298871994, 0.04977434128522873, 0.04907239228487015, 0.1827375590801239, 0.4166841208934784, 0.02104206010699272, 0.023641586303710938, 0.79716557264328], "frame_32": [0.6287320256233215, 0.39648687839508057, 0.04975700378417969, 0.04906412586569786, 0.19935226440429688, 0.3992760479450226, 0.021720165386795998, 0.025535965338349342, 0.8045127987861633], "frame_33": [0.6286991834640503, 0.39647936820983887, 0.04974144697189331, 0.04907502233982086, 0.21720102429389954, 0.38460829854011536, 0.022548675537109375, 0.025007842108607292, 0.7342722415924072], "frame_34": [0.6286863684654236, 0.3964664340019226, 0.04972707852721214, 0.049085743725299835, 0.23394109308719635, 0.3704662621021271, 0.02218848280608654, 0.026605479419231415, 0.5798747539520264], "frame_35": [0.6286802291870117, 0.39646437764167786, 0.04970656335353851, 0.04910316318273544, 0.2513839304447174, 0.35702094435691833, 0.02280627377331257, 0.025321854278445244, 0.6599428057670593], "frame_36": [0.6289119720458984, 0.3961740732192993, 0.04978197067975998, 0.04837426170706749, 0.26793739199638367, 0.3454072177410126, 0.020895279943943024, 0.024156484752893448, 0.6666218638420105], "frame_37": [0.6289002895355225, 0.39612501859664917, 0.0497632771730423, 0.048279572278261185, 0.2855169177055359, 0.33514201641082764, 0.02425961010158062, 0.026511002331972122, 0.5603396892547607], "frame_38": [0.6289142370223999, 0.39615461230278015, 0.049809858202934265, 0.04835183918476105, 0.3023826479911804, 0.3264644742012024, 0.021359676495194435, 0.023668374866247177, 0.5677934885025024],