{"frame_0": [0.5077283382415771, 0.40508508682250977, 0.04560241848230362, 0.046944256871938705, 0.680077850818634, 0.6004623174667358, 0.021540366113185883, 0.024265289306640625, 0.2297670543193817], "frame_1": [0.5077641606330872, 0.4050578773021698, 0.045557234436273575, 0.046862028539180756, 0.6800922155380249, 0.5996473431587219, 0.021043013781309128, 0.024580510333180428, 0.7901322841644287], "frame_2": [0.5077235102653503, 0.40506109595298767, 0.04571783170104027, 0.046922385692596436, 0.6802693009376526, 0.5984499454498291, 0.021650779992341995, 0.023992707952857018, 0.26774516701698303], "frame_3": [0.5075824856758118, 0.4049643576145172, 0.045796796679496765, 0.04676339775323868, 0.6802693009376526, 0.5984499454498291, 0.021650779992341995, 0.023992707952857018, 0.2803471088409424], "frame_4": [0.5075494647026062, 0.4049775004386902, 0.04564840346574783, 0.04670105129480362, 0.6793403029441833, 0.5933964848518372, 0.020274946466088295, 0.023563003167510033, 0.3035268187522888], "frame_5": [0.5075317621231079, 0.40500250458717346, 0.04549522325396538, 0.046735383570194244, 0.6783488988876343, 0.5902788043022156, 0.01919996552169323, 0.022958161309361458, 0.3068179190158844], "frame_6": [0.5076573491096497, 0.4050682485103607, 0.045693207532167435, 0.04662695899605751, 0.6761599183082581, 0.5862868428230286, 0.018663492053747177, 0.023953797295689583, 0.34143564105033875], "frame_7": [0.5074761509895325, 0.404982328414917, 0.04559288173913956, 0.04653235524892807, 0.6731560826301575, 0.5812246799468994, 0.018201276659965515, 0.021968968212604523, 0.7948851585388184], "frame_8": [0.5075040459632874, 0.404955118894577, 0.0458553321659565, 0.04656249284744263, 0.6706497073173523, 0.5742472410202026, 0.02004699781537056, 0.022578980773687363, 0.8208796977996826], "frame_9": [0.5075127482414246, 0.40500885248184204, 0.0458594411611557, 0.04671389237046242, 0.6692071557044983, 0.5666540265083313, 0.022152159363031387, 0.023681428283452988, 0.7698347568511963], "frame_10": [0.5076149702072144, 0.40501412749290466, 0.045797135680913925, 0.04671584069728851, 0.6692071557044983, 0.5666540265083313, 0.022152159363031387, 0.023681428283452988, 0.4742029309272766], "frame_11": [0.5076777338981628, 0.4050135314464569, 0.04588872939348221, 0.04668854549527168, 0.6692071557044983, 0.5666540265083313, 0.022152159363031387, 0.023681428283452988, 0.5055959224700928], "frame_12": [0.5074759721755981, 0.4049076437950134, 0.04537048190832138, 0.04659538343548775, 0.6704820990562439, 0.5381370782852173, 0.023696603253483772, 0.02328186109662056, 0.5895653963088989], "frame_13": [0.5074473023414612, 0.40488576889038086, 0.04531898349523544, 0.04662285000085831, 0.6737019419670105, 0.5295592546463013, 0.02437439002096653, 0.024694273248314857, 0.5248903036117554], "frame_14": [0.5074752569198608, 0.4048864543437958, 0.04544029384851456, 0.04668481647968292, 0.6737019419670105, 0.5295592546463013, 0.02437439002096653, 0.024694273248314857, 0.6924629211425781], "frame_15": [0.5074182152748108, 0.4048078656196594, 0.04530389606952667, 0.04653968662023544, 0.6737019419670105, 0.5295592546463013, 0.02437439002096653, 0.024694273248314857, 0.6593932509422302], "frame_16": [0.5072990655899048, 0.4047844409942627, 0.04533606767654419, 0.046727243810892105, 0.6840759515762329, 0.505797266960144, 0.021523455157876015, 0.02473059669137001, 0.6611137986183167], "frame_17": [0.5073500871658325, 0.4049082398414612, 0.045372772961854935, 0.04681443050503731, 0.6890242695808411, 0.5030307769775391, 0.023567751049995422, 0.026299456134438515, 0.6960720419883728], "frame_18": [0.5073791742324829, 0.4050299823284149, 0.045281898230314255, 0.04700804874300957, 0.6890242695808411, 0.5030307769775391, 0.023567751049995422, 0.026299456134438515, 0.6158266663551331], "frame_19": [0.5073989629745483, 0.4050270915031433, 0.045327164232730865, 0.04700364172458649, 0.6890242695808411, 0.5030307769775391, 0.023567751049995422, 0.026299456134438515, 0.6089904308319092], "frame_20": [0.5074331164360046, 0.40501344203948975, 0.045351408421993256, 0.04694090783596039, 0.6890242695808411, 0.5030307769775391, 0.023567751049995422, 0.026299456134438515, 0.6323338747024536], "frame_21": [0.5074260234832764, 0.40508219599723816, 0.04536018520593643, 0.04704644903540611, 0.6890242695808411, 0.5030307769775391, 0.023567751049995422, 0.026299456134438515, 0.6572398543357849], "frame_22": [0.5075673460960388, 0.4050658345222473, 0.0458332896232605, 0.04719878360629082, 0.6890242695808411, 0.5030307769775391, 0.023567751049995422, 0.026299456134438515, 0.6204773783683777], "frame_23": [0.5075426697731018, 0.4050694704055786, 0.04591085761785507, 0.04723463952541351, 0.6890242695808411, 0.5030307769775391, 0.023567751049995422, 0.026299456134438515, 0.5276159048080444], "frame_24": [0.507739245891571, 0.40470564365386963, 0.04578399658203125, 0.04657817259430885, 0.6890242695808411, 0.5030307769775391, 0.023567751049995422, 0.026299456134438515, 0.6206002831459045], "frame_25": [0.5076669454574585, 0.40465426445007324, 0.04557830095291138, 0.04656524583697319, 0.6890242695808411, 0.5030307769775391, 0.023567751049995422, 0.026299456134438515, 0.6303920745849609], "frame_26": [0.5076040625572205, 0.40468570590019226, 0.04555948078632355, 0.04635963588953018, 0.6890242695808411, 0.5030307769775391, 0.023567751049995422, 0.026299456134438515, 0.671916127204895], "frame_27": [0.507658839225769, 0.4047045409679413, 0.04563344269990921, 0.04640863090753555, 0.6890242695808411, 0.5030307769775391, 0.023567751049995422, 0.026299456134438515, 0.6544634699821472], "frame_28": [0.5076577067375183, 0.40469542145729065, 0.04567888006567955, 0.046472083777189255, 0.7088542580604553, 0.46733224391937256, 0.023941591382026672, 0.025476837530732155, 0.6788243651390076], "frame_29": [0.50763338804245, 0.4047631025314331, 0.04585304111242294, 0.04661254957318306, 0.7067750692367554, 0.4568888247013092, 0.024245494976639748, 0.025873184204101562, 0.7629088759422302], "frame_30": [0.5076766014099121, 0.40470582246780396, 0.04608947038650513, 0.04646335169672966, 0.6999199986457825, 0.44081395864486694, 0.023064211010932922, 0.024078283458948135, 0.9107683300971985], "frame_31": [0.5076566338539124, 0.4046889543533325, 0.04608879238367081, 0.04652625322341919, 0.6914542317390442, 0.4243444800376892, 0.025017548352479935, 0.024411985650658607, 0.8788309693336487], "frame_32": [0.5077386498451233, 0.40469902753829956, 0.04615575820207596, 0.04656257480382919, 0.6833279728889465, 0.4089358150959015, 0.024319924414157867, 0.023581907153129578, 0.8936609625816345], "frame_33": [0.5078227519989014, 0.40468358993530273, 0.04600715637207031, 0.04661199823021889, 0.6755202412605286, 0.39412009716033936, 0.024446317926049232, 0.024905946105718613, 0.9161843657493591], "frame_34": [0.5077924728393555, 0.4047071635723114, 0.04600698500871658, 0.04661360755562782, 0.6673548817634583, 0.38095611333847046, 0.024300385266542435, 0.024763615801930428, 0.9121151566505432], "frame_35": [0.5076830387115479, 0.40468013286590576, 0.04585083946585655, 0.04655960947275162, 0.6592712998390198, 0.36864712834358215, 0.024068281054496765, 0.024775611236691475, 0.9392611980438232], "frame_36": [0.5075029134750366, 0.4048623740673065, 0.04637277498841286, 0.04642770439386368, 0.6519606709480286, 0.35852962732315063, 0.024512862786650658, 0.025581954047083855, 0.9005841612815857], "frame_37": [0.5075455904006958, 0.4048845171928406, 0.04638604074716568, 0.0465029813349247, 0.644053041934967, 0.34884530305862427, 0.024709871038794518, 0.025845590978860855, 0.7688795924186707], "frame_38": [0.50773686170578, 0.40477874875068665, 0.04583710432052612, 0.04650048166513443, 0.6367416977882385, 0.34074223041534424, 0.02428877167403698, 0.025854259729385376, 0.770357608795166],