{"frame_0": [0.629273533821106, 0.39566120505332947, 0.04975976049900055, 0.050012800842523575, 0.619047999382019, 0.45825687050819397, 0.02483062818646431, 0.024160681292414665, 0.8756594657897949], "frame_1": [0.6293870806694031, 0.39583349227905273, 0.04932992905378342, 0.04912257567048073, 0.619047999382019, 0.45825687050819397, 0.02483062818646431, 0.024160681292414665, 0.41948989033699036], "frame_2": [0.6293396949768066, 0.3957839012145996, 0.04918785020709038, 0.04927974194288254, 0.619047999382019, 0.45825687050819397, 0.02483062818646431, 0.024160681292414665, 0.4238016605377197], "frame_3": [0.6294105052947998, 0.3958655595779419, 0.049303606152534485, 0.049253929406404495, 0.619047999382019, 0.45825687050819397, 0.02483062818646431, 0.024160681292414665, 0.5344064831733704], "frame_4": [0.6294860243797302, 0.3958548605442047, 0.04935150220990181, 0.049229517579078674, 0.619047999382019, 0.45825687050819397, 0.02483062818646431, 0.024160681292414665, 0.5456924438476562], "frame_5": [0.6295163035392761, 0.39588215947151184, 0.04945220798254013, 0.049281224608421326, 0.33373579382896423, 0.5740559697151184, 0.024229813367128372, 0.026180267333984375, 0.6883323788642883], "frame_6": [0.6295152306556702, 0.39588233828544617, 0.04944021254777908, 0.04929610341787338, 0.3332940638065338, 0.5756123661994934, 0.022626113146543503, 0.023807059973478317, 0.4320947527885437], "frame_7": [0.6294420957565308, 0.39588630199432373, 0.04928245395421982, 0.049274615943431854, 0.3332940638065338, 0.5756123661994934, 0.022626113146543503, 0.023807059973478317, 0.551969051361084], "frame_8": [0.6294472813606262, 0.3958941102027893, 0.04920845106244087, 0.04937341436743736, 0.33501240611076355, 0.5794304609298706, 0.022140121087431908, 0.022665787488222122, 0.5708749294281006], "frame_9": [0.6294716000556946, 0.3959040343761444, 0.04925575107336044, 0.04939257353544235, 0.33444809913635254, 0.5823601484298706, 0.020507007837295532, 0.02259080670773983, 0.5598864555358887], "frame_10": [0.6294053792953491, 0.39593276381492615, 0.049224089831113815, 0.04940897598862648, 0.336162269115448, 0.5850624442100525, 0.021516036242246628, 0.022433556616306305, 0.5752761363983154], "frame_11": [0.629361629486084, 0.3959577679634094, 0.04919454827904701, 0.04941656440496445, 0.33681654930114746, 0.5857111811637878, 0.022628020495176315, 0.021018685773015022, 0.6403164267539978], "frame_12": [0.6296258568763733, 0.39600473642349243, 0.04853638634085655, 0.04925117641687393, 0.33784422278404236, 0.5876710414886475, 0.021896468475461006, 0.02160797081887722, 0.6313556432723999], "frame_13": [0.6295979619026184, 0.3960041403770447, 0.0485524907708168, 0.04923896864056587, 0.33942386507987976, 0.589396059513092, 0.01960057206451893, 0.020451566204428673, 0.6517544984817505], "frame_14": [0.6296411156654358, 0.39595091342926025, 0.04865014925599098, 0.04911909997463226, 0.34058186411857605, 0.590177595615387, 0.0190882571041584, 0.021459197625517845, 0.5902964472770691], "frame_15": [0.6296295523643494, 0.3959692120552063, 0.04851888120174408, 0.04911867901682854, 0.3420849144458771, 0.5915541052818298, 0.018655862659215927, 0.021892420947551727, 0.0], "frame_16": [0.6297422051429749, 0.3960050046443939, 0.048828210681676865, 0.04914940893650055, 0.3420849144458771, 0.5915541052818298, 0.018655862659215927, 0.021892420947551727, 0.0], "frame_17": [0.6297045350074768, 0.396023690700531, 0.048792265355587006, 0.049156274646520615, 0.3420849144458771, 0.5915541052818298, 0.018655862659215927, 0.021892420947551727, 0.5863998532295227], "frame_18": [0.6297082901000977, 0.396026611328125, 0.04879455640912056, 0.04916936904191971, 0.3420849144458771, 0.5915541052818298, 0.018655862659215927, 0.021892420947551727, 0.5277031660079956], "frame_19": [0.629779577255249, 0.3959699869155884, 0.04894133657217026, 0.04899940639734268, 0.3420849144458771, 0.5915541052818298, 0.018655862659215927, 0.021892420947551727, 0.5464153289794922], "frame_20": [0.6297928094863892, 0.39599648118019104, 0.04902686923742294, 0.049067094922065735, 0.3420849144458771, 0.5915541052818298, 0.018655862659215927, 0.021892420947551727, 0.4845345616340637], "frame_21": [0.6297721266746521, 0.39600008726119995, 0.048909083008766174, 0.04909655079245567, 0.3420849144458771, 0.5915541052818298, 0.018655862659215927, 0.021892420947551727, 0.5597891807556152], "frame_22": [0.6297891139984131, 0.3960059583187103, 0.04897880554199219, 0.049083881080150604, 0.3420849144458771, 0.5915541052818298, 0.018655862659215927, 0.021892420947551727, 0.48246386647224426], "frame_23": [0.6297941207885742, 0.39600345492362976, 0.04898414760828018, 0.04908142238855362, 0.3420849144458771, 0.5915541052818298, 0.018655862659215927, 0.021892420947551727, 0.5975365042686462], "frame_24": [0.6295367479324341, 0.39588215947151184, 0.04930619150400162, 0.04897338151931763, 0.3420849144458771, 0.5915541052818298, 0.018655862659215927, 0.021892420947551727, 0.626615583896637], "frame_25": [0.6295379400253296, 0.39589548110961914, 0.04936540499329567, 0.04892158508300781, 0.3420849144458771, 0.5915541052818298, 0.018655862659215927, 0.021892420947551727, 0.45204147696495056], "frame_26": [0.6295481324195862, 0.3958950340747833, 0.04941995441913605, 0.048944685608148575, 0.3420849144458771, 0.5915541052818298, 0.018655862659215927, 0.021892420947551727, 0.41954681277275085], "frame_27": [0.6295506358146667, 0.39585745334625244, 0.049385663121938705, 0.048812273889780045, 0.3420849144458771, 0.5915541052818298, 0.018655862659215927, 0.021892420947551727, 0.7140730023384094], "frame_28": [0.6295766830444336, 0.395906925201416, 0.04958703741431236, 0.04889462888240814, 0.36098310351371765, 0.4767982065677643, 0.018090523779392242, 0.02154761366546154, 0.7330899238586426], "frame_29": [0.6295523643493652, 0.39590924978256226, 0.04952752962708473, 0.048817530274391174, 0.36868149042129517, 0.4594069719314575, 0.022365696728229523, 0.026701906695961952, 0.8459078669548035], "frame_30": [0.6295477747917175, 0.39589008688926697, 0.04948988929390907, 0.048766497522592545, 0.36868149042129517, 0.4594069719314575, 0.022365696728229523, 0.026701906695961952, 0.8501519560813904], "frame_31": [0.6295286417007446, 0.39587822556495667, 0.04944970831274986, 0.04876861721277237, 0.36868149042129517, 0.4594069719314575, 0.022365696728229523, 0.026701906695961952, 0.8646984696388245], "frame_32": [0.6295563578605652, 0.39591115713119507, 0.04941596835851669, 0.04889979958534241, 0.36868149042129517, 0.4594069719314575, 0.022365696728229523, 0.026701906695961952, 0.8520382046699524], "frame_33": [0.6295134425163269, 0.3959100544452667, 0.04935510456562042, 0.0489187017083168, 0.4060226380825043, 0.3996696472167969, 0.01966637559235096, 0.023244645446538925, 0.7407722473144531], "frame_34": [0.6295380592346191, 0.3959246277809143, 0.04946577176451683, 0.04898329824209213, 0.41652747988700867, 0.385636568069458, 0.021002409979701042, 0.024720976129174232, 0.7832541465759277], "frame_35": [0.6295132637023926, 0.39591437578201294, 0.049368202686309814, 0.04902191087603569, 0.4251200258731842, 0.3756454586982727, 0.020229212939739227, 0.025047684088349342, 0.7798433899879456], "frame_36": [0.6296084523200989, 0.39598357677459717, 0.04905853420495987, 0.048923663794994354, 0.4368118643760681, 0.364094078540802, 0.01770935021340847, 0.02177973836660385, 0.8430892825126648], "frame_37": [0.6296125650405884, 0.39598265290260315, 0.04909858852624893, 0.04893544688820839, 0.4474147856235504, 0.3542024791240692, 0.017028214409947395, 0.022595109418034554, 0.7486187815666199], "frame_38": [0.6296528577804565, 0.3959927558898926, 0.049314796924591064, 0.048989783972501755, 0.45610952377319336, 0.3452243506908417, 0.018290160223841667, 0.023842621594667435, 0.8803903460502625], "frame_39": [0.6296374797821045, 0.39599311351776123, 0.04925566911697388, 0.04892946779727936, 0.45610952377319336, 0.3452243506908417, 0.018290160223841667, 0.023842621594667435, 0.8136411309242249],