{"frame_0": [0.6311718225479126, 0.3946792483329773, 0.049743905663490295, 0.05072848126292229, 0.7611419558525085, 0.4439600706100464, 0.02625156007707119, 0.03178995102643967, 0.8730119466781616], "frame_1": [0.6310392618179321, 0.39473283290863037, 0.04986822232604027, 0.050199635326862335, 0.7633219361305237, 0.4447585344314575, 0.02621409110724926, 0.03134515509009361, 0.7887586951255798], "frame_2": [0.6310015320777893, 0.39472538232803345, 0.04978201165795326, 0.05020518973469734, 0.763781726360321, 0.4460665285587311, 0.02611592598259449, 0.030788421630859375, 0.6903873085975647], "frame_3": [0.6310805678367615, 0.3947086036205292, 0.04982032626867294, 0.0500481091439724, 0.7649574279785156, 0.44781020283699036, 0.02622477151453495, 0.030155478045344353, 0.8838379383087158], "frame_4": [0.63103848695755, 0.3947012722492218, 0.04977167025208473, 0.049921415746212006, 0.7649574279785156, 0.44781020283699036, 0.02622477151453495, 0.030155478045344353, 0.0], "frame_5": [0.6310193538665771, 0.39465323090553284, 0.04976111650466919, 0.04975251108407974, 0.7649574279785156, 0.44781020283699036, 0.02622477151453495, 0.030155478045344353, 0.7289716005325317], "frame_6": [0.6308116912841797, 0.39468926191329956, 0.049635909497737885, 0.04991365969181061, 0.7649574279785156, 0.44781020283699036, 0.02622477151453495, 0.030155478045344353, 0.8132942318916321], "frame_7": [0.6308709979057312, 0.39469316601753235, 0.04945564270019531, 0.049855805933475494, 0.768279492855072, 0.46164652705192566, 0.025816937908530235, 0.029908455908298492, 0.7187342643737793], "frame_8": [0.6307914853096008, 0.3947155475616455, 0.04941558837890625, 0.05001369118690491, 0.7668838500976562, 0.4615553021430969, 0.026198238134384155, 0.027631165459752083, 0.8287455439567566], "frame_9": [0.6307290196418762, 0.39468154311180115, 0.049400921911001205, 0.050065696239471436, 0.7668838500976562, 0.4615553021430969, 0.026198238134384155, 0.027631165459752083, 0.7656928300857544], "frame_10": [0.6311290860176086, 0.3947286009788513, 0.050025008618831635, 0.05003543570637703, 0.7650347948074341, 0.45387983322143555, 0.026730600744485855, 0.029816437512636185, 0.5881016850471497], "frame_11": [0.6310298442840576, 0.39474037289619446, 0.049807358533144, 0.05000763013958931, 0.7650347948074341, 0.45387983322143555, 0.026730600744485855, 0.029816437512636185, 0.6636149287223816], "frame_12": [0.6311520338058472, 0.39453643560409546, 0.04879150539636612, 0.04984033480286598, 0.7629450559616089, 0.43949079513549805, 0.023287031799554825, 0.02742919884622097, 0.8423357605934143], "frame_13": [0.6314326524734497, 0.3946203589439392, 0.04924583435058594, 0.04987890273332596, 0.7617785930633545, 0.42512112855911255, 0.0215581264346838, 0.023838339373469353, 0.8960869908332825], "frame_14": [0.6311593055725098, 0.3945704996585846, 0.048721905797719955, 0.04983215406537056, 0.7551844120025635, 0.4086768329143524, 0.02331237867474556, 0.024434195831418037, 0.8831066489219666], "frame_15": [0.6309622526168823, 0.39456406235694885, 0.048847198486328125, 0.04971732944250107, 0.7500404119491577, 0.3947596549987793, 0.02180023118853569, 0.027105627581477165, 0.7237880229949951], "frame_16": [0.6309165358543396, 0.39461439847946167, 0.04880332946777344, 0.04984202980995178, 0.7437657713890076, 0.3797725737094879, 0.022957950830459595, 0.02187042310833931, 0.9749396443367004], "frame_17": [0.6308298707008362, 0.3946435749530792, 0.04874517768621445, 0.05001207813620567, 0.7379899024963379, 0.3700885772705078, 0.02366756834089756, 0.026925066486001015, 0.8465080261230469], "frame_18": [0.6308372616767883, 0.39466896653175354, 0.04866994172334671, 0.05001915991306305, 0.7312461137771606, 0.35834240913391113, 0.02362637035548687, 0.027266206219792366, 0.8625278472900391], "frame_19": [0.6308902502059937, 0.39469113945961, 0.048728350549936295, 0.05008218437433243, 0.7247844934463501, 0.34722551703453064, 0.023820919916033745, 0.027250925078988075, 0.7917604446411133], "frame_20": [0.6309513449668884, 0.3946622312068939, 0.04877586290240288, 0.05005904287099838, 0.7190307378768921, 0.3377769887447357, 0.024746788665652275, 0.027307424694299698, 0.5579566359519958], "frame_21": [0.631093442440033, 0.3946708142757416, 0.04894676059484482, 0.050009578466415405, 0.7136523723602295, 0.32974788546562195, 0.023633405566215515, 0.02632511965930462, 0.8451073169708252], "frame_22": [0.6311907172203064, 0.3947197496891022, 0.0490543358027935, 0.05009986087679863, 0.708101212978363, 0.32271355390548706, 0.023336155340075493, 0.026326093822717667, 0.6743760108947754], "frame_23": [0.6311171650886536, 0.39461806416511536, 0.048664942383766174, 0.05001267418265343, 0.7036422491073608, 0.3176076114177704, 0.023462889716029167, 0.025106240063905716, 0.9428325891494751], "frame_24": [0.6307240724563599, 0.3944920003414154, 0.048989783972501755, 0.04966579005122185, 0.698553204536438, 0.3130231499671936, 0.022713851183652878, 0.026256179437041283, 0.9569674134254456], "frame_25": [0.6307201385498047, 0.3944942057132721, 0.04896528273820877, 0.049728985875844955, 0.693406343460083, 0.31006890535354614, 0.023108672350645065, 0.025150680914521217, 0.0], "frame_26": [0.6308174133300781, 0.39453625679016113, 0.04908006638288498, 0.04981011152267456, 0.6886080503463745, 0.3078975975513458, 0.024300172924995422, 0.02503982186317444, 0.5255914330482483], "frame_27": [0.6308439373970032, 0.3944856524467468, 0.04897956922650337, 0.04989687725901604, 0.6832592487335205, 0.3066117465496063, 0.0237104631960392, 0.025054359808564186, 0.797004759311676], "frame_28": [0.6308563947677612, 0.39448344707489014, 0.048851944506168365, 0.04983321204781532, 0.6780558228492737, 0.3072684705257416, 0.023614883422851562, 0.024670176208019257, 0.0], "frame_29": [0.6308925747871399, 0.39445826411247253, 0.04877471923828125, 0.04981520026922226, 0.6729902029037476, 0.30795666575431824, 0.02323608472943306, 0.024684440344572067, 0.33784449100494385], "frame_30": [0.631051778793335, 0.39442405104637146, 0.04905959218740463, 0.0496843121945858, 0.667876660823822, 0.3104729950428009, 0.023179244250059128, 0.02400798723101616, 0.3534097671508789], "frame_31": [0.6310173869132996, 0.3943527340888977, 0.049008943140506744, 0.049772389233112335, 0.6627394556999207, 0.31338950991630554, 0.023017417639493942, 0.025397682562470436, 0.3531161844730377], "frame_32": [0.6309571862220764, 0.3943432569503784, 0.048978425562381744, 0.049805279821157455, 0.6574222445487976, 0.31826409697532654, 0.022266387939453125, 0.025183381512761116, 0.277901828289032], "frame_33": [0.6308411359786987, 0.39438459277153015, 0.048812273889780045, 0.04996079206466675, 0.6518745422363281, 0.32395482063293457, 0.023553848266601562, 0.024516677483916283, 0.9206753969192505], "frame_34": [0.6308027505874634, 0.39440393447875977, 0.04873593524098396, 0.04998185858130455, 0.6465137004852295, 0.33008480072021484, 0.023208914324641228, 0.025307083502411842, 0.2249627560377121], "frame_35": [0.630774199962616, 0.3946484923362732, 0.04899444431066513, 0.04977624863386154, 0.6419045329093933, 0.3379211127758026, 0.023429488763213158, 0.02625545859336853, 0.16963385045528412], "frame_36": [0.6309294104576111, 0.3947731554508209, 0.04911079257726669, 0.05029856413602829, 0.6368235349655151, 0.34557804465293884, 0.023328695446252823, 0.02572987787425518, 0.19910816848278046], "frame_37": [0.630817711353302, 0.394795298576355, 0.04795990139245987, 0.050267454236745834, 0.6321531534194946, 0.3540322184562683, 0.022604752331972122, 0.02583734691143036, 0.8812199234962463], "frame_38": [0.6316160559654236, 0.3959187865257263, 0.04719352722167969, 0.04775801673531532, 0.6260374188423157, 0.3640344440937042, 0.026193024590611458, 0.02204197831451893, 0.8450543880462646], "frame_39": [0.631857693195343, 0.3951743245124817, 0.045703887939453125, 0.048886489123106, 0.6274446845054626, 0.366884708404541, 0.028178025037050247, 0.019874021410942078, 0.8353852033615112],