{"frame_0": [0.630274772644043, 0.3950643837451935, 0.04865989834070206, 0.0492868646979332, 0.31658118963241577, 0.5840549468994141, 0.026599036529660225, 0.030510542914271355, 0.8208202719688416], "frame_1": [0.6301901340484619, 0.3954380750656128, 0.04944877699017525, 0.048799727112054825, 0.31750279664993286, 0.5867548584938049, 0.02714029885828495, 0.030688265338540077, 0.8138895630836487], "frame_2": [0.630151629447937, 0.39543867111206055, 0.04935044050216675, 0.048845332115888596, 0.31782853603363037, 0.5890691876411438, 0.026992183178663254, 0.029086684808135033, 0.8244107961654663], "frame_3": [0.6302219033241272, 0.3954084515571594, 0.04931877925992012, 0.04883028566837311, 0.31782853603363037, 0.5890691876411438, 0.026992183178663254, 0.029086684808135033, 0.8516831994056702], "frame_4": [0.630162239074707, 0.3953809142112732, 0.04935095086693764, 0.0488155372440815, 0.31782853603363037, 0.5890691876411438, 0.026992183178663254, 0.029086684808135033, 0.8842050433158875], "frame_5": [0.6300780177116394, 0.395518958568573, 0.04910079017281532, 0.048867203295230865, 0.31782853603363037, 0.5890691876411438, 0.026992183178663254, 0.029086684808135033, 0.9021745324134827], "frame_6": [0.6300976872444153, 0.3954066038131714, 0.04892167076468468, 0.04883986711502075, 0.31782853603363037, 0.5890691876411438, 0.026992183178663254, 0.029086684808135033, 0.8997842073440552], "frame_7": [0.6300424933433533, 0.3953792154788971, 0.04883299767971039, 0.04884444177150726, 0.31782853603363037, 0.5890691876411438, 0.026992183178663254, 0.029086684808135033, 0.8457978367805481], "frame_8": [0.6300475001335144, 0.39537712931632996, 0.0488223172724247, 0.048842791467905045, 0.31782853603363037, 0.5890691876411438, 0.026992183178663254, 0.029086684808135033, 0.8255013227462769], "frame_9": [0.6301072835922241, 0.3953012228012085, 0.04884757846593857, 0.04884232580661774, 0.31782853603363037, 0.5890691876411438, 0.026992183178663254, 0.029086684808135033, 0.8019287586212158], "frame_10": [0.6301053166389465, 0.39528605341911316, 0.04881151020526886, 0.048840586096048355, 0.3130947947502136, 0.578790009021759, 0.023629145696759224, 0.027404403313994408, 0.7439224720001221], "frame_11": [0.6301240921020508, 0.39524149894714355, 0.04888174310326576, 0.04887101799249649, 0.3130947947502136, 0.578790009021759, 0.023629145696759224, 0.027404403313994408, 0.6156155467033386], "frame_12": [0.6301261782646179, 0.39514490962028503, 0.048642348498106, 0.0485033243894577, 0.3130947947502136, 0.578790009021759, 0.023629145696759224, 0.027404403313994408, 0.5573266744613647], "frame_13": [0.6301108598709106, 0.39519330859184265, 0.04859635978937149, 0.04849756136536598, 0.3130947947502136, 0.578790009021759, 0.023629145696759224, 0.027404403313994408, 0.5902241468429565], "frame_14": [0.6301574110984802, 0.3952188193798065, 0.0486101359128952, 0.0483965128660202, 0.3130947947502136, 0.578790009021759, 0.023629145696759224, 0.027404403313994408, 0.48757970333099365], "frame_15": [0.6301043033599854, 0.3952138125896454, 0.04847458750009537, 0.04838684946298599, 0.3130947947502136, 0.578790009021759, 0.023629145696759224, 0.027404403313994408, 0.4732803404331207], "frame_16": [0.6301047205924988, 0.3952086567878723, 0.04848442226648331, 0.0483798123896122, 0.3130947947502136, 0.578790009021759, 0.023629145696759224, 0.027404403313994408, 0.46572092175483704], "frame_17": [0.6300633549690247, 0.39520084857940674, 0.04845093563199043, 0.04834510013461113, 0.3130947947502136, 0.578790009021759, 0.023629145696759224, 0.027404403313994408, 0.5120930075645447], "frame_18": [0.6300309300422668, 0.39519885182380676, 0.04841749370098114, 0.04835611954331398, 0.3130947947502136, 0.578790009021759, 0.023629145696759224, 0.027404403313994408, 0.5523877739906311], "frame_19": [0.630045473575592, 0.3951793611049652, 0.048459243029356, 0.048378922045230865, 0.3130947947502136, 0.578790009021759, 0.023629145696759224, 0.027404403313994408, 0.5684469938278198], "frame_20": [0.6300503611564636, 0.3951302468776703, 0.048340607434511185, 0.04837188869714737, 0.3130947947502136, 0.578790009021759, 0.023629145696759224, 0.027404403313994408, 0.5744540095329285], "frame_21": [0.630036473274231, 0.39507055282592773, 0.048366546630859375, 0.04834336042404175, 0.2836516797542572, 0.49201884865760803, 0.023153793066740036, 0.024627771228551865, 0.5599400997161865], "frame_22": [0.6300976872444153, 0.395064115524292, 0.04848768562078476, 0.04820552468299866, 0.28256145119667053, 0.49093931913375854, 0.023538440465927124, 0.024793751537799835, 0.5618848204612732], "frame_23": [0.6301097273826599, 0.3950357139110565, 0.04842919111251831, 0.0482625737786293, 0.282765656709671, 0.4903163015842438, 0.023977046832442284, 0.024098968133330345, 0.5810274481773376], "frame_24": [0.6304535865783691, 0.3949822187423706, 0.04863756150007248, 0.04821336641907692, 0.2800159454345703, 0.48877251148223877, 0.024248970672488213, 0.027576064690947533, 0.48810499906539917], "frame_25": [0.630443811416626, 0.3949763774871826, 0.04861755296587944, 0.04820908606052399, 0.2800357937812805, 0.4859139025211334, 0.023466365411877632, 0.02804260328412056, 0.5745989084243774], "frame_26": [0.6304363012313843, 0.3949775993824005, 0.04861488193273544, 0.04820692166686058, 0.282246470451355, 0.48197141289711, 0.025578033179044724, 0.029664358124136925, 0.5300952196121216], "frame_27": [0.6304481625556946, 0.39499974250793457, 0.048619844019412994, 0.04824133962392807, 0.28323492407798767, 0.4762038290500641, 0.02438916079699993, 0.028735902160406113, 0.6476171016693115], "frame_28": [0.6304576992988586, 0.3950034976005554, 0.048650361597537994, 0.048244304955005646, 0.28347262740135193, 0.46677806973457336, 0.025766881182789803, 0.029391860589385033, 0.6409668922424316], "frame_29": [0.630466103553772, 0.39498773217201233, 0.048606280237436295, 0.04821879044175148, 0.28719228506088257, 0.4539819359779358, 0.026804033666849136, 0.02904663048684597, 0.638557493686676], "frame_30": [0.6305103898048401, 0.39495939016342163, 0.04866790771484375, 0.04817267507314682, 0.29388076066970825, 0.43615421652793884, 0.025364112108945847, 0.02891387976706028, 0.7280160188674927], "frame_31": [0.6304967999458313, 0.3949669599533081, 0.04882079362869263, 0.04817284643650055, 0.3052617311477661, 0.4140021502971649, 0.02573498710989952, 0.03213021904230118, 0.8873400092124939], "frame_32": [0.6305122375488281, 0.3949528932571411, 0.048812273889780045, 0.04814033582806587, 0.31774523854255676, 0.3936153054237366, 0.027798080816864967, 0.029967626556754112, 0.8804490566253662], "frame_33": [0.6305042505264282, 0.39491361379623413, 0.048777177929878235, 0.048069000244140625, 0.31774523854255676, 0.3936153054237366, 0.027798080816864967, 0.029967626556754112, 0.8649519681930542], "frame_34": [0.6305656433105469, 0.39492279291152954, 0.0488712303340435, 0.04810655489563942, 0.34393659234046936, 0.356576144695282, 0.026512358337640762, 0.02847003936767578, 0.7870686650276184], "frame_35": [0.630524754524231, 0.3949303925037384, 0.04873589426279068, 0.048072729259729385, 0.357602596282959, 0.3396559953689575, 0.022828377783298492, 0.028991127386689186, 0.7188476324081421], "frame_36": [0.6302316188812256, 0.3948395550251007, 0.048992834985256195, 0.047817058861255646, 0.36984413862228394, 0.32473501563072205, 0.02445271797478199, 0.03119254671037197, 0.6737430095672607], "frame_37": [0.6302339434623718, 0.3948684334754944, 0.04899902269244194, 0.047801293432712555, 0.38393935561180115, 0.31158414483070374, 0.02370588481426239, 0.028446493670344353, 0.6846866607666016], "frame_38": [0.630288302898407, 0.39483821392059326, 0.049202557653188705, 0.04790908098220825, 0.3949394226074219, 0.29950520396232605, 0.023654047399759293, 0.029480934143066406, 0.6708342432975769],