{"frame_0": [0.5076987147331238, 0.4046279191970825, 0.04432334750890732, 0.04639621451497078, 0.5142958164215088, 0.3575807809829712, 0.021363278850913048, 0.022498978301882744, 0.8178881406784058], "frame_1": [0.5075397491455078, 0.4046193063259125, 0.04442138597369194, 0.04612036794424057, 0.5142958164215088, 0.3575807809829712, 0.021363278850913048, 0.022498978301882744, 0.7861884236335754], "frame_2": [0.5075395107269287, 0.40454721450805664, 0.044390104711055756, 0.04601270705461502, 0.5142958164215088, 0.3575807809829712, 0.021363278850913048, 0.022498978301882744, 0.8153573870658875], "frame_3": [0.5076133012771606, 0.4045787453651428, 0.04440460354089737, 0.04610328748822212, 0.5142958164215088, 0.3575807809829712, 0.021363278850913048, 0.022498978301882744, 0.8412057757377625], "frame_4": [0.507646918296814, 0.40468189120292664, 0.04432220384478569, 0.04633979871869087, 0.5142958164215088, 0.3575807809829712, 0.021363278850913048, 0.022498978301882744, 0.9424620270729065], "frame_5": [0.5077515244483948, 0.40463677048683167, 0.044590845704078674, 0.04633738100528717, 0.5142958164215088, 0.3575807809829712, 0.021363278850913048, 0.022498978301882744, 0.9372061491012573], "frame_6": [0.507836103439331, 0.404655784368515, 0.04485609382390976, 0.04631606116890907, 0.5142958164215088, 0.3575807809829712, 0.021363278850913048, 0.022498978301882744, 0.8434248566627502], "frame_7": [0.5078731179237366, 0.4046422243118286, 0.044868383556604385, 0.04627054184675217, 0.2743266522884369, 0.5568870306015015, 0.019792068749666214, 0.021998511627316475, 0.8310427069664001], "frame_8": [0.507822573184967, 0.4045996069908142, 0.04467735439538956, 0.04625562205910683, 0.2743266522884369, 0.5568870306015015, 0.019792068749666214, 0.021998511627316475, 0.7381675243377686], "frame_9": [0.5078657269477844, 0.40459761023521423, 0.04472846910357475, 0.046205054968595505, 0.2735570967197418, 0.5483400225639343, 0.021303940564393997, 0.023326322436332703, 0.7580006122589111], "frame_10": [0.507770836353302, 0.40455901622772217, 0.044461823999881744, 0.046278297901153564, 0.27344685792922974, 0.5427597761154175, 0.021068954840302467, 0.023449961096048355, 0.6267666220664978], "frame_11": [0.5077165961265564, 0.4045991599559784, 0.04440633952617645, 0.04636607691645622, 0.27180159091949463, 0.5332666039466858, 0.020704694092273712, 0.02112731896340847, 0.4643729627132416], "frame_12": [0.5077411532402039, 0.4048388600349426, 0.044175464659929276, 0.04704064130783081, 0.27180159091949463, 0.5332666039466858, 0.020704694092273712, 0.02112731896340847, 0.5984782576560974], "frame_13": [0.507717490196228, 0.4048480987548828, 0.044173430651426315, 0.047061748802661896, 0.26406335830688477, 0.5176852941513062, 0.022972678765654564, 0.026736704632639885, 0.4232385754585266], "frame_14": [0.5077486038208008, 0.40493154525756836, 0.04420984163880348, 0.047142792493104935, 0.2576960623264313, 0.5120323300361633, 0.02387930639088154, 0.027201250195503235, 0.5232163071632385], "frame_15": [0.5078078508377075, 0.4049362540245056, 0.044467926025390625, 0.047277748584747314, 0.2576960623264313, 0.5120323300361633, 0.02387930639088154, 0.027201250195503235, 0.29021504521369934], "frame_16": [0.507757306098938, 0.40490812063217163, 0.04442816972732544, 0.04725731909275055, 0.245749369263649, 0.5031620264053345, 0.022768210619688034, 0.025772476568818092, 0.34616735577583313], "frame_17": [0.507867693901062, 0.40499183535575867, 0.04463683068752289, 0.04740604758262634, 0.240436390042305, 0.4997502267360687, 0.02361043356359005, 0.023804305121302605, 0.2461453080177307], "frame_18": [0.5078637003898621, 0.4050082266330719, 0.0445844866335392, 0.0474412702023983, 0.23565281927585602, 0.4976957440376282, 0.022487640380859375, 0.024091975763440132, 0.3196581304073334], "frame_19": [0.5078777074813843, 0.4050385355949402, 0.04462568461894989, 0.04747030511498451, 0.23218519985675812, 0.49682480096817017, 0.022938113659620285, 0.024927139282226562, 0.5696397423744202], "frame_20": [0.5078584551811218, 0.4050486981868744, 0.04463513568043709, 0.04741859436035156, 0.2285732626914978, 0.49542346596717834, 0.025316428393125534, 0.025528335943818092, 0.5544891357421875], "frame_21": [0.507931113243103, 0.4050408601760864, 0.044798873364925385, 0.04747399315237999, 0.22539536654949188, 0.4950810372829437, 0.025504261255264282, 0.026126692071557045, 0.569675862789154], "frame_22": [0.5078949928283691, 0.4049903154373169, 0.044745806604623795, 0.04736001789569855, 0.22272957861423492, 0.4934525489807129, 0.02540484443306923, 0.026762772351503372, 0.42238813638687134], "frame_23": [0.5078932642936707, 0.40497952699661255, 0.04478323087096214, 0.04736527428030968, 0.22090886533260345, 0.48997750878334045, 0.025621265172958374, 0.026755820959806442, 0.37385857105255127], "frame_24": [0.5077973008155823, 0.40477120876312256, 0.04484235867857933, 0.046643830835819244, 0.21988767385482788, 0.4857251048088074, 0.024726973846554756, 0.02521667443215847, 0.5072834491729736], "frame_25": [0.5077871084213257, 0.40475600957870483, 0.04486999660730362, 0.04662437364459038, 0.2191646844148636, 0.4805363416671753, 0.02680121548473835, 0.02586822584271431, 0.5616690516471863], "frame_26": [0.5077170729637146, 0.4047206938266754, 0.04469994455575943, 0.04643842950463295, 0.21892637014389038, 0.4744703471660614, 0.025657929480075836, 0.026416312903165817, 0.4899803400039673], "frame_27": [0.5076707601547241, 0.404706746339798, 0.04457071051001549, 0.04635751619935036, 0.22005519270896912, 0.4678824543952942, 0.025382699444890022, 0.027617264539003372, 0.5878556370735168], "frame_28": [0.5076195001602173, 0.404715359210968, 0.04461992159485817, 0.04641401395201683, 0.22296981513500214, 0.4587722718715668, 0.024915017187595367, 0.03080596961081028, 0.5972616672515869], "frame_29": [0.5076285600662231, 0.40480321645736694, 0.04473397880792618, 0.04672754183411598, 0.23112152516841888, 0.4427049458026886, 0.02429896406829357, 0.026918580755591393, 0.7423056364059448], "frame_30": [0.5077500939369202, 0.40451499819755554, 0.044924546033144, 0.04629470035433769, 0.24199113249778748, 0.4254547953605652, 0.02621021308004856, 0.026199935004115105, 0.8357846736907959], "frame_31": [0.5076872110366821, 0.40443894267082214, 0.04483960568904877, 0.0462195910513401, 0.25484323501586914, 0.41001731157302856, 0.023471303284168243, 0.024042043834924698, 0.8012580275535583], "frame_32": [0.5077340006828308, 0.40443819761276245, 0.04485456645488739, 0.04621179401874542, 0.2662559747695923, 0.39526641368865967, 0.024124611169099808, 0.02478942833840847, 0.8561018109321594], "frame_33": [0.5077968239784241, 0.4044519066810608, 0.04490288719534874, 0.04627130180597305, 0.2768022418022156, 0.38329678773880005, 0.024783410131931305, 0.024308988824486732, 0.7651517391204834], "frame_34": [0.5073881149291992, 0.4045504331588745, 0.04426511004567146, 0.04647627845406532, 0.28883153200149536, 0.3714894652366638, 0.022907977923750877, 0.025156360119581223, 0.7196347713470459], "frame_35": [0.5073716640472412, 0.4045083820819855, 0.04414558410644531, 0.04638862609863281, 0.3010770082473755, 0.36269158124923706, 0.021823395043611526, 0.024610180407762527, 0.7407510280609131], "frame_36": [0.5075902938842773, 0.4041546583175659, 0.04467201232910156, 0.046091292053461075, 0.31159141659736633, 0.35317903757095337, 0.02249755896627903, 0.02605152130126953, 0.7732800245285034], "frame_37": [0.5076080560684204, 0.4042213559150696, 0.044757165014743805, 0.046210478991270065, 0.323214590549469, 0.34452828764915466, 0.020518451929092407, 0.024017905816435814, 0.8006892800331116], "frame_38": [0.5076102614402771, 0.4043046832084656, 0.04478408023715019, 0.04638794809579849, 0.3341573178768158, 0.3374875485897064, 0.021571731194853783, 0.02449847385287285, 0.8026414513587952],