{"frame_0": [0.5073570013046265, 0.4050317406654358, 0.044421978294849396, 0.04663870111107826, 0.5163190960884094, 0.4651705324649811, 0.020330259576439857, 0.021941756829619408, 0.8866733312606812], "frame_1": [0.5074294805526733, 0.40490585565567017, 0.04466450959444046, 0.04658334702253342, 0.5163190960884094, 0.4651705324649811, 0.020330259576439857, 0.021941756829619408, 0.8793109655380249], "frame_2": [0.5075487494468689, 0.40501001477241516, 0.04480764642357826, 0.046675704419612885, 0.5163190960884094, 0.4651705324649811, 0.020330259576439857, 0.021941756829619408, 0.8678024411201477], "frame_3": [0.5074948072433472, 0.40489059686660767, 0.04470231756567955, 0.04650595039129257, 0.5163190960884094, 0.4651705324649811, 0.020330259576439857, 0.021941756829619408, 0.877409040927887], "frame_4": [0.5075106024742126, 0.40490561723709106, 0.0446821004152298, 0.04651154577732086, 0.5163190960884094, 0.4651705324649811, 0.020330259576439857, 0.021941756829619408, 0.9435597062110901], "frame_5": [0.5075073838233948, 0.4048614501953125, 0.04453315585851669, 0.046432241797447205, 0.5163190960884094, 0.4651705324649811, 0.020330259576439857, 0.021941756829619408, 0.9740262627601624], "frame_6": [0.5074682235717773, 0.40483012795448303, 0.04448220878839493, 0.04653337225317955, 0.5163190960884094, 0.4651705324649811, 0.020330259576439857, 0.021941756829619408, 0.949719250202179], "frame_7": [0.5074718594551086, 0.4048529863357544, 0.04444291815161705, 0.04658372700214386, 0.5163190960884094, 0.4651705324649811, 0.020330259576439857, 0.021941756829619408, 0.92984938621521], "frame_8": [0.5076549053192139, 0.4049396216869354, 0.04404877498745918, 0.04663030803203583, 0.5163190960884094, 0.4651705324649811, 0.020330259576439857, 0.021941756829619408, 0.9530692100524902], "frame_9": [0.5078621506690979, 0.4049224853515625, 0.04458007961511612, 0.046667736023664474, 0.5163190960884094, 0.4651705324649811, 0.020330259576439857, 0.021941756829619408, 0.9449409246444702], "frame_10": [0.5076965689659119, 0.4049680531024933, 0.0442793108522892, 0.046672821044921875, 0.5163190960884094, 0.4651705324649811, 0.020330259576439857, 0.021941756829619408, 0.8064071536064148], "frame_11": [0.5077154636383057, 0.40497666597366333, 0.04433801397681236, 0.0466487891972065, 0.5163190960884094, 0.4651705324649811, 0.020330259576439857, 0.021941756829619408, 0.6260351538658142], "frame_12": [0.5078160166740417, 0.40495529770851135, 0.044310592114925385, 0.04679480567574501, 0.5163190960884094, 0.4651705324649811, 0.020330259576439857, 0.021941756829619408, 0.4345841705799103], "frame_13": [0.5077728033065796, 0.4048522114753723, 0.04450874403119087, 0.04684867709875107, 0.22170986235141754, 0.5348519086837769, 0.02098979987204075, 0.02316419780254364, 0.340915322303772], "frame_14": [0.5080808997154236, 0.404862642288208, 0.04513511806726456, 0.046794041991233826, 0.22170986235141754, 0.5348519086837769, 0.02098979987204075, 0.02316419780254364, 0.2705223262310028], "frame_15": [0.5080994963645935, 0.40484127402305603, 0.04514990746974945, 0.04670999199151993, 0.21424268186092377, 0.517175555229187, 0.02699345536530018, 0.030343415215611458, 0.2057511806488037], "frame_16": [0.5077880024909973, 0.4048982262611389, 0.04452535882592201, 0.046785734593868256, 0.2101568877696991, 0.5114980936050415, 0.027146678417921066, 0.03307821601629257, 0.17662474513053894], "frame_17": [0.5080593824386597, 0.4046325981616974, 0.0449981689453125, 0.04636840894818306, 0.20857387781143188, 0.5028213858604431, 0.024795299395918846, 0.026966942474246025, 0.26865124702453613], "frame_18": [0.5081291794776917, 0.404621422290802, 0.04500427097082138, 0.046347808092832565, 0.2047581523656845, 0.49722662568092346, 0.024525748565793037, 0.024662230163812637, 0.38538089394569397], "frame_19": [0.5081166625022888, 0.4046366512775421, 0.04499846696853638, 0.04633259400725365, 0.2021869271993637, 0.49407052993774414, 0.026017189025878906, 0.027135636657476425, 0.35950586199760437], "frame_20": [0.5081514716148376, 0.40468257665634155, 0.04509697109460831, 0.04628600925207138, 0.20004373788833618, 0.4921506345272064, 0.026644324883818626, 0.028399869799613953, 0.43388673663139343], "frame_21": [0.5082117915153503, 0.4046919047832489, 0.04520666226744652, 0.04618949815630913, 0.1981040984392166, 0.4891877770423889, 0.02652621828019619, 0.027970589697360992, 0.4270503520965576], "frame_22": [0.5082518458366394, 0.404702365398407, 0.045386504381895065, 0.04618581011891365, 0.19684892892837524, 0.48744601011276245, 0.026671791449189186, 0.02929382398724556, 0.43148893117904663], "frame_23": [0.508238673210144, 0.40470314025878906, 0.04534149169921875, 0.046293046325445175, 0.19641931354999542, 0.4844980835914612, 0.026970481500029564, 0.030053414404392242, 0.4162875711917877], "frame_24": [0.507659912109375, 0.40480634570121765, 0.044363658875226974, 0.04665260389447212, 0.19673389196395874, 0.48018452525138855, 0.027924304828047752, 0.029700638726353645, 0.38851866126060486], "frame_25": [0.5077266693115234, 0.40484437346458435, 0.044484201818704605, 0.046669770032167435, 0.1979706585407257, 0.47471916675567627, 0.028472667559981346, 0.030504226684570312, 0.41261184215545654], "frame_26": [0.5077558159828186, 0.4048658013343811, 0.04461127519607544, 0.046815913170576096, 0.19887910783290863, 0.4675576090812683, 0.027959484606981277, 0.030265044420957565, 0.5049999356269836], "frame_27": [0.5077322125434875, 0.40486669540405273, 0.04437599331140518, 0.04684096574783325, 0.2012348622083664, 0.45817556977272034, 0.028036605566740036, 0.029698392376303673, 0.4697501063346863], "frame_28": [0.5077236294746399, 0.40489715337753296, 0.044397905468940735, 0.046886615455150604, 0.20564456284046173, 0.44642892479896545, 0.029428524896502495, 0.03216514736413956, 0.39616620540618896], "frame_29": [0.507685661315918, 0.4049137830734253, 0.0445040799677372, 0.046952225267887115, 0.21338772773742676, 0.4277101159095764, 0.02679339423775673, 0.029585562646389008, 0.6576938033103943], "frame_30": [0.5076137781143188, 0.40487247705459595, 0.04450700432062149, 0.04692963510751724, 0.22518634796142578, 0.4082367420196533, 0.026542918756604195, 0.03041483648121357, 0.7515418529510498], "frame_31": [0.5075377821922302, 0.40489888191223145, 0.04449712857604027, 0.04703962430357933, 0.23724420368671417, 0.3893170952796936, 0.02544994279742241, 0.02812347374856472, 0.7501265406608582], "frame_32": [0.5075463056564331, 0.40487900376319885, 0.04451005905866623, 0.04699758067727089, 0.25003865361213684, 0.37259289622306824, 0.025401201099157333, 0.0294986292719841, 0.7376323342323303], "frame_33": [0.5076203346252441, 0.40489715337753296, 0.04446754604578018, 0.04717445373535156, 0.2605889141559601, 0.3573387563228607, 0.02527465857565403, 0.030602434650063515, 0.6803967952728271], "frame_34": [0.5079024434089661, 0.4048314094543457, 0.04496099799871445, 0.04702894389629364, 0.2728895843029022, 0.342143714427948, 0.025911903008818626, 0.028743065893650055, 0.6717773675918579], "frame_35": [0.5078027248382568, 0.4047984778881073, 0.0448194295167923, 0.04709510877728462, 0.28462085127830505, 0.3297743797302246, 0.0254965890198946, 0.02763991802930832, 0.7294846773147583], "frame_36": [0.5072185397148132, 0.4049316942691803, 0.04444105178117752, 0.04678141325712204, 0.2950567603111267, 0.317281574010849, 0.027945412322878838, 0.029436536133289337, 0.7227218747138977], "frame_37": [0.5072265863418579, 0.4049346446990967, 0.04445325955748558, 0.046822357922792435, 0.3074983060359955, 0.3088815212249756, 0.02736746519804001, 0.02953186072409153, 0.707069993019104], "frame_38": [0.5074880719184875, 0.40479400753974915, 0.04495048522949219, 0.046717070043087006, 0.3188445568084717, 0.3009621500968933, 0.026062922552227974, 0.028853798285126686, 0.6680942177772522],