{"frame_0": [0.628041684627533, 0.3976118266582489, 0.04973504692316055, 0.04799512401223183, 0.6286442875862122, 0.392776757478714, 0.038034819066524506, 0.035747017711400986, 0.9790877103805542], "frame_1": [0.6276702284812927, 0.3971499502658844, 0.04861106723546982, 0.048501841723918915, 0.6286442875862122, 0.392776757478714, 0.038034819066524506, 0.035747017711400986, 0.9819656014442444], "frame_2": [0.6276010870933533, 0.3972066342830658, 0.04852324724197388, 0.04858207702636719, 0.6286442875862122, 0.392776757478714, 0.038034819066524506, 0.035747017711400986, 0.9881072640419006], "frame_3": [0.6276034116744995, 0.39722442626953125, 0.04844076186418533, 0.04855724051594734, 0.6286442875862122, 0.392776757478714, 0.038034819066524506, 0.035747017711400986, 0.9649636745452881], "frame_4": [0.6275952458381653, 0.3973245322704315, 0.04847221449017525, 0.04835251718759537, 0.6286442875862122, 0.392776757478714, 0.038034819066524506, 0.035747017711400986, 0.9484723806381226], "frame_5": [0.6276310086250305, 0.39735883474349976, 0.048573050647974014, 0.04827050119638443, 0.6286442875862122, 0.392776757478714, 0.038034819066524506, 0.035747017711400986, 0.990540087223053], "frame_6": [0.6276254653930664, 0.3972904086112976, 0.04848764091730118, 0.04815538227558136, 0.6286442875862122, 0.392776757478714, 0.038034819066524506, 0.035747017711400986, 0.9339803457260132], "frame_7": [0.6277573704719543, 0.39719000458717346, 0.04853210598230362, 0.048242270946502686, 0.6286442875862122, 0.392776757478714, 0.038034819066524506, 0.035747017711400986, 0.8608018159866333], "frame_8": [0.6277586817741394, 0.39730045199394226, 0.04849111661314964, 0.04827088117599487, 0.6286442875862122, 0.392776757478714, 0.038034819066524506, 0.035747017711400986, 0.8190872669219971], "frame_9": [0.6277519464492798, 0.39732614159584045, 0.048307038843631744, 0.048148345202207565, 0.6286442875862122, 0.392776757478714, 0.038034819066524506, 0.035747017711400986, 0.8499643206596375], "frame_10": [0.6277578473091125, 0.3973320424556732, 0.04829351603984833, 0.04812842607498169, 0.6286442875862122, 0.392776757478714, 0.038034819066524506, 0.035747017711400986, 0.8518355488777161], "frame_11": [0.6276989579200745, 0.3973373472690582, 0.04834425076842308, 0.048122234642505646, 0.6286442875862122, 0.392776757478714, 0.038034819066524506, 0.035747017711400986, 0.7941595911979675], "frame_12": [0.6277556419372559, 0.3972378969192505, 0.04797486215829849, 0.04786919429898262, 0.6286442875862122, 0.392776757478714, 0.038034819066524506, 0.035747017711400986, 0.7184230089187622], "frame_13": [0.6277518272399902, 0.397256076335907, 0.04799859970808029, 0.04792463406920433, 0.6286442875862122, 0.392776757478714, 0.038034819066524506, 0.035747017711400986, 0.6390395760536194], "frame_14": [0.6277429461479187, 0.39727309346199036, 0.04798461124300957, 0.04795850068330765, 0.6286442875862122, 0.392776757478714, 0.038034819066524506, 0.035747017711400986, 0.6208791136741638], "frame_15": [0.6277613043785095, 0.3972923755645752, 0.04798486456274986, 0.047963716089725494, 0.6286442875862122, 0.392776757478714, 0.038034819066524506, 0.035747017711400986, 0.6436758637428284], "frame_16": [0.6277453303337097, 0.39730122685432434, 0.04792632907629013, 0.04797108843922615, 0.6286442875862122, 0.392776757478714, 0.038034819066524506, 0.035747017711400986, 0.37267979979515076], "frame_17": [0.6277536749839783, 0.3972950279712677, 0.04794942960143089, 0.047975752502679825, 0.6286442875862122, 0.392776757478714, 0.038034819066524506, 0.035747017711400986, 0.19667521119117737], "frame_18": [0.6277527809143066, 0.3973095417022705, 0.047954730689525604, 0.04800410941243172, 0.6286442875862122, 0.392776757478714, 0.038034819066524506, 0.035747017711400986, 0.12297773361206055], "frame_19": [0.6277374029159546, 0.3973318338394165, 0.04781358689069748, 0.04794443026185036, 0.6286442875862122, 0.392776757478714, 0.038034819066524506, 0.035747017711400986, 0.44841769337654114], "frame_20": [0.6277462244033813, 0.39735665917396545, 0.047949302941560745, 0.04795723035931587, 0.6286442875862122, 0.392776757478714, 0.038034819066524506, 0.035747017711400986, 0.5886306166648865], "frame_21": [0.6277814507484436, 0.3973020911216736, 0.04793892055749893, 0.04811007156968117, 0.6286442875862122, 0.392776757478714, 0.038034819066524506, 0.035747017711400986, 0.6392849087715149], "frame_22": [0.6277393102645874, 0.39754536747932434, 0.04850175604224205, 0.04818763583898544, 0.5385434031486511, 0.47278350591659546, 0.035878583788871765, 0.0322832316160202, 0.4576399624347687], "frame_23": [0.6277661323547363, 0.39760681986808777, 0.048718854784965515, 0.04811837896704674, 0.5414003729820251, 0.4683234393596649, 0.03421677649021149, 0.03385429456830025, 0.6733622550964355], "frame_24": [0.6277221441268921, 0.3977096676826477, 0.04894600063562393, 0.0482075996696949, 0.540966808795929, 0.46274498105049133, 0.03472001850605011, 0.033168621361255646, 0.5828008055686951], "frame_25": [0.6277514696121216, 0.39773938059806824, 0.04896583408117294, 0.04823218286037445, 0.5409724712371826, 0.45510169863700867, 0.035183802247047424, 0.03365173190832138, 0.07244423031806946], "frame_26": [0.6277502179145813, 0.39768025279045105, 0.04902924597263336, 0.048133086413145065, 0.5410065650939941, 0.44597160816192627, 0.03572523221373558, 0.03668081387877464, 0.8547742962837219], "frame_27": [0.6277129054069519, 0.39768633246421814, 0.04945199936628342, 0.04820014163851738, 0.5415366888046265, 0.43374553322792053, 0.03516655042767525, 0.03714209794998169, 0.8549239635467529], "frame_28": [0.627683699131012, 0.3976843059062958, 0.04932098463177681, 0.04817399010062218, 0.5429201126098633, 0.4207839071750641, 0.035686492919921875, 0.03911840543150902, 0.7714942693710327], "frame_29": [0.6276630163192749, 0.3977503478527069, 0.049399565905332565, 0.04809265211224556, 0.546491265296936, 0.4023703634738922, 0.02943861298263073, 0.04012582451105118, 0.17297525703907013], "frame_30": [0.6275233626365662, 0.3978029787540436, 0.049292586743831635, 0.0482422299683094, 0.549298882484436, 0.3802770972251892, 0.03179206699132919, 0.03379787877202034, 0.9849391579627991], "frame_31": [0.6274619102478027, 0.39790377020835876, 0.04943962022662163, 0.04835022985935211, 0.5526019930839539, 0.3585260510444641, 0.031276192516088486, 0.032095104455947876, 0.8931311368942261], "frame_32": [0.6275597810745239, 0.39796194434165955, 0.049432456493377686, 0.04852379858493805, 0.5564385056495667, 0.3389672636985779, 0.029971906915307045, 0.031261932104825974, 0.8547314405441284], "frame_33": [0.6276029944419861, 0.39791741967201233, 0.04910604655742645, 0.0485408790409565, 0.5593039393424988, 0.32160162925720215, 0.03162439167499542, 0.03266139701008797, 0.8550229668617249], "frame_34": [0.6275765895843506, 0.39788293838500977, 0.04912719875574112, 0.048532698303461075, 0.5629717707633972, 0.3063780963420868, 0.028899764642119408, 0.03098210319876671, 0.8576684594154358], "frame_35": [0.6276682615280151, 0.39782029390335083, 0.04909417778253555, 0.04848683625459671, 0.5663177371025085, 0.2920098900794983, 0.029107751324772835, 0.030780114233493805, 0.8361349701881409], "frame_36": [0.6274191737174988, 0.3977454602718353, 0.04895201697945595, 0.04820268601179123, 0.5693378448486328, 0.27896595001220703, 0.03007134422659874, 0.030100546777248383, 0.8516566157341003], "frame_37": [0.6274640560150146, 0.3978073000907898, 0.04911613464355469, 0.04834811016917229, 0.5730745196342468, 0.2704980969429016, 0.027251223102211952, 0.03080986812710762, 0.8730736970901489], "frame_38": [0.6274147629737854, 0.3977808952331543, 0.04893358051776886, 0.048335351049900055, 0.5766130089759827, 0.2614678144454956, 0.02609100379049778, 0.030782805755734444, 0.7989355325698853], "frame_39": [0.6273852586746216, 0.3976375460624695, 0.0487280935049057, 0.04817521944642067, 0.5795596241950989, 0.25341102480888367, 0.02615661546587944, 0.029523277655243874, 0.783510148525238],