{"frame_0": [0.6292675137519836, 0.3979734778404236, 0.04975636675953865, 0.04860801622271538, 0.6504402160644531, 0.47951558232307434, 0.021290969103574753, 0.025751877576112747, 0.0], "frame_1": [0.6290038824081421, 0.3979629576206207, 0.049246810376644135, 0.04915690794587135, 0.6504402160644531, 0.47951558232307434, 0.021290969103574753, 0.025751877576112747, 0.0], "frame_2": [0.6290199160575867, 0.3979348838329315, 0.04951188713312149, 0.04918929189443588, 0.6504402160644531, 0.47951558232307434, 0.021290969103574753, 0.025751877576112747, 0.0], "frame_3": [0.6291393041610718, 0.3978602886199951, 0.049547575414180756, 0.049184586852788925, 0.6504402160644531, 0.47951558232307434, 0.021290969103574753, 0.025751877576112747, 0.0], "frame_4": [0.6290587782859802, 0.39794763922691345, 0.049410630017519, 0.04920671135187149, 0.6504402160644531, 0.47951558232307434, 0.021290969103574753, 0.025751877576112747, 0.0], "frame_5": [0.6289334297180176, 0.3974960446357727, 0.049263931810855865, 0.04921107739210129, 0.6504402160644531, 0.47951558232307434, 0.021290969103574753, 0.025751877576112747, 0.0], "frame_6": [0.6289514899253845, 0.3976764380931854, 0.04938079044222832, 0.04896346107125282, 0.6504402160644531, 0.47951558232307434, 0.021290969103574753, 0.025751877576112747, 0.0], "frame_7": [0.6289907097816467, 0.3976316750049591, 0.04961958900094032, 0.048956044018268585, 0.6504402160644531, 0.47951558232307434, 0.021290969103574753, 0.025751877576112747, 0.0], "frame_8": [0.629002571105957, 0.3976539969444275, 0.0496700294315815, 0.048979949206113815, 0.9951043725013733, 0.5847374796867371, 0.009791226126253605, 0.03307456895709038, 0.0], "frame_9": [0.6290658712387085, 0.3976466655731201, 0.04975853115320206, 0.049010805785655975, 0.9951043725013733, 0.5847374796867371, 0.009791226126253605, 0.03307456895709038, 0.0], "frame_10": [0.62912917137146, 0.397563099861145, 0.04957559332251549, 0.049097780138254166, 0.9951043725013733, 0.5847374796867371, 0.009791226126253605, 0.03307456895709038, 0.0], "frame_11": [0.6291971206665039, 0.39753368496894836, 0.049624253064394, 0.04908265173435211, 0.9951043725013733, 0.5847374796867371, 0.009791226126253605, 0.03307456895709038, 0.0], "frame_12": [0.6291332840919495, 0.39752697944641113, 0.04952392727136612, 0.04895650967955589, 0.9951043725013733, 0.5847374796867371, 0.009791226126253605, 0.03307456895709038, 0.0], "frame_13": [0.6291442513465881, 0.3975323438644409, 0.049451276659965515, 0.048973675817251205, 0.9951043725013733, 0.5847374796867371, 0.009791226126253605, 0.03307456895709038, 0.0], "frame_14": [0.6291320323944092, 0.39765167236328125, 0.049463652074337006, 0.04905204847455025, 0.9951043725013733, 0.5847374796867371, 0.009791226126253605, 0.03307456895709038, 0.0], "frame_15": [0.6290942430496216, 0.39767980575561523, 0.04934149980545044, 0.04906807094812393, 0.9951043725013733, 0.5847374796867371, 0.009791226126253605, 0.03307456895709038, 0.0], "frame_16": [0.6290923357009888, 0.3976272642612457, 0.04948904365301132, 0.04896685108542442, 0.9951043725013733, 0.5847374796867371, 0.009791226126253605, 0.03307456895709038, 0.0], "frame_17": [0.6290304660797119, 0.3976515829563141, 0.04950464144349098, 0.04897104948759079, 0.9951043725013733, 0.5847374796867371, 0.009791226126253605, 0.03307456895709038, 0.0], "frame_18": [0.6290459632873535, 0.39766600728034973, 0.04954490810632706, 0.04898550361394882, 0.9951043725013733, 0.5847374796867371, 0.009791226126253605, 0.03307456895709038, 0.0], "frame_19": [0.6290738582611084, 0.3976600766181946, 0.04958602041006088, 0.04901021346449852, 0.9951043725013733, 0.5847374796867371, 0.009791226126253605, 0.03307456895709038, 0.0], "frame_20": [0.629148006439209, 0.3976101279258728, 0.04965943098068237, 0.048976387828588486, 0.9951043725013733, 0.5847374796867371, 0.009791226126253605, 0.03307456895709038, 0.0], "frame_21": [0.6291351914405823, 0.39759698510169983, 0.04966650903224945, 0.04893968254327774, 0.9951043725013733, 0.5847374796867371, 0.009791226126253605, 0.03307456895709038, 0.0], "frame_22": [0.6291367411613464, 0.39759859442710876, 0.04966316372156143, 0.0489424392580986, 0.9951043725013733, 0.5847374796867371, 0.009791226126253605, 0.03307456895709038, 0.0], "frame_23": [0.6291510462760925, 0.3975931704044342, 0.04969978332519531, 0.04891624301671982, 0.9951043725013733, 0.5847374796867371, 0.009791226126253605, 0.03307456895709038, 0.0], "frame_24": [0.6291251182556152, 0.39765962958335876, 0.04924430698156357, 0.04871436208486557, 0.9951043725013733, 0.5847374796867371, 0.009791226126253605, 0.03307456895709038, 0.0], "frame_25": [0.6291629672050476, 0.3976847231388092, 0.049228839576244354, 0.04877721890807152, 0.9951043725013733, 0.5847374796867371, 0.009791226126253605, 0.03307456895709038, 0.0], "frame_26": [0.6291718482971191, 0.3976752460002899, 0.049233246594667435, 0.04877170920372009, 0.9951043725013733, 0.5847374796867371, 0.009791226126253605, 0.03307456895709038, 0.0], "frame_27": [0.6289647817611694, 0.39740774035453796, 0.049057770520448685, 0.04916280135512352, 0.9951043725013733, 0.5847374796867371, 0.009791226126253605, 0.03307456895709038, 0.0], "frame_28": [0.6289076805114746, 0.3975974917411804, 0.04897210747003555, 0.04892667010426521, 0.9951043725013733, 0.5847374796867371, 0.009791226126253605, 0.03307456895709038, 0.3109445571899414], "frame_29": [0.628902792930603, 0.39759689569473267, 0.04901750385761261, 0.04896625876426697, 0.9766005873680115, 0.41389986872673035, 0.02814212441444397, 0.031635284423828125, 0.0], "frame_30": [0.6289814114570618, 0.3975633382797241, 0.049098797142505646, 0.04893463850021362, 0.9622361660003662, 0.3935064673423767, 0.02825656533241272, 0.029516389593482018, 0.0], "frame_31": [0.6289581656455994, 0.39755502343177795, 0.04899512231349945, 0.048898737877607346, 0.94608473777771, 0.3743269145488739, 0.02665133960545063, 0.028914133086800575, 0.0], "frame_32": [0.6289761662483215, 0.39756131172180176, 0.04902822524309158, 0.04885575920343399, 0.94608473777771, 0.3743269145488739, 0.02665133960545063, 0.028914133086800575, 0.0], "frame_33": [0.6289958357810974, 0.39757275581359863, 0.04910193383693695, 0.04895155131816864, 0.9166181683540344, 0.34287866950035095, 0.025774214416742325, 0.02841438725590706, 0.0], "frame_34": [0.6290046572685242, 0.3975696265697479, 0.04913368076086044, 0.04893353953957558, 0.9025144577026367, 0.3286023437976837, 0.02551574632525444, 0.0295863039791584, 0.789642333984375], "frame_35": [0.6289902329444885, 0.3975449800491333, 0.04908256605267525, 0.04886847734451294, 0.9025144577026367, 0.3286023437976837, 0.02551574632525444, 0.0295863039791584, 0.7630946636199951], "frame_36": [0.6290859580039978, 0.3975710868835449, 0.05041893944144249, 0.048867542296648026, 0.877589225769043, 0.3042674660682678, 0.021760983392596245, 0.028744887560606003, 0.7058954834938049], "frame_37": [0.6290745139122009, 0.3975256085395813, 0.05030403286218643, 0.04879557341337204, 0.8631981015205383, 0.2962462902069092, 0.02250179648399353, 0.027682261541485786, 0.9528230428695679], "frame_38": [0.6290736198425293, 0.3975711464881897, 0.05041351169347763, 0.04888831079006195, 0.8492040634155273, 0.28872010111808777, 0.02248213067650795, 0.030893515795469284, 0.0], "frame_39": [0.6290299892425537, 0.39746132493019104, 0.0507771372795105, 0.04909447580575943, 0.8338735103607178, 0.2817719876766205, 0.025823550298810005, 0.028342436999082565, 0.0], "frame_40": [0.629102349281311, 0.3975362479686737, 0.05046501010656357, 0.04882049560546875, 0.8214195370674133, 0.2768673002719879, 0.02782779186964035, 0.028143225237727165, 0.7112609148025513], "frame_41": [0.6290864944458008, 0.3975406289100647, 0.05040083825588226, 0.04883918911218643, 0.8096938133239746, 0.2717636525630951, 0.02598724327981472, 0.028714751824736595, 0.0],