{"frame_0": [0.5072519183158875, 0.40492457151412964, 0.04537137225270271, 0.046614836901426315, 0.6830649375915527, 0.5596544146537781, 0.024586698040366173, 0.024507353082299232, 0.6254031658172607], "frame_1": [0.5070300102233887, 0.40508612990379333, 0.04564971849322319, 0.04684126004576683, 0.6713136434555054, 0.5616897344589233, 0.026834657415747643, 0.025246430188417435, 0.5423033833503723], "frame_2": [0.5071747899055481, 0.40504372119903564, 0.04587296396493912, 0.04686707258224487, 0.6619903445243835, 0.5617852807044983, 0.02660742774605751, 0.025113677605986595, 0.6478940844535828], "frame_3": [0.5071524977684021, 0.4050436317920685, 0.04590127617120743, 0.0467824712395668, 0.6558395028114319, 0.562745213508606, 0.024697113782167435, 0.027075957506895065, 0.6795397996902466], "frame_4": [0.5071003437042236, 0.405015230178833, 0.04583604633808136, 0.046853892505168915, 0.648169219493866, 0.5629162192344666, 0.024863222613930702, 0.026745351031422615, 0.6042384505271912], "frame_5": [0.507180392742157, 0.4049777686595917, 0.04592149704694748, 0.04676361009478569, 0.6423050761222839, 0.5636030435562134, 0.027061928063631058, 0.027370240539312363, 0.6167792677879333], "frame_6": [0.5072247982025146, 0.40498751401901245, 0.04586219787597656, 0.04671007767319679, 0.6359162926673889, 0.5625612139701843, 0.026506338268518448, 0.025942018255591393, 0.7026930451393127], "frame_7": [0.5071751475334167, 0.40501758456230164, 0.04586656391620636, 0.04666803032159805, 0.631643533706665, 0.5607784986495972, 0.024505488574504852, 0.02732323482632637, 0.7938894629478455], "frame_8": [0.5072711706161499, 0.40522122383117676, 0.04607582092285156, 0.04720001295208931, 0.6264320611953735, 0.5561220645904541, 0.025908490642905235, 0.025938797742128372, 0.9037463665008545], "frame_9": [0.5072113871574402, 0.4051458537578583, 0.046018388122320175, 0.04711935296654701, 0.6230552792549133, 0.5508608818054199, 0.02468346431851387, 0.02482452429831028, 0.47256821393966675], "frame_10": [0.5072458982467651, 0.4051986634731293, 0.04605446010828018, 0.047183990478515625, 0.6198956370353699, 0.5438241958618164, 0.02451154962182045, 0.026622220873832703, 0.4233925938606262], "frame_11": [0.5072022080421448, 0.40519171953201294, 0.04597960412502289, 0.04718521982431412, 0.6185379028320312, 0.5330356359481812, 0.02422485314309597, 0.024433517828583717, 0.47530171275138855], "frame_12": [0.5067656636238098, 0.40500378608703613, 0.04537069424986839, 0.04689615219831467, 0.619344174861908, 0.5245421528816223, 0.023308351635932922, 0.025998475030064583, 0.42765021324157715], "frame_13": [0.506739616394043, 0.40502455830574036, 0.0452091209590435, 0.04689343646168709, 0.619344174861908, 0.5245421528816223, 0.023308351635932922, 0.025998475030064583, 0.4542478024959564], "frame_14": [0.5067145228385925, 0.4050399363040924, 0.04514181241393089, 0.04684075340628624, 0.619344174861908, 0.5245421528816223, 0.023308351635932922, 0.025998475030064583, 0.5201422572135925], "frame_15": [0.5067792534828186, 0.4050721824169159, 0.04524955898523331, 0.046974945813417435, 0.6349385380744934, 0.5029677748680115, 0.020920943468809128, 0.024505233392119408, 0.5631298422813416], "frame_16": [0.5068202614784241, 0.4050541818141937, 0.04527007043361664, 0.04696790874004364, 0.6349385380744934, 0.5029677748680115, 0.020920943468809128, 0.024505233392119408, 0.6441181302070618], "frame_17": [0.5067316889762878, 0.4049975872039795, 0.04509756341576576, 0.04693620651960373, 0.6349385380744934, 0.5029677748680115, 0.020920943468809128, 0.024505233392119408, 0.5515213012695312], "frame_18": [0.5066433548927307, 0.40501025319099426, 0.044973161071538925, 0.046899668872356415, 0.6349385380744934, 0.5029677748680115, 0.020920943468809128, 0.024505233392119408, 0.6024608016014099], "frame_19": [0.5066244602203369, 0.40498489141464233, 0.04495107755064964, 0.0468774177134037, 0.6349385380744934, 0.5029677748680115, 0.020920943468809128, 0.024505233392119408, 0.5914472937583923], "frame_20": [0.5066075325012207, 0.40502411127090454, 0.0449676513671875, 0.04696871340274811, 0.6349385380744934, 0.5029677748680115, 0.020920943468809128, 0.024505233392119408, 0.5980656147003174], "frame_21": [0.5066225528717041, 0.4050214886665344, 0.04502237215638161, 0.04696100205183029, 0.6349385380744934, 0.5029677748680115, 0.020920943468809128, 0.024505233392119408, 0.6316350698471069], "frame_22": [0.5066205263137817, 0.4050074815750122, 0.04492073133587837, 0.04692450538277626, 0.6349385380744934, 0.5029677748680115, 0.020920943468809128, 0.024505233392119408, 0.5715810060501099], "frame_23": [0.5066547989845276, 0.40496936440467834, 0.04497053474187851, 0.046848125755786896, 0.6349385380744934, 0.5029677748680115, 0.020920943468809128, 0.024505233392119408, 0.5462599992752075], "frame_24": [0.5066628456115723, 0.40509524941444397, 0.04578590393066406, 0.046937644481658936, 0.680324375629425, 0.47500619292259216, 0.023121261969208717, 0.024402618408203125, 0.7627483010292053], "frame_25": [0.5067334771156311, 0.4051254987716675, 0.04594459384679794, 0.047002580016851425, 0.6810714602470398, 0.4692005217075348, 0.023921797052025795, 0.028140513226389885, 0.5581244230270386], "frame_26": [0.5068342685699463, 0.40515029430389404, 0.04609633609652519, 0.046979352831840515, 0.6830677390098572, 0.4612947106361389, 0.021516036242246628, 0.025157928466796875, 0.005449236370623112], "frame_27": [0.506901741027832, 0.4051843285560608, 0.0461907722055912, 0.04703771695494652, 0.6816544532775879, 0.45366525650024414, 0.023131730034947395, 0.027447890490293503, 0.6235418915748596], "frame_28": [0.5070450305938721, 0.40522798895835876, 0.046395618468523026, 0.04702915623784065, 0.6789089441299438, 0.4426460266113281, 0.024111175909638405, 0.0276811383664608, 0.6781954765319824], "frame_29": [0.5070632696151733, 0.4052678346633911, 0.04656388983130455, 0.04712104797363281, 0.6727286577224731, 0.4269050657749176, 0.023730002343654633, 0.025613784790039062, 0.8008332252502441], "frame_30": [0.5069705843925476, 0.40505558252334595, 0.04630889743566513, 0.04675072431564331, 0.6654765009880066, 0.41139084100723267, 0.023740768432617188, 0.025009918957948685, 0.9395395517349243], "frame_31": [0.5068915486335754, 0.4050391614437103, 0.04615991562604904, 0.046783361583948135, 0.6577056646347046, 0.39658376574516296, 0.02448594756424427, 0.02508256770670414, 0.8384018540382385], "frame_32": [0.5066983103752136, 0.4050365090370178, 0.045944806188344955, 0.04689377546310425, 0.6500211358070374, 0.38343489170074463, 0.024586698040366173, 0.025462213903665543, 0.8336154818534851], "frame_33": [0.5067211985588074, 0.40502530336380005, 0.045824430882930756, 0.04695489630103111, 0.6422380208969116, 0.37110909819602966, 0.02480316162109375, 0.025838343426585197, 0.0], "frame_34": [0.5067052245140076, 0.4050975441932678, 0.04589635878801346, 0.0471021868288517, 0.634316086769104, 0.36074376106262207, 0.024718856438994408, 0.026293329894542694, 0.0], "frame_35": [0.5067065954208374, 0.4051084816455841, 0.04598558321595192, 0.04709671810269356, 0.6273432374000549, 0.3513234555721283, 0.023999234661459923, 0.02609490230679512, 0.7475154995918274], "frame_36": [0.506695568561554, 0.40509966015815735, 0.04555930942296982, 0.0470317006111145, 0.6200401186943054, 0.34324318170547485, 0.024085616692900658, 0.025458738207817078, 0.7631828188896179], "frame_37": [0.5066995620727539, 0.4051164388656616, 0.04563187435269356, 0.04710426181554794, 0.6136705279350281, 0.3360273241996765, 0.023660829290747643, 0.02527599409222603, 0.7288100123405457], "frame_38": [0.5065779685974121, 0.405033141374588, 0.0455026850104332, 0.046918317675590515, 0.6077663898468018, 0.3306591808795929, 0.02171800471842289, 0.02511119842529297, 0.8670970797538757], "frame_39": [0.5064844489097595, 0.40496698021888733, 0.04535407945513725, 0.04691225662827492, 0.5993306040763855, 0.32666438817977905, 0.022950151935219765, 0.025426482781767845, 0.7499467134475708],