{"frame_0": [0.6286078691482544, 0.39757487177848816, 0.05090845003724098, 0.0487847663462162, 0.6315727233886719, 0.4757215678691864, 0.02245788648724556, 0.024339506402611732, 0.8109288215637207], "frame_1": [0.6282902359962463, 0.397405743598938, 0.049686260521411896, 0.04915648698806763, 0.6315727233886719, 0.4757215678691864, 0.02245788648724556, 0.024339506402611732, 0.8241357803344727], "frame_2": [0.628298819065094, 0.3975347876548767, 0.04976501315832138, 0.04925753176212311, 0.6315727233886719, 0.4757215678691864, 0.02245788648724556, 0.024339506402611732, 0.8018373250961304], "frame_3": [0.6282781362533569, 0.39756062626838684, 0.049797821789979935, 0.04920463636517525, 0.6315727233886719, 0.4757215678691864, 0.02245788648724556, 0.024339506402611732, 0.8397111296653748], "frame_4": [0.6282719373703003, 0.39755979180336, 0.04981841892004013, 0.04919429495930672, 0.6315727233886719, 0.4757215678691864, 0.02245788648724556, 0.024339506402611732, 0.8762300610542297], "frame_5": [0.6284052729606628, 0.3974357545375824, 0.05006370693445206, 0.049342431128025055, 0.6315727233886719, 0.4757215678691864, 0.02245788648724556, 0.024339506402611732, 0.9141737222671509], "frame_6": [0.6284942030906677, 0.39745280146598816, 0.05004853010177612, 0.04940427094697952, 0.6315727233886719, 0.4757215678691864, 0.02245788648724556, 0.024339506402611732, 0.9458824396133423], "frame_7": [0.6284973621368408, 0.39744606614112854, 0.04996659979224205, 0.049382273107767105, 0.6315727233886719, 0.4757215678691864, 0.02245788648724556, 0.024339506402611732, 0.9679379463195801], "frame_8": [0.6286118626594543, 0.397409051656723, 0.050128087401390076, 0.049221210181713104, 0.6315727233886719, 0.4757215678691864, 0.02245788648724556, 0.024339506402611732, 0.9624484181404114], "frame_9": [0.6284215450286865, 0.3974755108356476, 0.04976937919855118, 0.04936018958687782, 0.6315727233886719, 0.4757215678691864, 0.02245788648724556, 0.024339506402611732, 0.9810456037521362], "frame_10": [0.6284518837928772, 0.39745739102363586, 0.049784936010837555, 0.04936544597148895, 0.6315727233886719, 0.4757215678691864, 0.02245788648724556, 0.024339506402611732, 0.9837310910224915], "frame_11": [0.6284680366516113, 0.39745795726776123, 0.049835797399282455, 0.049302756786346436, 0.6315727233886719, 0.4757215678691864, 0.02245788648724556, 0.024339506402611732, 0.9833671450614929], "frame_12": [0.6282907128334045, 0.3975531756877899, 0.04940948635339737, 0.04926262050867081, 0.6315727233886719, 0.4757215678691864, 0.02245788648724556, 0.024339506402611732, 0.9995939135551453], "frame_13": [0.628290057182312, 0.39755523204803467, 0.04941808804869652, 0.049266643822193146, 0.6315727233886719, 0.4757215678691864, 0.02245788648724556, 0.024339506402611732, 0.9834285378456116], "frame_14": [0.6283204555511475, 0.397572785615921, 0.04948234558105469, 0.049268342554569244, 0.6315727233886719, 0.4757215678691864, 0.02245788648724556, 0.024339506402611732, 0.9828829765319824], "frame_15": [0.6283247470855713, 0.39761707186698914, 0.04944402724504471, 0.04920756071805954, 0.6315727233886719, 0.4757215678691864, 0.02245788648724556, 0.024339506402611732, 0.960376501083374], "frame_16": [0.6283259987831116, 0.397607684135437, 0.04943809658288956, 0.04918073117733002, 0.6315727233886719, 0.4757215678691864, 0.02245788648724556, 0.024339506402611732, 0.9783145189285278], "frame_17": [0.6283047199249268, 0.3976098895072937, 0.04947272315621376, 0.04921811446547508, 0.6315727233886719, 0.4757215678691864, 0.02245788648724556, 0.024339506402611732, 0.9658646583557129], "frame_18": [0.6281945705413818, 0.3976123034954071, 0.04943885654211044, 0.049261897802352905, 0.6315727233886719, 0.4757215678691864, 0.02245788648724556, 0.024339506402611732, 0.8919979929924011], "frame_19": [0.6281790733337402, 0.39764276146888733, 0.04942571744322777, 0.04927253723144531, 0.11568266898393631, 0.5581181049346924, 0.03364553302526474, 0.03299272432923317, 0.8712071180343628], "frame_20": [0.6281766891479492, 0.39770156145095825, 0.0494290255010128, 0.04915856197476387, 0.11568266898393631, 0.5581181049346924, 0.03364553302526474, 0.03299272432923317, 0.5550035834312439], "frame_21": [0.6281657814979553, 0.3977084755897522, 0.04946785047650337, 0.04915733262896538, 0.11568266898393631, 0.5581181049346924, 0.03364553302526474, 0.03299272432923317, 0.6287747025489807], "frame_22": [0.6280777454376221, 0.3978067934513092, 0.04906107485294342, 0.04911977797746658, 0.11518389731645584, 0.5062165260314941, 0.036618731915950775, 0.0331641286611557, 0.4387752413749695], "frame_23": [0.6282482743263245, 0.3977172374725342, 0.0493452288210392, 0.04926774650812149, 0.10732536017894745, 0.4879167377948761, 0.03434959053993225, 0.033887483179569244, 0.3883633315563202], "frame_24": [0.6281705498695374, 0.39775916934013367, 0.04896049574017525, 0.04942864179611206, 0.09459921717643738, 0.4785321056842804, 0.03493623808026314, 0.037547215819358826, 0.3309020698070526], "frame_25": [0.6280895471572876, 0.39781808853149414, 0.04867875948548317, 0.04920230433344841, 0.08406141400337219, 0.47117096185684204, 0.035423293709754944, 0.03677330166101456, 0.3317866623401642], "frame_26": [0.6281699538230896, 0.3977731466293335, 0.048952866345644, 0.04934671148657799, 0.07840854674577713, 0.4659763276576996, 0.03515772894024849, 0.03483869880437851, 0.31076574325561523], "frame_27": [0.6281313896179199, 0.39776700735092163, 0.04890746995806694, 0.049343109130859375, 0.07528669387102127, 0.45813411474227905, 0.03413357213139534, 0.033552635461091995, 0.3492331802845001], "frame_28": [0.6281313300132751, 0.39778053760528564, 0.04893074184656143, 0.049351416528224945, 0.07573867589235306, 0.4472130537033081, 0.0356801301240921, 0.034534625709056854, 0.381733238697052], "frame_29": [0.6281294226646423, 0.39780232310295105, 0.048853300511837006, 0.04922112450003624, 0.08082173019647598, 0.43583086133003235, 0.033420637249946594, 0.03698861971497536, 0.4322251081466675], "frame_30": [0.6281234622001648, 0.3978358805179596, 0.04891014099121094, 0.04927457123994827, 0.089193195104599, 0.41788390278816223, 0.03486866503953934, 0.03716689348220825, 0.504284143447876], "frame_31": [0.6282244920730591, 0.39781367778778076, 0.049322426319122314, 0.04927796125411987, 0.0992501899600029, 0.396722674369812, 0.03303389996290207, 0.03908433020114899, 0.5466415286064148], "frame_32": [0.6282210350036621, 0.39781713485717773, 0.04926910251379013, 0.04931000620126724, 0.12086624652147293, 0.3691426217556, 0.028539085760712624, 0.03213738277554512, 0.7703424096107483], "frame_33": [0.6282041668891907, 0.3978233337402344, 0.04923617094755173, 0.04932725802063942, 0.13984578847885132, 0.3457905948162079, 0.02592492662370205, 0.029655350372195244, 0.7875187993049622], "frame_34": [0.6280792951583862, 0.3978157043457031, 0.04913720116019249, 0.04935307055711746, 0.1600286066532135, 0.32357585430145264, 0.027531718835234642, 0.03075004182755947, 0.7822644114494324], "frame_35": [0.628045916557312, 0.3978051543235779, 0.04907968267798424, 0.04937506839632988, 0.18195012211799622, 0.30401161313056946, 0.028301049023866653, 0.03207463026046753, 0.728556752204895], "frame_36": [0.6282405257225037, 0.3976954221725464, 0.049213409423828125, 0.04939147084951401, 0.20124095678329468, 0.2856413424015045, 0.027609635144472122, 0.031849205493927, 0.733137309551239], "frame_37": [0.6283139586448669, 0.3976033627986908, 0.04933272302150726, 0.0495612658560276, 0.21955430507659912, 0.2693607211112976, 0.027039146050810814, 0.030753325670957565, 0.7954942584037781], "frame_38": [0.6284621953964233, 0.39773446321487427, 0.04956664890050888, 0.049250539392232895, 0.23891109228134155, 0.25412505865097046, 0.029040824621915817, 0.031558312475681305, 0.7856490015983582], "frame_39": [0.6284776329994202, 0.39773550629615784, 0.04949285835027695, 0.04924820736050606, 0.2570987641811371, 0.24133437871932983, 0.027561483904719353, 0.030702676624059677, 0.7777583599090576],