{"frame_0": [0.507409393787384, 0.4053139090538025, 0.045491792261600494, 0.047196704894304276, 0.17390696704387665, 0.5810430645942688, 0.020231183618307114, 0.024948332458734512, 0.8137532472610474], "frame_1": [0.5073687434196472, 0.40540897846221924, 0.04574012756347656, 0.04706992954015732, 0.17390696704387665, 0.5810430645942688, 0.020231183618307114, 0.024948332458734512, 0.8034568428993225], "frame_2": [0.5072640776634216, 0.4052926003932953, 0.04562140628695488, 0.04705505445599556, 0.17390696704387665, 0.5810430645942688, 0.020231183618307114, 0.024948332458734512, 0.7826358675956726], "frame_3": [0.507270097732544, 0.40528449416160583, 0.045672014355659485, 0.047094810754060745, 0.1758679300546646, 0.5825859904289246, 0.020454777404665947, 0.023219680413603783, 0.8494517207145691], "frame_4": [0.5071427822113037, 0.40531209111213684, 0.04520929232239723, 0.04708154499530792, 0.17569571733474731, 0.5834596157073975, 0.020682556554675102, 0.023250197991728783, 0.7873291373252869], "frame_5": [0.5069653987884521, 0.40521955490112305, 0.0449208989739418, 0.046947818249464035, 0.177724227309227, 0.5840211510658264, 0.02045610174536705, 0.023381423205137253, 0.791473388671875], "frame_6": [0.5069214105606079, 0.4052151143550873, 0.04482981190085411, 0.04691869765520096, 0.17834186553955078, 0.5836066603660583, 0.020457977429032326, 0.025385666638612747, 0.7814112901687622], "frame_7": [0.5068476796150208, 0.4051777720451355, 0.044695280492305756, 0.046745724976062775, 0.17834186553955078, 0.5836066603660583, 0.020457977429032326, 0.025385666638612747, 0.782307505607605], "frame_8": [0.5067198276519775, 0.4053157866001129, 0.044858168810606, 0.046937644481658936, 0.18255940079689026, 0.578208863735199, 0.020644716918468475, 0.024374602362513542, 0.7317633628845215], "frame_9": [0.5067191123962402, 0.40531858801841736, 0.04479789733886719, 0.04698096215724945, 0.1836707890033722, 0.5744122266769409, 0.021900610998272896, 0.02415144257247448, 0.738883912563324], "frame_10": [0.5067898035049438, 0.4052998721599579, 0.044972822070121765, 0.046908482909202576, 0.18575039505958557, 0.5678136348724365, 0.02196630835533142, 0.023397445678710938, 0.5797569155693054], "frame_11": [0.5069831609725952, 0.4053039848804474, 0.04535742849111557, 0.04693756252527237, 0.18631838262081146, 0.5618517398834229, 0.02426605299115181, 0.025354554876685143, 0.6540132761001587], "frame_12": [0.5074150562286377, 0.4049713909626007, 0.04602966457605362, 0.04635497182607651, 0.18724897503852844, 0.5525962710380554, 0.024604415521025658, 0.02357720211148262, 0.566249668598175], "frame_13": [0.5073111057281494, 0.40489882230758667, 0.04580099135637283, 0.04629957303404808, 0.18613556027412415, 0.5428918600082397, 0.021978992968797684, 0.022408295422792435, 0.507105827331543], "frame_14": [0.5072513222694397, 0.4049323499202728, 0.04575767368078232, 0.04631635919213295, 0.18144230544567108, 0.5327856540679932, 0.02397039160132408, 0.023683717474341393, 0.463481068611145], "frame_15": [0.5072273015975952, 0.40495800971984863, 0.04571295902132988, 0.04631614685058594, 0.17667073011398315, 0.5254219770431519, 0.0218336321413517, 0.02384796179831028, 0.4333660900592804], "frame_16": [0.5073649287223816, 0.40501707792282104, 0.04596502333879471, 0.04615919291973114, 0.17100083827972412, 0.519335925579071, 0.02244550921022892, 0.024559784680604935, 0.4040606915950775], "frame_17": [0.5075512528419495, 0.4050927758216858, 0.04614732414484024, 0.046288300305604935, 0.1654140204191208, 0.5135868787765503, 0.022183800116181374, 0.02456512488424778, 0.43086016178131104], "frame_18": [0.5076051354408264, 0.40507346391677856, 0.04622247442603111, 0.04633072763681412, 0.16014425456523895, 0.5095875859260559, 0.02103855274617672, 0.02375810407102108, 0.37386131286621094], "frame_19": [0.5071098804473877, 0.40509939193725586, 0.045692529529333115, 0.04645500332117081, 0.15427762269973755, 0.5077657699584961, 0.02422468364238739, 0.02453002892434597, 0.39652565121650696], "frame_20": [0.5075669884681702, 0.4050418436527252, 0.04631652683019638, 0.04633500799536705, 0.14956583082675934, 0.5060566067695618, 0.02352314069867134, 0.024433135986328125, 0.4549015760421753], "frame_21": [0.5075478553771973, 0.40499597787857056, 0.04625854641199112, 0.04613456875085831, 0.146124929189682, 0.5057010650634766, 0.02511882781982422, 0.0258314348757267, 0.38352060317993164], "frame_22": [0.5073952078819275, 0.4048568606376648, 0.045849695801734924, 0.04597761482000351, 0.14301612973213196, 0.5029259920120239, 0.02396232821047306, 0.02483520470559597, 0.4066113829612732], "frame_23": [0.5074071288108826, 0.4048696756362915, 0.04582718759775162, 0.04596307501196861, 0.14035797119140625, 0.5011398196220398, 0.023399777710437775, 0.024668121710419655, 0.4022613763809204], "frame_24": [0.5077705383300781, 0.40508317947387695, 0.04638633877038956, 0.04628228023648262, 0.13886377215385437, 0.49824175238609314, 0.023816341534256935, 0.025313567370176315, 0.3999997079372406], "frame_25": [0.5077518224716187, 0.4050852954387665, 0.04628279060125351, 0.04638061672449112, 0.1376206874847412, 0.494451642036438, 0.02266734465956688, 0.024321366101503372, 0.3193785548210144], "frame_26": [0.5076422691345215, 0.40505871176719666, 0.04617974907159805, 0.046369850635528564, 0.13703401386737823, 0.48965415358543396, 0.023200776427984238, 0.025525664910674095, 0.5643739104270935], "frame_27": [0.5077978372573853, 0.4050690829753876, 0.04646008834242821, 0.04631652683019638, 0.13738977909088135, 0.4835478961467743, 0.02272510528564453, 0.025925446301698685, 0.31699103116989136], "frame_28": [0.5078344345092773, 0.4049873650074005, 0.04654138535261154, 0.046129606664180756, 0.14008700847625732, 0.47414547204971313, 0.023624610155820847, 0.02449357695877552, 0.6313254237174988], "frame_29": [0.5077760219573975, 0.40488091111183167, 0.04638006538152695, 0.046050772070884705, 0.1447274386882782, 0.4615756869316101, 0.022400474175810814, 0.026370832696557045, 0.4364628493785858], "frame_30": [0.5077781677246094, 0.40491819381713867, 0.046335432678461075, 0.0460205078125, 0.1556636393070221, 0.4425356686115265, 0.024402184411883354, 0.024119779467582703, 0.7854293584823608], "frame_31": [0.507749080657959, 0.40484458208084106, 0.04631173983216286, 0.04591619595885277, 0.16699324548244476, 0.4245786964893341, 0.023543113842606544, 0.025281906127929688, 0.7711612582206726], "frame_32": [0.507745087146759, 0.4048348367214203, 0.04638824611902237, 0.04595866799354553, 0.17846302688121796, 0.408307820558548, 0.024181514978408813, 0.02391967736184597, 0.7677409648895264], "frame_33": [0.5079518556594849, 0.40481036901474, 0.04678009822964668, 0.045883771032094955, 0.19023488461971283, 0.3919648826122284, 0.023968802765011787, 0.025455940514802933, 0.7695320844650269], "frame_34": [0.5079431533813477, 0.4047900438308716, 0.04671753942966461, 0.04589013010263443, 0.20261281728744507, 0.3774434030056, 0.023864470422267914, 0.02491455152630806, 0.7689265012741089], "frame_35": [0.5078908205032349, 0.4047747254371643, 0.046675026416778564, 0.045888520777225494, 0.21501736342906952, 0.3638348877429962, 0.024213790893554688, 0.025742720812559128, 0.8644205927848816], "frame_36": [0.5077027082443237, 0.4046414792537689, 0.04633026197552681, 0.04578666761517525, 0.22670233249664307, 0.3522000312805176, 0.024386215955018997, 0.026168949902057648, 0.8312574028968811], "frame_37": [0.507780134677887, 0.4046165347099304, 0.046389006078243256, 0.04564916715025902, 0.23846778273582458, 0.3388311266899109, 0.022157203406095505, 0.024004364386200905, 0.7440832257270813], "frame_38": [0.5077318549156189, 0.40461888909339905, 0.04635030776262283, 0.0457628034055233, 0.2506096661090851, 0.3287751376628876, 0.02085132524371147, 0.023309219628572464, 0.7317013740539551],