{"frame_0": [0.5083601474761963, 0.40478846430778503, 0.04752998426556587, 0.04593772813677788, 0.26084527373313904, 0.611901581287384, 0.01956840045750141, 0.02060394361615181, 0.0], "frame_1": [0.5082166194915771, 0.4046943187713623, 0.04724006727337837, 0.045279692858457565, 0.2647016644477844, 0.6041842103004456, 0.020924292504787445, 0.023722628131508827, 0.7641992568969727], "frame_2": [0.5081543922424316, 0.40470224618911743, 0.047113798558712006, 0.04522497206926346, 0.26976633071899414, 0.5945560932159424, 0.02081589214503765, 0.024859534576535225, 0.0], "frame_3": [0.5080751180648804, 0.4045887291431427, 0.04713401943445206, 0.045330725610256195, 0.2744535207748413, 0.5845056176185608, 0.02010650560259819, 0.023064423352479935, 0.0], "frame_4": [0.5080211162567139, 0.4045296609401703, 0.04705590009689331, 0.045233748853206635, 0.27942025661468506, 0.5789559483528137, 0.02008647844195366, 0.02176734060049057, 0.0], "frame_5": [0.5080215334892273, 0.404506653547287, 0.04711846262216568, 0.04536149650812149, 0.28441375494003296, 0.5745405554771423, 0.02054375596344471, 0.021136686205863953, 0.0], "frame_6": [0.5083481669425964, 0.40450116991996765, 0.047352008521556854, 0.04519106447696686, 0.2872055172920227, 0.5703341364860535, 0.018470721319317818, 0.020679261535406113, 0.0], "frame_7": [0.5084584951400757, 0.4045960307121277, 0.04763946682214737, 0.045279353857040405, 0.2894703447818756, 0.5673466324806213, 0.019678793847560883, 0.020680999383330345, 0.0], "frame_8": [0.5084921717643738, 0.40461111068725586, 0.0477047823369503, 0.04527032747864723, 0.29264259338378906, 0.5645989179611206, 0.018595589324831963, 0.020214462652802467, 0.0], "frame_9": [0.5085669755935669, 0.4045394957065582, 0.04787042364478111, 0.045125581324100494, 0.29446256160736084, 0.5628806352615356, 0.019328774884343147, 0.020627593621611595, 0.0], "frame_10": [0.5084696412086487, 0.40453898906707764, 0.0479135736823082, 0.04509603604674339, 0.29597169160842896, 0.5623553395271301, 0.019453344866633415, 0.02088165283203125, 0.0], "frame_11": [0.5082086324691772, 0.40455177426338196, 0.04735908657312393, 0.045265961438417435, 0.2969447076320648, 0.5618494749069214, 0.020920563489198685, 0.019896062090992928, 0.0], "frame_12": [0.5083189010620117, 0.404998779296875, 0.04680375009775162, 0.04580023139715195, 0.3014129102230072, 0.5610177516937256, 0.01767033524811268, 0.017751779407262802, 0.0], "frame_13": [0.5083075761795044, 0.4049988090991974, 0.04682960361242294, 0.045733727514743805, 0.3047577142715454, 0.5617164373397827, 0.02011617086827755, 0.018541548401117325, 0.0], "frame_14": [0.5084854960441589, 0.4050478935241699, 0.04722968116402626, 0.04577483981847763, 0.3104811906814575, 0.5631524920463562, 0.019457053393125534, 0.019483396783471107, 0.0], "frame_15": [0.5086467266082764, 0.40508508682250977, 0.0473201759159565, 0.04575148597359657, 0.31495964527130127, 0.5622274875640869, 0.01913653500378132, 0.018683074042201042, 0.0], "frame_16": [0.5086321234703064, 0.4050922393798828, 0.04733467102050781, 0.045767296105623245, 0.3206813931465149, 0.5595085024833679, 0.021633021533489227, 0.01826951839029789, 0.0], "frame_17": [0.5085182785987854, 0.40519043803215027, 0.047340985387563705, 0.04637209698557854, 0.3249586820602417, 0.5556341409683228, 0.020557021722197533, 0.018488524481654167, 0.0], "frame_18": [0.508362889289856, 0.4050964415073395, 0.04710235446691513, 0.04625396803021431, 0.33126190304756165, 0.5512673258781433, 0.020499611273407936, 0.02005598321557045, 0.0], "frame_19": [0.5083646774291992, 0.4050864279270172, 0.0471927635371685, 0.04623107984662056, 0.33464571833610535, 0.5458259582519531, 0.02028961107134819, 0.02036895789206028, 0.0], "frame_20": [0.508373498916626, 0.4051029682159424, 0.04710714519023895, 0.046235062181949615, 0.3374965190887451, 0.5395036339759827, 0.021281814202666283, 0.02156371995806694, 0.5356190800666809], "frame_21": [0.5086643099784851, 0.4051628112792969, 0.047802142798900604, 0.045992109924554825, 0.33922117948532104, 0.532771110534668, 0.02147454209625721, 0.022296693176031113, 0.0], "frame_22": [0.5086347460746765, 0.4050428569316864, 0.047701261937618256, 0.045939043164253235, 0.3406856656074524, 0.5263085961341858, 0.02008991315960884, 0.024239646270871162, 0.0], "frame_23": [0.508522093296051, 0.4050924479961395, 0.047310806810855865, 0.04602750018239021, 0.3402307629585266, 0.5194609761238098, 0.01919318363070488, 0.021318817511200905, 0.0], "frame_24": [0.508030891418457, 0.40504539012908936, 0.04740867763757706, 0.04655053839087486, 0.34011948108673096, 0.5142778158187866, 0.02107863873243332, 0.022870084270834923, 0.0], "frame_25": [0.5080310702323914, 0.4050845801830292, 0.047408465296030045, 0.04658308997750282, 0.3400678336620331, 0.5074892640113831, 0.020962143316864967, 0.020778868347406387, 0.7196710109710693], "frame_26": [0.5080412030220032, 0.40513110160827637, 0.04752252250909805, 0.0466478131711483, 0.34115228056907654, 0.5016103982925415, 0.020103730261325836, 0.020278718322515488, 0.5864424109458923], "frame_27": [0.5080323815345764, 0.4050900638103485, 0.04745292663574219, 0.04666557163000107, 0.3424578905105591, 0.4954749345779419, 0.01976608671247959, 0.021875381469726562, 0.7330896258354187], "frame_28": [0.5081383585929871, 0.405159592628479, 0.04763984680175781, 0.046740129590034485, 0.34386882185935974, 0.4891102612018585, 0.019415665417909622, 0.02084045484662056, 0.6926716566085815], "frame_29": [0.5081855654716492, 0.4052075743675232, 0.04770240932703018, 0.04677696153521538, 0.34575900435447693, 0.4827747046947479, 0.021198738366365433, 0.022935867309570312, 0.39910876750946045], "frame_30": [0.5082370638847351, 0.4052540957927704, 0.047983720898628235, 0.046833716332912445, 0.3485052287578583, 0.47501134872436523, 0.01985948346555233, 0.024186791852116585, 0.28581610321998596], "frame_31": [0.5081694722175598, 0.40528327226638794, 0.047815702855587006, 0.04683960974216461, 0.35327890515327454, 0.462640643119812, 0.01922030933201313, 0.022222688421607018, 0.7760295867919922], "frame_32": [0.5077352523803711, 0.4051554501056671, 0.04688284173607826, 0.04668676480650902, 0.3585263192653656, 0.4490527808666229, 0.01916777342557907, 0.02133110910654068, 0.7804791331291199], "frame_33": [0.5077595710754395, 0.40522754192352295, 0.046907804906368256, 0.0467664934694767, 0.365172803401947, 0.4367773234844208, 0.01938966102898121, 0.021894710138440132, 0.780117928981781], "frame_34": [0.5077146887779236, 0.40528014302253723, 0.04666769132018089, 0.04680417478084564, 0.3705339729785919, 0.4247874915599823, 0.01886511966586113, 0.020609749481081963, 0.7826383113861084], "frame_35": [0.5077952146530151, 0.40529319643974304, 0.0469096302986145, 0.04684410244226456, 0.37745165824890137, 0.4139770567417145, 0.018027156591415405, 0.021221160888671875, 0.7744176983833313], "frame_36": [0.5078185796737671, 0.4053283631801605, 0.04732801765203476, 0.04703708365559578, 0.38400161266326904, 0.4040127992630005, 0.01998613215982914, 0.021306905895471573, 0.7345739603042603], "frame_37": [0.5078555941581726, 0.4052881896495819, 0.047269269824028015, 0.04699880629777908, 0.39064550399780273, 0.3950459659099579, 0.018399259075522423, 0.020719697698950768, 0.7784487009048462], "frame_38": [0.507793128490448, 0.40531235933303833, 0.04713762179017067, 0.047043610364198685, 0.3968087136745453, 0.3876327872276306, 0.019609365612268448, 0.021733686327934265, 0.4963203966617584], "frame_39": [0.5079931616783142, 0.40535202622413635, 0.04735230281949043, 0.04701639711856842, 0.40362200140953064, 0.3805333375930786, 0.018509674817323685, 0.022594748064875603, 0.5799181461334229], "frame_40": [0.5079290866851807, 0.4053497612476349, 0.04733848571777344, 0.04698791354894638, 0.41086605191230774, 0.374541312456131, 0.018734360113739967, 0.021626153960824013, 0.6353540420532227],