{"frame_0": [0.5075910687446594, 0.40536820888519287, 0.04563085734844208, 0.04737205430865288, 0.47843271493911743, 0.468550443649292, 0.021714230999350548, 0.022426901385188103, 0.8023226857185364], "frame_1": [0.5076003074645996, 0.4053218364715576, 0.0455474853515625, 0.04695739597082138, 0.47843271493911743, 0.468550443649292, 0.021714230999350548, 0.022426901385188103, 0.845698893070221], "frame_2": [0.507556676864624, 0.4052863121032715, 0.04560432583093643, 0.04687614366412163, 0.47843271493911743, 0.468550443649292, 0.021714230999350548, 0.022426901385188103, 0.8626424074172974], "frame_3": [0.5076673626899719, 0.40532711148262024, 0.04547928646206856, 0.04686325788497925, 0.47843271493911743, 0.468550443649292, 0.021714230999350548, 0.022426901385188103, 0.7990745306015015], "frame_4": [0.5075681209564209, 0.40530627965927124, 0.04533233493566513, 0.046735551208257675, 0.47843271493911743, 0.468550443649292, 0.021714230999350548, 0.022426901385188103, 0.8235859274864197], "frame_5": [0.5076419115066528, 0.40526050329208374, 0.04571838304400444, 0.04669816792011261, 0.47843271493911743, 0.468550443649292, 0.021714230999350548, 0.022426901385188103, 0.7427051663398743], "frame_6": [0.5076422691345215, 0.4052451252937317, 0.04563598707318306, 0.04665336757898331, 0.47843271493911743, 0.468550443649292, 0.021714230999350548, 0.022426901385188103, 0.7178544998168945], "frame_7": [0.5076524019241333, 0.4052073061466217, 0.04556342214345932, 0.04659521207213402, 0.47843271493911743, 0.468550443649292, 0.021714230999350548, 0.022426901385188103, 0.7341009974479675], "frame_8": [0.5076071619987488, 0.405178040266037, 0.04546334967017174, 0.0465376116335392, 0.47843271493911743, 0.468550443649292, 0.021714230999350548, 0.022426901385188103, 0.6036122441291809], "frame_9": [0.5075187087059021, 0.4051623046398163, 0.04524938762187958, 0.0465708002448082, 0.47843271493911743, 0.468550443649292, 0.021714230999350548, 0.022426901385188103, 0.651684582233429], "frame_10": [0.5075350403785706, 0.4051879942417145, 0.04546224698424339, 0.04674568027257919, 0.47843271493911743, 0.468550443649292, 0.021714230999350548, 0.022426901385188103, 0.6332762837409973], "frame_11": [0.5076397657394409, 0.4051200747489929, 0.045641496777534485, 0.04679887741804123, 0.47843271493911743, 0.468550443649292, 0.021714230999350548, 0.022426901385188103, 0.3907989263534546], "frame_12": [0.5077713131904602, 0.4051709771156311, 0.04562034457921982, 0.047309111803770065, 0.47843271493911743, 0.468550443649292, 0.021714230999350548, 0.022426901385188103, 0.09584964066743851], "frame_13": [0.507800281047821, 0.4051889181137085, 0.04566209763288498, 0.04728957265615463, 0.47843271493911743, 0.468550443649292, 0.021714230999350548, 0.022426901385188103, 0.21282202005386353], "frame_14": [0.5078424215316772, 0.40521499514579773, 0.045725248754024506, 0.04716678336262703, 0.47843271493911743, 0.468550443649292, 0.021714230999350548, 0.022426901385188103, 0.2478487193584442], "frame_15": [0.5077127814292908, 0.40530288219451904, 0.0453382283449173, 0.04726257175207138, 0.47843271493911743, 0.468550443649292, 0.021714230999350548, 0.022426901385188103, 0.339420348405838], "frame_16": [0.5078001022338867, 0.40527480840682983, 0.04548339918255806, 0.04724600166082382, 0.28418537974357605, 0.4909645915031433, 0.022716712206602097, 0.026112958788871765, 0.36702418327331543], "frame_17": [0.5077499151229858, 0.4052414894104004, 0.045527055859565735, 0.047222308814525604, 0.2787303924560547, 0.4883490800857544, 0.026677576825022697, 0.024680539965629578, 0.41712743043899536], "frame_18": [0.5077796578407288, 0.40524932742118835, 0.04554222896695137, 0.047231294214725494, 0.2742379903793335, 0.48588302731513977, 0.02569870464503765, 0.023610517382621765, 0.289370596408844], "frame_19": [0.50780189037323, 0.4052164852619171, 0.04558601230382919, 0.04716046527028084, 0.26999908685684204, 0.4855796694755554, 0.024210887029767036, 0.025074005126953125, 0.30908000469207764], "frame_20": [0.5077555179595947, 0.4052010476589203, 0.04550497233867645, 0.047172460705041885, 0.26624298095703125, 0.4845883548259735, 0.02451256662607193, 0.024620819836854935, 0.2888273000717163], "frame_21": [0.5077456831932068, 0.4052012860774994, 0.04551582410931587, 0.04714130982756615, 0.2621089518070221, 0.48375871777534485, 0.023198891431093216, 0.024528715759515762, 0.3118261694908142], "frame_22": [0.5077580213546753, 0.4052068889141083, 0.045536551624536514, 0.04715512692928314, 0.25894227623939514, 0.4834783673286438, 0.023906050249934196, 0.025654220953583717, 0.3057451546192169], "frame_23": [0.5077806115150452, 0.4052911102771759, 0.04559326171875, 0.04732581228017807, 0.2571735382080078, 0.48118048906326294, 0.02396068535745144, 0.026942655444145203, 0.3694151043891907], "frame_24": [0.5078454613685608, 0.4052012264728546, 0.045767974108457565, 0.04699999466538429, 0.2555168569087982, 0.47640687227249146, 0.02470989152789116, 0.028034040704369545, 0.4262843430042267], "frame_25": [0.5078328251838684, 0.40517255663871765, 0.045729659497737885, 0.04703348129987717, 0.25409936904907227, 0.47115570306777954, 0.02553234063088894, 0.027740690857172012, 0.48341578245162964], "frame_26": [0.5078479647636414, 0.40515246987342834, 0.045728132128715515, 0.046851348131895065, 0.2538871467113495, 0.46364250779151917, 0.02540234476327896, 0.02793748676776886, 0.43784013390541077], "frame_27": [0.5079087018966675, 0.405187726020813, 0.045847151428461075, 0.04692590609192848, 0.255521297454834, 0.45242172479629517, 0.025675391778349876, 0.025675753131508827, 0.5104009509086609], "frame_28": [0.507892370223999, 0.4051964581012726, 0.04575157165527344, 0.04687194898724556, 0.2579168677330017, 0.43908870220184326, 0.026118172332644463, 0.028878571465611458, 0.5455292463302612], "frame_29": [0.5078037977218628, 0.4051930606365204, 0.045623779296875, 0.04696159437298775, 0.266164094209671, 0.4171128273010254, 0.0255279541015625, 0.025289621204137802, 0.7255867123603821], "frame_30": [0.5078762769699097, 0.4052031934261322, 0.0457594133913517, 0.046866439282894135, 0.27551954984664917, 0.39931124448776245, 0.023641671985387802, 0.025711441412568092, 0.7523086667060852], "frame_31": [0.5080677270889282, 0.40538373589515686, 0.046065520495176315, 0.04712507501244545, 0.2865312695503235, 0.3812639117240906, 0.024320347234606743, 0.024811385199427605, 0.7268891930580139], "frame_32": [0.5081092715263367, 0.40546518564224243, 0.04605522006750107, 0.04727762192487717, 0.2950710356235504, 0.3653709292411804, 0.022688759490847588, 0.02487487718462944, 0.7547299861907959], "frame_33": [0.5080985426902771, 0.40544307231903076, 0.04594200849533081, 0.04721717908978462, 0.3038404881954193, 0.3518924415111542, 0.024401558563113213, 0.027739228680729866, 0.7496603727340698], "frame_34": [0.5080118775367737, 0.4054309129714966, 0.04589593783020973, 0.04725494235754013, 0.31340038776397705, 0.3390703499317169, 0.02625018171966076, 0.027610313147306442, 0.6802458167076111], "frame_35": [0.5079972147941589, 0.4054112434387207, 0.04593488946557045, 0.04716966301202774, 0.3230000436306, 0.3268944323062897, 0.02635737508535385, 0.027558602392673492, 0.5822710990905762], "frame_36": [0.5077949166297913, 0.4054275453090668, 0.045588769018650055, 0.047220781445503235, 0.3340587615966797, 0.31557998061180115, 0.025489425286650658, 0.026979446411132812, 0.7486291527748108], "frame_37": [0.5076590776443481, 0.4053881764411926, 0.0455101877450943, 0.04725121334195137, 0.34336403012275696, 0.3066912889480591, 0.02510121650993824, 0.02692381478846073, 0.6663485765457153], "frame_38": [0.5076581835746765, 0.40535110235214233, 0.045531462877988815, 0.04727668687701225, 0.3518946170806885, 0.29913604259490967, 0.025818252936005592, 0.026161130517721176, 0.5733999013900757],