{"frame_0": [0.6295738816261292, 0.3955470621585846, 0.049598440527915955, 0.04976654052734375, 0.19667084515094757, 0.6514186859130859, 0.023592207580804825, 0.02460767887532711, 0.7828026413917542], "frame_1": [0.6296160221099854, 0.39590945839881897, 0.04967248812317848, 0.049221038818359375, 0.19708950817584991, 0.6377983093261719, 0.02278086356818676, 0.024734752252697945, 0.7827235460281372], "frame_2": [0.6295737624168396, 0.39585080742836, 0.04978760704398155, 0.0492224358022213, 0.197476327419281, 0.6266522407531738, 0.0232760738581419, 0.024691179394721985, 0.7801122665405273], "frame_3": [0.6294890642166138, 0.39583316445350647, 0.04966392368078232, 0.04929656907916069, 0.19789499044418335, 0.615672767162323, 0.022891532629728317, 0.02363450825214386, 0.7454450130462646], "frame_4": [0.6294577717781067, 0.39589107036590576, 0.049765776842832565, 0.04934900254011154, 0.19613096117973328, 0.6079143285751343, 0.02362859435379505, 0.025073327124118805, 0.7662051320075989], "frame_5": [0.6294558644294739, 0.39589861035346985, 0.049751367419958115, 0.04933013767004013, 0.1946685016155243, 0.5986980199813843, 0.02499663084745407, 0.026795577257871628, 0.7356904745101929], "frame_6": [0.6292769312858582, 0.39583560824394226, 0.04936426132917404, 0.049276649951934814, 0.19520153105258942, 0.5926774144172668, 0.02278495393693447, 0.02594435028731823, 0.6927825808525085], "frame_7": [0.6293097734451294, 0.39586782455444336, 0.04942474514245987, 0.04940300062298775, 0.1960528939962387, 0.588335394859314, 0.021448368206620216, 0.02303026057779789, 0.678975522518158], "frame_8": [0.629403829574585, 0.3958820402622223, 0.04924905672669411, 0.04942915216088295, 0.19727283716201782, 0.5859202146530151, 0.020429421216249466, 0.021902678534388542, 0.6588347554206848], "frame_9": [0.629421591758728, 0.39589446783065796, 0.04911244660615921, 0.04939443618059158, 0.1979014277458191, 0.5841040015220642, 0.019919458776712418, 0.022840499877929688, 0.6493135690689087], "frame_10": [0.6293660998344421, 0.39589810371398926, 0.04893951490521431, 0.049372777342796326, 0.1986207365989685, 0.5832272171974182, 0.02029726281762123, 0.024136267602443695, 0.6553072333335876], "frame_11": [0.6293825507164001, 0.39590099453926086, 0.04898050054907799, 0.04939325153827667, 0.19902348518371582, 0.5837854146957397, 0.02136516571044922, 0.025203322991728783, 0.682228147983551], "frame_12": [0.6294269561767578, 0.3958272635936737, 0.049086932092905045, 0.04891221970319748, 0.1995532214641571, 0.5850226283073425, 0.01997174136340618, 0.024401644244790077, 0.6657091975212097], "frame_13": [0.6293718814849854, 0.39582139253616333, 0.04903161898255348, 0.04884461313486099, 0.1995532214641571, 0.5850226283073425, 0.01997174136340618, 0.024401644244790077, 0.6248089075088501], "frame_14": [0.6293230652809143, 0.39561232924461365, 0.04897405952215195, 0.048313651233911514, 0.1995532214641571, 0.5850226283073425, 0.01997174136340618, 0.024401644244790077, 0.6271098852157593], "frame_15": [0.6292728185653687, 0.39562949538230896, 0.04903984069824219, 0.048367902636528015, 0.1995532214641571, 0.5850226283073425, 0.01997174136340618, 0.024401644244790077, 0.6929011344909668], "frame_16": [0.6292732954025269, 0.3956412374973297, 0.04903429001569748, 0.04839931055903435, 0.1995532214641571, 0.5850226283073425, 0.01997174136340618, 0.024401644244790077, 0.6942102313041687], "frame_17": [0.6292765140533447, 0.3956475853919983, 0.04906442388892174, 0.04842524975538254, 0.20246906578540802, 0.5982537269592285, 0.01928015798330307, 0.02374250628054142, 0.7067953944206238], "frame_18": [0.6292926073074341, 0.3957250714302063, 0.04916801303625107, 0.04834853112697601, 0.20323333144187927, 0.6012012362480164, 0.021799087524414062, 0.02443373017013073, 0.676852822303772], "frame_19": [0.6292721033096313, 0.39570388197898865, 0.04911787062883377, 0.04839307814836502, 0.2048952281475067, 0.6014502048492432, 0.02384762279689312, 0.025251302868127823, 0.6724047064781189], "frame_20": [0.6292651891708374, 0.3956880271434784, 0.04896269738674164, 0.04846644774079323, 0.20931796729564667, 0.6000219583511353, 0.023197343572974205, 0.025070741772651672, 0.74446040391922], "frame_21": [0.6292393803596497, 0.395687997341156, 0.049092695116996765, 0.04835272952914238, 0.2136489450931549, 0.5937089323997498, 0.02198399417102337, 0.026088714599609375, 0.6837270259857178], "frame_22": [0.6292271614074707, 0.39572474360466003, 0.049146439880132675, 0.04840821027755737, 0.21704523265361786, 0.5854551792144775, 0.022369809448719025, 0.023550203070044518, 0.6024479866027832], "frame_23": [0.6292252540588379, 0.3957010805606842, 0.0491722971200943, 0.04838362708687782, 0.21916761994361877, 0.5732726454734802, 0.022004593163728714, 0.023969564586877823, 0.5946856141090393], "frame_24": [0.6293937563896179, 0.39590001106262207, 0.04870164766907692, 0.04905259981751442, 0.21982821822166443, 0.5587702393531799, 0.02352481335401535, 0.023269440978765488, 0.5336326956748962], "frame_25": [0.6295013427734375, 0.39589783549308777, 0.048858050256967545, 0.04906654357910156, 0.21915139257907867, 0.5437865257263184, 0.025503434240818024, 0.02465515211224556, 0.632519006729126], "frame_26": [0.6292899250984192, 0.3959713280200958, 0.048603057861328125, 0.04898584261536598, 0.21924549341201782, 0.5306728482246399, 0.024417389184236526, 0.028037261217832565, 0.5524383187294006], "frame_27": [0.6293321251869202, 0.3959793448448181, 0.04860954359173775, 0.04900139570236206, 0.2212672382593155, 0.5161921381950378, 0.02431710623204708, 0.029155179858207703, 0.5197498798370361], "frame_28": [0.6295400261878967, 0.3959634602069855, 0.04900643974542618, 0.049136605113744736, 0.2299918234348297, 0.4984707832336426, 0.025247763842344284, 0.028929900377988815, 0.6624340415000916], "frame_29": [0.6292660236358643, 0.39586496353149414, 0.04834679514169693, 0.048970963805913925, 0.24349401891231537, 0.4766678810119629, 0.022771792486310005, 0.02469160221517086, 0.7453894019126892], "frame_30": [0.6292271018028259, 0.39585447311401367, 0.048379771411418915, 0.048960112035274506, 0.2587161660194397, 0.45761409401893616, 0.02325625903904438, 0.027081213891506195, 0.8414870500564575], "frame_31": [0.6293067336082458, 0.395874947309494, 0.04858580604195595, 0.04896058142185211, 0.2587161660194397, 0.45761409401893616, 0.02325625903904438, 0.027081213891506195, 0.8466580510139465], "frame_32": [0.6292068362236023, 0.39587149024009705, 0.04850425571203232, 0.04897092282772064, 0.2587161660194397, 0.45761409401893616, 0.02325625903904438, 0.027081213891506195, 0.797474205493927], "frame_33": [0.6292610764503479, 0.39585065841674805, 0.04858415573835373, 0.0491112619638443, 0.2587161660194397, 0.45761409401893616, 0.02325625903904438, 0.027081213891506195, 0.8337428569793701], "frame_34": [0.6291435956954956, 0.3958313465118408, 0.04865247756242752, 0.04900716245174408, 0.32453784346580505, 0.38950321078300476, 0.022756662219762802, 0.026634428650140762, 0.6799641251564026], "frame_35": [0.6292383074760437, 0.3958647847175598, 0.04886224493384361, 0.049073029309511185, 0.32453784346580505, 0.38950321078300476, 0.022756662219762802, 0.026634428650140762, 0.684031069278717], "frame_36": [0.6292492151260376, 0.39589160680770874, 0.04904022067785263, 0.049092866480350494, 0.35564911365509033, 0.36256831884384155, 0.02323165535926819, 0.02822704240679741, 0.6684375405311584], "frame_37": [0.6292620897293091, 0.3958911895751953, 0.0490763783454895, 0.04911651462316513, 0.3686980903148651, 0.3525429964065552, 0.023024071007966995, 0.027703983709216118, 0.7941164374351501], "frame_38": [0.6293430924415588, 0.3958596885204315, 0.04919111356139183, 0.04902686923742294, 0.3872952461242676, 0.3417448401451111, 0.02413177490234375, 0.02429012767970562, 0.6765060424804688],