{"frame_0": [0.6290022730827332, 0.39741167426109314, 0.05051384121179581, 0.048874665051698685, 0.8724170327186584, 0.6083911657333374, 0.027986738830804825, 0.032465532422065735, 0.8333028554916382], "frame_1": [0.6285523176193237, 0.39729318022727966, 0.04972809553146362, 0.04940338060259819, 0.8747085332870483, 0.5997638702392578, 0.02666507288813591, 0.028507402166724205, 0.7971645593643188], "frame_2": [0.6286212205886841, 0.39727261662483215, 0.04983757808804512, 0.04940032958984375, 0.8782373070716858, 0.5900699496269226, 0.02353973314166069, 0.02716386504471302, 0.7818812131881714], "frame_3": [0.6286165714263916, 0.39723527431488037, 0.04989907890558243, 0.04939604923129082, 0.8785878419876099, 0.582537055015564, 0.02492370642721653, 0.030217742547392845, 0.8742378354072571], "frame_4": [0.6285951137542725, 0.39721429347991943, 0.04993095248937607, 0.04940083995461464, 0.8797418475151062, 0.575519323348999, 0.0234408900141716, 0.028362656012177467, 0.95528244972229], "frame_5": [0.6287116408348083, 0.3972202241420746, 0.0500403493642807, 0.049285296350717545, 0.8776111006736755, 0.5705882906913757, 0.024331072345376015, 0.027948761358857155, 0.9642680883407593], "frame_6": [0.6286759972572327, 0.39728978276252747, 0.04986974969506264, 0.04933976009488106, 0.8750001788139343, 0.5666067004203796, 0.025263214483857155, 0.026250457391142845, 0.8857534527778625], "frame_7": [0.6287606358528137, 0.39727985858917236, 0.0499446876347065, 0.049462806433439255, 0.8693715333938599, 0.5633503198623657, 0.027452511712908745, 0.027065277099609375, 0.9301692247390747], "frame_8": [0.6287457346916199, 0.39726248383522034, 0.049915142357349396, 0.04939011484384537, 0.8645713925361633, 0.5610705614089966, 0.02789493091404438, 0.02723236009478569, 0.871779203414917], "frame_9": [0.6288331151008606, 0.3972591757774353, 0.050184715539216995, 0.049369558691978455, 0.8563615679740906, 0.5583083033561707, 0.02508120983839035, 0.027556059882044792, 0.7529692053794861], "frame_10": [0.6288896203041077, 0.39723896980285645, 0.050295256078243256, 0.049331750720739365, 0.8503791689872742, 0.5568586587905884, 0.02911648154258728, 0.027815373614430428, 0.8728350400924683], "frame_11": [0.6289801001548767, 0.39722585678100586, 0.05037422105669975, 0.04924879968166351, 0.8419828414916992, 0.5567431449890137, 0.02655944786965847, 0.02855139784514904, 0.8869631886482239], "frame_12": [0.6288952827453613, 0.39717867970466614, 0.050141144543886185, 0.04955766350030899, 0.8419828414916992, 0.5567431449890137, 0.02655944786965847, 0.02855139784514904, 0.863839328289032], "frame_13": [0.6289008855819702, 0.3971773684024811, 0.05014818161725998, 0.04956516623497009, 0.8419828414916992, 0.5567431449890137, 0.02655944786965847, 0.02855139784514904, 0.9661597013473511], "frame_14": [0.6288970708847046, 0.3972068428993225, 0.05002356693148613, 0.049588605761528015, 0.8419828414916992, 0.5567431449890137, 0.02655944786965847, 0.02855139784514904, 0.5053579807281494], "frame_15": [0.6288735866546631, 0.39722365140914917, 0.04992425814270973, 0.04963887482881546, 0.8071680068969727, 0.5622531175613403, 0.02438795380294323, 0.026422500610351562, 0.5655549764633179], "frame_16": [0.6288476586341858, 0.3972623944282532, 0.04995231702923775, 0.04968435317277908, 0.8012157678604126, 0.5640448927879333, 0.019876692444086075, 0.027184676378965378, 0.930459201335907], "frame_17": [0.6287406086921692, 0.39726197719573975, 0.04975157976150513, 0.04973411560058594, 0.7977620363235474, 0.5644013285636902, 0.021605851128697395, 0.026554489508271217, 0.8082617521286011], "frame_18": [0.6287558078765869, 0.397222638130188, 0.04981329292058945, 0.04972122982144356, 0.7941255569458008, 0.5656402707099915, 0.02229733020067215, 0.02581685408949852, 0.7089859247207642], "frame_19": [0.628750205039978, 0.39717456698417664, 0.04985572025179863, 0.04965294897556305, 0.7889418005943298, 0.5654446482658386, 0.02261335588991642, 0.025203026831150055, 0.6348908543586731], "frame_20": [0.6288024187088013, 0.39718127250671387, 0.04988687485456467, 0.049694739282131195, 0.7871355414390564, 0.5642522573471069, 0.02207200787961483, 0.025290679186582565, 0.6237437725067139], "frame_21": [0.6288801431655884, 0.39713528752326965, 0.04994866997003555, 0.04962853342294693, 0.7814719080924988, 0.561090350151062, 0.02221645787358284, 0.026176070794463158, 0.6302936673164368], "frame_22": [0.6288812160491943, 0.39714252948760986, 0.049978554248809814, 0.04965294897556305, 0.7814719080924988, 0.561090350151062, 0.02221645787358284, 0.026176070794463158, 0.6253141164779663], "frame_23": [0.6288645267486572, 0.39720407128334045, 0.05014381557703018, 0.04971148073673248, 0.7814719080924988, 0.561090350151062, 0.02221645787358284, 0.026176070794463158, 0.6480269432067871], "frame_24": [0.6286687850952148, 0.3972419202327728, 0.05001623183488846, 0.04954749345779419, 0.7814719080924988, 0.561090350151062, 0.02221645787358284, 0.026176070794463158, 0.6961439847946167], "frame_25": [0.6286249756813049, 0.39724940061569214, 0.04986076429486275, 0.04970245435833931, 0.7814719080924988, 0.561090350151062, 0.02221645787358284, 0.026176070794463158, 0.681361198425293], "frame_26": [0.6286414861679077, 0.397210955619812, 0.049762047827243805, 0.04960653558373451, 0.7814719080924988, 0.561090350151062, 0.02221645787358284, 0.026176070794463158, 0.6441466212272644], "frame_27": [0.6286958456039429, 0.39716508984565735, 0.0498579666018486, 0.04951981455087662, 0.7909823656082153, 0.4861949384212494, 0.026281483471393585, 0.031005477532744408, 0.5648186802864075], "frame_28": [0.6286755800247192, 0.3971567749977112, 0.049786292016506195, 0.04943199083209038, 0.7909823656082153, 0.4861949384212494, 0.026281483471393585, 0.031005477532744408, 0.5901075005531311], "frame_29": [0.6286988258361816, 0.3972124755382538, 0.04994659498333931, 0.04941961541771889, 0.7909823656082153, 0.4861949384212494, 0.026281483471393585, 0.031005477532744408, 0.6870515942573547], "frame_30": [0.6287552714347839, 0.39724239706993103, 0.04999275133013725, 0.049417708069086075, 0.8030787110328674, 0.45206212997436523, 0.02237565815448761, 0.030623838305473328, 0.699292778968811], "frame_31": [0.6287178993225098, 0.3972523510456085, 0.04996147006750107, 0.049381084740161896, 0.8026283383369446, 0.43800321221351624, 0.02034471370279789, 0.03076188825070858, 0.7565079927444458], "frame_32": [0.628689169883728, 0.3972773253917694, 0.049953460693359375, 0.0494597963988781, 0.8026283383369446, 0.43800321221351624, 0.02034471370279789, 0.03076188825070858, 0.5572436451911926], "frame_33": [0.6286970376968384, 0.3971679210662842, 0.04997113719582558, 0.049284279346466064, 0.8026283383369446, 0.43800321221351624, 0.02034471370279789, 0.03076188825070858, 0.7766517400741577], "frame_34": [0.6286925673484802, 0.397180438041687, 0.04990518465638161, 0.04929237440228462, 0.7808155417442322, 0.3922496736049652, 0.02202131412923336, 0.028183916583657265, 0.7807372212409973], "frame_35": [0.6287184953689575, 0.3971830904483795, 0.04984389245510101, 0.04927045851945877, 0.7808155417442322, 0.3922496736049652, 0.02202131412923336, 0.028183916583657265, 0.7445859313011169], "frame_36": [0.6287652850151062, 0.3969751000404358, 0.04972665756940842, 0.04883291572332382, 0.7808155417442322, 0.3922496736049652, 0.02202131412923336, 0.028183916583657265, 0.6736035346984863], "frame_37": [0.6287875175476074, 0.3969895541667938, 0.049748994410037994, 0.048953160643577576, 0.7590259313583374, 0.3604278564453125, 0.021185725927352905, 0.02413160540163517, 0.6778074502944946], "frame_38": [0.6287407875061035, 0.3969854712486267, 0.049624253064394, 0.0489237904548645, 0.7590259313583374, 0.3604278564453125, 0.021185725927352905, 0.02413160540163517, 0.7229139804840088], "frame_39": [0.6289319396018982, 0.3968125283718109, 0.04989340156316757, 0.04875941947102547, 0.7590259313583374, 0.3604278564453125, 0.021185725927352905, 0.02413160540163517, 0.6259382367134094],