{"frame_0": [0.630053699016571, 0.39607349038124084, 0.048011526465415955, 0.05052202194929123, 0.6318022012710571, 0.43910667300224304, 0.021594788879156113, 0.024069128558039665, 0.5431762337684631], "frame_1": [0.6299974322319031, 0.39630255103111267, 0.04880163446068764, 0.05037468671798706, 0.3503083884716034, 0.555018424987793, 0.03012523613870144, 0.03414573520421982, 0.5099117755889893], "frame_2": [0.6300085186958313, 0.39618775248527527, 0.04872644320130348, 0.05021362379193306, 0.34584900736808777, 0.5588144063949585, 0.029131529852747917, 0.03323974460363388, 0.446630597114563], "frame_3": [0.6299551129341125, 0.39618542790412903, 0.04863565415143967, 0.05024329200387001, 0.34330275654792786, 0.5601192116737366, 0.028943676501512527, 0.032589808106422424, 0.42635205388069153], "frame_4": [0.6300449967384338, 0.3962767422199249, 0.04860365018248558, 0.05039825290441513, 0.3425084054470062, 0.5627483129501343, 0.03066624514758587, 0.03237592801451683, 0.5143116116523743], "frame_5": [0.630062460899353, 0.39631199836730957, 0.04862653836607933, 0.050432756543159485, 0.3425084054470062, 0.5627483129501343, 0.03066624514758587, 0.03237592801451683, 0.6229841113090515], "frame_6": [0.6300336122512817, 0.3962951600551605, 0.048561010509729385, 0.05037909746170044, 0.3425084054470062, 0.5627483129501343, 0.03066624514758587, 0.03237592801451683, 0.7234180569648743], "frame_7": [0.6300292611122131, 0.39634907245635986, 0.048786163330078125, 0.05030263215303421, 0.3425084054470062, 0.5627483129501343, 0.03066624514758587, 0.03237592801451683, 0.6551968455314636], "frame_8": [0.6300725936889648, 0.39627987146377563, 0.04892591014504433, 0.05010596290230751, 0.3425084054470062, 0.5627483129501343, 0.03066624514758587, 0.03237592801451683, 0.606827437877655], "frame_9": [0.630217969417572, 0.3963273763656616, 0.049246978014707565, 0.05010253190994263, 0.3425084054470062, 0.5627483129501343, 0.03066624514758587, 0.03237592801451683, 0.6414836645126343], "frame_10": [0.630146861076355, 0.396252304315567, 0.04923515394330025, 0.04974551871418953, 0.3425084054470062, 0.5627483129501343, 0.03066624514758587, 0.03237592801451683, 0.6247986555099487], "frame_11": [0.6301935911178589, 0.3962377905845642, 0.04929788410663605, 0.04972008615732193, 0.3425084054470062, 0.5627483129501343, 0.03066624514758587, 0.03237592801451683, 0.6146053075790405], "frame_12": [0.6301261186599731, 0.39635899662971497, 0.04949056729674339, 0.04927635192871094, 0.3425084054470062, 0.5627483129501343, 0.03066624514758587, 0.03237592801451683, 0.6760117411613464], "frame_13": [0.6302319169044495, 0.39643651247024536, 0.04971567913889885, 0.04926418885588646, 0.3425084054470062, 0.5627483129501343, 0.03066624514758587, 0.03237592801451683, 0.5475521087646484], "frame_14": [0.6302543878555298, 0.3964262306690216, 0.049739837646484375, 0.04926185682415962, 0.3425084054470062, 0.5627483129501343, 0.03066624514758587, 0.03237592801451683, 0.43015071749687195], "frame_15": [0.6302817463874817, 0.39645493030548096, 0.04970953240990639, 0.04927758127450943, 0.3425084054470062, 0.5627483129501343, 0.03066624514758587, 0.03237592801451683, 0.39221611618995667], "frame_16": [0.6302825212478638, 0.3964408040046692, 0.04973297193646431, 0.04929059371352196, 0.3425084054470062, 0.5627483129501343, 0.03066624514758587, 0.03237592801451683, 0.3530842661857605], "frame_17": [0.6303128004074097, 0.3964196443557739, 0.049843765795230865, 0.049234092235565186, 0.3425084054470062, 0.5627483129501343, 0.03066624514758587, 0.03237592801451683, 0.0791277214884758], "frame_18": [0.6302772760391235, 0.39635926485061646, 0.04973432794213295, 0.04934306815266609, 0.3425084054470062, 0.5627483129501343, 0.03066624514758587, 0.03237592801451683, 0.057483915239572525], "frame_19": [0.6301954388618469, 0.3965039551258087, 0.04964544624090195, 0.04928779602050781, 0.3425084054470062, 0.5627483129501343, 0.03066624514758587, 0.03237592801451683, 0.3420962989330292], "frame_20": [0.6302119493484497, 0.3965325951576233, 0.04968910291790962, 0.04930915683507919, 0.3425084054470062, 0.5627483129501343, 0.03066624514758587, 0.03237592801451683, 0.4152134656906128], "frame_21": [0.6301829218864441, 0.3964858055114746, 0.04968566820025444, 0.0491764061152935, 0.36431726813316345, 0.4724105894565582, 0.030884552747011185, 0.03283538669347763, 0.5019530653953552], "frame_22": [0.6302719712257385, 0.396476149559021, 0.04986915737390518, 0.04923413693904877, 0.35928428173065186, 0.4669734239578247, 0.032706260681152344, 0.03409271314740181, 0.4602164328098297], "frame_23": [0.630422055721283, 0.39644113183021545, 0.0498582199215889, 0.049155425280332565, 0.35472947359085083, 0.46241387724876404, 0.03267330676317215, 0.03297920152544975, 0.428187757730484], "frame_24": [0.6305792331695557, 0.39635586738586426, 0.05002462491393089, 0.04912550002336502, 0.35168832540512085, 0.45596346259117126, 0.03227000683546066, 0.03262291103601456, 0.3259919583797455], "frame_25": [0.6303247809410095, 0.3966243267059326, 0.0500054694712162, 0.04937727004289627, 0.35131755471229553, 0.4487706422805786, 0.032955169677734375, 0.03278160095214844, 0.3663359582424164], "frame_26": [0.6303136348724365, 0.39662620425224304, 0.05000610277056694, 0.04932933300733566, 0.3521198332309723, 0.43999671936035156, 0.03228931501507759, 0.032329559326171875, 0.477556973695755], "frame_27": [0.6302417516708374, 0.39647868275642395, 0.049585044384002686, 0.049274954944849014, 0.3543047308921814, 0.42945632338523865, 0.030526351183652878, 0.032198715955019, 0.6284608244895935], "frame_28": [0.6302305459976196, 0.3967193067073822, 0.05008608475327492, 0.04929674044251442, 0.3583156168460846, 0.4150429666042328, 0.031563568860292435, 0.033268824219703674, 0.5290115475654602], "frame_29": [0.6302666664123535, 0.3964412212371826, 0.04953346401453018, 0.04919319227337837, 0.3659341633319855, 0.39651843905448914, 0.031033536419272423, 0.031185701489448547, 0.7494713068008423], "frame_30": [0.6301944255828857, 0.39668411016464233, 0.04972580820322037, 0.04944724962115288, 0.3769603371620178, 0.3729519844055176, 0.030420515686273575, 0.031508635729551315, 0.8834692239761353], "frame_31": [0.6303337216377258, 0.3966858685016632, 0.050205402076244354, 0.04942842945456505, 0.38772088289260864, 0.35453736782073975, 0.03042297437787056, 0.03115079738199711, 0.8777750134468079], "frame_32": [0.6303977966308594, 0.39659202098846436, 0.05021324008703232, 0.04939507320523262, 0.40032655000686646, 0.3356972634792328, 0.029370371252298355, 0.02975616417825222, 0.8932502865791321], "frame_33": [0.6304944157600403, 0.39647141098976135, 0.049874115735292435, 0.04951701685786247, 0.4085037112236023, 0.3208048939704895, 0.033826954662799835, 0.0350225456058979, 0.8685990571975708], "frame_34": [0.6305465698242188, 0.3965560793876648, 0.05015241727232933, 0.04954427108168602, 0.4208826720714569, 0.30435866117477417, 0.031168917194008827, 0.03398390859365463, 0.8600398302078247], "frame_35": [0.630531907081604, 0.3967359662055969, 0.05043924227356911, 0.049509938806295395, 0.43225520849227905, 0.29210391640663147, 0.02948913536965847, 0.03010611981153488, 0.9264121055603027], "frame_36": [0.6303184628486633, 0.39642035961151123, 0.05021781846880913, 0.04939765855669975, 0.4435258209705353, 0.27970975637435913, 0.028762903064489365, 0.028402943164110184, 0.9064528346061707], "frame_37": [0.6302647590637207, 0.39657795429229736, 0.05053388699889183, 0.04941834509372711, 0.4524609446525574, 0.27201032638549805, 0.028287336230278015, 0.03209877014160156, 0.8422619700431824], "frame_38": [0.6303356885910034, 0.3964332044124603, 0.05018904060125351, 0.04938795417547226, 0.46374690532684326, 0.2630383372306824, 0.029545890167355537, 0.03096264787018299, 0.8133564591407776], "frame_39": [0.6304749250411987, 0.39655768871307373, 0.05034264549612999, 0.049415163695812225, 0.4723277986049652, 0.25615614652633667, 0.027298737317323685, 0.028830910101532936, 0.8708286285400391],