{"frame_0": [0.6305923461914062, 0.3956751823425293, 0.04914838820695877, 0.04925011470913887, 0.6150965690612793, 0.44896942377090454, 0.025386810302734375, 0.027792062610387802, 0.8633787631988525], "frame_1": [0.6301870346069336, 0.3958260715007782, 0.04884622246026993, 0.049297332763671875, 0.6150965690612793, 0.44896942377090454, 0.025386810302734375, 0.027792062610387802, 0.8469685316085815], "frame_2": [0.6301361918449402, 0.3957982361316681, 0.04882354661822319, 0.04932662099599838, 0.6150965690612793, 0.44896942377090454, 0.025386810302734375, 0.027792062610387802, 0.859096109867096], "frame_3": [0.6301934719085693, 0.39538928866386414, 0.049141015857458115, 0.04879790544509888, 0.6150965690612793, 0.44896942377090454, 0.025386810302734375, 0.027792062610387802, 0.8891793489456177], "frame_4": [0.6301975250244141, 0.39545974135398865, 0.04932573065161705, 0.048842620104551315, 0.6150965690612793, 0.44896942377090454, 0.025386810302734375, 0.027792062610387802, 0.8862814903259277], "frame_5": [0.6300916075706482, 0.3955242931842804, 0.04923133924603462, 0.04888390377163887, 0.6150965690612793, 0.44896942377090454, 0.025386810302734375, 0.027792062610387802, 0.854916512966156], "frame_6": [0.6301038265228271, 0.3954961895942688, 0.04921073839068413, 0.04880019277334213, 0.6150965690612793, 0.44896942377090454, 0.025386810302734375, 0.027792062610387802, 0.8793975114822388], "frame_7": [0.6301043033599854, 0.39549127221107483, 0.04921302944421768, 0.04875585809350014, 0.6150965690612793, 0.44896942377090454, 0.025386810302734375, 0.027792062610387802, 0.8501415252685547], "frame_8": [0.6300888657569885, 0.3954847455024719, 0.04919624328613281, 0.04874894767999649, 0.6150965690612793, 0.44896942377090454, 0.025386810302734375, 0.027792062610387802, 0.8247895836830139], "frame_9": [0.6301118731498718, 0.3954755961894989, 0.04922353848814964, 0.04877213388681412, 0.6150965690612793, 0.44896942377090454, 0.025386810302734375, 0.027792062610387802, 0.7499164342880249], "frame_10": [0.6301048398017883, 0.39542698860168457, 0.049157798290252686, 0.04858652874827385, 0.6150965690612793, 0.44896942377090454, 0.025386810302734375, 0.027792062610387802, 0.6087049841880798], "frame_11": [0.6301292181015015, 0.39541271328926086, 0.049154579639434814, 0.04853451997041702, 0.6150965690612793, 0.44896942377090454, 0.025386810302734375, 0.027792062610387802, 0.5472506880760193], "frame_12": [0.6302874684333801, 0.3952983319759369, 0.04953986406326294, 0.048869237303733826, 0.6150965690612793, 0.44896942377090454, 0.025386810302734375, 0.027792062610387802, 0.37781330943107605], "frame_13": [0.630305290222168, 0.3953046202659607, 0.04953405633568764, 0.04884851351380348, 0.6150965690612793, 0.44896942377090454, 0.025386810302734375, 0.027792062610387802, 0.3975241184234619], "frame_14": [0.6303384304046631, 0.39532172679901123, 0.04960356652736664, 0.04888305813074112, 0.6150965690612793, 0.44896942377090454, 0.025386810302734375, 0.027792062610387802, 0.3155584931373596], "frame_15": [0.6303268671035767, 0.39544034004211426, 0.049693383276462555, 0.048829395323991776, 0.6150965690612793, 0.44896942377090454, 0.025386810302734375, 0.027792062610387802, 0.4289098381996155], "frame_16": [0.6303113102912903, 0.3954305052757263, 0.04967210441827774, 0.048816978931427, 0.6150965690612793, 0.44896942377090454, 0.025386810302734375, 0.027792062610387802, 0.4621986746788025], "frame_17": [0.6303036212921143, 0.39542970061302185, 0.04962700605392456, 0.048831768333911896, 0.6150965690612793, 0.44896942377090454, 0.025386810302734375, 0.027792062610387802, 0.5283595323562622], "frame_18": [0.6303325295448303, 0.39539334177970886, 0.04962196201086044, 0.04886237159371376, 0.6150965690612793, 0.44896942377090454, 0.025386810302734375, 0.027792062610387802, 0.5544707179069519], "frame_19": [0.6303147077560425, 0.395394504070282, 0.04962730407714844, 0.048883311450481415, 0.6150965690612793, 0.44896942377090454, 0.025386810302734375, 0.027792062610387802, 0.5554182529449463], "frame_20": [0.6302937269210815, 0.39539048075675964, 0.04971449077129364, 0.04889199882745743, 0.6150965690612793, 0.44896942377090454, 0.025386810302734375, 0.027792062610387802, 0.4281988739967346], "frame_21": [0.6302887797355652, 0.3953442871570587, 0.04962938278913498, 0.04883851110935211, 0.6150965690612793, 0.44896942377090454, 0.025386810302734375, 0.027792062610387802, 0.42385873198509216], "frame_22": [0.6302809715270996, 0.39534792304039, 0.04956533759832382, 0.04883571341633797, 0.2946706712245941, 0.49258843064308167, 0.026577673852443695, 0.027401139959692955, 0.44878876209259033], "frame_23": [0.6302956342697144, 0.3953706622123718, 0.049581315368413925, 0.04888793081045151, 0.2946706712245941, 0.49258843064308167, 0.026577673852443695, 0.027401139959692955, 0.4970804750919342], "frame_24": [0.6303212642669678, 0.395804226398468, 0.04969139024615288, 0.049212053418159485, 0.2955701947212219, 0.48165765404701233, 0.027646340429782867, 0.028170226141810417, 0.4718857705593109], "frame_25": [0.630306601524353, 0.3957456946372986, 0.04961509630084038, 0.04914843291044235, 0.2955701947212219, 0.48165765404701233, 0.027646340429782867, 0.028170226141810417, 0.4531848728656769], "frame_26": [0.6302416920661926, 0.39560621976852417, 0.04961785301566124, 0.04909362643957138, 0.29887670278549194, 0.466481477022171, 0.02811535820364952, 0.02896864153444767, 0.49333539605140686], "frame_27": [0.6302675604820251, 0.3956056237220764, 0.04962026700377464, 0.04903678968548775, 0.3040919303894043, 0.45193368196487427, 0.027659712359309196, 0.030351342633366585, 0.5529713034629822], "frame_28": [0.6302564144134521, 0.39557012915611267, 0.04957207664847374, 0.04894455894827843, 0.3134339153766632, 0.43334290385246277, 0.027296215295791626, 0.032190702855587006, 0.7879161238670349], "frame_29": [0.630256175994873, 0.3956407904624939, 0.04961242526769638, 0.04901495948433876, 0.3235650956630707, 0.41208139061927795, 0.026575766503810883, 0.030802367255091667, 0.933090090751648], "frame_30": [0.6301896572113037, 0.3956577777862549, 0.04944555461406708, 0.04896736145019531, 0.3384488523006439, 0.3904314637184143, 0.027482837438583374, 0.03220481798052788, 0.8448739647865295], "frame_31": [0.6302056908607483, 0.39568406343460083, 0.04953261464834213, 0.04893896356225014, 0.3521999418735504, 0.36981821060180664, 0.024901008233428, 0.02904510498046875, 0.6567733883857727], "frame_32": [0.6302666068077087, 0.3956906199455261, 0.049626074731349945, 0.048961468040943146, 0.36165907979011536, 0.3546746075153351, 0.027913475409150124, 0.02959306538105011, 0.6749765872955322], "frame_33": [0.6302168965339661, 0.3956831097602844, 0.0495496541261673, 0.0489376075565815, 0.37564870715141296, 0.33891043066978455, 0.0256779994815588, 0.028244972229003906, 0.706774890422821], "frame_34": [0.630317747592926, 0.3957187235355377, 0.04977399855852127, 0.0490410290658474, 0.38735431432724, 0.3242943584918976, 0.02717183344066143, 0.0286746546626091, 0.6384263634681702], "frame_35": [0.6303287744522095, 0.395719051361084, 0.049674224108457565, 0.04903937503695488, 0.3979909121990204, 0.31435680389404297, 0.028371896594762802, 0.03162871301174164, 0.6431176066398621], "frame_36": [0.6303914189338684, 0.3956361413002014, 0.04982621967792511, 0.04923820495605469, 0.4116203784942627, 0.3021019399166107, 0.026063792407512665, 0.029188452288508415, 0.5896015167236328], "frame_37": [0.6305246353149414, 0.39561599493026733, 0.05011092126369476, 0.04926813021302223, 0.423538476228714, 0.2920708954334259, 0.024022461846470833, 0.0294015035033226, 0.5066848397254944], "frame_38": [0.6304985880851746, 0.3957037925720215, 0.049994491040706635, 0.04926753416657448, 0.43342480063438416, 0.2844805419445038, 0.02567138709127903, 0.029060130938887596, 0.25385230779647827],