{"frame_0": [0.6300700902938843, 0.3967234194278717, 0.05065155029296875, 0.048138681799173355, 0.23263435065746307, 0.564146876335144, 0.024618105962872505, 0.0236375592648983, 0.8448572754859924], "frame_1": [0.6299113035202026, 0.39635607600212097, 0.05040083825588226, 0.048611026257276535, 0.23777855932712555, 0.564893364906311, 0.027424897998571396, 0.025143813341856003, 0.8679171800613403], "frame_2": [0.629843533039093, 0.39637625217437744, 0.050374433398246765, 0.048534903675317764, 0.24603161215782166, 0.5672099590301514, 0.025329504162073135, 0.026221085339784622, 0.9358657002449036], "frame_3": [0.6296616196632385, 0.39645206928253174, 0.050241172313690186, 0.04852629825472832, 0.2566896975040436, 0.5693364143371582, 0.02417907677590847, 0.0278184674680233, 0.6135863661766052], "frame_4": [0.6295207738876343, 0.39645418524742126, 0.050193194299936295, 0.04851637780666351, 0.27073127031326294, 0.5741780400276184, 0.02253975346684456, 0.027377700433135033, 0.5831721425056458], "frame_5": [0.6295918822288513, 0.39642664790153503, 0.05014856159687042, 0.04849667102098465, 0.2784980833530426, 0.5739260315895081, 0.025248337537050247, 0.028283903375267982, 0.5142789483070374], "frame_6": [0.6296083331108093, 0.3963574171066284, 0.05006811395287514, 0.04844529926776886, 0.285725861787796, 0.5731179118156433, 0.024603378027677536, 0.02811262384057045, 0.48698434233665466], "frame_7": [0.6294571161270142, 0.3965502381324768, 0.04999847337603569, 0.04849039763212204, 0.2900691032409668, 0.5713986754417419, 0.02519885078072548, 0.027128133922815323, 0.48173436522483826], "frame_8": [0.6294330954551697, 0.3967808187007904, 0.050002288073301315, 0.04841846972703934, 0.2952272295951843, 0.5688284039497375, 0.023969311267137527, 0.026683680713176727, 0.5486782193183899], "frame_9": [0.6293997764587402, 0.3967765271663666, 0.05040685832500458, 0.048360444605350494, 0.2996087968349457, 0.5684155225753784, 0.02410990372300148, 0.027394697070121765, 0.609303891658783], "frame_10": [0.6293739080429077, 0.39666858315467834, 0.05050239711999893, 0.04839032515883446, 0.3032993674278259, 0.5673142075538635, 0.022878456860780716, 0.027900781482458115, 0.7440854907035828], "frame_11": [0.6292553544044495, 0.39673614501953125, 0.05012749508023262, 0.04844618961215019, 0.3067033886909485, 0.5682961940765381, 0.023102950304746628, 0.025901412591338158, 0.7251095175743103], "frame_12": [0.6295716762542725, 0.3965558409690857, 0.05005493015050888, 0.04854367673397064, 0.3112490773200989, 0.5671730637550354, 0.022402338683605194, 0.025356123223900795, 0.788422167301178], "frame_13": [0.6295623779296875, 0.3965528607368469, 0.0500047467648983, 0.04850289970636368, 0.316607803106308, 0.565071702003479, 0.022511396557092667, 0.024713261052966118, 0.7806268334388733], "frame_14": [0.629538893699646, 0.39657479524612427, 0.05006540194153786, 0.04850328341126442, 0.32200485467910767, 0.5612888336181641, 0.02218151092529297, 0.02341156080365181, 0.7491828799247742], "frame_15": [0.6294223666191101, 0.3966183066368103, 0.049885474145412445, 0.04859449714422226, 0.3285963535308838, 0.5558637380599976, 0.02130279503762722, 0.021378327161073685, 0.7536963820457458], "frame_16": [0.6294604539871216, 0.396675705909729, 0.04994239658117294, 0.04878298565745354, 0.3285963535308838, 0.5558637380599976, 0.02130279503762722, 0.021378327161073685, 0.8319247364997864], "frame_17": [0.6294704675674438, 0.3966515362262726, 0.0499352365732193, 0.04873847961425781, 0.3285963535308838, 0.5558637380599976, 0.02130279503762722, 0.021378327161073685, 0.7604681253433228], "frame_18": [0.6295878887176514, 0.3967141807079315, 0.05011711269617081, 0.04880782216787338, 0.3285963535308838, 0.5558637380599976, 0.02130279503762722, 0.021378327161073685, 0.7759857773780823], "frame_19": [0.6294565200805664, 0.3967744708061218, 0.049724578857421875, 0.04888454079627991, 0.3285963535308838, 0.5558637380599976, 0.02130279503762722, 0.021378327161073685, 0.7971413731575012], "frame_20": [0.6294285655021667, 0.39678099751472473, 0.04966278001666069, 0.0489121749997139, 0.3285963535308838, 0.5558637380599976, 0.02130279503762722, 0.021378327161073685, 0.6034545302391052], "frame_21": [0.6294388175010681, 0.3967919945716858, 0.04961920902132988, 0.04891997575759888, 0.3285963535308838, 0.5558637380599976, 0.02130279503762722, 0.021378327161073685, 0.6349740624427795], "frame_22": [0.6294431686401367, 0.39684051275253296, 0.049611665308475494, 0.0489901639521122, 0.3285963535308838, 0.5558637380599976, 0.02130279503762722, 0.021378327161073685, 0.6757882833480835], "frame_23": [0.6294505000114441, 0.3968139588832855, 0.04962883144617081, 0.04895930737257004, 0.3285963535308838, 0.5558637380599976, 0.02130279503762722, 0.021378327161073685, 0.7542065382003784], "frame_24": [0.6293743252754211, 0.39678531885147095, 0.05008239671587944, 0.04903602600097656, 0.3285963535308838, 0.5558637380599976, 0.02130279503762722, 0.021378327161073685, 0.7379539012908936], "frame_25": [0.6293627619743347, 0.3967619240283966, 0.050112150609493256, 0.04899711534380913, 0.3285963535308838, 0.5558637380599976, 0.02130279503762722, 0.021378327161073685, 0.7441603541374207], "frame_26": [0.6293530464172363, 0.3967917561531067, 0.05003831535577774, 0.04903191328048706, 0.3285963535308838, 0.5558637380599976, 0.02130279503762722, 0.021378327161073685, 0.6240513920783997], "frame_27": [0.629375696182251, 0.39674755930900574, 0.05015084892511368, 0.0489179827272892, 0.3285963535308838, 0.5558637380599976, 0.02130279503762722, 0.021378327161073685, 0.6887381672859192], "frame_28": [0.6294560432434082, 0.3966512978076935, 0.050443097949028015, 0.04896193742752075, 0.3285963535308838, 0.5558637380599976, 0.02130279503762722, 0.021378327161073685, 0.6945282220840454], "frame_29": [0.6293575167655945, 0.39661720395088196, 0.05019327625632286, 0.048882972449064255, 0.3285963535308838, 0.5558637380599976, 0.02130279503762722, 0.021378327161073685, 0.7467266917228699], "frame_30": [0.629310131072998, 0.3965293765068054, 0.05023346096277237, 0.04871406406164169, 0.3138864040374756, 0.39538878202438354, 0.023900985717773438, 0.02617170475423336, 0.7117090225219727], "frame_31": [0.6292544007301331, 0.39642852544784546, 0.04988823086023331, 0.04859377443790436, 0.3138864040374756, 0.39538878202438354, 0.023900985717773438, 0.02617170475423336, 0.7459019422531128], "frame_32": [0.629259467124939, 0.39640283584594727, 0.05009070411324501, 0.04863955080509186, 0.3138864040374756, 0.39538878202438354, 0.023900985717773438, 0.02617170475423336, 0.7944900393486023], "frame_33": [0.6293876767158508, 0.39639079570770264, 0.049840714782476425, 0.04851188510656357, 0.3138864040374756, 0.39538878202438354, 0.023900985717773438, 0.02617170475423336, 0.7328348755836487], "frame_34": [0.6293965578079224, 0.39642593264579773, 0.05002861097455025, 0.04838510975241661, 0.3138864040374756, 0.39538878202438354, 0.023900985717773438, 0.02617170475423336, 0.7982949018478394], "frame_35": [0.629302978515625, 0.3962651491165161, 0.04995536804199219, 0.04804208502173424, 0.3138864040374756, 0.39538878202438354, 0.023900985717773438, 0.02617170475423336, 0.7911883592605591], "frame_36": [0.6291995644569397, 0.3963935077190399, 0.050495147705078125, 0.04856079816818237, 0.3976459205150604, 0.33056557178497314, 0.02378777414560318, 0.026104461401700974, 0.8481468558311462], "frame_37": [0.6292061805725098, 0.396416038274765, 0.05045335739850998, 0.048598311841487885, 0.4111179709434509, 0.3239474892616272, 0.025911500677466393, 0.028234057128429413, 0.8731459379196167], "frame_38": [0.6292060613632202, 0.39640218019485474, 0.050593480467796326, 0.04859687015414238, 0.4248892068862915, 0.3194815218448639, 0.025883864611387253, 0.02727985382080078, 0.8597304224967957], "frame_39": [0.6291602849960327, 0.39630457758903503, 0.05038469284772873, 0.04843389615416527, 0.4248892068862915, 0.3194815218448639, 0.025883864611387253, 0.02727985382080078, 0.8272185921669006],