{"frame_0": [0.6297385096549988, 0.3941958248615265, 0.04941215366125107, 0.05091650038957596, 0.3696310222148895, 0.5803250670433044, 0.030116822570562363, 0.029465951025485992, 0.6138037443161011], "frame_1": [0.6301360130310059, 0.39439740777015686, 0.04945068433880806, 0.05031755194067955, 0.37142884731292725, 0.5856512188911438, 0.029888534918427467, 0.030033493414521217, 0.6455656886100769], "frame_2": [0.6301565170288086, 0.3943953514099121, 0.04948005825281143, 0.05019378662109375, 0.3727916181087494, 0.5917355418205261, 0.030114280059933662, 0.029933929443359375, 0.709681510925293], "frame_3": [0.6301645636558533, 0.39439520239830017, 0.04947471618652344, 0.05017195641994476, 0.3725373148918152, 0.5961946845054626, 0.028558773919939995, 0.028171243146061897, 0.7746798396110535], "frame_4": [0.6300888061523438, 0.3943943977355957, 0.04932539165019989, 0.05014309287071228, 0.3709406852722168, 0.5977042317390442, 0.029814910143613815, 0.029993057250976562, 0.8160746693611145], "frame_5": [0.6300604939460754, 0.39436689019203186, 0.0493011474609375, 0.050111133605241776, 0.36974406242370605, 0.5977202653884888, 0.029752498492598534, 0.0304853655397892, 0.8641957640647888], "frame_6": [0.6300641298294067, 0.3943457305431366, 0.04925422742962837, 0.05006442591547966, 0.36849501729011536, 0.596640944480896, 0.026685290038585663, 0.028994284570217133, 0.9086460471153259], "frame_7": [0.6300560235977173, 0.3943311870098114, 0.04925825446844101, 0.05005243048071861, 0.36849501729011536, 0.596640944480896, 0.026685290038585663, 0.028994284570217133, 0.9874023795127869], "frame_8": [0.6300461888313293, 0.3943219780921936, 0.04921569675207138, 0.050046030431985855, 0.36849501729011536, 0.596640944480896, 0.026685290038585663, 0.028994284570217133, 0.9920176267623901], "frame_9": [0.6301261186599731, 0.39432716369628906, 0.04939782992005348, 0.05008900910615921, 0.36849501729011536, 0.596640944480896, 0.026685290038585663, 0.028994284570217133, 0.9813932776451111], "frame_10": [0.6301344037055969, 0.3943115770816803, 0.04937952011823654, 0.05007985606789589, 0.36658626794815063, 0.5717518925666809, 0.028217146173119545, 0.04664476215839386, 0.9110826849937439], "frame_11": [0.6301383376121521, 0.39432427287101746, 0.04938028007745743, 0.050071969628334045, 0.36801156401634216, 0.5671646595001221, 0.028135109692811966, 0.04800126701593399, 0.8812841773033142], "frame_12": [0.6301633715629578, 0.39423125982284546, 0.048590850085020065, 0.04972707852721214, 0.36970892548561096, 0.5645263195037842, 0.027087444439530373, 0.04197625070810318, 0.9118072390556335], "frame_13": [0.6301639080047607, 0.3942362368106842, 0.04860954359173775, 0.04972250014543533, 0.3709586262702942, 0.5609591007232666, 0.025611113756895065, 0.03666665777564049, 0.8507212400436401], "frame_14": [0.6301929354667664, 0.39427292346954346, 0.048742420971393585, 0.04970177635550499, 0.3709586262702942, 0.5609591007232666, 0.025611113756895065, 0.03666665777564049, 0.5659882426261902], "frame_15": [0.6301869750022888, 0.3942718505859375, 0.04872703552246094, 0.049712371081113815, 0.3709586262702942, 0.5609591007232666, 0.025611113756895065, 0.03666665777564049, 0.10450221598148346], "frame_16": [0.6301872730255127, 0.3942655324935913, 0.048723094165325165, 0.04971279576420784, 0.3709586262702942, 0.5609591007232666, 0.025611113756895065, 0.03666665777564049, 0.2128789722919464], "frame_17": [0.630090057849884, 0.39430636167526245, 0.04867668077349663, 0.0498308390378952, 0.3709586262702942, 0.5609591007232666, 0.025611113756895065, 0.03666665777564049, 0.33867818117141724], "frame_18": [0.6300790309906006, 0.39431288838386536, 0.0487169474363327, 0.04983465373516083, 0.3709586262702942, 0.5609591007232666, 0.025611113756895065, 0.03666665777564049, 0.3257598876953125], "frame_19": [0.6301053166389465, 0.394328236579895, 0.048697661608457565, 0.0498344860970974, 0.3613928556442261, 0.48304226994514465, 0.029245778918266296, 0.03236474096775055, 0.318279892206192], "frame_20": [0.6301009058952332, 0.3943290710449219, 0.04872436448931694, 0.04983160272240639, 0.3564782738685608, 0.4730593264102936, 0.03230419009923935, 0.03512628376483917, 0.31671008467674255], "frame_21": [0.630098819732666, 0.39434686303138733, 0.0487545020878315, 0.0498480461537838, 0.3500087857246399, 0.46565741300582886, 0.0340576171875, 0.036004044115543365, 0.2684827446937561], "frame_22": [0.6301012635231018, 0.39434731006622314, 0.04871576279401779, 0.04985084384679794, 0.34525027871131897, 0.46194952726364136, 0.034229595214128494, 0.034137897193431854, 0.2970464825630188], "frame_23": [0.6300790309906006, 0.3943352699279785, 0.048686981201171875, 0.04981651157140732, 0.3424043655395508, 0.45856231451034546, 0.03370170667767525, 0.03267843276262283, 0.5207586884498596], "frame_24": [0.6304836869239807, 0.39420175552368164, 0.04939507320523262, 0.049832239747047424, 0.34152284264564514, 0.4527128338813782, 0.0324753001332283, 0.03248956426978111, 0.5069290995597839], "frame_25": [0.6304778456687927, 0.3941989541053772, 0.049407873302698135, 0.04980180412530899, 0.34124040603637695, 0.4443817138671875, 0.030556974932551384, 0.03102399967610836, 0.3963501453399658], "frame_26": [0.6304817795753479, 0.394196093082428, 0.04943809658288956, 0.04975992813706398, 0.3432401120662689, 0.434416800737381, 0.030838986858725548, 0.03209970146417618, 0.612466037273407], "frame_27": [0.6304945945739746, 0.39424702525138855, 0.04953346401453018, 0.04990492761135101, 0.34695374965667725, 0.42196813225746155, 0.03166639432311058, 0.034716710448265076, 0.25363025069236755], "frame_28": [0.6304879188537598, 0.3942435085773468, 0.04950523376464844, 0.04988742247223854, 0.3517441153526306, 0.404349684715271, 0.034347258508205414, 0.0347181111574173, 0.531419038772583], "frame_29": [0.6305096745491028, 0.3942297101020813, 0.049576397985219955, 0.04987585172057152, 0.3612189292907715, 0.38093650341033936, 0.03128424659371376, 0.032938383519649506, 0.7510029673576355], "frame_30": [0.6305201649665833, 0.39422574639320374, 0.049597252160310745, 0.04992459714412689, 0.3726242482662201, 0.35809606313705444, 0.03181372582912445, 0.032472122460603714, 0.7609152793884277], "frame_31": [0.630461573600769, 0.3942199647426605, 0.04932267963886261, 0.049839530140161514, 0.3856777250766754, 0.33804672956466675, 0.02970106340944767, 0.03176689147949219, 0.7875362634658813], "frame_32": [0.6304656267166138, 0.39420944452285767, 0.04939138516783714, 0.04980650916695595, 0.3966757357120514, 0.31911811232566833, 0.031536612659692764, 0.03139868751168251, 0.7654881477355957], "frame_33": [0.6304287910461426, 0.3942241668701172, 0.04932420700788498, 0.04989522323012352, 0.40793731808662415, 0.30241063237190247, 0.028893450275063515, 0.031283676624298096, 0.815022349357605], "frame_34": [0.6305252909660339, 0.39417436718940735, 0.049167633056640625, 0.04992502182722092, 0.41793882846832275, 0.2884811460971832, 0.03146002069115639, 0.03087548166513443, 0.8392577767372131], "frame_35": [0.6305456161499023, 0.3941686749458313, 0.04918335750699043, 0.04992866516113281, 0.4283473491668701, 0.2753632962703705, 0.030604172497987747, 0.031112946569919586, 0.907958984375], "frame_36": [0.630375862121582, 0.3940020203590393, 0.04854410141706467, 0.0497446283698082, 0.4393489360809326, 0.26303210854530334, 0.028000472113490105, 0.02918262407183647, 0.9620881676673889], "frame_37": [0.630391538143158, 0.3940032124519348, 0.04861344397068024, 0.04980744421482086, 0.44865959882736206, 0.2541453242301941, 0.031765155494213104, 0.030658721923828125, 0.8674395680427551], "frame_38": [0.6304095983505249, 0.3940107524394989, 0.04870893806219101, 0.04989738389849663, 0.45795518159866333, 0.2445383071899414, 0.029182052239775658, 0.030827034264802933, 0.9457713961601257], "frame_39": [0.6304216384887695, 0.3940316438674927, 0.04875543341040611, 0.04991794005036354, 0.4686935544013977, 0.23744159936904907, 0.027384016662836075, 0.031347233802080154, 0.9384450912475586],