{"frame_0": [0.5080788731575012, 0.4042438864707947, 0.045177288353443146, 0.04832322895526886, 0.25987136363983154, 0.5539570450782776, 0.02024673856794834, 0.021810149773955345, 0.5883485674858093], "frame_1": [0.5081034302711487, 0.40445759892463684, 0.04559949412941933, 0.048058997839689255, 0.25987136363983154, 0.5539570450782776, 0.02024673856794834, 0.021810149773955345, 0.6274839639663696], "frame_2": [0.5080550909042358, 0.4045518636703491, 0.045560624450445175, 0.04794616624712944, 0.2763752341270447, 0.5672122240066528, 0.021550284698605537, 0.020642470568418503, 0.7037478089332581], "frame_3": [0.5081119537353516, 0.4044618308544159, 0.04550493136048317, 0.04799376428127289, 0.2799447476863861, 0.5716633796691895, 0.02227172814309597, 0.021250322461128235, 0.0], "frame_4": [0.5081835985183716, 0.4046671688556671, 0.0455254465341568, 0.04837269335985184, 0.28243371844291687, 0.5752456784248352, 0.022689437493681908, 0.020818328484892845, 0.0], "frame_5": [0.5082089900970459, 0.40461266040802, 0.045442961156368256, 0.048408422619104385, 0.2848261296749115, 0.5756403803825378, 0.022581947967410088, 0.021578004583716393, 0.0], "frame_6": [0.5081920027732849, 0.4046711027622223, 0.04561661556363106, 0.048431988805532455, 0.28715214133262634, 0.5758635401725769, 0.022769737988710403, 0.021696854382753372, 0.0], "frame_7": [0.5080102682113647, 0.40463218092918396, 0.04556405916810036, 0.048346541821956635, 0.28934919834136963, 0.5741379857063293, 0.023655446246266365, 0.02133619599044323, 0.0], "frame_8": [0.5080492496490479, 0.40447261929512024, 0.04568121209740639, 0.04785855486989021, 0.2916795015335083, 0.5722318291664124, 0.023294342681765556, 0.021911408752202988, 0.0], "frame_9": [0.5081219673156738, 0.40454620122909546, 0.04581909254193306, 0.04784736782312393, 0.2960561513900757, 0.5685384273529053, 0.021120071411132812, 0.020731057971715927, 0.0], "frame_10": [0.508095383644104, 0.40456780791282654, 0.04568061977624893, 0.048036787658929825, 0.2986995577812195, 0.563054084777832, 0.02086200751364231, 0.019790945574641228, 0.0], "frame_11": [0.5080751776695251, 0.404593288898468, 0.04571198299527168, 0.048054251819849014, 0.3000275194644928, 0.5568035840988159, 0.021215353161096573, 0.018829727545380592, 0.0], "frame_12": [0.5081806778907776, 0.4047643840312958, 0.046237096190452576, 0.04724210128188133, 0.30332151055336, 0.5511016249656677, 0.022252464666962624, 0.022502517327666283, 0.0], "frame_13": [0.508159339427948, 0.4047424793243408, 0.046209122985601425, 0.04725901409983635, 0.30329346656799316, 0.5433127284049988, 0.023449409753084183, 0.021748436614871025, 0.0], "frame_14": [0.5081253051757812, 0.4048112630844116, 0.046209633350372314, 0.04734344407916069, 0.30463874340057373, 0.5351365208625793, 0.022077985107898712, 0.021355269476771355, 0.0], "frame_15": [0.5081300139427185, 0.40482017397880554, 0.04614190012216568, 0.04738426208496094, 0.3022649884223938, 0.5280105471611023, 0.021351920440793037, 0.024016570299863815, 0.0], "frame_16": [0.5081154704093933, 0.40480712056159973, 0.04594895988702774, 0.04730288311839104, 0.3002174496650696, 0.5226532220840454, 0.020254982635378838, 0.023999786004424095, 0.0], "frame_17": [0.5080998539924622, 0.404754638671875, 0.045986346900463104, 0.047292329370975494, 0.296811044216156, 0.51753830909729, 0.01970348320901394, 0.023547491058707237, 0.0], "frame_18": [0.5082175731658936, 0.4047553241252899, 0.046285249292850494, 0.04731958359479904, 0.296811044216156, 0.51753830909729, 0.01970348320901394, 0.023547491058707237, 0.0], "frame_19": [0.5082414150238037, 0.4047604501247406, 0.04633399099111557, 0.04728105291724205, 0.2896265685558319, 0.5129465460777283, 0.021759266033768654, 0.023239431902766228, 0.0], "frame_20": [0.5082671046257019, 0.404701828956604, 0.04640807956457138, 0.04730288311839104, 0.2869988679885864, 0.5099323987960815, 0.02125568315386772, 0.021323775872588158, 0.6533052325248718], "frame_21": [0.5082574486732483, 0.40470150113105774, 0.04638388007879257, 0.04727516323328018, 0.2856708765029907, 0.508993923664093, 0.021035300567746162, 0.021608904004096985, 0.6069795489311218], "frame_22": [0.5082340240478516, 0.4046516418457031, 0.04635925218462944, 0.04715614393353462, 0.2848363220691681, 0.5071980357170105, 0.020614730194211006, 0.020310381427407265, 0.6626896858215332], "frame_23": [0.5082666873931885, 0.40469056367874146, 0.04645483195781708, 0.04717491939663887, 0.2840973734855652, 0.5056138634681702, 0.02051105536520481, 0.020735464990139008, 0.6763930320739746], "frame_24": [0.5081369876861572, 0.40466639399528503, 0.04619874060153961, 0.047091294080019, 0.2834283709526062, 0.502608597278595, 0.020909033715724945, 0.02005157433450222, 0.37793728709220886], "frame_25": [0.508330762386322, 0.404699444770813, 0.04642957076430321, 0.047027587890625, 0.28288063406944275, 0.4999420940876007, 0.021042166277766228, 0.01970960758626461, 0.5665464401245117], "frame_26": [0.5082289576530457, 0.40468454360961914, 0.04638176038861275, 0.0469418428838253, 0.28333187103271484, 0.496320903301239, 0.02138587087392807, 0.02116851881146431, 0.22147876024246216], "frame_27": [0.5080327391624451, 0.40464308857917786, 0.04613609239459038, 0.04694090783596039, 0.2840481698513031, 0.4917922019958496, 0.01997089385986328, 0.021302498877048492, 0.049677662551403046], "frame_28": [0.508077085018158, 0.40464410185813904, 0.04636251553893089, 0.04714469984173775, 0.2851044833660126, 0.485549658536911, 0.02011500485241413, 0.021899033337831497, 0.6272943615913391], "frame_29": [0.5083734393119812, 0.4046729505062103, 0.04632513225078583, 0.047056496143341064, 0.2876175045967102, 0.4787141680717468, 0.019745338708162308, 0.023302460089325905, 0.12042395025491714], "frame_30": [0.508335292339325, 0.4046940207481384, 0.04637853801250458, 0.047068871557712555, 0.29128268361091614, 0.4654739499092102, 0.019818495959043503, 0.022826004773378372, 0.846953272819519], "frame_31": [0.5082427263259888, 0.4046590030193329, 0.04639167711138725, 0.04709434509277344, 0.29790985584259033, 0.44786715507507324, 0.018168874084949493, 0.018503740429878235, 0.907715916633606], "frame_32": [0.507987916469574, 0.404648095369339, 0.04629190266132355, 0.047177504748106, 0.30403196811676025, 0.43439537286758423, 0.020568804815411568, 0.020377349108457565, 0.8292741179466248], "frame_33": [0.5080636143684387, 0.404632568359375, 0.046381548047065735, 0.04713490977883339, 0.31112006306648254, 0.4204730987548828, 0.01828545518219471, 0.0200059674680233, 0.8427619338035583], "frame_34": [0.50823974609375, 0.404762864112854, 0.04654795303940773, 0.04724422097206116, 0.31900569796562195, 0.4080449938774109, 0.01994342729449272, 0.01998867467045784, 0.790859580039978], "frame_35": [0.5082889795303345, 0.40468427538871765, 0.04654540866613388, 0.04710426181554794, 0.32587239146232605, 0.39561301469802856, 0.01826801337301731, 0.01918640173971653, 0.8058164715766907], "frame_36": [0.5081774592399597, 0.4046219289302826, 0.046419523656368256, 0.047221459448337555, 0.3348913788795471, 0.38659346103668213, 0.02012004889547825, 0.021206453442573547, 0.9241855144500732], "frame_37": [0.5081130266189575, 0.4046233296394348, 0.04631835222244263, 0.0471370704472065, 0.3421674370765686, 0.37690895795822144, 0.018346361815929413, 0.019899623468518257, 0.8265286684036255], "frame_38": [0.5079810619354248, 0.40465593338012695, 0.04614647850394249, 0.047316741198301315, 0.3505527377128601, 0.3674177825450897, 0.018530188128352165, 0.02063852921128273, 0.6856822967529297], "frame_39": [0.5080932974815369, 0.40474608540534973, 0.046258799731731415, 0.0473792590200901, 0.3574027717113495, 0.35953232645988464, 0.01919691264629364, 0.021131515502929688, 0.0], "frame_40": [0.5081214308738708, 0.4047965109348297, 0.04629037529230118, 0.04741838201880455, 0.36608970165252686, 0.35167285799980164, 0.019117355346679688, 0.021259117871522903, 0.0],