{"frame_0": [0.629568874835968, 0.3979536294937134, 0.05072784423828125, 0.04877815395593643, 0.8837900161743164, 0.5924643874168396, 0.03177184984087944, 0.03249337896704674, 0.9733778834342957], "frame_1": [0.6293610334396362, 0.39786773920059204, 0.04966918006539345, 0.04891251400113106, 0.878835916519165, 0.5877598524093628, 0.030649228021502495, 0.03335113450884819, 0.9250333309173584], "frame_2": [0.6293084025382996, 0.3978687822818756, 0.04957771301269531, 0.04884215444326401, 0.8708462119102478, 0.5853314995765686, 0.028639474883675575, 0.03372840955853462, 0.8013944029808044], "frame_3": [0.6292834281921387, 0.3979265093803406, 0.049594879150390625, 0.04903806000947952, 0.862747848033905, 0.5859661102294922, 0.03394893929362297, 0.034343719482421875, 0.7497736811637878], "frame_4": [0.6293225288391113, 0.3980152904987335, 0.049720000475645065, 0.048898737877607346, 0.862747848033905, 0.5859661102294922, 0.03394893929362297, 0.034343719482421875, 0.7140005826950073], "frame_5": [0.6293252110481262, 0.39801645278930664, 0.04977531358599663, 0.04889611154794693, 0.862747848033905, 0.5859661102294922, 0.03394893929362297, 0.034343719482421875, 0.6213145852088928], "frame_6": [0.6294288039207458, 0.3980262875556946, 0.049857161939144135, 0.048721399158239365, 0.862747848033905, 0.5859661102294922, 0.03394893929362297, 0.034343719482421875, 0.5568373799324036], "frame_7": [0.6294472813606262, 0.3979676067829132, 0.04991014301776886, 0.048688847571611404, 0.862747848033905, 0.5859661102294922, 0.03394893929362297, 0.034343719482421875, 0.5295457243919373], "frame_8": [0.629440426826477, 0.3979676067829132, 0.049862757325172424, 0.04869295656681061, 0.862747848033905, 0.5859661102294922, 0.03394893929362297, 0.034343719482421875, 0.5508029460906982], "frame_9": [0.6294443011283875, 0.3979635536670685, 0.049925994127988815, 0.04871635511517525, 0.862747848033905, 0.5859661102294922, 0.03394893929362297, 0.034343719482421875, 0.0], "frame_10": [0.6293672919273376, 0.3978893756866455, 0.04972953721880913, 0.04888835549354553, 0.8561662435531616, 0.5762799382209778, 0.02315402589738369, 0.028781509026885033, 0.6530739068984985], "frame_11": [0.6293937563896179, 0.39789140224456787, 0.04965667799115181, 0.04893921688199043, 0.8569143414497375, 0.5769549012184143, 0.02391069196164608, 0.030064603313803673, 0.3614988923072815], "frame_12": [0.6292341351509094, 0.3976871073246002, 0.0492105707526207, 0.04895244166254997, 0.857051432132721, 0.5773397088050842, 0.02369995042681694, 0.028254318982362747, 0.3539733290672302], "frame_13": [0.6292248964309692, 0.39767464995384216, 0.04917382076382637, 0.048986222594976425, 0.857051432132721, 0.5773397088050842, 0.02369995042681694, 0.028254318982362747, 0.3814815282821655], "frame_14": [0.6291598677635193, 0.39765676856040955, 0.04899491369724274, 0.04905819520354271, 0.857051432132721, 0.5773397088050842, 0.02369995042681694, 0.028254318982362747, 0.844164252281189], "frame_15": [0.6291524171829224, 0.397733598947525, 0.04868346452713013, 0.049072351306676865, 0.8481057286262512, 0.5693022608757019, 0.02464396134018898, 0.02917090430855751, 0.7183151245117188], "frame_16": [0.6290643215179443, 0.3977411985397339, 0.04888878017663956, 0.04909773916006088, 0.8456977605819702, 0.564518928527832, 0.02486606128513813, 0.027105500921607018, 0.0], "frame_17": [0.629179835319519, 0.397697776556015, 0.049216631799936295, 0.04913698881864548, 0.8456977605819702, 0.564518928527832, 0.02486606128513813, 0.027105500921607018, 0.7857231497764587], "frame_18": [0.6290467977523804, 0.39773499965667725, 0.04939308017492294, 0.04915368929505348, 0.8456977605819702, 0.564518928527832, 0.02486606128513813, 0.027105500921607018, 0.7506586909294128], "frame_19": [0.6290810704231262, 0.3976883292198181, 0.049480438232421875, 0.049103375524282455, 0.8456977605819702, 0.564518928527832, 0.02486606128513813, 0.027105500921607018, 0.7458642721176147], "frame_20": [0.6290799379348755, 0.397612601518631, 0.04932356998324394, 0.04897338151931763, 0.8456977605819702, 0.564518928527832, 0.02486606128513813, 0.027105500921607018, 0.8105738759040833], "frame_21": [0.6291390657424927, 0.3976353406906128, 0.049426354467868805, 0.04895799607038498, 0.8782411217689514, 0.4823214113712311, 0.03466491773724556, 0.03518163785338402, 0.839138388633728], "frame_22": [0.62909996509552, 0.3977506756782532, 0.04939880222082138, 0.04903924837708473, 0.8940534591674805, 0.4756931662559509, 0.034129925072193146, 0.03509864956140518, 0.8539136648178101], "frame_23": [0.6290944218635559, 0.3977024555206299, 0.04931487888097763, 0.049034710973501205, 0.9042344093322754, 0.4709870219230652, 0.03322720155119896, 0.03212615102529526, 0.9229894280433655], "frame_24": [0.629378080368042, 0.39794015884399414, 0.048954859375953674, 0.04917076975107193, 0.9101208448410034, 0.466239333152771, 0.032672543078660965, 0.03366720303893089, 0.7944837808609009], "frame_25": [0.6293656229972839, 0.3979201316833496, 0.048905182629823685, 0.04916504770517349, 0.9145576357841492, 0.4586966633796692, 0.03102298267185688, 0.03176994249224663, 0.882240355014801], "frame_26": [0.6293441653251648, 0.39788344502449036, 0.04892103374004364, 0.04923837631940842, 0.9145576357841492, 0.4586966633796692, 0.03102298267185688, 0.03176994249224663, 0.7151684761047363], "frame_27": [0.6293351650238037, 0.3978886008262634, 0.04889250919222832, 0.04922565817832947, 0.9109561443328857, 0.4368373453617096, 0.032641176134347916, 0.030617820098996162, 0.9375807046890259], "frame_28": [0.6294965744018555, 0.3977869749069214, 0.04915750399231911, 0.04906950891017914, 0.9060684442520142, 0.4217292070388794, 0.03165554627776146, 0.03320596367120743, 0.8775940537452698], "frame_29": [0.6294651031494141, 0.39779382944107056, 0.049094561487436295, 0.04906290024518967, 0.8987579345703125, 0.40102115273475647, 0.0279201939702034, 0.031098006293177605, 0.8761458396911621], "frame_30": [0.6294748783111572, 0.3978210389614105, 0.04920098930597305, 0.04912160336971283, 0.8875332474708557, 0.37885183095932007, 0.027854494750499725, 0.030673176050186157, 0.8992324471473694], "frame_31": [0.6294462084770203, 0.39781519770622253, 0.04916534572839737, 0.04910112917423248, 0.8757546544075012, 0.3584432005882263, 0.02807752788066864, 0.030697908252477646, 0.9298703670501709], "frame_32": [0.6294240951538086, 0.3978644609451294, 0.04914911091327667, 0.04919005557894707, 0.8642206192016602, 0.340958833694458, 0.02585296705365181, 0.02975059114396572, 0.9609413146972656], "frame_33": [0.6294860243797302, 0.3977985680103302, 0.04895104467868805, 0.04933484271168709, 0.8530444502830505, 0.32557412981987, 0.024666596204042435, 0.0292392298579216, 0.9300296306610107], "frame_34": [0.6293266415596008, 0.3978223204612732, 0.048997413367033005, 0.04927575960755348, 0.8418368697166443, 0.311064749956131, 0.026605987921357155, 0.030203713104128838, 0.9168804883956909], "frame_35": [0.629400908946991, 0.3978368043899536, 0.04865472763776779, 0.04926075413823128, 0.8314172625541687, 0.2978682219982147, 0.02617034874856472, 0.030465126037597656, 0.8996013402938843], "frame_36": [0.6291917562484741, 0.3978884518146515, 0.04941656440496445, 0.04941453039646149, 0.821650505065918, 0.2876056432723999, 0.024657439440488815, 0.02944725938141346, 0.8356522917747498], "frame_37": [0.629198431968689, 0.3979164958000183, 0.04946594312787056, 0.04948107525706291, 0.8102964758872986, 0.2786451280117035, 0.023624589666724205, 0.026585007086396217, 0.8696174621582031], "frame_38": [0.629166305065155, 0.3978860676288605, 0.04933823645114899, 0.04939011484384537, 0.800157904624939, 0.2704661786556244, 0.02478095144033432, 0.029996003955602646, 0.908172070980072], "frame_39": [0.6291977167129517, 0.3978961408138275, 0.04884224012494087, 0.04939986392855644, 0.7901845574378967, 0.26312878727912903, 0.024619292467832565, 0.02956286445260048, 0.9410303235054016],