{"frame_0": [0.6307888627052307, 0.3948797583580017, 0.05076294019818306, 0.05000360310077667, 0.6082748174667358, 0.4464925229549408, 0.020379045978188515, 0.02531585656106472, 0.7518765330314636], "frame_1": [0.6304826736450195, 0.39496299624443054, 0.05064642056822777, 0.04940003156661987, 0.6082748174667358, 0.4464925229549408, 0.020379045978188515, 0.02531585656106472, 0.7865831851959229], "frame_2": [0.6305164694786072, 0.39495816826820374, 0.05037638172507286, 0.04940104857087135, 0.6082748174667358, 0.4464925229549408, 0.020379045978188515, 0.02531585656106472, 0.7176066040992737], "frame_3": [0.6305493116378784, 0.3949783444404602, 0.0504286028444767, 0.04933984577655792, 0.6082748174667358, 0.4464925229549408, 0.020379045978188515, 0.02531585656106472, 0.6137523651123047], "frame_4": [0.6305817365646362, 0.39496052265167236, 0.050336457788944244, 0.04931025952100754, 0.6082748174667358, 0.4464925229549408, 0.020379045978188515, 0.02531585656106472, 0.7596291303634644], "frame_5": [0.630506157875061, 0.3950006365776062, 0.05024770274758339, 0.04924774169921875, 0.6082748174667358, 0.4464925229549408, 0.020379045978188515, 0.02531585656106472, 0.7406403422355652], "frame_6": [0.6305092573165894, 0.39496713876724243, 0.050305768847465515, 0.04934586584568024, 0.6082748174667358, 0.4464925229549408, 0.020379045978188515, 0.02531585656106472, 0.8062690496444702], "frame_7": [0.6305356025695801, 0.39492788910865784, 0.050357818603515625, 0.049357857555150986, 0.6082748174667358, 0.4464925229549408, 0.020379045978188515, 0.02531585656106472, 0.7050522565841675], "frame_8": [0.6305432915687561, 0.3949821889400482, 0.05051354318857193, 0.04931284487247467, 0.6082748174667358, 0.4464925229549408, 0.020379045978188515, 0.02531585656106472, 0.7051641345024109], "frame_9": [0.6305866241455078, 0.39500555396080017, 0.050553299486637115, 0.04925617575645447, 0.6082748174667358, 0.4464925229549408, 0.020379045978188515, 0.02531585656106472, 0.8782184720039368], "frame_10": [0.6305858492851257, 0.3949403464794159, 0.05048234760761261, 0.04932060092687607, 0.6082748174667358, 0.4464925229549408, 0.020379045978188515, 0.02531585656106472, 0.7320046424865723], "frame_11": [0.6307033896446228, 0.39507806301116943, 0.05086347833275795, 0.04918178915977478, 0.6082748174667358, 0.4464925229549408, 0.020379045978188515, 0.02531585656106472, 0.7935178279876709], "frame_12": [0.63102787733078, 0.39492323994636536, 0.049295805394649506, 0.04848738759756088, 0.6082748174667358, 0.4464925229549408, 0.020379045978188515, 0.02531585656106472, 0.8449653387069702], "frame_13": [0.6310039162635803, 0.3949217200279236, 0.049265459179878235, 0.04849942401051521, 0.6082748174667358, 0.4464925229549408, 0.020379045978188515, 0.02531585656106472, 0.8237718343734741], "frame_14": [0.6309658288955688, 0.39489132165908813, 0.04931318387389183, 0.04850226640701294, 0.6082748174667358, 0.4464925229549408, 0.020379045978188515, 0.02531585656106472, 0.7413278222084045], "frame_15": [0.6309740543365479, 0.39489424228668213, 0.04932305961847305, 0.04851926118135452, 0.6082748174667358, 0.4464925229549408, 0.020379045978188515, 0.02531585656106472, 0.8887379765510559], "frame_16": [0.6310129761695862, 0.39497655630111694, 0.049466323107481, 0.04835387319326401, 0.6082748174667358, 0.4464925229549408, 0.020379045978188515, 0.02531585656106472, 0.9492652416229248], "frame_17": [0.6309629082679749, 0.3950214385986328, 0.04949980974197388, 0.048412151634693146, 0.6082748174667358, 0.4464925229549408, 0.020379045978188515, 0.02531585656106472, 0.3882811963558197], "frame_18": [0.6309912204742432, 0.3950250446796417, 0.04955499619245529, 0.04840117692947388, 0.6082748174667358, 0.4464925229549408, 0.020379045978188515, 0.02531585656106472, 0.3488902747631073], "frame_19": [0.6309846639633179, 0.3950175940990448, 0.04949209466576576, 0.048376549035310745, 0.6082748174667358, 0.4464925229549408, 0.020379045978188515, 0.02531585656106472, 0.3641311228275299], "frame_20": [0.6309711337089539, 0.39499545097351074, 0.049449920654296875, 0.048342131078243256, 0.6082748174667358, 0.4464925229549408, 0.020379045978188515, 0.02531585656106472, 0.38343122601509094], "frame_21": [0.6310312151908875, 0.39501503109931946, 0.04973733797669411, 0.04826575517654419, 0.6082748174667358, 0.4464925229549408, 0.020379045978188515, 0.02531585656106472, 0.40928784012794495], "frame_22": [0.6310247778892517, 0.395026832818985, 0.04975336045026779, 0.04825630038976669, 0.3334425389766693, 0.46749386191368103, 0.027682198211550713, 0.029745567589998245, 0.41937240958213806], "frame_23": [0.6310381293296814, 0.39500540494918823, 0.04975386708974838, 0.048246510326862335, 0.32866597175598145, 0.4597267508506775, 0.029606331139802933, 0.0315958671271801, 0.43503448367118835], "frame_24": [0.6310229301452637, 0.39498257637023926, 0.049652099609375, 0.048551347106695175, 0.3256440758705139, 0.4528356194496155, 0.03026885911822319, 0.03186950832605362, 0.4732625484466553], "frame_25": [0.6310186386108398, 0.3949745297431946, 0.04963976517319679, 0.048564910888671875, 0.3238615393638611, 0.4453407824039459, 0.02805667370557785, 0.03247782215476036, 0.4070020616054535], "frame_26": [0.6310179829597473, 0.3949723243713379, 0.04968240484595299, 0.04854138568043709, 0.3238615393638611, 0.4453407824039459, 0.02805667370557785, 0.03247782215476036, 0.48185354471206665], "frame_27": [0.6310029625892639, 0.39494848251342773, 0.04970131069421768, 0.048521507531404495, 0.3238615393638611, 0.4453407824039459, 0.02805667370557785, 0.03247782215476036, 0.3791988492012024], "frame_28": [0.6310163140296936, 0.39495548605918884, 0.049669645726680756, 0.048508960753679276, 0.3238615393638611, 0.4453407824039459, 0.02805667370557785, 0.03247782215476036, 0.456967294216156], "frame_29": [0.6311338543891907, 0.39497825503349304, 0.04979760944843292, 0.04837091267108917, 0.34177592396736145, 0.3891676962375641, 0.028376007452607155, 0.028834236785769463, 0.7087235450744629], "frame_30": [0.6311378479003906, 0.39500105381011963, 0.04982282966375351, 0.04837964475154877, 0.3533700406551361, 0.37010064721107483, 0.027013609185814857, 0.028684107586741447, 0.79911208152771], "frame_31": [0.631119430065155, 0.39498597383499146, 0.04977874830365181, 0.04837137833237648, 0.3651373088359833, 0.35386550426483154, 0.026697244495153427, 0.03019341453909874, 0.7658911347389221], "frame_32": [0.6310478448867798, 0.3949591815471649, 0.049749162048101425, 0.048409949988126755, 0.378498911857605, 0.3363208472728729, 0.028029929846525192, 0.02914867363870144, 0.7399532794952393], "frame_33": [0.6310843825340271, 0.3949909508228302, 0.04982079565525055, 0.04843075945973396, 0.3899698853492737, 0.3219449818134308, 0.029238171875476837, 0.0295354425907135, 0.7136256694793701], "frame_34": [0.6310655474662781, 0.39500951766967773, 0.0497731938958168, 0.048432160168886185, 0.4015701413154602, 0.31045088171958923, 0.02823079377412796, 0.032475896179676056, 0.7329533696174622], "frame_35": [0.631093442440033, 0.39502114057540894, 0.0498918741941452, 0.04838472977280617, 0.41349563002586365, 0.29912906885147095, 0.02655927836894989, 0.03046569786965847, 0.7333233952522278], "frame_36": [0.6313138008117676, 0.39541107416152954, 0.050476837903261185, 0.04885910823941231, 0.42499369382858276, 0.2886894941329956, 0.02820129320025444, 0.02914596162736416, 0.819124698638916], "frame_37": [0.6312940120697021, 0.3953179121017456, 0.05036498233675957, 0.0489477775990963, 0.4350101947784424, 0.2816165089607239, 0.02686920203268528, 0.02682209014892578, 0.7641233801841736], "frame_38": [0.6312459111213684, 0.39528343081474304, 0.05022956058382988, 0.04888878017663956, 0.4458374083042145, 0.2732752859592438, 0.029909133911132812, 0.029364246875047684, 0.7793877720832825], "frame_39": [0.631268322467804, 0.39544185996055603, 0.05058135837316513, 0.04881303757429123, 0.45761439204216003, 0.26755261421203613, 0.025912094861268997, 0.028467899188399315, 0.677669882774353],