{"frame_0": [0.6289186477661133, 0.39832961559295654, 0.04937248304486275, 0.048313140869140625, 0.6391471028327942, 0.43725699186325073, 0.021016905084252357, 0.02586229145526886, 0.9649422764778137], "frame_1": [0.6286036968231201, 0.39799728989601135, 0.04957237094640732, 0.04904764145612717, 0.6391471028327942, 0.43725699186325073, 0.021016905084252357, 0.02586229145526886, 0.8567977547645569], "frame_2": [0.6286605000495911, 0.39800670742988586, 0.04942911118268967, 0.04911977797746658, 0.6391471028327942, 0.43725699186325073, 0.021016905084252357, 0.02586229145526886, 0.8674150109291077], "frame_3": [0.6287904381752014, 0.39791080355644226, 0.04957025498151779, 0.04917556047439575, 0.6391471028327942, 0.43725699186325073, 0.021016905084252357, 0.02586229145526886, 0.9016544818878174], "frame_4": [0.6287065148353577, 0.3978683352470398, 0.0497426763176918, 0.04899431765079498, 0.6391471028327942, 0.43725699186325073, 0.021016905084252357, 0.02586229145526886, 0.8743566274642944], "frame_5": [0.6286241412162781, 0.39785683155059814, 0.04955651983618736, 0.04912024736404419, 0.6391471028327942, 0.43725699186325073, 0.021016905084252357, 0.02586229145526886, 0.8789456486701965], "frame_6": [0.6286670565605164, 0.39790886640548706, 0.04904310405254364, 0.04911664500832558, 0.6391471028327942, 0.43725699186325073, 0.021016905084252357, 0.02586229145526886, 0.9584794640541077], "frame_7": [0.6286691427230835, 0.3978906273841858, 0.04910791292786598, 0.04909549281001091, 0.6391471028327942, 0.43725699186325073, 0.021016905084252357, 0.02586229145526886, 0.9883533120155334], "frame_8": [0.6286858320236206, 0.39789173007011414, 0.04907959699630737, 0.04910125583410263, 0.6391471028327942, 0.43725699186325073, 0.021016905084252357, 0.02586229145526886, 0.9553296566009521], "frame_9": [0.6286827325820923, 0.3979000449180603, 0.049135971814394, 0.04911719262599945, 0.6391471028327942, 0.43725699186325073, 0.021016905084252357, 0.02586229145526886, 0.96509850025177], "frame_10": [0.6286329627037048, 0.3978860676288605, 0.04910401254892349, 0.04910672456026077, 0.6391471028327942, 0.43725699186325073, 0.021016905084252357, 0.02586229145526886, 0.9544467926025391], "frame_11": [0.6286829710006714, 0.3979111611843109, 0.04903051629662514, 0.049146611243486404, 0.6391471028327942, 0.43725699186325073, 0.021016905084252357, 0.02586229145526886, 0.92203289270401], "frame_12": [0.6284633278846741, 0.39781567454338074, 0.04920891672372818, 0.04937371239066124, 0.6391471028327942, 0.43725699186325073, 0.021016905084252357, 0.02586229145526886, 0.9160369634628296], "frame_13": [0.6284675002098083, 0.3978098928928375, 0.04920404404401779, 0.049360912293195724, 0.3495102822780609, 0.566029965877533, 0.02538975700736046, 0.03940942510962486, 0.9078160524368286], "frame_14": [0.6285905838012695, 0.3978710472583771, 0.048874665051698685, 0.04936519265174866, 0.3480915129184723, 0.5604134202003479, 0.028703032061457634, 0.03525407612323761, 0.9600524306297302], "frame_15": [0.6286599040031433, 0.3978518545627594, 0.04892272874712944, 0.049333445727825165, 0.3477596640586853, 0.5550286173820496, 0.029439354315400124, 0.028005218133330345, 0.8118859529495239], "frame_16": [0.6285551190376282, 0.3977924883365631, 0.04913698881864548, 0.049384478479623795, 0.3477596640586853, 0.5550286173820496, 0.029439354315400124, 0.028005218133330345, 0.7028144598007202], "frame_17": [0.6285139322280884, 0.3977716267108917, 0.04912969842553139, 0.0492594838142395, 0.3477596640586853, 0.5550286173820496, 0.029439354315400124, 0.028005218133330345, 0.5844703316688538], "frame_18": [0.6285260319709778, 0.3978150188922882, 0.04913957417011261, 0.04921582713723183, 0.3477596640586853, 0.5550286173820496, 0.029439354315400124, 0.028005218133330345, 0.5003374218940735], "frame_19": [0.6286351084709167, 0.3979387879371643, 0.0490858294069767, 0.04927575960755348, 0.3477596640586853, 0.5550286173820496, 0.029439354315400124, 0.028005218133330345, 0.4843822717666626], "frame_20": [0.6285063624382019, 0.3979622721672058, 0.04893302917480469, 0.049252912402153015, 0.3477596640586853, 0.5550286173820496, 0.029439354315400124, 0.028005218133330345, 0.47537121176719666], "frame_21": [0.6285473704338074, 0.39793097972869873, 0.04898834228515625, 0.04935663193464279, 0.3477596640586853, 0.5550286173820496, 0.029439354315400124, 0.028005218133330345, 0.4658454656600952], "frame_22": [0.6286096572875977, 0.39796677231788635, 0.04849416762590408, 0.04940512031316757, 0.31293991208076477, 0.47202664613723755, 0.028805647045373917, 0.027845976874232292, 0.4380827248096466], "frame_23": [0.628508985042572, 0.3979017436504364, 0.04888623580336571, 0.04939130321145058, 0.3059277832508087, 0.46796444058418274, 0.02842388115823269, 0.029254361987113953, 0.4219821095466614], "frame_24": [0.6287546157836914, 0.397882878780365, 0.04877942427992821, 0.049375660717487335, 0.3059277832508087, 0.46796444058418274, 0.02842388115823269, 0.029254361987113953, 0.3084091246128082], "frame_25": [0.6287568211555481, 0.3978866636753082, 0.04880981519818306, 0.04936197027564049, 0.3059277832508087, 0.46796444058418274, 0.02842388115823269, 0.029254361987113953, 0.44309014081954956], "frame_26": [0.6287828087806702, 0.3979101777076721, 0.04883270338177681, 0.049390073865652084, 0.3059277832508087, 0.46796444058418274, 0.02842388115823269, 0.029254361987113953, 0.34641408920288086], "frame_27": [0.6288045048713684, 0.39792725443840027, 0.048822782933712006, 0.04938994348049164, 0.30619627237319946, 0.43305400013923645, 0.029024887830018997, 0.029570939019322395, 0.5664933323860168], "frame_28": [0.6287972331047058, 0.39792248606681824, 0.048754118382930756, 0.049407027661800385, 0.3113117516040802, 0.4178677499294281, 0.02818584442138672, 0.03143751248717308, 0.639558732509613], "frame_29": [0.628839373588562, 0.3980005085468292, 0.0485730916261673, 0.04927126690745354, 0.3206198811531067, 0.39809656143188477, 0.025874095037579536, 0.03133053332567215, 0.7146110534667969], "frame_30": [0.6288307309150696, 0.39802032709121704, 0.048543550074100494, 0.04923387989401817, 0.3335976004600525, 0.37923189997673035, 0.026601027697324753, 0.0298317801207304, 0.8140990138053894], "frame_31": [0.6288843154907227, 0.39800775051116943, 0.04881638288497925, 0.04931148886680603, 0.34573012590408325, 0.3610319495201111, 0.029458045959472656, 0.02862987481057644, 0.7963675856590271], "frame_32": [0.6288718581199646, 0.3980099856853485, 0.04896003007888794, 0.04935417324304581, 0.3587001860141754, 0.3450326919555664, 0.0279854666441679, 0.029693899676203728, 0.7690454125404358], "frame_33": [0.6288648843765259, 0.39801785349845886, 0.04891497269272804, 0.04942592978477478, 0.37227126955986023, 0.32850807905197144, 0.026631927117705345, 0.028397178277373314, 0.7869590520858765], "frame_34": [0.6288429498672485, 0.3980432152748108, 0.04900495707988739, 0.04945644736289978, 0.384536474943161, 0.31584396958351135, 0.028415214270353317, 0.028916168957948685, 0.7897728681564331], "frame_35": [0.6288416981697083, 0.3980308175086975, 0.049070656299591064, 0.04948136955499649, 0.3965058922767639, 0.3047931492328644, 0.027063455432653427, 0.029884424060583115, 0.7624328136444092], "frame_36": [0.6288090944290161, 0.39799559116363525, 0.04933585971593857, 0.04927312955260277, 0.4079757630825043, 0.2941061556339264, 0.024624083191156387, 0.027823152020573616, 0.7881409525871277], "frame_37": [0.6288204789161682, 0.39800143241882324, 0.049320392310619354, 0.049258846789598465, 0.4199662208557129, 0.2866933047771454, 0.027097489684820175, 0.028811369091272354, 0.7836592197418213], "frame_38": [0.6287797093391418, 0.3979405164718628, 0.049198321998119354, 0.04926282912492752, 0.43181145191192627, 0.27936434745788574, 0.025231171399354935, 0.027258872985839844, 0.773324191570282],