{"frame_0": [0.5080185532569885, 0.40514275431632996, 0.04594133049249649, 0.046916961669921875, 0.48797720670700073, 0.4867391884326935, 0.02032758854329586, 0.022623062133789062, 0.9175203442573547], "frame_1": [0.50761479139328, 0.40499234199523926, 0.0451769083738327, 0.04665086418390274, 0.48797720670700073, 0.4867391884326935, 0.02032758854329586, 0.022623062133789062, 0.9248220324516296], "frame_2": [0.5077037215232849, 0.40513288974761963, 0.045364465564489365, 0.04683901369571686, 0.48797720670700073, 0.4867391884326935, 0.02032758854329586, 0.022623062133789062, 0.9442306160926819], "frame_3": [0.5076901316642761, 0.40514373779296875, 0.04530198872089386, 0.04677814990282059, 0.48797720670700073, 0.4867391884326935, 0.02032758854329586, 0.022623062133789062, 0.9594611525535583], "frame_4": [0.507670521736145, 0.405098557472229, 0.04513969272375107, 0.04674585163593292, 0.48797720670700073, 0.4867391884326935, 0.02032758854329586, 0.022623062133789062, 0.971153736114502], "frame_5": [0.5076576471328735, 0.4050983786582947, 0.04511125385761261, 0.046751488000154495, 0.48797720670700073, 0.4867391884326935, 0.02032758854329586, 0.022623062133789062, 0.9747595191001892], "frame_6": [0.507594108581543, 0.4050971269607544, 0.04501134902238846, 0.0467790812253952, 0.48797720670700073, 0.4867391884326935, 0.02032758854329586, 0.022623062133789062, 0.99689781665802], "frame_7": [0.5076625943183899, 0.4051847755908966, 0.04511040449142456, 0.04693853482604027, 0.48797720670700073, 0.4867391884326935, 0.02032758854329586, 0.022623062133789062, 0.9719491600990295], "frame_8": [0.5076403021812439, 0.40517163276672363, 0.04515020549297333, 0.046931203454732895, 0.48797720670700073, 0.4867391884326935, 0.02032758854329586, 0.022623062133789062, 0.9812792539596558], "frame_9": [0.507668673992157, 0.40516772866249084, 0.045232392847537994, 0.04693633317947388, 0.48797720670700073, 0.4867391884326935, 0.02032758854329586, 0.022623062133789062, 0.7642492651939392], "frame_10": [0.5076799392700195, 0.40518712997436523, 0.04522878676652908, 0.04696473106741905, 0.48797720670700073, 0.4867391884326935, 0.02032758854329586, 0.022623062133789062, 0.5307062268257141], "frame_11": [0.5077371597290039, 0.40520504117012024, 0.0452432855963707, 0.04699151962995529, 0.48797720670700073, 0.4867391884326935, 0.02032758854329586, 0.022623062133789062, 0.3668093979358673], "frame_12": [0.5078054070472717, 0.40519893169403076, 0.04550132900476456, 0.04695193096995354, 0.48797720670700073, 0.4867391884326935, 0.02032758854329586, 0.022623062133789062, 0.29640287160873413], "frame_13": [0.5078135132789612, 0.4052002429962158, 0.04553735628724098, 0.046957481652498245, 0.48797720670700073, 0.4867391884326935, 0.02032758854329586, 0.022623062133789062, 0.22609341144561768], "frame_14": [0.5078058242797852, 0.40521079301834106, 0.04554405063390732, 0.04692717641592026, 0.21176131069660187, 0.5166904330253601, 0.029101604595780373, 0.031519316136837006, 0.24378079175949097], "frame_15": [0.5077893137931824, 0.4052160978317261, 0.045501116663217545, 0.046903058886528015, 0.20886217057704926, 0.5095950961112976, 0.02606266923248768, 0.030913373455405235, 0.20078960061073303], "frame_16": [0.5077773928642273, 0.4052109122276306, 0.045499589294195175, 0.046844229102134705, 0.20662790536880493, 0.5009192824363708, 0.02382000908255577, 0.02510596439242363, 0.24652479588985443], "frame_17": [0.5077904462814331, 0.4052574038505554, 0.04541129991412163, 0.04698028415441513, 0.20411089062690735, 0.4968115985393524, 0.02373947575688362, 0.024076461791992188, 0.29389017820358276], "frame_18": [0.507750391960144, 0.40523791313171387, 0.04536183550953865, 0.047035131603479385, 0.20158034563064575, 0.49524781107902527, 0.023982852697372437, 0.026157166808843613, 0.34829777479171753], "frame_19": [0.5077797174453735, 0.40522095561027527, 0.045432452112436295, 0.0470929890871048, 0.19926685094833374, 0.4936826825141907, 0.02366555482149124, 0.027219772338867188, 0.3395240604877472], "frame_20": [0.507774829864502, 0.40521764755249023, 0.045412443578243256, 0.047097355127334595, 0.19778800010681152, 0.4925137460231781, 0.024449793621897697, 0.02757704071700573, 0.31032872200012207], "frame_21": [0.5077877640724182, 0.40523627400398254, 0.04550895839929581, 0.04705217108130455, 0.19625599682331085, 0.4914994239807129, 0.02582191862165928, 0.028608109802007675, 0.30869168043136597], "frame_22": [0.5077942609786987, 0.4052332639694214, 0.04554405063390732, 0.04704805836081505, 0.19544309377670288, 0.49045926332473755, 0.02672591805458069, 0.029333028942346573, 0.3077733516693115], "frame_23": [0.5078397393226624, 0.4052509665489197, 0.0455474853515625, 0.04703559726476669, 0.19577382504940033, 0.4871208071708679, 0.027276165783405304, 0.029155561700463295, 0.3346059024333954], "frame_24": [0.5078730583190918, 0.40546727180480957, 0.045885466039180756, 0.04724511131644249, 0.1960456818342209, 0.4831047058105469, 0.027445686981081963, 0.028610143810510635, 0.32150572538375854], "frame_25": [0.5078860521316528, 0.4054758846759796, 0.04594048485159874, 0.04725456237792969, 0.19689063727855682, 0.47769689559936523, 0.0279349647462368, 0.0297393798828125, 0.34380224347114563], "frame_26": [0.5079032778739929, 0.405478835105896, 0.04598388820886612, 0.04726439714431763, 0.1982087939977646, 0.4706804156303406, 0.02793038636445999, 0.028663083910942078, 0.3951428234577179], "frame_27": [0.5078962445259094, 0.4054403603076935, 0.04578123986721039, 0.04728041589260101, 0.20082156360149384, 0.4613860249519348, 0.02840404585003853, 0.028045441955327988, 0.4286762773990631], "frame_28": [0.5078781247138977, 0.40545374155044556, 0.04576365277171135, 0.04727490618824959, 0.20383071899414062, 0.4493807554244995, 0.030297469347715378, 0.029969574883580208, 0.5233797430992126], "frame_29": [0.5078834891319275, 0.405486136674881, 0.045886315405368805, 0.047232989221811295, 0.21046532690525055, 0.4303455352783203, 0.025452274829149246, 0.028125254437327385, 0.6518935561180115], "frame_30": [0.5079014301300049, 0.40551409125328064, 0.04592335969209671, 0.04714690148830414, 0.21995379030704498, 0.4083653688430786, 0.026279639452695847, 0.028777863830327988, 0.7546437382698059], "frame_31": [0.507824182510376, 0.40548020601272583, 0.04601860046386719, 0.0472039133310318, 0.23065990209579468, 0.38837915658950806, 0.026132965460419655, 0.029118897393345833, 0.7712721824645996], "frame_32": [0.5078539252281189, 0.4054679870605469, 0.04600562900304794, 0.04722171276807785, 0.24148991703987122, 0.3679060637950897, 0.025698747485876083, 0.028071699663996696, 0.7848256230354309], "frame_33": [0.5078569054603577, 0.40545299649238586, 0.04609209671616554, 0.047275543212890625, 0.25183534622192383, 0.35162147879600525, 0.026289643719792366, 0.028771506622433662, 0.7459006309509277], "frame_34": [0.5078610181808472, 0.40539348125457764, 0.046007029712200165, 0.04721641540527344, 0.26043033599853516, 0.33475586771965027, 0.024625100195407867, 0.02806377410888672, 0.7302019000053406], "frame_35": [0.5078840255737305, 0.405441552400589, 0.04596197232604027, 0.04729872941970825, 0.27098554372787476, 0.3216947019100189, 0.02477550506591797, 0.03070172294974327, 0.7132350206375122], "frame_36": [0.5078131556510925, 0.4054659903049469, 0.04580404609441757, 0.04709777981042862, 0.2827802002429962, 0.3070968985557556, 0.02789851278066635, 0.028698157519102097, 0.7353273630142212], "frame_37": [0.507717490196228, 0.4054722189903259, 0.045805104076862335, 0.04706289619207382, 0.29238519072532654, 0.296085387468338, 0.027761608362197876, 0.028655709698796272, 0.7014120221138], "frame_38": [0.5077470541000366, 0.4054488241672516, 0.04589712247252464, 0.04712172597646713, 0.3025406301021576, 0.2861182689666748, 0.02555626817047596, 0.02752789482474327, 0.5980334877967834],