{"frame_0": [0.50761878490448, 0.40488603711128235, 0.045446015894412994, 0.04571113735437393, 0.4844457805156708, 0.4657653868198395, 0.020118925720453262, 0.02253485843539238, 0.8965961933135986], "frame_1": [0.5078842043876648, 0.404992938041687, 0.04618547111749649, 0.0455193854868412, 0.4844457805156708, 0.4657653868198395, 0.020118925720453262, 0.02253485843539238, 0.9255259037017822], "frame_2": [0.5080111026763916, 0.40496647357940674, 0.04629724472761154, 0.04568426311016083, 0.4844457805156708, 0.4657653868198395, 0.020118925720453262, 0.02253485843539238, 0.9354226589202881], "frame_3": [0.508145809173584, 0.4050552248954773, 0.046582795679569244, 0.045635223388671875, 0.4844457805156708, 0.4657653868198395, 0.020118925720453262, 0.02253485843539238, 0.9446337819099426], "frame_4": [0.5080685019493103, 0.4049985110759735, 0.046507857739925385, 0.04555083438754082, 0.4844457805156708, 0.4657653868198395, 0.020118925720453262, 0.02253485843539238, 0.935741126537323], "frame_5": [0.5080808997154236, 0.40502727031707764, 0.04650247469544411, 0.04540426284074783, 0.4844457805156708, 0.4657653868198395, 0.020118925720453262, 0.02253485843539238, 0.9638845920562744], "frame_6": [0.5078871250152588, 0.4050021767616272, 0.04607946425676346, 0.04538001865148544, 0.4844457805156708, 0.4657653868198395, 0.020118925720453262, 0.02253485843539238, 0.9388226866722107], "frame_7": [0.5078914761543274, 0.4049709439277649, 0.046000078320503235, 0.045618947595357895, 0.4844457805156708, 0.4657653868198395, 0.020118925720453262, 0.02253485843539238, 0.9354805946350098], "frame_8": [0.5077475905418396, 0.40486934781074524, 0.045775603502988815, 0.04562941566109657, 0.4844457805156708, 0.4657653868198395, 0.020118925720453262, 0.02253485843539238, 0.9257213473320007], "frame_9": [0.5073127150535583, 0.4048016369342804, 0.04518987983465195, 0.04591386765241623, 0.4844457805156708, 0.4657653868198395, 0.020118925720453262, 0.02253485843539238, 0.8720903396606445], "frame_10": [0.5072708129882812, 0.4049638509750366, 0.04513329267501831, 0.04610023647546768, 0.2051859349012375, 0.5621204972267151, 0.02075347863137722, 0.024123551324009895, 0.6817182302474976], "frame_11": [0.5073109269142151, 0.405029296875, 0.04504954069852829, 0.04599952697753906, 0.20404866337776184, 0.5522986650466919, 0.01922944374382496, 0.022466745227575302, 0.6362715363502502], "frame_12": [0.5074700117111206, 0.40475785732269287, 0.04511125385761261, 0.04609794542193413, 0.19983850419521332, 0.5430439710617065, 0.020954301580786705, 0.02534162811934948, 0.4214436411857605], "frame_13": [0.507459282875061, 0.40474802255630493, 0.045115068554878235, 0.04607514292001724, 0.1947169452905655, 0.5309907793998718, 0.025876786559820175, 0.024400796741247177, 0.28467538952827454], "frame_14": [0.5074067711830139, 0.40476658940315247, 0.04497506842017174, 0.04612456262111664, 0.1896117925643921, 0.5228443145751953, 0.026892228052020073, 0.02577192522585392, 0.4207105040550232], "frame_15": [0.5073317885398865, 0.4047357439994812, 0.04485435411334038, 0.04609599709510803, 0.1849944293498993, 0.5147729516029358, 0.02544570527970791, 0.027524778619408607, 0.4178831875324249], "frame_16": [0.5073094964027405, 0.40476274490356445, 0.044852446764707565, 0.04611494392156601, 0.17844927310943604, 0.5090135335922241, 0.02557992935180664, 0.027020813897252083, 0.34570419788360596], "frame_17": [0.5073288679122925, 0.4047325849533081, 0.044836342334747314, 0.04603559523820877, 0.1710471361875534, 0.5033178329467773, 0.025557518005371094, 0.026781676337122917, 0.4090234041213989], "frame_18": [0.5073559284210205, 0.4047675132751465, 0.044865503907203674, 0.04602555185556412, 0.16548709571361542, 0.49845170974731445, 0.02509789913892746, 0.02467634342610836, 0.37002578377723694], "frame_19": [0.5073364973068237, 0.4047515094280243, 0.044735126197338104, 0.04601410776376724, 0.15953712165355682, 0.4966490864753723, 0.023934215307235718, 0.02587280236184597, 0.29990431666374207], "frame_20": [0.5073190331459045, 0.40474581718444824, 0.04470117390155792, 0.04605293273925781, 0.15466228127479553, 0.4957508146762848, 0.025681274011731148, 0.026194000616669655, 0.5066271424293518], "frame_21": [0.5073578357696533, 0.40472930669784546, 0.04470587894320488, 0.04615618288516998, 0.14928485453128815, 0.49461737275123596, 0.02542142942547798, 0.027144834399223328, 0.3304734230041504], "frame_22": [0.5074048638343811, 0.4046887755393982, 0.044802092015743256, 0.045992661267519, 0.14555910229682922, 0.4932461977005005, 0.02442679926753044, 0.026713943108916283, 0.3585760295391083], "frame_23": [0.5075253248214722, 0.4047001302242279, 0.045343611389398575, 0.045846812427043915, 0.142038032412529, 0.4913092851638794, 0.024941200390458107, 0.027707459405064583, 0.35968610644340515], "frame_24": [0.5074965357780457, 0.4047493040561676, 0.04535425081849098, 0.04556083679199219, 0.13940295577049255, 0.48830440640449524, 0.024992847815155983, 0.027728483080863953, 0.3933178186416626], "frame_25": [0.5075470209121704, 0.4047648012638092, 0.045350391417741776, 0.04553269222378731, 0.1377517282962799, 0.48381203413009644, 0.02480378746986389, 0.02697736956179142, 0.6206958889961243], "frame_26": [0.507456362247467, 0.40471410751342773, 0.045316316187381744, 0.04554816335439682, 0.13695882260799408, 0.47782546281814575, 0.024039193987846375, 0.026557158678770065, 0.39491862058639526], "frame_27": [0.5075032114982605, 0.40465688705444336, 0.04539794847369194, 0.04548818618059158, 0.137300044298172, 0.4689905047416687, 0.024483606219291687, 0.028256775811314583, 0.3873607814311981], "frame_28": [0.5075271725654602, 0.4046372175216675, 0.04551124572753906, 0.045499589294195175, 0.1402001678943634, 0.4572046995162964, 0.025362322106957436, 0.028571108356118202, 0.4105231463909149], "frame_29": [0.5075410604476929, 0.4046556353569031, 0.04549310356378555, 0.04556244611740112, 0.14766709506511688, 0.4376651346683502, 0.024938466027379036, 0.0269758440554142, 0.7584401369094849], "frame_30": [0.5075175166130066, 0.40462160110473633, 0.04545766860246658, 0.04548204317688942, 0.16071948409080505, 0.41814711689949036, 0.025286229327321053, 0.027110502123832703, 0.8927568197250366], "frame_31": [0.5074982643127441, 0.4047190248966217, 0.045270539820194244, 0.04537391662597656, 0.17248065769672394, 0.3988463580608368, 0.02443523332476616, 0.02671423926949501, 0.9239796996116638], "frame_32": [0.5074364542961121, 0.4047233462333679, 0.045255281031131744, 0.04558495432138443, 0.1864905208349228, 0.3820004463195801, 0.02560848742723465, 0.02646874263882637, 0.8356027007102966], "frame_33": [0.5073245763778687, 0.40468770265579224, 0.044928573071956635, 0.04564683884382248, 0.19876620173454285, 0.36626824736595154, 0.024101892486214638, 0.025634044781327248, 0.8639504909515381], "frame_34": [0.5073739886283875, 0.40467873215675354, 0.04503173753619194, 0.045668285340070724, 0.21150825917720795, 0.35154712200164795, 0.022020911797881126, 0.026814885437488556, 0.8420352339744568], "frame_35": [0.5073404312133789, 0.4046521484851837, 0.04498748853802681, 0.04568587243556976, 0.22453665733337402, 0.33689194917678833, 0.022868771106004715, 0.02494591660797596, 0.8524541258811951], "frame_36": [0.5077681541442871, 0.40438592433929443, 0.046025849878787994, 0.045319195836782455, 0.2357988953590393, 0.324177086353302, 0.024156952276825905, 0.024819670245051384, 0.7959715127944946], "frame_37": [0.5077348351478577, 0.40439796447753906, 0.04604377597570419, 0.04530487209558487, 0.24983610212802887, 0.31424540281295776, 0.02367144636809826, 0.023952949792146683, 0.7415395379066467], "frame_38": [0.5078002214431763, 0.4044649004936218, 0.04621056467294693, 0.04539621248841286, 0.26137256622314453, 0.3038083016872406, 0.023981180042028427, 0.02522716484963894, 0.7265290021896362],