{"frame_0": [0.6308119893074036, 0.39495280385017395, 0.05065668001770973, 0.05014483258128166, 0.3810427486896515, 0.5878440141677856, 0.026259910315275192, 0.026272963732481003, 0.7490469217300415], "frame_1": [0.6305857300758362, 0.3947259187698364, 0.04949675500392914, 0.04892052710056305, 0.38135430216789246, 0.5858790278434753, 0.026952361688017845, 0.027411650866270065, 0.7271489500999451], "frame_2": [0.6305859684944153, 0.39482879638671875, 0.04947708919644356, 0.04890903830528259, 0.38106679916381836, 0.5841449499130249, 0.027074644342064857, 0.0285017229616642, 0.7157782316207886], "frame_3": [0.6306034922599792, 0.3948605954647064, 0.04947204515337944, 0.048909083008766174, 0.3809627592563629, 0.5843966007232666, 0.026861825957894325, 0.028217867016792297, 0.7120447158813477], "frame_4": [0.6305803060531616, 0.39484626054763794, 0.04941003769636154, 0.04890259727835655, 0.3810427486896515, 0.5844885110855103, 0.02731628343462944, 0.028924178332090378, 0.7255905270576477], "frame_5": [0.6305947303771973, 0.3948098123073578, 0.0494564063847065, 0.0488036684691906, 0.3810427486896515, 0.5844885110855103, 0.02731628343462944, 0.028924178332090378, 0.7451499700546265], "frame_6": [0.6305625438690186, 0.3947978615760803, 0.049390241503715515, 0.04881439357995987, 0.3810427486896515, 0.5844885110855103, 0.02731628343462944, 0.028924178332090378, 0.750186026096344], "frame_7": [0.6305718421936035, 0.3948175311088562, 0.04942033439874649, 0.04879875108599663, 0.3810427486896515, 0.5844885110855103, 0.02731628343462944, 0.028924178332090378, 0.7525267004966736], "frame_8": [0.6305574774742126, 0.39482107758522034, 0.0493459478020668, 0.048815153539180756, 0.3810427486896515, 0.5844885110855103, 0.02731628343462944, 0.028924178332090378, 0.7575079202651978], "frame_9": [0.6304232478141785, 0.3947998881340027, 0.0490579828619957, 0.04881104454398155, 0.3810427486896515, 0.5844885110855103, 0.02731628343462944, 0.028924178332090378, 0.765138566493988], "frame_10": [0.6304080486297607, 0.3948012590408325, 0.04903076961636543, 0.04880934953689575, 0.3810427486896515, 0.5844885110855103, 0.02731628343462944, 0.028924178332090378, 0.7874166965484619], "frame_11": [0.630425751209259, 0.39480769634246826, 0.04906044155359268, 0.04881485924124718, 0.3810427486896515, 0.5844885110855103, 0.02731628343462944, 0.028924178332090378, 0.7980175614356995], "frame_12": [0.6305103302001953, 0.39481380581855774, 0.04929334670305252, 0.04877204820513725, 0.3810427486896515, 0.5844885110855103, 0.02731628343462944, 0.028924178332090378, 0.8051298260688782], "frame_13": [0.6305096745491028, 0.39480945467948914, 0.04930267482995987, 0.0487714558839798, 0.3810427486896515, 0.5844885110855103, 0.02731628343462944, 0.028924178332090378, 0.8150470852851868], "frame_14": [0.6305055618286133, 0.3948407769203186, 0.04939901456236839, 0.048791926354169846, 0.3810427486896515, 0.5844885110855103, 0.02731628343462944, 0.028924178332090378, 0.8053072094917297], "frame_15": [0.6305075883865356, 0.39486727118492126, 0.04942648112773895, 0.04876984655857086, 0.3810427486896515, 0.5844885110855103, 0.02731628343462944, 0.028924178332090378, 0.7879922389984131], "frame_16": [0.6304813623428345, 0.39488905668258667, 0.04938964918255806, 0.04876318946480751, 0.37362900376319885, 0.582485020160675, 0.021816635504364967, 0.026945792138576508, 0.7636699080467224], "frame_17": [0.6305580735206604, 0.39491626620292664, 0.04958513006567955, 0.04875009506940842, 0.37362900376319885, 0.582485020160675, 0.021816635504364967, 0.026945792138576508, 0.6695838570594788], "frame_18": [0.6305640935897827, 0.3949236571788788, 0.0495758056640625, 0.04875543341040611, 0.37362900376319885, 0.582485020160675, 0.021816635504364967, 0.026945792138576508, 0.6338126063346863], "frame_19": [0.6305983662605286, 0.39492106437683105, 0.04954490810632706, 0.048752423375844955, 0.37362900376319885, 0.582485020160675, 0.021816635504364967, 0.026945792138576508, 0.5153201222419739], "frame_20": [0.6306538581848145, 0.39492517709732056, 0.049629975110292435, 0.04878824204206467, 0.37362900376319885, 0.582485020160675, 0.021816635504364967, 0.026945792138576508, 0.5181877017021179], "frame_21": [0.6306608319282532, 0.3949219584465027, 0.04966222867369652, 0.04877251386642456, 0.37362900376319885, 0.582485020160675, 0.021816635504364967, 0.026945792138576508, 0.4724925458431244], "frame_22": [0.6306013464927673, 0.39501309394836426, 0.04955901950597763, 0.04877031221985817, 0.37362900376319885, 0.582485020160675, 0.021816635504364967, 0.026945792138576508, 0.4739333391189575], "frame_23": [0.6305809617042542, 0.39500394463539124, 0.0494510643184185, 0.04883643239736557, 0.37362900376319885, 0.582485020160675, 0.021816635504364967, 0.026945792138576508, 0.5448993444442749], "frame_24": [0.6307780742645264, 0.3949625790119171, 0.04984245449304581, 0.04900512844324112, 0.3658313751220703, 0.5079977512359619, 0.024150848388671875, 0.025278685614466667, 0.5756676197052002], "frame_25": [0.6307259202003479, 0.3950660824775696, 0.04988878220319748, 0.049069128930568695, 0.36249440908432007, 0.5038093328475952, 0.024334462359547615, 0.026348961517214775, 0.6158630847930908], "frame_26": [0.630785346031189, 0.3949955701828003, 0.049691177904605865, 0.049030642956495285, 0.35889241099357605, 0.5008580684661865, 0.024336518719792366, 0.026932906359434128, 0.6048585772514343], "frame_27": [0.6307411193847656, 0.39497244358062744, 0.04957936704158783, 0.04896104708313942, 0.35632362961769104, 0.4990712106227875, 0.024343786761164665, 0.02617780864238739, 0.5989192724227905], "frame_28": [0.6307685971260071, 0.39492619037628174, 0.04967536777257919, 0.04888882115483284, 0.35535839200019836, 0.49728453159332275, 0.024132728576660156, 0.027567079290747643, 0.591666042804718], "frame_29": [0.6307477951049805, 0.3948933482170105, 0.04957161098718643, 0.04884575679898262, 0.35505735874176025, 0.4948265552520752, 0.02375132218003273, 0.026004960760474205, 0.565653920173645], "frame_30": [0.6307522654533386, 0.3948902189731598, 0.049587249755859375, 0.048851266503334045, 0.3543339669704437, 0.4921136498451233, 0.024174245074391365, 0.026734372600913048, 0.5507678389549255], "frame_31": [0.6307390928268433, 0.3948989808559418, 0.04955118149518967, 0.04885881394147873, 0.3553619682788849, 0.48717200756073, 0.024458589032292366, 0.0270529855042696, 0.49309271574020386], "frame_32": [0.6305086016654968, 0.3948060870170593, 0.04901017248630524, 0.04894235357642174, 0.3557569682598114, 0.4805428385734558, 0.026398170739412308, 0.02723456546664238, 0.44470885396003723], "frame_33": [0.6305045485496521, 0.3948442339897156, 0.04897100478410721, 0.04900465905666351, 0.35828930139541626, 0.4717681109905243, 0.02710876427590847, 0.027713775634765625, 0.4703797399997711], "frame_34": [0.6304888129234314, 0.3948498070240021, 0.0489393025636673, 0.048959944397211075, 0.3613850176334381, 0.4609803855419159, 0.02471129037439823, 0.028040865436196327, 0.36219102144241333], "frame_35": [0.6304989457130432, 0.39486804604530334, 0.048964690417051315, 0.04893947020173073, 0.36491215229034424, 0.4492952227592468, 0.02415667660534382, 0.028930282220244408, 0.34259966015815735], "frame_36": [0.6305670738220215, 0.39494967460632324, 0.04942300543189049, 0.048839740455150604, 0.37028852105140686, 0.4332701861858368, 0.027804438024759293, 0.028017807751893997, 0.6798851490020752], "frame_37": [0.6306127309799194, 0.39497092366218567, 0.04959259182214737, 0.048845164477825165, 0.380536824464798, 0.41380369663238525, 0.025506803765892982, 0.027959059923887253, 0.8165463209152222], "frame_38": [0.6305631995201111, 0.3949567973613739, 0.04941681772470474, 0.04885949194431305, 0.39065229892730713, 0.3956121802330017, 0.030732430517673492, 0.030432511121034622, 0.8117002248764038],