{"frame_0": [0.6294258236885071, 0.3976549804210663, 0.05041063204407692, 0.04809388145804405, 0.6356476545333862, 0.4539564251899719, 0.019032372161746025, 0.023615647107362747, 0.7000317573547363], "frame_1": [0.6292881369590759, 0.3974592387676239, 0.05015449598431587, 0.04810744524002075, 0.6356476545333862, 0.4539564251899719, 0.019032372161746025, 0.023615647107362747, 0.705763578414917], "frame_2": [0.6294616460800171, 0.3974461853504181, 0.050325267016887665, 0.04809845983982086, 0.6356476545333862, 0.4539564251899719, 0.019032372161746025, 0.023615647107362747, 0.6882531642913818], "frame_3": [0.6293702721595764, 0.39746466279029846, 0.05021841078996658, 0.048095703125, 0.6356476545333862, 0.4539564251899719, 0.019032372161746025, 0.023615647107362747, 0.7417475581169128], "frame_4": [0.629321277141571, 0.3975253999233246, 0.05018395185470581, 0.04822031781077385, 0.6356476545333862, 0.4539564251899719, 0.019032372161746025, 0.023615647107362747, 0.7532206177711487], "frame_5": [0.6293101906776428, 0.39753374457359314, 0.050146400928497314, 0.04821052402257919, 0.6356476545333862, 0.4539564251899719, 0.019032372161746025, 0.023615647107362747, 0.7727190852165222], "frame_6": [0.6293239593505859, 0.3975220024585724, 0.050093673169612885, 0.048228368163108826, 0.6356476545333862, 0.4539564251899719, 0.019032372161746025, 0.023615647107362747, 0.8276770710945129], "frame_7": [0.6293267011642456, 0.3975026309490204, 0.0500844307243824, 0.04823103919625282, 0.6356476545333862, 0.4539564251899719, 0.019032372161746025, 0.023615647107362747, 0.8368924260139465], "frame_8": [0.6293325424194336, 0.39749419689178467, 0.05004827678203583, 0.04824066162109375, 0.6356476545333862, 0.4539564251899719, 0.019032372161746025, 0.023615647107362747, 0.8505675792694092], "frame_9": [0.6293323040008545, 0.3974938988685608, 0.05007658898830414, 0.04826604947447777, 0.6356476545333862, 0.4539564251899719, 0.019032372161746025, 0.023615647107362747, 0.8368251323699951], "frame_10": [0.6293691992759705, 0.39752811193466187, 0.05015500262379646, 0.048224639147520065, 0.6356476545333862, 0.4539564251899719, 0.019032372161746025, 0.023615647107362747, 0.8493866324424744], "frame_11": [0.6293821334838867, 0.3975142538547516, 0.05013745650649071, 0.04821713641285896, 0.6356476545333862, 0.4539564251899719, 0.019032372161746025, 0.023615647107362747, 0.9094021916389465], "frame_12": [0.6293760538101196, 0.3976944386959076, 0.04925015941262245, 0.04855940118432045, 0.6356476545333862, 0.4539564251899719, 0.019032372161746025, 0.023615647107362747, 0.8923390507698059], "frame_13": [0.6293779015541077, 0.3976907432079315, 0.04926278814673424, 0.04855766147375107, 0.6356476545333862, 0.4539564251899719, 0.019032372161746025, 0.023615647107362747, 0.9079611897468567], "frame_14": [0.6293810606002808, 0.3977024555206299, 0.04927228391170502, 0.04854295402765274, 0.6356476545333862, 0.4539564251899719, 0.019032372161746025, 0.023615647107362747, 0.8862634301185608], "frame_15": [0.6294366717338562, 0.39770591259002686, 0.04940079525113106, 0.048603907227516174, 0.33002200722694397, 0.5917639136314392, 0.022841602563858032, 0.028616968542337418, 0.8358079195022583], "frame_16": [0.6294217705726624, 0.39769914746284485, 0.04940253496170044, 0.04862649738788605, 0.33002200722694397, 0.5917639136314392, 0.022841602563858032, 0.028616968542337418, 0.8019489645957947], "frame_17": [0.6294318437576294, 0.3976903259754181, 0.04944173991680145, 0.04862433671951294, 0.33002200722694397, 0.5917639136314392, 0.022841602563858032, 0.028616968542337418, 0.6677566170692444], "frame_18": [0.6294395327568054, 0.39768871665000916, 0.04946289211511612, 0.0486222580075264, 0.33002200722694397, 0.5917639136314392, 0.022841602563858032, 0.028616968542337418, 0.4747050404548645], "frame_19": [0.6294329166412354, 0.3977108895778656, 0.04949302598834038, 0.04863908514380455, 0.33002200722694397, 0.5917639136314392, 0.022841602563858032, 0.028616968542337418, 0.4375391900539398], "frame_20": [0.6294405460357666, 0.39771804213523865, 0.049526214599609375, 0.04867621511220932, 0.33002200722694397, 0.5917639136314392, 0.022841602563858032, 0.028616968542337418, 0.32138746976852417], "frame_21": [0.6294556856155396, 0.3977023959159851, 0.049563512206077576, 0.04862993210554123, 0.33002200722694397, 0.5917639136314392, 0.022841602563858032, 0.028616968542337418, 0.416089802980423], "frame_22": [0.6294386386871338, 0.39769551157951355, 0.04960772022604942, 0.04860920459032059, 0.33002200722694397, 0.5917639136314392, 0.022841602563858032, 0.028616968542337418, 0.4288240671157837], "frame_23": [0.6294411420822144, 0.39768683910369873, 0.0496283620595932, 0.04860801622271538, 0.31395527720451355, 0.513027012348175, 0.02686634100973606, 0.03251770883798599, 0.4711885154247284], "frame_24": [0.6295261979103088, 0.3976376950740814, 0.049581315368413925, 0.04823180288076401, 0.31395527720451355, 0.513027012348175, 0.02686634100973606, 0.03251770883798599, 0.48022034764289856], "frame_25": [0.6295220851898193, 0.39764267206192017, 0.049571990966796875, 0.04823765158653259, 0.31395527720451355, 0.513027012348175, 0.02686634100973606, 0.03251770883798599, 0.5757647156715393], "frame_26": [0.6295134425163269, 0.39764997363090515, 0.04954320937395096, 0.048245493322610855, 0.30675163865089417, 0.5004870295524597, 0.023516930639743805, 0.02726067416369915, 0.5667426586151123], "frame_27": [0.6295128464698792, 0.3976442217826843, 0.04960004985332489, 0.04829088971018791, 0.3055156171321869, 0.4990224242210388, 0.023238563910126686, 0.026703262701630592, 0.5486716628074646], "frame_28": [0.6295120120048523, 0.3976759910583496, 0.04960670322179794, 0.04832911863923073, 0.3055156171321869, 0.4990224242210388, 0.023238563910126686, 0.026703262701630592, 0.5483103394508362], "frame_29": [0.629514753818512, 0.3977127969264984, 0.04962005466222763, 0.04846560209989548, 0.30482250452041626, 0.4953564405441284, 0.02330387942492962, 0.027334000915288925, 0.5313549637794495], "frame_30": [0.6295163035392761, 0.39770907163619995, 0.049605391919612885, 0.04846839979290962, 0.3054812252521515, 0.4930885434150696, 0.023998642340302467, 0.02726423554122448, 0.4498518109321594], "frame_31": [0.6293997168540955, 0.39771440625190735, 0.04971826449036598, 0.04852142184972763, 0.3075563907623291, 0.4880802631378174, 0.02477959543466568, 0.02849494107067585, 0.3994654417037964], "frame_32": [0.6293861269950867, 0.39768898487091064, 0.04951494187116623, 0.04849281162023544, 0.3097265660762787, 0.4796399474143982, 0.02352379634976387, 0.027760017663240433, 0.48731452226638794], "frame_33": [0.6292667984962463, 0.397750586271286, 0.049655742943286896, 0.04868999123573303, 0.3139021396636963, 0.46969887614250183, 0.024341117590665817, 0.029267121106386185, 0.4857012927532196], "frame_34": [0.6292075514793396, 0.3977486491203308, 0.04972534254193306, 0.04873674362897873, 0.3179931640625, 0.45799076557159424, 0.02507391944527626, 0.029175356030464172, 0.4359465539455414], "frame_35": [0.6292858719825745, 0.3977815508842468, 0.049898527562618256, 0.048739369958639145, 0.32495641708374023, 0.4415578246116638, 0.026287227869033813, 0.02950286865234375, 0.6292008757591248], "frame_36": [0.6292866468429565, 0.3978174924850464, 0.049994830042123795, 0.0488782674074173, 0.3347955346107483, 0.4214151203632355, 0.023663710802793503, 0.029306411743164062, 0.7740962505340576], "frame_37": [0.6292968988418579, 0.3978371024131775, 0.05003547668457031, 0.048951976001262665, 0.3476509153842926, 0.4001615345478058, 0.025607215240597725, 0.028493499383330345, 0.8735324144363403], "frame_38": [0.6293098330497742, 0.39782384037971497, 0.05000440776348114, 0.04893913120031357, 0.3605167865753174, 0.38219723105430603, 0.02486487478017807, 0.029337523505091667, 0.8597959876060486],