{"frame_0": [0.6304977536201477, 0.3948318362236023, 0.05007896572351456, 0.04988958686590195, 0.6308373212814331, 0.390644371509552, 0.04361114650964737, 0.0407324880361557, 0.0], "frame_1": [0.6307507753372192, 0.3948363959789276, 0.04946089908480644, 0.048982154577970505, 0.6308373212814331, 0.390644371509552, 0.04361114650964737, 0.0407324880361557, 0.0], "frame_2": [0.6307826638221741, 0.39491164684295654, 0.04956398159265518, 0.049119651317596436, 0.6308373212814331, 0.390644371509552, 0.04361114650964737, 0.0407324880361557, 0.4136848449707031], "frame_3": [0.6308135986328125, 0.3949907124042511, 0.04955580085515976, 0.04918073117733002, 0.6308373212814331, 0.390644371509552, 0.04361114650964737, 0.0407324880361557, 0.0], "frame_4": [0.6307949423789978, 0.39499783515930176, 0.04958343505859375, 0.049121856689453125, 0.6308373212814331, 0.390644371509552, 0.04361114650964737, 0.0407324880361557, 0.0], "frame_5": [0.6307994723320007, 0.39489132165908813, 0.049561478197574615, 0.04890814796090126, 0.6308373212814331, 0.390644371509552, 0.04361114650964737, 0.0407324880361557, 0.5299383997917175], "frame_6": [0.6308520436286926, 0.39486783742904663, 0.049652099609375, 0.04887932538986206, 0.6308373212814331, 0.390644371509552, 0.04361114650964737, 0.0407324880361557, 0.5462631583213806], "frame_7": [0.6308625340461731, 0.39485546946525574, 0.04968855157494545, 0.04884558916091919, 0.6308373212814331, 0.390644371509552, 0.04361114650964737, 0.0407324880361557, 0.0], "frame_8": [0.6308638453483582, 0.39486393332481384, 0.049686431884765625, 0.04887000098824501, 0.6308373212814331, 0.390644371509552, 0.04361114650964737, 0.0407324880361557, 0.0], "frame_9": [0.6308573484420776, 0.3948606848716736, 0.04965561628341675, 0.04887402802705765, 0.6308373212814331, 0.390644371509552, 0.04361114650964737, 0.0407324880361557, 0.0], "frame_10": [0.6308497786521912, 0.3948425352573395, 0.04963361844420433, 0.04884834215044975, 0.6308373212814331, 0.390644371509552, 0.04361114650964737, 0.0407324880361557, 0.23918120563030243], "frame_11": [0.630796492099762, 0.39482638239860535, 0.04958699643611908, 0.048854317516088486, 0.6308373212814331, 0.390644371509552, 0.04361114650964737, 0.0407324880361557, 0.2418222278356552], "frame_12": [0.6310170292854309, 0.39489948749542236, 0.049739837646484375, 0.04873742163181305, 0.6308373212814331, 0.390644371509552, 0.04361114650964737, 0.0407324880361557, 0.24443885684013367], "frame_13": [0.6310193538665771, 0.39490219950675964, 0.04974716901779175, 0.04873551428318024, 0.6308373212814331, 0.390644371509552, 0.04361114650964737, 0.0407324880361557, 0.3496999144554138], "frame_14": [0.6310358643531799, 0.3949088752269745, 0.04978201165795326, 0.04872148483991623, 0.6308373212814331, 0.390644371509552, 0.04361114650964737, 0.0407324880361557, 0.3505862057209015], "frame_15": [0.6310542225837708, 0.39490529894828796, 0.04978332668542862, 0.048745810985565186, 0.6308373212814331, 0.390644371509552, 0.04361114650964737, 0.0407324880361557, 0.2817308008670807], "frame_16": [0.6310604810714722, 0.3948996663093567, 0.04976484552025795, 0.04873865097761154, 0.6308373212814331, 0.390644371509552, 0.04361114650964737, 0.0407324880361557, 0.3323628008365631], "frame_17": [0.6310598850250244, 0.39488551020622253, 0.04978285729885101, 0.048732928931713104, 0.6308373212814331, 0.390644371509552, 0.04361114650964737, 0.0407324880361557, 0.0], "frame_18": [0.6310005784034729, 0.3948884606361389, 0.049799345433712006, 0.04881269484758377, 0.6308373212814331, 0.390644371509552, 0.04361114650964737, 0.0407324880361557, 0.4288528561592102], "frame_19": [0.6309678554534912, 0.3948785066604614, 0.04976997524499893, 0.048770055174827576, 0.6308373212814331, 0.390644371509552, 0.04361114650964737, 0.0407324880361557, 0.5049121379852295], "frame_20": [0.6309093236923218, 0.39488062262535095, 0.04969901964068413, 0.048830244690179825, 0.6308373212814331, 0.390644371509552, 0.04361114650964737, 0.0407324880361557, 0.0], "frame_21": [0.6309112310409546, 0.3948858380317688, 0.04970381036400795, 0.04874153062701225, 0.6308373212814331, 0.390644371509552, 0.04361114650964737, 0.0407324880361557, 0.0], "frame_22": [0.630945086479187, 0.3949146568775177, 0.04978616535663605, 0.048726655542850494, 0.6308373212814331, 0.390644371509552, 0.04361114650964737, 0.0407324880361557, 0.8472568392753601], "frame_23": [0.6310417652130127, 0.39485788345336914, 0.050016701221466064, 0.04868787154555321, 0.6308373212814331, 0.390644371509552, 0.04361114650964737, 0.0407324880361557, 0.861245334148407], "frame_24": [0.6308435797691345, 0.39490652084350586, 0.04936426132917404, 0.04833797737956047, 0.6308373212814331, 0.390644371509552, 0.04361114650964737, 0.0407324880361557, 0.591996431350708], "frame_25": [0.6308283805847168, 0.3949255645275116, 0.04932183027267456, 0.048352304846048355, 0.6308373212814331, 0.390644371509552, 0.04361114650964737, 0.0407324880361557, 0.5090950727462769], "frame_26": [0.6308272480964661, 0.39492323994636536, 0.049291230738162994, 0.04837659373879433, 0.6308373212814331, 0.390644371509552, 0.04361114650964737, 0.0407324880361557, 0.7913661003112793], "frame_27": [0.6307998895645142, 0.3948766589164734, 0.04930436983704567, 0.04828152060508728, 0.6308373212814331, 0.390644371509552, 0.04361114650964737, 0.0407324880361557, 0.7954529523849487], "frame_28": [0.6308249831199646, 0.39488357305526733, 0.0493512898683548, 0.04834336042404175, 0.6308373212814331, 0.390644371509552, 0.04361114650964737, 0.0407324880361557, 0.7708512544631958], "frame_29": [0.6308304071426392, 0.3948820233345032, 0.049365997314453125, 0.04835116118192673, 0.769227147102356, 0.4865211546421051, 0.02766384556889534, 0.03186988830566406, 0.78569495677948], "frame_30": [0.6308258771896362, 0.3948708772659302, 0.049389056861400604, 0.04833289235830307, 0.7693037390708923, 0.4837784767150879, 0.030443573370575905, 0.03211335092782974, 0.8016552925109863], "frame_31": [0.6308866739273071, 0.39488640427589417, 0.049435805529356, 0.04834815114736557, 0.7693469524383545, 0.4787963032722473, 0.030614471063017845, 0.03367288410663605, 0.8373644948005676], "frame_32": [0.6308785080909729, 0.3948677182197571, 0.049426861107349396, 0.04835794121026993, 0.7693579792976379, 0.46984559297561646, 0.03095720149576664, 0.033806100487709045, 0.80671626329422], "frame_33": [0.630824625492096, 0.394883394241333, 0.04925346374511719, 0.04836781695485115, 0.769184947013855, 0.4594687521457672, 0.02791459858417511, 0.03291112929582596, 0.6620651483535767], "frame_34": [0.6309057474136353, 0.3948502838611603, 0.04947378486394882, 0.048304833471775055, 0.7676596641540527, 0.4449152648448944, 0.028254615142941475, 0.03236410394310951, 0.5594870448112488], "frame_35": [0.6308826208114624, 0.3948494791984558, 0.04941253736615181, 0.048169709742069244, 0.7660120725631714, 0.4213499426841736, 0.028953127562999725, 0.029777992516756058, 0.7401951551437378], "frame_36": [0.6308004856109619, 0.39492595195770264, 0.04950837045907974, 0.0483272559940815, 0.7632526159286499, 0.3997645080089569, 0.024169921875, 0.030763795599341393, 0.7825930714607239], "frame_37": [0.6307764053344727, 0.3949122428894043, 0.04947225749492645, 0.04828711599111557, 0.7632526159286499, 0.3997645080089569, 0.024169921875, 0.030763795599341393, 0.8024911284446716], "frame_38": [0.6307958960533142, 0.39491280913352966, 0.04951057583093643, 0.04827355220913887, 0.7632526159286499, 0.3997645080089569, 0.024169921875, 0.030763795599341393, 0.7764241695404053], "frame_39": [0.6309137344360352, 0.39487093687057495, 0.04970300570130348, 0.04826164245605469, 0.7467446327209473, 0.3443654477596283, 0.02516496367752552, 0.02922806143760681, 0.7791498303413391], "frame_40": [0.6308435201644897, 0.3948621153831482, 0.04958441108465195, 0.048215102404356, 0.7467446327209473, 0.3443654477596283, 0.02516496367752552, 0.02922806143760681, 0.8512048125267029],