{"frame_0": [0.6300080418586731, 0.39813104271888733, 0.05177289992570877, 0.04893667250871658, 0.2658376395702362, 0.5709465146064758, 0.021734237670898438, 0.024938371032476425, 0.7098085880279541], "frame_1": [0.6299471259117126, 0.39811214804649353, 0.05074560269713402, 0.04886411130428314, 0.2722039222717285, 0.5705727338790894, 0.020814746618270874, 0.023517990484833717, 0.7369067668914795], "frame_2": [0.6300466060638428, 0.3981456458568573, 0.05108214542269707, 0.04879205673933029, 0.2722039222717285, 0.5705727338790894, 0.020814746618270874, 0.023517990484833717, 0.7250732183456421], "frame_3": [0.6300026178359985, 0.39809611439704895, 0.0509626604616642, 0.048698510974645615, 0.2824581563472748, 0.5737704634666443, 0.019715415313839912, 0.020570458844304085, 0.7221931219100952], "frame_4": [0.6299358606338501, 0.39809077978134155, 0.050852373242378235, 0.04870219901204109, 0.2824581563472748, 0.5737704634666443, 0.019715415313839912, 0.020570458844304085, 0.7222145199775696], "frame_5": [0.6299190521240234, 0.3981378376483917, 0.050659433007240295, 0.04870719835162163, 0.2824581563472748, 0.5737704634666443, 0.019715415313839912, 0.020570458844304085, 0.7532941699028015], "frame_6": [0.6298827528953552, 0.3980976641178131, 0.05072242021560669, 0.04873212054371834, 0.29439666867256165, 0.5771300196647644, 0.019963793456554413, 0.021689394488930702, 0.7237977385520935], "frame_7": [0.6298470497131348, 0.3981364071369171, 0.05072479322552681, 0.04876289516687393, 0.29439666867256165, 0.5771300196647644, 0.019963793456554413, 0.021689394488930702, 0.7703141570091248], "frame_8": [0.6298084855079651, 0.39816856384277344, 0.050777606666088104, 0.048798877745866776, 0.29439666867256165, 0.5771300196647644, 0.019963793456554413, 0.021689394488930702, 0.802152693271637], "frame_9": [0.6298401951789856, 0.3980514407157898, 0.050864581018686295, 0.04862501472234726, 0.29755493998527527, 0.5824103355407715, 0.020574187859892845, 0.023675154894590378, 0.793300449848175], "frame_10": [0.6298309564590454, 0.39801374077796936, 0.05085640028119087, 0.04859869182109833, 0.2975446581840515, 0.5825505256652832, 0.01990608684718609, 0.023186663165688515, 0.7933487892150879], "frame_11": [0.6298195123672485, 0.3980449140071869, 0.05085822194814682, 0.04863293841481209, 0.29871484637260437, 0.5817335247993469, 0.019209671765565872, 0.023644044995307922, 0.8160127401351929], "frame_12": [0.6298936605453491, 0.3980388343334198, 0.05011702701449394, 0.04887580871582031, 0.30077415704727173, 0.5801036357879639, 0.01922626420855522, 0.023597335442900658, 0.7935011386871338], "frame_13": [0.6298930048942566, 0.3980356454849243, 0.05013525113463402, 0.048874832689762115, 0.3035903871059418, 0.5771293044090271, 0.02008599229156971, 0.02282257005572319, 0.786049485206604], "frame_14": [0.6299092769622803, 0.3980405926704407, 0.05015258863568306, 0.0488814041018486, 0.3067738711833954, 0.5731074213981628, 0.019331635907292366, 0.02054511196911335, 0.7513105869293213], "frame_15": [0.6298919916152954, 0.3980565369129181, 0.05012885108590126, 0.04889369383454323, 0.3112996816635132, 0.5686846971511841, 0.01990337297320366, 0.019905854016542435, 0.7424273490905762], "frame_16": [0.6298787593841553, 0.39807239174842834, 0.050125885754823685, 0.04885978624224663, 0.3151477873325348, 0.5598109364509583, 0.02268352545797825, 0.022906579077243805, 0.7096251845359802], "frame_17": [0.629707932472229, 0.3981108069419861, 0.04978582635521889, 0.04890479892492294, 0.3192220628261566, 0.5515495538711548, 0.019651327282190323, 0.02278578095138073, 0.687565267086029], "frame_18": [0.6296400427818298, 0.39808526635169983, 0.04985296353697777, 0.049030303955078125, 0.31829318404197693, 0.5423475503921509, 0.021092647686600685, 0.022813796997070312, 0.561972439289093], "frame_19": [0.6296685934066772, 0.39805474877357483, 0.049718476831912994, 0.04908061400055885, 0.31829318404197693, 0.5423475503921509, 0.021092647686600685, 0.022813796997070312, 0.4880576431751251], "frame_20": [0.6297754645347595, 0.3980078101158142, 0.04982185363769531, 0.04897787421941757, 0.31829318404197693, 0.5423475503921509, 0.021092647686600685, 0.022813796997070312, 0.45940279960632324], "frame_21": [0.6297739744186401, 0.39804941415786743, 0.04990959167480469, 0.04893205314874649, 0.31829318404197693, 0.5423475503921509, 0.021092647686600685, 0.022813796997070312, 0.44958552718162537], "frame_22": [0.6297814846038818, 0.39803993701934814, 0.049968719482421875, 0.04902297258377075, 0.31829318404197693, 0.5423475503921509, 0.021092647686600685, 0.022813796997070312, 0.444705069065094], "frame_23": [0.6298393607139587, 0.39808833599090576, 0.049987200647592545, 0.0490037277340889, 0.302784264087677, 0.5077659487724304, 0.02215285785496235, 0.021603986620903015, 0.4168538451194763], "frame_24": [0.6296426653862, 0.3980158865451813, 0.05006387457251549, 0.04911499097943306, 0.29884204268455505, 0.5060631632804871, 0.023239050060510635, 0.023231124505400658, 0.4090508222579956], "frame_25": [0.6296453475952148, 0.39802172780036926, 0.05008328706026077, 0.04911905899643898, 0.29884204268455505, 0.5060631632804871, 0.023239050060510635, 0.023231124505400658, 0.4103005528450012], "frame_26": [0.6295983195304871, 0.39802077412605286, 0.04999101534485817, 0.04915656894445419, 0.29884204268455505, 0.5060631632804871, 0.023239050060510635, 0.023231124505400658, 0.4172918498516083], "frame_27": [0.6296235918998718, 0.39797794818878174, 0.04998970031738281, 0.04913520812988281, 0.29884204268455505, 0.5060631632804871, 0.023239050060510635, 0.023231124505400658, 0.5816365480422974], "frame_28": [0.6296374201774597, 0.3979407846927643, 0.04997537285089493, 0.04907684400677681, 0.29884204268455505, 0.5060631632804871, 0.023239050060510635, 0.023231124505400658, 0.5739262700080872], "frame_29": [0.6296406388282776, 0.39794307947158813, 0.04996778815984726, 0.049108125269412994, 0.29884204268455505, 0.5060631632804871, 0.023239050060510635, 0.023231124505400658, 0.6797674894332886], "frame_30": [0.6296519041061401, 0.39791807532310486, 0.0499311238527298, 0.049049463123083115, 0.29884204268455505, 0.5060631632804871, 0.023239050060510635, 0.023231124505400658, 0.7163732051849365], "frame_31": [0.6296268105506897, 0.3979146182537079, 0.04990433529019356, 0.04906323924660683, 0.29884204268455505, 0.5060631632804871, 0.023239050060510635, 0.023231124505400658, 0.7618383765220642], "frame_32": [0.6296224594116211, 0.39794814586639404, 0.04987890273332596, 0.048888057470321655, 0.29884204268455505, 0.5060631632804871, 0.023239050060510635, 0.023231124505400658, 0.758866548538208], "frame_33": [0.6296389102935791, 0.39795491099357605, 0.04990942031145096, 0.04886724799871445, 0.2972920835018158, 0.47870635986328125, 0.019824493676424026, 0.022704696282744408, 0.6675165295600891], "frame_34": [0.6294964551925659, 0.3979927897453308, 0.04975586012005806, 0.049069806933403015, 0.2972920835018158, 0.47870635986328125, 0.019824493676424026, 0.022704696282744408, 0.7041856646537781], "frame_35": [0.6294814944267273, 0.397926926612854, 0.04973822832107544, 0.04903746768832207, 0.2972920835018158, 0.47870635986328125, 0.019824493676424026, 0.022704696282744408, 0.7546125650405884], "frame_36": [0.6297123432159424, 0.39783942699432373, 0.05045267567038536, 0.04900389909744263, 0.3152550160884857, 0.4444211423397064, 0.022865867242217064, 0.0257559884339571, 0.6534087657928467], "frame_37": [0.6297125220298767, 0.3978479206562042, 0.05044890567660332, 0.04900703579187393, 0.32648876309394836, 0.426324725151062, 0.02243366278707981, 0.023273680359125137, 0.7604504227638245], "frame_38": [0.6297213435173035, 0.3978274166584015, 0.050434112548828125, 0.048984866589307785, 0.33941879868507385, 0.4113246202468872, 0.019738895818591118, 0.022954728454351425, 0.8426169157028198],