{"frame_0": [0.630366861820221, 0.3949083089828491, 0.0501973032951355, 0.04969876632094383, 0.32493653893470764, 0.5931488275527954, 0.029869545251131058, 0.030746841803193092, 0.7567963600158691], "frame_1": [0.6303504705429077, 0.3948262631893158, 0.0495588518679142, 0.04863234609365463, 0.32493653893470764, 0.5931488275527954, 0.029869545251131058, 0.030746841803193092, 0.7430112957954407], "frame_2": [0.6303008198738098, 0.3947748839855194, 0.0494852289557457, 0.04857970401644707, 0.32493653893470764, 0.5931488275527954, 0.029869545251131058, 0.030746841803193092, 0.7772248387336731], "frame_3": [0.6303821206092834, 0.39483290910720825, 0.04965782165527344, 0.048613060265779495, 0.32493653893470764, 0.5931488275527954, 0.029869545251131058, 0.030746841803193092, 0.7956033945083618], "frame_4": [0.6301116347312927, 0.39474043250083923, 0.04911278560757637, 0.048646800220012665, 0.32493653893470764, 0.5931488275527954, 0.029869545251131058, 0.030746841803193092, 0.7918272018432617], "frame_5": [0.6301142573356628, 0.3947387635707855, 0.04901101812720299, 0.0485934354364872, 0.32493653893470764, 0.5931488275527954, 0.029869545251131058, 0.030746841803193092, 0.8322620391845703], "frame_6": [0.6301198601722717, 0.3947162628173828, 0.04901322349905968, 0.048567794263362885, 0.32493653893470764, 0.5931488275527954, 0.029869545251131058, 0.030746841803193092, 0.8547540307044983], "frame_7": [0.6301291584968567, 0.39468833804130554, 0.049047768115997314, 0.04853257164359093, 0.32493653893470764, 0.5931488275527954, 0.029869545251131058, 0.030746841803193092, 0.8746583461761475], "frame_8": [0.6301908493041992, 0.3946676552295685, 0.04920361936092377, 0.04859988018870354, 0.32493653893470764, 0.5931488275527954, 0.029869545251131058, 0.030746841803193092, 0.8788160681724548], "frame_9": [0.6301682591438293, 0.3946543037891388, 0.04917649179697037, 0.048672910779714584, 0.32493653893470764, 0.5931488275527954, 0.029869545251131058, 0.030746841803193092, 0.8907752633094788], "frame_10": [0.630154013633728, 0.3946291506290436, 0.049166105687618256, 0.04863158240914345, 0.32493653893470764, 0.5931488275527954, 0.029869545251131058, 0.030746841803193092, 0.8868778347969055], "frame_11": [0.6301594376564026, 0.3946302533149719, 0.049202896654605865, 0.04863421246409416, 0.32493653893470764, 0.5931488275527954, 0.029869545251131058, 0.030746841803193092, 0.8647159934043884], "frame_12": [0.630431592464447, 0.39455974102020264, 0.04918352887034416, 0.04845229163765907, 0.32493653893470764, 0.5931488275527954, 0.029869545251131058, 0.030746841803193092, 0.8634496331214905], "frame_13": [0.6304323673248291, 0.3945581316947937, 0.04918013513088226, 0.048455048352479935, 0.32493653893470764, 0.5931488275527954, 0.029869545251131058, 0.030746841803193092, 0.8378912210464478], "frame_14": [0.6304340362548828, 0.39455440640449524, 0.04918212816119194, 0.04846407473087311, 0.32493653893470764, 0.5931488275527954, 0.029869545251131058, 0.030746841803193092, 0.6969056129455566], "frame_15": [0.6302849650382996, 0.3945010304450989, 0.048836685717105865, 0.04834594577550888, 0.32493653893470764, 0.5931488275527954, 0.029869545251131058, 0.030746841803193092, 0.6406751275062561], "frame_16": [0.6302863955497742, 0.3944939076900482, 0.04884202778339386, 0.04834458976984024, 0.32493653893470764, 0.5931488275527954, 0.029869545251131058, 0.030746841803193092, 0.5840365886688232], "frame_17": [0.6302747130393982, 0.39449843764305115, 0.04883910343050957, 0.04832979664206505, 0.32493653893470764, 0.5931488275527954, 0.029869545251131058, 0.030746841803193092, 0.48097601532936096], "frame_18": [0.6302856206893921, 0.3944740295410156, 0.04883592575788498, 0.04827016219496727, 0.32493653893470764, 0.5931488275527954, 0.029869545251131058, 0.030746841803193092, 0.4128020703792572], "frame_19": [0.6302942633628845, 0.3944985568523407, 0.0487612821161747, 0.04828524962067604, 0.32493653893470764, 0.5931488275527954, 0.029869545251131058, 0.030746841803193092, 0.3173917531967163], "frame_20": [0.6303158402442932, 0.3944880962371826, 0.048781417310237885, 0.048318397253751755, 0.32493653893470764, 0.5931488275527954, 0.029869545251131058, 0.030746841803193092, 0.31631794571876526], "frame_21": [0.6302782893180847, 0.39453086256980896, 0.04878052696585655, 0.048340775072574615, 0.32493653893470764, 0.5931488275527954, 0.029869545251131058, 0.030746841803193092, 0.31219369173049927], "frame_22": [0.630271852016449, 0.3945391774177551, 0.04879264906048775, 0.048339080065488815, 0.32493653893470764, 0.5931488275527954, 0.029869545251131058, 0.030746841803193092, 0.3508930504322052], "frame_23": [0.630266547203064, 0.3945419192314148, 0.04880998283624649, 0.048351116478443146, 0.30444416403770447, 0.4972227215766907, 0.028146829456090927, 0.025450261309742928, 0.368609756231308], "frame_24": [0.6301819086074829, 0.3945295512676239, 0.0486365407705307, 0.04824914038181305, 0.3008755147457123, 0.49475666880607605, 0.027437781915068626, 0.027954483404755592, 0.35536423325538635], "frame_25": [0.6301785707473755, 0.39453041553497314, 0.04863014072179794, 0.04824638366699219, 0.29849398136138916, 0.49420851469039917, 0.027490701526403427, 0.02798173762857914, 0.34822455048561096], "frame_26": [0.6301667094230652, 0.39453184604644775, 0.04859008640050888, 0.04825392737984657, 0.29849398136138916, 0.49420851469039917, 0.027490701526403427, 0.02798173762857914, 0.339324027299881], "frame_27": [0.6302449107170105, 0.3945777118206024, 0.048699356615543365, 0.04834403842687607, 0.29849398136138916, 0.49420851469039917, 0.027490701526403427, 0.02798173762857914, 0.33995598554611206], "frame_28": [0.6302772760391235, 0.3946002423763275, 0.048781756311655045, 0.04834014177322388, 0.2959264814853668, 0.4906672239303589, 0.027264446020126343, 0.027495872229337692, 0.33552151918411255], "frame_29": [0.630267322063446, 0.39460304379463196, 0.048730213195085526, 0.04834476113319397, 0.2959264814853668, 0.4906672239303589, 0.027264446020126343, 0.027495872229337692, 0.3652624487876892], "frame_30": [0.6302751302719116, 0.39460474252700806, 0.0487355962395668, 0.04837515205144882, 0.2959264814853668, 0.4906672239303589, 0.027264446020126343, 0.027495872229337692, 0.3424036204814911], "frame_31": [0.630272388458252, 0.3945889472961426, 0.04870469868183136, 0.048434533178806305, 0.2959264814853668, 0.4906672239303589, 0.027264446020126343, 0.027495872229337692, 0.3275679647922516], "frame_32": [0.630297064781189, 0.3945842385292053, 0.048741914331912994, 0.04842296242713928, 0.30393487215042114, 0.467080295085907, 0.02571277692914009, 0.027608489617705345, 0.5160396099090576], "frame_33": [0.630257248878479, 0.3945782482624054, 0.04864870756864548, 0.048426732420921326, 0.307686984539032, 0.4557769000530243, 0.024991311132907867, 0.027272414416074753, 0.34477564692497253], "frame_34": [0.6302729845046997, 0.3945944905281067, 0.04868965223431587, 0.0484662801027298, 0.31352874636650085, 0.44398921728134155, 0.02642417512834072, 0.0307913888245821, 0.40095868706703186], "frame_35": [0.6303255558013916, 0.3946201205253601, 0.04884054511785507, 0.048501502722501755, 0.3223147988319397, 0.42390716075897217, 0.0261404886841774, 0.03087615966796875, 0.8311492800712585], "frame_36": [0.6304875016212463, 0.3948698341846466, 0.048928238451480865, 0.04849891737103462, 0.33582526445388794, 0.4058608114719391, 0.02435864321887493, 0.026835165917873383, 0.8569822311401367], "frame_37": [0.6305162906646729, 0.39487117528915405, 0.04898567125201225, 0.048501841723918915, 0.35053330659866333, 0.38733309507369995, 0.026271820068359375, 0.028475740924477577, 0.8404207229614258], "frame_38": [0.6305051445960999, 0.39486220479011536, 0.04896193742752075, 0.04848688095808029, 0.36356955766677856, 0.37159809470176697, 0.026976119726896286, 0.031483206897974014, 0.8069673776626587],