{"frame_0": [0.6294322609901428, 0.39588117599487305, 0.04996223375201225, 0.05041588842868805, 0.6330525279045105, 0.41856423020362854, 0.019184282049536705, 0.02287055179476738, 0.8133328557014465], "frame_1": [0.6294084191322327, 0.39610862731933594, 0.049906156957149506, 0.049601659178733826, 0.6330525279045105, 0.41856423020362854, 0.019184282049536705, 0.02287055179476738, 0.7682028412818909], "frame_2": [0.629399299621582, 0.3961298167705536, 0.04990823566913605, 0.04965413361787796, 0.6330525279045105, 0.41856423020362854, 0.019184282049536705, 0.02287055179476738, 0.7908266186714172], "frame_3": [0.6294180750846863, 0.39614707231521606, 0.04985330253839493, 0.04962509870529175, 0.6330525279045105, 0.41856423020362854, 0.019184282049536705, 0.02287055179476738, 0.7658664584159851], "frame_4": [0.6294543147087097, 0.396105021238327, 0.04996452480554581, 0.04956753924489021, 0.6330525279045105, 0.41856423020362854, 0.019184282049536705, 0.02287055179476738, 0.6918847560882568], "frame_5": [0.6294589638710022, 0.39614108204841614, 0.05000419542193413, 0.049590472131967545, 0.6330525279045105, 0.41856423020362854, 0.019184282049536705, 0.02287055179476738, 0.7915798425674438], "frame_6": [0.6296536922454834, 0.39630427956581116, 0.05027160793542862, 0.049635909497737885, 0.6330525279045105, 0.41856423020362854, 0.019184282049536705, 0.02287055179476738, 0.7427258491516113], "frame_7": [0.6296388506889343, 0.3962899446487427, 0.050186920911073685, 0.0497233085334301, 0.6330525279045105, 0.41856423020362854, 0.019184282049536705, 0.02287055179476738, 0.7276206016540527], "frame_8": [0.6296501159667969, 0.39624565839767456, 0.05006561428308487, 0.049656592309474945, 0.6330525279045105, 0.41856423020362854, 0.019184282049536705, 0.02287055179476738, 0.6524316668510437], "frame_9": [0.6295945644378662, 0.3962613344192505, 0.04993188753724098, 0.04965633898973465, 0.6330525279045105, 0.41856423020362854, 0.019184282049536705, 0.02287055179476738, 0.7692610621452332], "frame_10": [0.6295015811920166, 0.39626556634902954, 0.04976793751120567, 0.04965515062212944, 0.6330525279045105, 0.41856423020362854, 0.019184282049536705, 0.02287055179476738, 0.734965443611145], "frame_11": [0.6295111179351807, 0.39624154567718506, 0.04979727044701576, 0.049701690673828125, 0.6330525279045105, 0.41856423020362854, 0.019184282049536705, 0.02287055179476738, 0.7736690044403076], "frame_12": [0.6296179890632629, 0.3962618112564087, 0.049532700330019, 0.04872419685125351, 0.6330525279045105, 0.41856423020362854, 0.019184282049536705, 0.02287055179476738, 0.7717579007148743], "frame_13": [0.6296592950820923, 0.3962532579898834, 0.049764253199100494, 0.04870452731847763, 0.6330525279045105, 0.41856423020362854, 0.019184282049536705, 0.02287055179476738, 0.8053379058837891], "frame_14": [0.6296506524085999, 0.39625176787376404, 0.04977896064519882, 0.048721905797719955, 0.6330525279045105, 0.41856423020362854, 0.019184282049536705, 0.02287055179476738, 0.7508468627929688], "frame_15": [0.6296350955963135, 0.396231085062027, 0.049715805798769, 0.048729706555604935, 0.6330525279045105, 0.41856423020362854, 0.019184282049536705, 0.02287055179476738, 0.7203184962272644], "frame_16": [0.6296440958976746, 0.396261602640152, 0.049698468297719955, 0.04878196865320206, 0.4102472960948944, 0.5644774436950684, 0.018063904717564583, 0.01984710618853569, 0.6807777881622314], "frame_17": [0.6296383142471313, 0.3962361216545105, 0.04974653571844101, 0.048738181591033936, 0.4102472960948944, 0.5644774436950684, 0.018063904717564583, 0.01984710618853569, 0.759270966053009], "frame_18": [0.6296210289001465, 0.3962225914001465, 0.04963722079992294, 0.04878238961100578, 0.4138392210006714, 0.5425564050674438, 0.019404221326112747, 0.022455766797065735, 0.7585033178329468], "frame_19": [0.629647433757782, 0.39624276757240295, 0.049678973853588104, 0.04887174069881439, 0.4112555682659149, 0.5345268845558167, 0.018046358600258827, 0.023565292358398438, 0.0], "frame_20": [0.6296566128730774, 0.39624282717704773, 0.04963378980755806, 0.04885321855545044, 0.4085451662540436, 0.5243371725082397, 0.017317792400717735, 0.019600465893745422, 0.5754069685935974], "frame_21": [0.6296359300613403, 0.39623939990997314, 0.049621667712926865, 0.04879188537597656, 0.4085451662540436, 0.5243371725082397, 0.017317792400717735, 0.019600465893745422, 0.8652863502502441], "frame_22": [0.6295626759529114, 0.39621996879577637, 0.049439240247011185, 0.04871618375182152, 0.4085451662540436, 0.5243371725082397, 0.017317792400717735, 0.019600465893745422, 0.0], "frame_23": [0.6295770406723022, 0.3962140381336212, 0.04947013780474663, 0.048705291002988815, 0.4085451662540436, 0.5243371725082397, 0.017317792400717735, 0.019600465893745422, 0.0], "frame_24": [0.6296027302742004, 0.39622607827186584, 0.04929076135158539, 0.04878883436322212, 0.4085451662540436, 0.5243371725082397, 0.017317792400717735, 0.019600465893745422, 0.0], "frame_25": [0.6296194195747375, 0.3962412476539612, 0.04930898919701576, 0.04880858585238457, 0.4085451662540436, 0.5243371725082397, 0.017317792400717735, 0.019600465893745422, 0.0], "frame_26": [0.6295936703681946, 0.3962388038635254, 0.049226973205804825, 0.04882337898015976, 0.4085451662540436, 0.5243371725082397, 0.017317792400717735, 0.019600465893745422, 0.6513403654098511], "frame_27": [0.6295978426933289, 0.396246075630188, 0.049253251403570175, 0.04886546730995178, 0.4085451662540436, 0.5243371725082397, 0.017317792400717735, 0.019600465893745422, 0.47084829211235046], "frame_28": [0.6295503973960876, 0.3963209390640259, 0.04959305748343468, 0.04870397597551346, 0.4085451662540436, 0.5243371725082397, 0.017317792400717735, 0.019600465893745422, 0.10280368477106094], "frame_29": [0.6295073628425598, 0.39627355337142944, 0.04940643161535263, 0.04890984296798706, 0.4085451662540436, 0.5243371725082397, 0.017317792400717735, 0.019600465893745422, 0.6688331365585327], "frame_30": [0.6295177340507507, 0.3962879478931427, 0.049408722668886185, 0.04891158267855644, 0.4085451662540436, 0.5243371725082397, 0.017317792400717735, 0.019600465893745422, 0.0], "frame_31": [0.6295637488365173, 0.39630621671676636, 0.04958457872271538, 0.048993851989507675, 0.4085451662540436, 0.5243371725082397, 0.017317792400717735, 0.019600465893745422, 0.0], "frame_32": [0.6295547485351562, 0.39632514119148254, 0.04959242045879364, 0.04903123527765274, 0.4085451662540436, 0.5243371725082397, 0.017317792400717735, 0.019600465893745422, 0.8912767767906189], "frame_33": [0.6296067833900452, 0.3962836265563965, 0.04966477304697037, 0.04891565069556236, 0.4085451662540436, 0.5243371725082397, 0.017317792400717735, 0.019600465893745422, 0.9085628390312195], "frame_34": [0.6296051740646362, 0.396261602640152, 0.04955681785941124, 0.0488729253411293, 0.4085451662540436, 0.5243371725082397, 0.017317792400717735, 0.019600465893745422, 0.9032617211341858], "frame_35": [0.6296213865280151, 0.39646029472351074, 0.04998893663287163, 0.048944007605314255, 0.41070976853370667, 0.41420575976371765, 0.019902631640434265, 0.024850845336914062, 0.8881036043167114], "frame_36": [0.6297772526741028, 0.39628612995147705, 0.04872169345617294, 0.049044374376535416, 0.41070976853370667, 0.41420575976371765, 0.019902631640434265, 0.024850845336914062, 0.9806148409843445], "frame_37": [0.629804253578186, 0.39633703231811523, 0.048840586096048355, 0.0491800531744957, 0.42491549253463745, 0.38917651772499084, 0.019306182861328125, 0.023142369464039803, 0.8587854504585266], "frame_38": [0.6299155354499817, 0.39629602432250977, 0.04894888028502464, 0.048909928649663925, 0.42491549253463745, 0.38917651772499084, 0.019306182861328125, 0.023142369464039803, 0.8545740842819214], "frame_39": [0.6299190521240234, 0.3964228630065918, 0.049279700964689255, 0.04890594631433487, 0.43983688950538635, 0.36549651622772217, 0.019382858648896217, 0.0208892822265625, 0.9971690773963928],