{"frame_0": [0.630650520324707, 0.39474454522132874, 0.05060327425599098, 0.050365619361400604, 0.6242663264274597, 0.46628978848457336, 0.035702601075172424, 0.03341882675886154, 0.6895004510879517], "frame_1": [0.6306799054145813, 0.3946950137615204, 0.04974852502346039, 0.04948997497558594, 0.6242663264274597, 0.46628978848457336, 0.035702601075172424, 0.03341882675886154, 0.7289302945137024], "frame_2": [0.6306654810905457, 0.3946964740753174, 0.0497342012822628, 0.049491118639707565, 0.6242663264274597, 0.46628978848457336, 0.035702601075172424, 0.03341882675886154, 0.7486042380332947], "frame_3": [0.6306701898574829, 0.39469289779663086, 0.04957771301269531, 0.0494510643184185, 0.6242663264274597, 0.46628978848457336, 0.035702601075172424, 0.03341882675886154, 0.7667816877365112], "frame_4": [0.630672037601471, 0.3946860432624817, 0.049553681164979935, 0.04943741858005524, 0.6242663264274597, 0.46628978848457336, 0.035702601075172424, 0.03341882675886154, 0.777618944644928], "frame_5": [0.6306800246238708, 0.3947087228298187, 0.0495157465338707, 0.049448393285274506, 0.6242663264274597, 0.46628978848457336, 0.035702601075172424, 0.03341882675886154, 0.797863245010376], "frame_6": [0.6307858824729919, 0.39486685395240784, 0.04975700378417969, 0.04959305748343468, 0.48237577080726624, 0.5651569962501526, 0.01691894605755806, 0.02010599710047245, 0.7915226817131042], "frame_7": [0.6306446194648743, 0.39476606249809265, 0.04942033439874649, 0.04960602521896362, 0.4854136109352112, 0.5604641437530518, 0.017799589782953262, 0.018284860998392105, 0.7628775835037231], "frame_8": [0.6305931806564331, 0.3946164548397064, 0.04894697293639183, 0.04960297420620918, 0.48834848403930664, 0.5539150834083557, 0.019405195489525795, 0.020648574456572533, 0.7095451951026917], "frame_9": [0.6306266188621521, 0.3946884870529175, 0.049029625952243805, 0.049673546105623245, 0.48834848403930664, 0.5539150834083557, 0.019405195489525795, 0.020648574456572533, 0.0], "frame_10": [0.630666196346283, 0.39482948184013367, 0.04939020052552223, 0.04974403232336044, 0.48834848403930664, 0.5539150834083557, 0.019405195489525795, 0.020648574456572533, 0.6530702710151672], "frame_11": [0.6306593418121338, 0.39475733041763306, 0.04941766709089279, 0.04961111396551132, 0.48834848403930664, 0.5539150834083557, 0.019405195489525795, 0.020648574456572533, 0.640052855014801], "frame_12": [0.6305273175239563, 0.3946504294872284, 0.04859334975481033, 0.0493411161005497, 0.48834848403930664, 0.5539150834083557, 0.019405195489525795, 0.020648574456572533, 0.5687928199768066], "frame_13": [0.6304944157600403, 0.3946477174758911, 0.048520829528570175, 0.04931390658020973, 0.48834848403930664, 0.5539150834083557, 0.019405195489525795, 0.020648574456572533, 0.6171518564224243], "frame_14": [0.6305097937583923, 0.3946366310119629, 0.04860555753111839, 0.04934760183095932, 0.47723788022994995, 0.5077841877937317, 0.020814217627048492, 0.022138765081763268, 0.6179280877113342], "frame_15": [0.6304754614830017, 0.39459529519081116, 0.04850273206830025, 0.04933997243642807, 0.47723788022994995, 0.5077841877937317, 0.020814217627048492, 0.022138765081763268, 0.6693621873855591], "frame_16": [0.630412220954895, 0.3945343792438507, 0.04831487685441971, 0.049415674060583115, 0.47723788022994995, 0.5077841877937317, 0.020814217627048492, 0.022138765081763268, 0.0], "frame_17": [0.6304076313972473, 0.39452481269836426, 0.04830529913306236, 0.049412451684474945, 0.47723788022994995, 0.5077841877937317, 0.020814217627048492, 0.022138765081763268, 0.0], "frame_18": [0.6304050087928772, 0.39452531933784485, 0.04828978702425957, 0.04941469803452492, 0.47723788022994995, 0.5077841877937317, 0.020814217627048492, 0.022138765081763268, 0.0], "frame_19": [0.6304178237915039, 0.3945389986038208, 0.04834022372961044, 0.04945254698395729, 0.47723788022994995, 0.5077841877937317, 0.020814217627048492, 0.022138765081763268, 0.0], "frame_20": [0.6304839849472046, 0.39460042119026184, 0.048592206090688705, 0.04939248785376549, 0.47723788022994995, 0.5077841877937317, 0.020814217627048492, 0.022138765081763268, 0.0], "frame_21": [0.6304659247398376, 0.3946157693862915, 0.04856139421463013, 0.049413640052080154, 0.47723788022994995, 0.5077841877937317, 0.020814217627048492, 0.022138765081763268, 0.0], "frame_22": [0.6304674744606018, 0.3946143686771393, 0.04856359586119652, 0.049420081079006195, 0.47723788022994995, 0.5077841877937317, 0.020814217627048492, 0.022138765081763268, 0.5933762788772583], "frame_23": [0.630450963973999, 0.39461344480514526, 0.04849701002240181, 0.049439407885074615, 0.47723788022994995, 0.5077841877937317, 0.020814217627048492, 0.022138765081763268, 0.0], "frame_24": [0.6302834153175354, 0.3944893777370453, 0.048455215990543365, 0.0489882156252861, 0.47723788022994995, 0.5077841877937317, 0.020814217627048492, 0.022138765081763268, 0.8690839409828186], "frame_25": [0.6303153038024902, 0.3944960832595825, 0.04846649244427681, 0.04898228123784065, 0.47723788022994995, 0.5077841877937317, 0.020814217627048492, 0.022138765081763268, 0.49609681963920593], "frame_26": [0.6303309798240662, 0.3944961428642273, 0.04853210598230362, 0.04896354675292969, 0.47723788022994995, 0.5077841877937317, 0.020814217627048492, 0.022138765081763268, 0.3471348285675049], "frame_27": [0.6303588151931763, 0.39450836181640625, 0.04853362962603569, 0.04902581125497818, 0.47723788022994995, 0.5077841877937317, 0.020814217627048492, 0.022138765081763268, 0.03641509264707565], "frame_28": [0.6303319334983826, 0.3944985270500183, 0.04858970642089844, 0.0489891916513443, 0.47723788022994995, 0.5077841877937317, 0.020814217627048492, 0.022138765081763268, 0.2737742066383362], "frame_29": [0.6303555369377136, 0.39451709389686584, 0.048601701855659485, 0.04899720102548599, 0.47723788022994995, 0.5077841877937317, 0.020814217627048492, 0.022138765081763268, 0.0], "frame_30": [0.6304064393043518, 0.3945463299751282, 0.04869931563735008, 0.0491291880607605, 0.47723788022994995, 0.5077841877937317, 0.020814217627048492, 0.022138765081763268, 0.0], "frame_31": [0.6303831338882446, 0.3945540487766266, 0.04859580844640732, 0.04914398118853569, 0.47723788022994995, 0.5077841877937317, 0.020814217627048492, 0.022138765081763268, 0.0], "frame_32": [0.6303761601448059, 0.3946271240711212, 0.048609159886837006, 0.04922175779938698, 0.4768525958061218, 0.40741920471191406, 0.019941329956054688, 0.023256853222846985, 0.0], "frame_33": [0.6303518414497375, 0.39461517333984375, 0.04856986925005913, 0.04920675605535507, 0.48889076709747314, 0.39302366971969604, 0.028268644586205482, 0.026116646826267242, 0.0], "frame_34": [0.6303461790084839, 0.3946092426776886, 0.04855096712708473, 0.049219172447919846, 0.4891197979450226, 0.3843720257282257, 0.023841476067900658, 0.02826911024749279, 0.0], "frame_35": [0.6303737759590149, 0.3946118652820587, 0.04851820319890976, 0.049193572252988815, 0.49685972929000854, 0.3714761435985565, 0.018729019910097122, 0.022498320788145065, 0.7875320315361023], "frame_36": [0.6304715275764465, 0.39474350214004517, 0.048441145569086075, 0.04922506585717201, 0.5005754828453064, 0.3641870319843292, 0.020831510424613953, 0.024345271289348602, 0.7419416308403015], "frame_37": [0.6304704546928406, 0.3948749899864197, 0.04856012016534805, 0.049330733716487885, 0.5071143507957458, 0.35607826709747314, 0.020863553509116173, 0.024390200152993202, 0.7464975118637085], "frame_38": [0.6305666565895081, 0.39476582407951355, 0.04864294081926346, 0.049411773681640625, 0.5153648257255554, 0.34679561853408813, 0.017398452386260033, 0.024537255987524986, 0.0], "frame_39": [0.6305556297302246, 0.3948829174041748, 0.04886758700013161, 0.04966752976179123, 0.5208682417869568, 0.3420499265193939, 0.018989097326993942, 0.024260563775897026, 0.5480267405509949],