{"frame_0": [0.625684916973114, 0.33645540475845337, 0.07124913483858109, 0.04673361778259277, 0.6867258548736572, 0.5175586938858032, 0.0420895479619503, 0.02629699744284153, 0.7607845067977905], "frame_1": [0.6255451440811157, 0.33613044023513794, 0.07152387499809265, 0.04590463638305664, 0.6850740313529968, 0.5053646564483643, 0.04231363907456398, 0.02967996522784233, 0.7278123497962952], "frame_2": [0.6254095435142517, 0.33619213104248047, 0.0713011845946312, 0.045922137796878815, 0.6823572516441345, 0.4948410391807556, 0.04562767967581749, 0.0296954158693552, 0.8275028467178345], "frame_3": [0.6252316236495972, 0.3361767530441284, 0.07115020602941513, 0.04595942422747612, 0.6802908778190613, 0.4892421364784241, 0.04426748305559158, 0.027220726013183594, 0.5137625932693481], "frame_4": [0.6252048015594482, 0.3362019658088684, 0.07115750014781952, 0.04603004455566406, 0.6749590039253235, 0.4852517247200012, 0.042604826390743256, 0.02480792999267578, 0.6113066077232361], "frame_5": [0.6253753304481506, 0.33623015880584717, 0.07131940871477127, 0.04612555354833603, 0.6718147993087769, 0.48133668303489685, 0.0412309430539608, 0.023160744458436966, 0.9205488562583923], "frame_6": [0.6252962946891785, 0.3362129032611847, 0.07120802253484726, 0.0460820198059082, 0.665458083152771, 0.4804776608943939, 0.03870459645986557, 0.02220764197409153, 0.9629561305046082], "frame_7": [0.6252708435058594, 0.33614975214004517, 0.0712263286113739, 0.04595918580889702, 0.665458083152771, 0.4804776608943939, 0.03870459645986557, 0.02220764197409153, 0.720633864402771], "frame_8": [0.625260591506958, 0.336180180311203, 0.07142096757888794, 0.04600820690393448, 0.665458083152771, 0.4804776608943939, 0.03870459645986557, 0.02220764197409153, 0.23289741575717926], "frame_9": [0.6250544786453247, 0.3361348807811737, 0.07173394411802292, 0.04601092264056206, 0.665458083152771, 0.4804776608943939, 0.03870459645986557, 0.02220764197409153, 0.32424449920654297], "frame_10": [0.6249443292617798, 0.3360535204410553, 0.07143045961856842, 0.04585909843444824, 0.665458083152771, 0.4804776608943939, 0.03870459645986557, 0.02220764197409153, 0.4425068795681], "frame_11": [0.6251570582389832, 0.33624643087387085, 0.07181362807750702, 0.04636421054601669, 0.665458083152771, 0.4804776608943939, 0.03870459645986557, 0.02220764197409153, 0.561946451663971], "frame_12": [0.6253601908683777, 0.3361617922782898, 0.07167138159275055, 0.04612088203430176, 0.665458083152771, 0.4804776608943939, 0.03870459645986557, 0.02220764197409153, 0.5046685934066772], "frame_13": [0.625318706035614, 0.3361986577510834, 0.07202046364545822, 0.046239472925662994, 0.665458083152771, 0.4804776608943939, 0.03870459645986557, 0.02220764197409153, 0.5669227242469788], "frame_14": [0.625434935092926, 0.33616822957992554, 0.07204233855009079, 0.04623251035809517, 0.665458083152771, 0.4804776608943939, 0.03870459645986557, 0.02220764197409153, 0.5374749898910522], "frame_15": [0.6254261136054993, 0.3361891210079193, 0.07190738618373871, 0.046274565160274506, 0.665458083152771, 0.4804776608943939, 0.03870459645986557, 0.02220764197409153, 0.5854513049125671], "frame_16": [0.6254149079322815, 0.33626359701156616, 0.07197282463312149, 0.04638304561376572, 0.665458083152771, 0.4804776608943939, 0.03870459645986557, 0.02220764197409153, 0.5331348776817322], "frame_17": [0.6249057054519653, 0.3362877666950226, 0.07252781838178635, 0.046143244951963425, 0.665458083152771, 0.4804776608943939, 0.03870459645986557, 0.02220764197409153, 0.471068412065506], "frame_18": [0.6252124309539795, 0.3363319933414459, 0.07182566076517105, 0.04607963562011719, 0.665458083152771, 0.4804776608943939, 0.03870459645986557, 0.02220764197409153, 0.28833967447280884], "frame_19": [0.6251227259635925, 0.33633020520210266, 0.07194875180721283, 0.04602374881505966, 0.665458083152771, 0.4804776608943939, 0.03870459645986557, 0.02220764197409153, 0.19043198227882385], "frame_20": [0.6251296401023865, 0.3362753391265869, 0.07220958918333054, 0.046135999262332916, 0.665458083152771, 0.4804776608943939, 0.03870459645986557, 0.02220764197409153, 0.13846303522586823], "frame_21": [0.625194787979126, 0.33624374866485596, 0.07198452204465866, 0.046021223068237305, 0.665458083152771, 0.4804776608943939, 0.03870459645986557, 0.02220764197409153, 0.12764592468738556], "frame_22": [0.6251840591430664, 0.33629316091537476, 0.07188644260168076, 0.04597821086645126, 0.4819496273994446, 0.4338448643684387, 0.04116770252585411, 0.027736853808164597, 0.09317228943109512], "frame_23": [0.6252098083496094, 0.33627742528915405, 0.07202250510454178, 0.04598994180560112, 0.47494423389434814, 0.43150845170021057, 0.04379747062921524, 0.03105611726641655, 0.04314368963241577], "frame_24": [0.6252858638763428, 0.3363572657108307, 0.07191569358110428, 0.046274520456790924, 0.46985042095184326, 0.427717387676239, 0.04298655316233635, 0.029183674603700638, 0.17052805423736572], "frame_25": [0.6251354813575745, 0.33640944957733154, 0.07207862287759781, 0.04620080068707466, 0.4659201204776764, 0.4219406247138977, 0.04345177486538887, 0.023724937811493874, 0.29586485028266907], "frame_26": [0.6250119805335999, 0.3364221155643463, 0.07207471877336502, 0.04620933532714844, 0.45984235405921936, 0.4195918142795563, 0.04225141555070877, 0.025826454162597656, 0.24924561381340027], "frame_27": [0.6249979734420776, 0.33643674850463867, 0.07228376716375351, 0.0462736114859581, 0.45372137427330017, 0.4150000512599945, 0.04490068182349205, 0.02429657056927681, 0.2194831818342209], "frame_28": [0.6251159310340881, 0.33648690581321716, 0.07211413979530334, 0.04634799808263779, 0.4493749737739563, 0.4107302725315094, 0.04274071753025055, 0.023964524269104004, 0.2118145227432251], "frame_29": [0.6250337958335876, 0.3364260196685791, 0.07260140031576157, 0.04629802703857422, 0.44561314582824707, 0.4050022065639496, 0.041565705090761185, 0.026346992701292038, 0.3079688847064972], "frame_30": [0.6250201463699341, 0.3364415764808655, 0.07248823344707489, 0.046213626861572266, 0.4399895668029785, 0.39927437901496887, 0.04668460413813591, 0.02770867384970188, 0.3554633557796478], "frame_31": [0.624910295009613, 0.3364710211753845, 0.07266591489315033, 0.04620371013879776, 0.4358128011226654, 0.39159268140792847, 0.043226029723882675, 0.026957416906952858, 0.4110943675041199], "frame_32": [0.624947190284729, 0.3364432752132416, 0.07277018576860428, 0.04620866850018501, 0.43452155590057373, 0.3824854791164398, 0.0441826730966568, 0.026901816949248314, 0.4196038246154785], "frame_33": [0.6249809861183167, 0.33649271726608276, 0.07292039692401886, 0.04615926742553711, 0.4366931617259979, 0.3708905279636383, 0.04220971092581749, 0.02798013761639595, 0.5260413885116577], "frame_34": [0.6250988245010376, 0.33649441599845886, 0.07285851240158081, 0.04615793377161026, 0.4439876973628998, 0.3552475571632385, 0.04416588693857193, 0.027424048632383347, 0.6178390383720398], "frame_35": [0.6252040863037109, 0.3365078866481781, 0.07303915917873383, 0.04614739492535591, 0.45435765385627747, 0.34153246879577637, 0.04448038712143898, 0.026305532082915306, 0.5313363671302795], "frame_36": [0.6252961754798889, 0.33646252751350403, 0.07230851799249649, 0.046358682215213776, 0.4626621603965759, 0.3280676007270813, 0.043826546519994736, 0.026461124420166016, 0.5528088808059692], "frame_37": [0.6253151893615723, 0.3364127278327942, 0.07188601791858673, 0.04622535780072212, 0.4701661765575409, 0.316687673330307, 0.04259881004691124, 0.026677798479795456, 0.5591580867767334], "frame_38": [0.6252717971801758, 0.3364222049713135, 0.07188601791858673, 0.046207331120967865, 0.47958728671073914, 0.3061943054199219, 0.04263509064912796, 0.026605892926454544, 0.5527313947677612], "frame_39": [0.6253637671470642, 0.3364599347114563, 0.07185991108417511, 0.04638638347387314, 0.48852622509002686, 0.2973235249519348, 0.044052377343177795, 0.02650470659136772, 0.6137745380401611],