{"frame_0": [0.6273276209831238, 0.33578938245773315, 0.07024917751550674, 0.08045480400323868, 0.7254168391227722, 0.6261304020881653, 0.04414312541484833, 0.051856230944395065, 0.694182276725769], "frame_1": [0.6270681023597717, 0.33579176664352417, 0.07163619995117188, 0.08042833209037781, 0.7243267297744751, 0.6347501277923584, 0.043858762830495834, 0.05190277099609375, 0.6615753173828125], "frame_2": [0.6270215511322021, 0.335835337638855, 0.07176293432712555, 0.080450139939785, 0.7215782999992371, 0.6405404806137085, 0.039238229393959045, 0.04836557060480118, 0.6765441298484802], "frame_3": [0.6270293593406677, 0.335894912481308, 0.0718657597899437, 0.08062820136547089, 0.7164706587791443, 0.6441558003425598, 0.03455314785242081, 0.04669057950377464, 0.6962735056877136], "frame_4": [0.6269712448120117, 0.33576130867004395, 0.07191675156354904, 0.08035072684288025, 0.7113576531410217, 0.64566969871521, 0.038266584277153015, 0.04638735577464104, 0.6632175445556641], "frame_5": [0.6267070174217224, 0.33580055832862854, 0.07236862182617188, 0.08025917410850525, 0.7091751098632812, 0.6446682214736938, 0.04118974506855011, 0.04624124988913536, 0.6610041856765747], "frame_6": [0.6266946792602539, 0.3358127176761627, 0.07246801257133484, 0.08035611361265182, 0.7080628871917725, 0.6435989141464233, 0.04719352722167969, 0.046602461487054825, 0.6249969601631165], "frame_7": [0.6267302632331848, 0.33577680587768555, 0.07181188464164734, 0.08041469007730484, 0.7042126059532166, 0.643956184387207, 0.04706594720482826, 0.04701728746294975, 0.5872450470924377], "frame_8": [0.626829206943512, 0.33572447299957275, 0.07151124626398087, 0.08038493245840073, 0.7038406133651733, 0.6418853998184204, 0.04944813996553421, 0.048160381615161896, 0.5659723877906799], "frame_9": [0.6269792914390564, 0.33571064472198486, 0.07144609838724136, 0.08037041872739792, 0.7038406133651733, 0.6418853998184204, 0.04944813996553421, 0.048160381615161896, 0.5508394241333008], "frame_10": [0.6270872950553894, 0.3357090950012207, 0.07100503891706467, 0.0803603082895279, 0.7038406133651733, 0.6418853998184204, 0.04944813996553421, 0.048160381615161896, 0.5173420310020447], "frame_11": [0.6269595623016357, 0.3357658386230469, 0.07152451574802399, 0.0804186686873436, 0.7038406133651733, 0.6418853998184204, 0.04944813996553421, 0.048160381615161896, 0.5162615776062012], "frame_12": [0.6274392604827881, 0.3359508812427521, 0.07259424030780792, 0.08106452226638794, 0.7038406133651733, 0.6418853998184204, 0.04944813996553421, 0.048160381615161896, 0.44819578528404236], "frame_13": [0.6275351643562317, 0.3358670175075531, 0.07238519191741943, 0.08088970184326172, 0.7038406133651733, 0.6418853998184204, 0.04944813996553421, 0.048160381615161896, 0.5128803253173828], "frame_14": [0.6275553107261658, 0.33584997057914734, 0.07236578315496445, 0.08081120252609253, 0.7038406133651733, 0.6418853998184204, 0.04944813996553421, 0.048160381615161896, 0.47794440388679504], "frame_15": [0.6275523900985718, 0.3358122706413269, 0.07236786186695099, 0.08071412146091461, 0.7038406133651733, 0.6418853998184204, 0.04944813996553421, 0.048160381615161896, 0.38872119784355164], "frame_16": [0.6275337934494019, 0.33577486872673035, 0.07234734296798706, 0.08066798001527786, 0.7038406133651733, 0.6418853998184204, 0.04944813996553421, 0.048160381615161896, 0.4074397385120392], "frame_17": [0.6275709867477417, 0.3357619047164917, 0.07228469848632812, 0.08061143755912781, 0.7038406133651733, 0.6418853998184204, 0.04944813996553421, 0.048160381615161896, 0.43573346734046936], "frame_18": [0.6278206706047058, 0.3357366919517517, 0.07176649570465088, 0.08061960339546204, 0.7038406133651733, 0.6418853998184204, 0.04944813996553421, 0.048160381615161896, 0.49551302194595337], "frame_19": [0.6277695298194885, 0.3357332646846771, 0.07198655605316162, 0.08063782751560211, 0.7038406133651733, 0.6418853998184204, 0.04944813996553421, 0.048160381615161896, 0.43215951323509216], "frame_20": [0.6277365684509277, 0.33573654294013977, 0.07199927419424057, 0.08069811761379242, 0.7038406133651733, 0.6418853998184204, 0.04944813996553421, 0.048160381615161896, 0.46757596731185913], "frame_21": [0.6277161836624146, 0.3357289731502533, 0.07189559936523438, 0.0806821808218956, 0.7038406133651733, 0.6418853998184204, 0.04944813996553421, 0.048160381615161896, 0.5063009858131409], "frame_22": [0.6274843811988831, 0.33578217029571533, 0.07248479872941971, 0.08070477098226547, 0.7038406133651733, 0.6418853998184204, 0.04944813996553421, 0.048160381615161896, 0.5243322849273682], "frame_23": [0.6274808049201965, 0.3357476592063904, 0.0726308599114418, 0.08062029629945755, 0.7038406133651733, 0.6418853998184204, 0.04944813996553421, 0.048160381615161896, 0.5478277206420898], "frame_24": [0.6269240975379944, 0.3357734680175781, 0.07315360009670258, 0.08087410032749176, 0.7038406133651733, 0.6418853998184204, 0.04944813996553421, 0.048160381615161896, 0.6944774985313416], "frame_25": [0.6269037127494812, 0.33579304814338684, 0.0730869323015213, 0.08084087073802948, 0.7038406133651733, 0.6418853998184204, 0.04944813996553421, 0.048160381615161896, 0.7009996175765991], "frame_26": [0.6268722414970398, 0.33584320545196533, 0.07322625070810318, 0.08092983812093735, 0.7038406133651733, 0.6418853998184204, 0.04944813996553421, 0.048160381615161896, 0.733622670173645], "frame_27": [0.6268877387046814, 0.33579185605049133, 0.07318941503763199, 0.0808819904923439, 0.6471506953239441, 0.47531431913375854, 0.04235208407044411, 0.0398576520383358, 0.6611244082450867], "frame_28": [0.6271620988845825, 0.33581313490867615, 0.07296951860189438, 0.08069748431444168, 0.6453266739845276, 0.46967342495918274, 0.043282147496938705, 0.04042015224695206, 0.64760422706604], "frame_29": [0.6271745562553406, 0.3358336091041565, 0.0729527398943901, 0.08074313402175903, 0.6445493698120117, 0.46494394540786743, 0.04225408658385277, 0.04214668273925781, 0.6380073428153992], "frame_30": [0.6267566084861755, 0.33579567074775696, 0.07326414436101913, 0.08090515434741974, 0.6425914764404297, 0.46007826924324036, 0.043918438255786896, 0.04504738003015518, 0.7323144674301147], "frame_31": [0.6266146302223206, 0.33585089445114136, 0.07360649108886719, 0.0810282826423645, 0.6414303779602051, 0.4529346525669098, 0.04537353664636612, 0.04640062153339386, 0.8004314303398132], "frame_32": [0.6265164017677307, 0.3358169198036194, 0.07369375973939896, 0.08092676848173141, 0.6400154829025269, 0.44278037548065186, 0.04607221856713295, 0.04732191190123558, 0.9761901497840881], "frame_33": [0.6265494227409363, 0.33567681908607483, 0.07318288832902908, 0.08058509975671768, 0.6373081803321838, 0.42482927441596985, 0.045712366700172424, 0.04516410827636719, 0.9199612140655518], "frame_34": [0.6265208125114441, 0.33531707525253296, 0.07345025986433029, 0.0797511413693428, 0.6357396245002747, 0.401178240776062, 0.04733458533883095, 0.04589975252747536, 0.9428240656852722], "frame_35": [0.6261323094367981, 0.3392767608165741, 0.07261030375957489, 0.08863765001296997, 0.6320292353630066, 0.36620813608169556, 0.0574231892824173, 0.06809111684560776, 0.9989237189292908], "frame_36": [0.6287591457366943, 0.3340417742729187, 0.06666984409093857, 0.07770731300115585, 0.6299165487289429, 0.33721059560775757, 0.05822791904211044, 0.0768359899520874, 0.9654402732849121], "frame_37": [0.6306168437004089, 0.3387572467327118, 0.061174944043159485, 0.07408953458070755, 0.6309910416603088, 0.3306370675563812, 0.06003706157207489, 0.06498991698026657, 0.9146438837051392], "frame_38": [0.6306168437004089, 0.3387572467327118, 0.061174944043159485, 0.07408953458070755, 0.6243628859519958, 0.3111313283443451, 0.04873725026845932, 0.04571918770670891, 0.8933202624320984], "frame_39": [0.6278030276298523, 0.3356478810310364, 0.07410566508769989, 0.0801287516951561, 0.6230460405349731, 0.29485535621643066, 0.04561051353812218, 0.04563704505562782, 0.8462713956832886],