{"frame_0": [0.6251622438430786, 0.33728456497192383, 0.07277391105890274, 0.04634218290448189, 0.07056400179862976, 0.5637959241867065, 0.03813563287258148, 0.02200927771627903, 0.8971590399742126], "frame_1": [0.6246432065963745, 0.3368852138519287, 0.07304975390434265, 0.04571204259991646, 0.06481560319662094, 0.5533410906791687, 0.0386938713490963, 0.02374744415283203, 0.8750497698783875], "frame_2": [0.6249171495437622, 0.3368369936943054, 0.0728573277592659, 0.045687485486269, 0.05912843346595764, 0.5424712896347046, 0.03572230786085129, 0.024594688788056374, 0.8661811351776123], "frame_3": [0.6247669458389282, 0.3368752896785736, 0.07200012356042862, 0.04569501802325249, 0.05547116696834564, 0.5320395231246948, 0.035318098962306976, 0.02453002892434597, 0.8327281475067139], "frame_4": [0.6249743700027466, 0.33672240376472473, 0.07152243703603745, 0.045525360852479935, 0.05182413384318352, 0.5268259048461914, 0.036068279296159744, 0.025863075628876686, 0.04186086729168892], "frame_5": [0.6250039935112, 0.3367007374763489, 0.07151370495557785, 0.04559946060180664, 0.05080372095108032, 0.5240665674209595, 0.03670888394117355, 0.023999596014618874, 0.12421441078186035], "frame_6": [0.6249632239341736, 0.33670806884765625, 0.07165205478668213, 0.04559822008013725, 0.05024951696395874, 0.5223817825317383, 0.03390881046652794, 0.02332897111773491, 0.0], "frame_7": [0.625132143497467, 0.33671408891677856, 0.0719112828373909, 0.045571424067020416, 0.049229998141527176, 0.5208953022956848, 0.03335748240351677, 0.02199840545654297, 0.0], "frame_8": [0.6249654293060303, 0.3367688059806824, 0.07259682565927505, 0.04559612274169922, 0.047918520867824554, 0.5200446248054504, 0.031220585107803345, 0.02211780473589897, 0.0], "frame_9": [0.6248791813850403, 0.33681267499923706, 0.07248374074697495, 0.045642755925655365, 0.04471525177359581, 0.5189792513847351, 0.03287322819232941, 0.02313995361328125, 0.0], "frame_10": [0.624773383140564, 0.3368631601333618, 0.07222917675971985, 0.04572300985455513, 0.04582158103585243, 0.5171737670898438, 0.030411507934331894, 0.02244853973388672, 5.7702149206306785e-05], "frame_11": [0.6247992515563965, 0.33688512444496155, 0.07235904037952423, 0.04580555111169815, 0.047226544469594955, 0.5144810080528259, 0.030142657458782196, 0.02258443832397461, 0.0], "frame_12": [0.6252913475036621, 0.33628541231155396, 0.07146809995174408, 0.04495744779706001, 0.050214800983667374, 0.51191246509552, 0.03435071185231209, 0.022926902398467064, 0.0], "frame_13": [0.6254433989524841, 0.3362827003002167, 0.071202851831913, 0.044959165155887604, 0.05394371971487999, 0.5069845914840698, 0.035209909081459045, 0.022744465619325638, 0.0], "frame_14": [0.6254624128341675, 0.336306631565094, 0.07090945541858673, 0.045033931732177734, 0.057106420397758484, 0.5018668174743652, 0.03800273314118385, 0.02309722825884819, 0.0], "frame_15": [0.6255085468292236, 0.3363116383552551, 0.07083706557750702, 0.045073412358760834, 0.06228090822696686, 0.4930955767631531, 0.034978292882442474, 0.020482253283262253, 0.0], "frame_16": [0.6254602670669556, 0.3362157344818115, 0.07115622609853745, 0.04505357891321182, 0.06451508402824402, 0.4847911298274994, 0.034492556005716324, 0.020597362890839577, 0.0], "frame_17": [0.625365138053894, 0.3361608386039734, 0.07080349326133728, 0.04509925842285156, 0.061699993908405304, 0.4762829840183258, 0.03457067161798477, 0.020325088873505592, 0.0], "frame_18": [0.6252523064613342, 0.33617743849754333, 0.07058648020029068, 0.04519348219037056, 0.05836381018161774, 0.4683361053466797, 0.03505676984786987, 0.021044541150331497, 0.0], "frame_19": [0.6252841353416443, 0.3361447751522064, 0.07057224214076996, 0.04522876814007759, 0.05101142078638077, 0.460109144449234, 0.03496916964650154, 0.02165851555764675, 0.0], "frame_20": [0.6252242922782898, 0.33620378375053406, 0.07040099799633026, 0.04551834985613823, 0.042076289653778076, 0.4540848731994629, 0.03648679703474045, 0.021225547417998314, 0.0], "frame_21": [0.6256648302078247, 0.33625084161758423, 0.06998248398303986, 0.04559459537267685, 0.03209558501839638, 0.44957414269447327, 0.037866368889808655, 0.022334765642881393, 0.0], "frame_22": [0.6256207823753357, 0.33623018860816956, 0.07006242871284485, 0.04543657228350639, 0.02322024293243885, 0.44603556394577026, 0.036753781139850616, 0.021849442273378372, 0.0], "frame_23": [0.625699520111084, 0.33624693751335144, 0.06990779936313629, 0.04542183876037598, 0.019479837268590927, 0.4434015154838562, 0.03402600809931755, 0.0218169204890728, 0.0], "frame_24": [0.6254194378852844, 0.33624786138534546, 0.07025434821844101, 0.04526820033788681, 0.016574161127209663, 0.4402831196784973, 0.031144309788942337, 0.022023582831025124, 0.0], "frame_25": [0.62556391954422, 0.33621945977211, 0.07001291960477829, 0.04526343196630478, 0.016574161127209663, 0.4402831196784973, 0.031144309788942337, 0.022023582831025124, 0.0], "frame_26": [0.625521183013916, 0.33622604608535767, 0.07090267539024353, 0.04525346681475639, 0.016574161127209663, 0.4402831196784973, 0.031144309788942337, 0.022023582831025124, 0.0], "frame_27": [0.6254702806472778, 0.3362996578216553, 0.0707227885723114, 0.0453038215637207, 0.016574161127209663, 0.4402831196784973, 0.031144309788942337, 0.022023582831025124, 0.0], "frame_28": [0.6251765489578247, 0.33640632033348083, 0.07075229287147522, 0.04544200748205185, 0.016574161127209663, 0.4402831196784973, 0.031144309788942337, 0.022023582831025124, 0.0], "frame_29": [0.6253272891044617, 0.33641451597213745, 0.07089182734489441, 0.04553384706377983, 0.016574161127209663, 0.4402831196784973, 0.031144309788942337, 0.022023582831025124, 0.0], "frame_30": [0.625306248664856, 0.33641543984413147, 0.0708228200674057, 0.045525360852479935, 0.016574161127209663, 0.4402831196784973, 0.031144309788942337, 0.022023582831025124, 0.0], "frame_31": [0.6256917119026184, 0.33639341592788696, 0.07019331306219101, 0.04541578143835068, 0.016574161127209663, 0.4402831196784973, 0.031144309788942337, 0.022023582831025124, 0.0], "frame_32": [0.6255241632461548, 0.33635538816452026, 0.0701330378651619, 0.04530487209558487, 0.01576916314661503, 0.40682631731033325, 0.028871621936559677, 0.02224702760577202, 0.0], "frame_33": [0.6251963376998901, 0.3364000916481018, 0.07102135568857193, 0.04536700248718262, 0.020069127902388573, 0.3942442536354065, 0.035050127655267715, 0.023389387875795364, 0.0], "frame_34": [0.6252703070640564, 0.33639970421791077, 0.07082502543926239, 0.0453580841422081, 0.032417044043540955, 0.37679651379585266, 0.04211391881108284, 0.023873042315244675, 0.0], "frame_35": [0.6252238750457764, 0.33648189902305603, 0.07050815224647522, 0.04532260820269585, 0.051621753722429276, 0.35945287346839905, 0.03647066652774811, 0.023768329992890358, 0.0], "frame_36": [0.6257032752037048, 0.33648979663848877, 0.07005954533815384, 0.04575228691101074, 0.06957107037305832, 0.3420868515968323, 0.03826115280389786, 0.022862624377012253, 0.0], "frame_37": [0.6255336999893188, 0.3365342915058136, 0.07036878913640976, 0.04574256017804146, 0.09024444967508316, 0.32580313086509705, 0.038407452404499054, 0.022352123633027077, 0.0], "frame_38": [0.6256709694862366, 0.3366190791130066, 0.07037853449583054, 0.04563932493329048, 0.10806246846914291, 0.3127961754798889, 0.037743546068668365, 0.02256011962890625, 0.0], "frame_39": [0.6256247758865356, 0.3366695046424866, 0.07057469338178635, 0.04582185670733452, 0.12616237998008728, 0.299561470746994, 0.03681594133377075, 0.025412941351532936, 4.963086394127458e-05], "frame_40": [0.6257336139678955, 0.33667516708374023, 0.07035878300666809, 0.04581904411315918, 0.14432762563228607, 0.2885367274284363, 0.03756745532155037, 0.023844528943300247, 0.0], "frame_41": [0.6256856918334961, 0.33668285608291626, 0.07054705917835236, 0.046070098876953125, 0.14432762563228607, 0.2885367274284363, 0.03756745532155037, 0.023844528943300247, 0.0],