{"frame_0": [0.5493994951248169, 0.3467083275318146, 0.06030845642089844, 0.06495577841997147, 0.6916117072105408, 0.49416202306747437, 0.03663851320743561, 0.04078521579504013, 0.8329777717590332], "frame_1": [0.5493960380554199, 0.3466249406337738, 0.06000976637005806, 0.06487736105918884, 0.13032816350460052, 0.5831635594367981, 0.02922949194908142, 0.032808855175971985, 0.840748131275177], "frame_2": [0.5493853092193604, 0.3466877341270447, 0.06002252548933029, 0.06502719223499298, 0.13032816350460052, 0.5831635594367981, 0.02922949194908142, 0.032808855175971985, 0.833376407623291], "frame_3": [0.5493924617767334, 0.34672054648399353, 0.06000099331140518, 0.06505067646503448, 0.13032816350460052, 0.5831635594367981, 0.02922949194908142, 0.032808855175971985, 0.8162621259689331], "frame_4": [0.5493839979171753, 0.34668612480163574, 0.06005994975566864, 0.06504285335540771, 0.13032816350460052, 0.5831635594367981, 0.02922949194908142, 0.032808855175971985, 0.808195948600769], "frame_5": [0.5494024753570557, 0.34661591053009033, 0.05995903164148331, 0.06495276838541031, 0.13032816350460052, 0.5831635594367981, 0.02922949194908142, 0.032808855175971985, 0.7821241021156311], "frame_6": [0.5494256019592285, 0.34665530920028687, 0.060047999024391174, 0.06502115726470947, 0.13032816350460052, 0.5831635594367981, 0.02922949194908142, 0.032808855175971985, 0.7935937643051147], "frame_7": [0.549450159072876, 0.34667566418647766, 0.05995818227529526, 0.06500530242919922, 0.13032816350460052, 0.5831635594367981, 0.02922949194908142, 0.032808855175971985, 0.7794628739356995], "frame_8": [0.5493658185005188, 0.3467276692390442, 0.06000073626637459, 0.06511927396059036, 0.13032816350460052, 0.5831635594367981, 0.02922949194908142, 0.032808855175971985, 0.7675641179084778], "frame_9": [0.5493893623352051, 0.34672218561172485, 0.05995703861117363, 0.06509416550397873, 0.11958465725183487, 0.5832740068435669, 0.028720378875732422, 0.0326622873544693, 0.7354342937469482], "frame_10": [0.5493924617767334, 0.3466830849647522, 0.05997895076870918, 0.06503009796142578, 0.12128584086894989, 0.5809803009033203, 0.02898452617228031, 0.031432174146175385, 0.709234356880188], "frame_11": [0.5493860244750977, 0.34670379757881165, 0.05996454134583473, 0.06507810205221176, 0.12447384744882584, 0.577271580696106, 0.029462147504091263, 0.031188370659947395, 0.6524773240089417], "frame_12": [0.5493789911270142, 0.3467426002025604, 0.05915357917547226, 0.06494956463575363, 0.12850885093212128, 0.5725199580192566, 0.029993629083037376, 0.03115234337747097, 0.6349242925643921], "frame_13": [0.5493906736373901, 0.34673449397087097, 0.05924957990646362, 0.06491902470588684, 0.12850885093212128, 0.5725199580192566, 0.029993629083037376, 0.03115234337747097, 0.5959143042564392], "frame_14": [0.5493887066841125, 0.34676575660705566, 0.05942022427916527, 0.06489821523427963, 0.12850885093212128, 0.5725199580192566, 0.029993629083037376, 0.03115234337747097, 0.5732808113098145], "frame_15": [0.5493811964988708, 0.34679967164993286, 0.05941009521484375, 0.06500595808029175, 0.12850885093212128, 0.5725199580192566, 0.029993629083037376, 0.03115234337747097, 0.5490991473197937], "frame_16": [0.549345076084137, 0.34675145149230957, 0.05930328369140625, 0.06493862718343735, 0.13380441069602966, 0.5389009118080139, 0.027291562408208847, 0.02974395826458931, 0.5263447165489197], "frame_17": [0.5493455529212952, 0.3467724621295929, 0.05930481106042862, 0.06497883051633835, 0.12843962013721466, 0.5287345051765442, 0.029135746881365776, 0.030069733038544655, 0.49594321846961975], "frame_18": [0.549312174320221, 0.34675347805023193, 0.05926848575472832, 0.06489857286214828, 0.12319406121969223, 0.5185974836349487, 0.029365327209234238, 0.031066512688994408, 0.4213918149471283], "frame_19": [0.5493141412734985, 0.34675484895706177, 0.059302352368831635, 0.06490319222211838, 0.11774507910013199, 0.5096138119697571, 0.027543777599930763, 0.030574798583984375, 0.4332488775253296], "frame_20": [0.5493176579475403, 0.3467774987220764, 0.0592888742685318, 0.06495741009712219, 0.11215044558048248, 0.5024219155311584, 0.027938514947891235, 0.029219986870884895, 0.506500244140625], "frame_21": [0.5493030548095703, 0.3468574583530426, 0.059363387525081635, 0.06511889398097992, 0.10668381303548813, 0.4975864887237549, 0.028150463476777077, 0.03018866665661335, 0.5663438439369202], "frame_22": [0.5492889881134033, 0.346831738948822, 0.059355247765779495, 0.06518489122390747, 0.10126566141843796, 0.4928025007247925, 0.02914104424417019, 0.02992706373333931, 0.5970337986946106], "frame_23": [0.5493761897087097, 0.34671640396118164, 0.059780798852443695, 0.06520748138427734, 0.0973682850599289, 0.49008139967918396, 0.03070804849267006, 0.031126148998737335, 0.5975711941719055], "frame_24": [0.549203634262085, 0.34659647941589355, 0.05945777893066406, 0.06448781490325928, 0.0940171480178833, 0.48799562454223633, 0.03076758421957493, 0.03128340095281601, 0.6323199272155762], "frame_25": [0.5491939783096313, 0.3466028571128845, 0.059426285326480865, 0.064548559486866, 0.09164197742938995, 0.4861909747123718, 0.030386611819267273, 0.030234061181545258, 0.5891626477241516], "frame_26": [0.5491492748260498, 0.34663665294647217, 0.059381697326898575, 0.06462281197309494, 0.08990442752838135, 0.4849196672439575, 0.03097429871559143, 0.03013915941119194, 0.6374360918998718], "frame_27": [0.5491339564323425, 0.34663036465644836, 0.05938606336712837, 0.06461615860462189, 0.08788744360208511, 0.48298245668411255, 0.031131118535995483, 0.030263645574450493, 0.7080941796302795], "frame_28": [0.5491580367088318, 0.3465298116207123, 0.05985374376177788, 0.0647754892706871, 0.08696428686380386, 0.48064252734184265, 0.031255196779966354, 0.03150613605976105, 0.5796442031860352], "frame_29": [0.549144983291626, 0.34652429819107056, 0.05983314663171768, 0.06477052718400955, 0.08672597259283066, 0.4757090210914612, 0.03138227388262749, 0.03220541030168533, 0.4901725947856903], "frame_30": [0.5491616725921631, 0.34633758664131165, 0.05983636528253555, 0.06483898311853409, 0.08805927634239197, 0.46845006942749023, 0.031070180237293243, 0.032175444066524506, 0.7079898715019226], "frame_31": [0.5491754412651062, 0.346363365650177, 0.0598764643073082, 0.06482891738414764, 0.0896870493888855, 0.4591781497001648, 0.03086341731250286, 0.03257446363568306, 0.6765169501304626], "frame_32": [0.5492479205131531, 0.3463814854621887, 0.05992376431822777, 0.06467187404632568, 0.09246555715799332, 0.44666799902915955, 0.030539920553565025, 0.03237372636795044, 0.40442657470703125], "frame_33": [0.5491658449172974, 0.34650880098342896, 0.059567641466856, 0.06458219140768051, 0.09786287695169449, 0.4310494363307953, 0.02938530221581459, 0.03200242668390274, 0.5419947504997253], "frame_34": [0.5492032170295715, 0.34647783637046814, 0.05955963209271431, 0.06462734937667847, 0.10798477381467819, 0.4102812111377716, 0.02925925701856613, 0.03289087116718292, 0.7116172313690186], "frame_35": [0.5492000579833984, 0.3465039134025574, 0.05956115573644638, 0.0646810531616211, 0.12209364771842957, 0.3863868713378906, 0.030200671404600143, 0.03241411969065666, 0.8190386891365051], "frame_36": [0.5491743087768555, 0.3464031517505646, 0.0601680763065815, 0.06398654729127884, 0.1365022212266922, 0.3629859983921051, 0.029074573889374733, 0.03200825676321983, 0.7812182307243347], "frame_37": [0.5491399765014648, 0.34639057517051697, 0.060070037841796875, 0.06397543847560883, 0.15143080055713654, 0.3436858057975769, 0.02896828204393387, 0.03134049475193024, 0.7582924365997314], "frame_38": [0.549163281917572, 0.3463083803653717, 0.06006050109863281, 0.0640924870967865, 0.16535675525665283, 0.3253802955150604, 0.029554642736911774, 0.031231392174959183, 0.7354729175567627], "frame_39": [0.5491474866867065, 0.3463108539581299, 0.060053251683712006, 0.06410244852304459, 0.18169282376766205, 0.3072246313095093, 0.03224337846040726, 0.03252173587679863, 0.736466109752655],