{"frame_0": [0.6285095810890198, 0.39835771918296814, 0.04983384907245636, 0.04876289516687393, 0.6582743525505066, 0.4774942100048065, 0.023026276379823685, 0.022537527605891228, 0.0], "frame_1": [0.6282073259353638, 0.3983961343765259, 0.04917937517166138, 0.0491441935300827, 0.6582743525505066, 0.4774942100048065, 0.023026276379823685, 0.022537527605891228, 0.0], "frame_2": [0.6280813217163086, 0.3984167277812958, 0.04896219074726105, 0.04914139583706856, 0.6582743525505066, 0.4774942100048065, 0.023026276379823685, 0.022537527605891228, 0.0], "frame_3": [0.628197968006134, 0.3982822299003601, 0.04919586330652237, 0.049105241894721985, 0.6582743525505066, 0.4774942100048065, 0.023026276379823685, 0.022537527605891228, 0.0], "frame_4": [0.6280988454818726, 0.3983543813228607, 0.048845671117305756, 0.049189843237400055, 0.6582743525505066, 0.4774942100048065, 0.023026276379823685, 0.022537527605891228, 0.0], "frame_5": [0.628105103969574, 0.3983478546142578, 0.04892442375421524, 0.04918738454580307, 0.6582743525505066, 0.4774942100048065, 0.023026276379823685, 0.022537527605891228, 0.6080138087272644], "frame_6": [0.6281735897064209, 0.39830636978149414, 0.0491597056388855, 0.04926147311925888, 0.6582743525505066, 0.4774942100048065, 0.023026276379823685, 0.022537527605891228, 0.9244406819343567], "frame_7": [0.6282045841217041, 0.398360937833786, 0.04888513311743736, 0.04902983829379082, 0.6582743525505066, 0.4774942100048065, 0.023026276379823685, 0.022537527605891228, 0.9218773245811462], "frame_8": [0.6281613111495972, 0.39832815527915955, 0.049121685326099396, 0.04908667504787445, 0.6582743525505066, 0.4774942100048065, 0.023026276379823685, 0.022537527605891228, 0.8467105627059937], "frame_9": [0.6281543970108032, 0.39833658933639526, 0.049040816724300385, 0.049077775329351425, 0.6582743525505066, 0.4774942100048065, 0.023026276379823685, 0.022537527605891228, 0.9126377105712891], "frame_10": [0.6281435489654541, 0.39836782217025757, 0.0489884689450264, 0.04905891418457031, 0.9377046227455139, 0.6016677618026733, 0.02690090611577034, 0.0245064627379179, 0.8751969337463379], "frame_11": [0.6281996965408325, 0.39844974875450134, 0.048651717603206635, 0.048979781568050385, 0.9234364628791809, 0.5962231755256653, 0.026607513427734375, 0.025072861462831497, 0.4548746943473816], "frame_12": [0.6280679702758789, 0.398348867893219, 0.04816695302724838, 0.049654386937618256, 0.9234364628791809, 0.5962231755256653, 0.026607513427734375, 0.025072861462831497, 0.48044753074645996], "frame_13": [0.628082811832428, 0.3982451558113098, 0.048020172864198685, 0.04927185922861099, 0.9234364628791809, 0.5962231755256653, 0.026607513427734375, 0.025072861462831497, 0.7891720533370972], "frame_14": [0.62809157371521, 0.3982771933078766, 0.048072051256895065, 0.04923125356435776, 0.905719518661499, 0.5954194068908691, 0.026271820068359375, 0.02363603375852108, 0.8156025409698486], "frame_15": [0.6280591487884521, 0.39829155802726746, 0.04805145412683487, 0.049327678978443146, 0.9018285274505615, 0.5976957678794861, 0.027290599420666695, 0.024767091497778893, 0.8254334330558777], "frame_16": [0.628059983253479, 0.3982958495616913, 0.04800698906183243, 0.049347516149282455, 0.8970043659210205, 0.5993309617042542, 0.026447465643286705, 0.02453986182808876, 0.8172371983528137], "frame_17": [0.6280573606491089, 0.3983147442340851, 0.04802453890442848, 0.04940571263432503, 0.8928219079971313, 0.598554790019989, 0.022800784558057785, 0.02452239952981472, 0.7786657214164734], "frame_18": [0.6280768513679504, 0.39833179116249084, 0.04805229976773262, 0.04944301024079323, 0.887686014175415, 0.5934444069862366, 0.024591827765107155, 0.024255286902189255, 0.6973971128463745], "frame_19": [0.6279996037483215, 0.39826616644859314, 0.04794807359576225, 0.04958762973546982, 0.8820620775222778, 0.5834860801696777, 0.024568939581513405, 0.02749871090054512, 0.6662952303886414], "frame_20": [0.6279696822166443, 0.39828863739967346, 0.04784812778234482, 0.04953134432435036, 0.8786972165107727, 0.5716503858566284, 0.02334899827837944, 0.02658860944211483, 0.5535157322883606], "frame_21": [0.6280007362365723, 0.39831680059432983, 0.047982025891542435, 0.04954880475997925, 0.8794444799423218, 0.5568114519119263, 0.02704620361328125, 0.02647705003619194, 0.5216808915138245], "frame_22": [0.6279907822608948, 0.3982720375061035, 0.04825545474886894, 0.049562495201826096, 0.8825538754463196, 0.5431370735168457, 0.02950405515730381, 0.02678154781460762, 0.47371241450309753], "frame_23": [0.6279948949813843, 0.3982867896556854, 0.04825897142291069, 0.04954596608877182, 0.8895249962806702, 0.5322520732879639, 0.030927276238799095, 0.030880356207489967, 0.47027549147605896], "frame_24": [0.6277164220809937, 0.39819425344467163, 0.04822404682636261, 0.049454838037490845, 0.896820604801178, 0.519511342048645, 0.029094696044921875, 0.030427763238549232, 0.5656648874282837], "frame_25": [0.6277146935462952, 0.39819052815437317, 0.04820416867733002, 0.049447547644376755, 0.896820604801178, 0.519511342048645, 0.029094696044921875, 0.030427763238549232, 0.4843840003013611], "frame_26": [0.6277937889099121, 0.398224800825119, 0.04808599501848221, 0.04954545944929123, 0.896820604801178, 0.519511342048645, 0.029094696044921875, 0.030427763238549232, 0.48292040824890137], "frame_27": [0.6277758479118347, 0.3982199430465698, 0.048104941844940186, 0.04950883612036705, 0.896820604801178, 0.519511342048645, 0.029094696044921875, 0.030427763238549232, 0.5651910305023193], "frame_28": [0.6277729868888855, 0.39822879433631897, 0.048119522631168365, 0.04952345788478851, 0.896820604801178, 0.519511342048645, 0.029094696044921875, 0.030427763238549232, 0.459985613822937], "frame_29": [0.6277625560760498, 0.39821913838386536, 0.04809790849685669, 0.0495164655148983, 0.9291378259658813, 0.4965873658657074, 0.026602596044540405, 0.029122162610292435, 0.2853127717971802], "frame_30": [0.6278332471847534, 0.3982292115688324, 0.04816301167011261, 0.049493663012981415, 0.9291378259658813, 0.4965873658657074, 0.026602596044540405, 0.029122162610292435, 0.37681102752685547], "frame_31": [0.62786465883255, 0.3982184827327728, 0.04827155917882919, 0.049491968005895615, 0.9322248697280884, 0.4800758361816406, 0.03287353366613388, 0.035891342908144, 0.49700456857681274], "frame_32": [0.627862811088562, 0.39822715520858765, 0.04820882901549339, 0.04950578510761261, 0.934859037399292, 0.47246238589286804, 0.029615359380841255, 0.03248176723718643, 0.4561045467853546], "frame_33": [0.6278454661369324, 0.398234486579895, 0.04815690964460373, 0.04952430725097656, 0.9346342086791992, 0.4619806110858917, 0.028299374505877495, 0.03420257568359375, 0.4394585192203522], "frame_34": [0.6278381943702698, 0.3981691896915436, 0.048326194286346436, 0.04962713271379471, 0.9314404129981995, 0.44007280468940735, 0.032322268933057785, 0.031795501708984375, 0.6815997362136841], "frame_35": [0.6278687119483948, 0.3981856107711792, 0.04839362949132919, 0.049625568091869354, 0.9207497239112854, 0.4121648073196411, 0.02671966515481472, 0.029461372643709183, 0.8320537209510803], "frame_36": [0.6280763149261475, 0.3982712924480438, 0.04826880618929863, 0.049486201256513596, 0.9097396731376648, 0.3897547423839569, 0.02633938193321228, 0.029215114191174507, 0.881958544254303], "frame_37": [0.6280536651611328, 0.39826396107673645, 0.048188697546720505, 0.049448393285274506, 0.899222731590271, 0.36775416135787964, 0.02851104736328125, 0.029506174847483635, 0.7733500003814697], "frame_38": [0.6280909180641174, 0.3982622027397156, 0.04819526523351669, 0.049503326416015625, 0.8883485794067383, 0.34747567772865295, 0.02842085063457489, 0.028555510565638542, 0.7789313197135925], "frame_39": [0.6281226873397827, 0.39829355478286743, 0.04830970615148544, 0.04956711828708649, 0.8777551651000977, 0.3267345130443573, 0.0271029993891716, 0.033533476293087006, 0.842673659324646],