{"frame_0": [0.6255617737770081, 0.33625298738479614, 0.07101728767156601, 0.04646172374486923, 0.7262814044952393, 0.5001739263534546, 0.04598795622587204, 0.028696823865175247, 0.4411316215991974], "frame_1": [0.6257060170173645, 0.3360983729362488, 0.07071296125650406, 0.04623394086956978, 0.7254425287246704, 0.5044912099838257, 0.04488423839211464, 0.028630733489990234, 0.0], "frame_2": [0.6258078217506409, 0.3361433446407318, 0.07061123102903366, 0.046315860003232956, 0.7219573259353638, 0.5079888105392456, 0.03893059492111206, 0.026812076568603516, 0.0], "frame_3": [0.6257719397544861, 0.3361453115940094, 0.07063055783510208, 0.046235181391239166, 0.7172507643699646, 0.5102728605270386, 0.03730977326631546, 0.02639293670654297, 0.0], "frame_4": [0.6257644891738892, 0.3361123502254486, 0.07080069929361343, 0.04609174653887749, 0.711978554725647, 0.5111519694328308, 0.04098409041762352, 0.02681903913617134, 0.6812593936920166], "frame_5": [0.6257388591766357, 0.33614903688430786, 0.07087436318397522, 0.045963190495967865, 0.7107685804367065, 0.5114650130271912, 0.04410688579082489, 0.027260875329375267, 0.4547984302043915], "frame_6": [0.6257950067520142, 0.33610662817955017, 0.0706789642572403, 0.04599585384130478, 0.706226110458374, 0.5108774304389954, 0.04305318370461464, 0.026103686541318893, 0.40943217277526855], "frame_7": [0.6260242462158203, 0.33593088388442993, 0.0706278458237648, 0.046142578125, 0.7022369503974915, 0.5101813673973083, 0.04472554475069046, 0.02800578996539116, 0.0], "frame_8": [0.626173734664917, 0.33592361211776733, 0.07033165544271469, 0.04614510387182236, 0.6999308466911316, 0.5082736015319824, 0.04370388388633728, 0.027912329882383347, 0.0], "frame_9": [0.6261783838272095, 0.3359736204147339, 0.07061301171779633, 0.04611849784851074, 0.6978120803833008, 0.5052629709243774, 0.04415863752365112, 0.028333282098174095, 0.36612698435783386], "frame_10": [0.6262080073356628, 0.335991233587265, 0.07072202861309052, 0.04615316540002823, 0.6931267380714417, 0.5000411868095398, 0.03972151130437851, 0.02837696112692356, 0.5425620675086975], "frame_11": [0.626056432723999, 0.3359958827495575, 0.07086241245269775, 0.04615793377161026, 0.6874251365661621, 0.4957457184791565, 0.03817816823720932, 0.025496482849121094, 0.4875243306159973], "frame_12": [0.6253592371940613, 0.3360472321510315, 0.07311858981847763, 0.0462859645485878, 0.6785027384757996, 0.4910377562046051, 0.03086242638528347, 0.022721480578184128, 0.2586367130279541], "frame_13": [0.6253999471664429, 0.33594149351119995, 0.07302449643611908, 0.0461609847843647, 0.6785027384757996, 0.4910377562046051, 0.03086242638528347, 0.022721480578184128, 0.20492208003997803], "frame_14": [0.6254139542579651, 0.3359312415122986, 0.07310841977596283, 0.046141766011714935, 0.6785027384757996, 0.4910377562046051, 0.03086242638528347, 0.022721480578184128, 0.0], "frame_15": [0.6255940198898315, 0.33570152521133423, 0.0721026137471199, 0.046240758150815964, 0.6785027384757996, 0.4910377562046051, 0.03086242638528347, 0.022721480578184128, 0.0], "frame_16": [0.6255561113357544, 0.33593496680259705, 0.07335544377565384, 0.04624300077557564, 0.6785027384757996, 0.4910377562046051, 0.03086242638528347, 0.022721480578184128, 0.26768752932548523], "frame_17": [0.6255423426628113, 0.33596745133399963, 0.07327423244714737, 0.04634547233581543, 0.6785027384757996, 0.4910377562046051, 0.03086242638528347, 0.022721480578184128, 0.37655919790267944], "frame_18": [0.6254242658615112, 0.3357672691345215, 0.07258470356464386, 0.04654283449053764, 0.6785027384757996, 0.4910377562046051, 0.03086242638528347, 0.022721480578184128, 0.6483983993530273], "frame_19": [0.6255271434783936, 0.33574986457824707, 0.07227333635091782, 0.046410273760557175, 0.6785027384757996, 0.4910377562046051, 0.03086242638528347, 0.022721480578184128, 0.3604864180088043], "frame_20": [0.6254795789718628, 0.3358561396598816, 0.07333747297525406, 0.04605989530682564, 0.6785027384757996, 0.4910377562046051, 0.03086242638528347, 0.022721480578184128, 0.38755035400390625], "frame_21": [0.6254890561103821, 0.33582907915115356, 0.07301262766122818, 0.04607224464416504, 0.6785027384757996, 0.4910377562046051, 0.03086242638528347, 0.022721480578184128, 0.4759761393070221], "frame_22": [0.6256601810455322, 0.3356667757034302, 0.07160034030675888, 0.04642987251281738, 0.6785027384757996, 0.4910377562046051, 0.03086242638528347, 0.022721480578184128, 0.48270660638809204], "frame_23": [0.6256652474403381, 0.3356415331363678, 0.07159483432769775, 0.04633736610412598, 0.6785027384757996, 0.4910377562046051, 0.03086242638528347, 0.022721480578184128, 0.5911539793014526], "frame_24": [0.6261661052703857, 0.3357248306274414, 0.07062581181526184, 0.046448610723018646, 0.6537137031555176, 0.4299260675907135, 0.049016572535037994, 0.027410507202148438, 0.0], "frame_25": [0.6262574195861816, 0.33572497963905334, 0.07074940949678421, 0.04645824432373047, 0.6537137031555176, 0.4299260675907135, 0.049016572535037994, 0.027410507202148438, 0.5630147457122803], "frame_26": [0.6262466311454773, 0.33571046590805054, 0.07066701352596283, 0.046487998217344284, 0.6480847597122192, 0.4202752113342285, 0.05304836854338646, 0.021469498053193092, 0.5658840537071228], "frame_27": [0.6262110471725464, 0.3356918394565582, 0.07062564790248871, 0.046456050127744675, 0.6480154395103455, 0.41596919298171997, 0.04361758753657341, 0.02351207658648491, 0.5745592713356018], "frame_28": [0.6261263489723206, 0.33569806814193726, 0.07025477290153503, 0.046507738530635834, 0.6464285254478455, 0.41308578848838806, 0.04351959377527237, 0.024835776537656784, 0.66841059923172], "frame_29": [0.6260039210319519, 0.335707426071167, 0.0702548548579216, 0.04655318334698677, 0.644874632358551, 0.4098183512687683, 0.04405161365866661, 0.024733757600188255, 0.695110559463501], "frame_30": [0.6259539723396301, 0.3359857201576233, 0.07102686911821365, 0.04632072523236275, 0.6432686448097229, 0.4067923426628113, 0.044370610266923904, 0.025233745574951172, 0.2534823715686798], "frame_31": [0.6259057521820068, 0.33607152104377747, 0.07079162448644638, 0.04645862430334091, 0.6419240236282349, 0.403344064950943, 0.043934207409620285, 0.02667408064007759, 0.1618596315383911], "frame_32": [0.6259538531303406, 0.33606889843940735, 0.0703497976064682, 0.04646782949566841, 0.6400542855262756, 0.39750805497169495, 0.04456397145986557, 0.027670573443174362, 0.6102725863456726], "frame_33": [0.6261441707611084, 0.335529625415802, 0.06976216286420822, 0.04620003700256348, 0.6371661424636841, 0.38824599981307983, 0.04379865899682045, 0.026937484741210938, 0.8709294199943542], "frame_34": [0.6256501078605652, 0.34199509024620056, 0.07057308405637741, 0.05902066081762314, 0.6355500817298889, 0.37417954206466675, 0.04606086015701294, 0.024910449981689453, 0.9830434322357178], "frame_35": [0.6269143223762512, 0.34159812331199646, 0.0688493549823761, 0.0589231476187706, 0.6307333111763, 0.35188430547714233, 0.05620354413986206, 0.04140739515423775, 0.9403228759765625], "frame_36": [0.6268579959869385, 0.3354406952857971, 0.06613481044769287, 0.04547567293047905, 0.6287168860435486, 0.33715754747390747, 0.05898166075348854, 0.04287566989660263, 0.5539535284042358], "frame_37": [0.6268579959869385, 0.3354406952857971, 0.06613481044769287, 0.04547567293047905, 0.6289311647415161, 0.3328440189361572, 0.057942792773246765, 0.03713560104370117, 0.7548235058784485], "frame_38": [0.6268579959869385, 0.3354406952857971, 0.06613481044769287, 0.04547567293047905, 0.6260871887207031, 0.3238099217414856, 0.05335964635014534, 0.027373313903808594, 0.553695797920227], "frame_39": [0.6272984743118286, 0.33236604928970337, 0.06879051774740219, 0.05427990108728409, 0.6220281720161438, 0.3123781085014343, 0.049294788390398026, 0.027111053466796875, 0.0],