{"frame_0": [0.6299728751182556, 0.39555537700653076, 0.048092398792505264, 0.048813797533512115, 0.36588364839553833, 0.5781525373458862, 0.016628647223114967, 0.018906783312559128, 0.7577117681503296], "frame_1": [0.6297804713249207, 0.3957335650920868, 0.04893235117197037, 0.04859521612524986, 0.36605751514434814, 0.5767178535461426, 0.016991382464766502, 0.018634965643286705, 0.763481616973877], "frame_2": [0.6300495266914368, 0.3957505226135254, 0.048356033861637115, 0.04859072342514992, 0.36663082242012024, 0.5758212804794312, 0.017579523846507072, 0.018565749749541283, 0.7329215407371521], "frame_3": [0.6300408244132996, 0.39575135707855225, 0.0483577735722065, 0.04859602078795433, 0.368516206741333, 0.5735079646110535, 0.018441857770085335, 0.017761781811714172, 0.7053812146186829], "frame_4": [0.6301879286766052, 0.39576712250709534, 0.04871940612792969, 0.048599496483802795, 0.37135282158851624, 0.5681129693984985, 0.018525738269090652, 0.02027299627661705, 0.6633368134498596], "frame_5": [0.6300724744796753, 0.39580026268959045, 0.048627473413944244, 0.04847823083400726, 0.37429043650627136, 0.5631099939346313, 0.018933020532131195, 0.01920471154153347, 0.664726734161377], "frame_6": [0.6300578713417053, 0.39580780267715454, 0.04861106723546982, 0.04853612929582596, 0.3765279948711395, 0.5559371709823608, 0.018502594903111458, 0.021232986822724342, 0.5547114014625549], "frame_7": [0.630072832107544, 0.3957972228527069, 0.048655107617378235, 0.04851493984460831, 0.3765279948711395, 0.5559371709823608, 0.018502594903111458, 0.021232986822724342, 0.5894213318824768], "frame_8": [0.6300716996192932, 0.3957950472831726, 0.048632897436618805, 0.048548635095357895, 0.3765279948711395, 0.5559371709823608, 0.018502594903111458, 0.021232986822724342, 0.6110721826553345], "frame_9": [0.6301024556159973, 0.3957052528858185, 0.048780061304569244, 0.04843093082308769, 0.3765279948711395, 0.5559371709823608, 0.018502594903111458, 0.021232986822724342, 0.0], "frame_10": [0.6300991177558899, 0.3956306576728821, 0.04895951971411705, 0.048406220972537994, 0.3765279948711395, 0.5559371709823608, 0.018502594903111458, 0.021232986822724342, 0.0], "frame_11": [0.6300907731056213, 0.39563387632369995, 0.04894273728132248, 0.04841338098049164, 0.3765279948711395, 0.5559371709823608, 0.018502594903111458, 0.021232986822724342, 0.0], "frame_12": [0.6300978660583496, 0.3956280052661896, 0.04870719835162163, 0.04823799058794975, 0.3765279948711395, 0.5559371709823608, 0.018502594903111458, 0.021232986822724342, 0.7299591898918152], "frame_13": [0.6301207542419434, 0.3956109881401062, 0.04876229912042618, 0.0481916218996048, 0.3765279948711395, 0.5559371709823608, 0.018502594903111458, 0.021232986822724342, 0.8091491460800171], "frame_14": [0.6301246881484985, 0.39563921093940735, 0.04877539724111557, 0.04823587089776993, 0.3765279948711395, 0.5559371709823608, 0.018502594903111458, 0.021232986822724342, 0.8183133602142334], "frame_15": [0.6301265954971313, 0.39565539360046387, 0.04877319186925888, 0.0482574887573719, 0.3765279948711395, 0.5559371709823608, 0.018502594903111458, 0.021232986822724342, 0.0], "frame_16": [0.6301474571228027, 0.3957780599594116, 0.04901771619915962, 0.04818831384181976, 0.3765279948711395, 0.5559371709823608, 0.018502594903111458, 0.021232986822724342, 0.0], "frame_17": [0.6302822232246399, 0.3957616090774536, 0.049121856689453125, 0.04833327233791351, 0.3765279948711395, 0.5559371709823608, 0.018502594903111458, 0.021232986822724342, 0.0], "frame_18": [0.6302304267883301, 0.3957689106464386, 0.049004364758729935, 0.048373665660619736, 0.3765279948711395, 0.5559371709823608, 0.018502594903111458, 0.021232986822724342, 0.0], "frame_19": [0.6302306056022644, 0.395766019821167, 0.04900550842285156, 0.048352815210819244, 0.3765279948711395, 0.5559371709823608, 0.018502594903111458, 0.021232986822724342, 0.0], "frame_20": [0.6302154064178467, 0.39577677845954895, 0.049075402319431305, 0.048330772668123245, 0.3765279948711395, 0.5559371709823608, 0.018502594903111458, 0.021232986822724342, 0.0], "frame_21": [0.6301667094230652, 0.3957922160625458, 0.049020979553461075, 0.04841635003685951, 0.3765279948711395, 0.5559371709823608, 0.018502594903111458, 0.021232986822724342, 0.0], "frame_22": [0.6302257776260376, 0.3958503007888794, 0.04910719022154808, 0.04850158840417862, 0.3765279948711395, 0.5559371709823608, 0.018502594903111458, 0.021232986822724342, 0.0], "frame_23": [0.6302134394645691, 0.3958110511302948, 0.04906332120299339, 0.04840727895498276, 0.3765279948711395, 0.5559371709823608, 0.018502594903111458, 0.021232986822724342, 0.0], "frame_24": [0.6302661895751953, 0.39586248993873596, 0.049113377928733826, 0.04846178740262985, 0.3765279948711395, 0.5559371709823608, 0.018502594903111458, 0.021232986822724342, 0.0], "frame_25": [0.6302436590194702, 0.39584290981292725, 0.0491180419921875, 0.0484100766479969, 0.3765279948711395, 0.5559371709823608, 0.018502594903111458, 0.021232986822724342, 0.0], "frame_26": [0.6302710771560669, 0.39583587646484375, 0.049205780029296875, 0.048374347388744354, 0.3765279948711395, 0.5559371709823608, 0.018502594903111458, 0.021232986822724342, 0.8590222597122192], "frame_27": [0.6302807927131653, 0.39583155512809753, 0.049169160425662994, 0.048390962183475494, 0.3765279948711395, 0.5559371709823608, 0.018502594903111458, 0.021232986822724342, 0.8938816785812378], "frame_28": [0.6303154230117798, 0.395818829536438, 0.049207136034965515, 0.04836540296673775, 0.3765279948711395, 0.5559371709823608, 0.018502594903111458, 0.021232986822724342, 0.9000861644744873], "frame_29": [0.6302986145019531, 0.3958108723163605, 0.049220867455005646, 0.04830169677734375, 0.3765279948711395, 0.5559371709823608, 0.018502594903111458, 0.021232986822724342, 0.0], "frame_30": [0.6303084492683411, 0.39580556750297546, 0.049164582043886185, 0.04833848774433136, 0.3765279948711395, 0.5559371709823608, 0.018502594903111458, 0.021232986822724342, 0.0], "frame_31": [0.6302919983863831, 0.395803838968277, 0.04913461580872536, 0.04833581671118736, 0.3765279948711395, 0.5559371709823608, 0.018502594903111458, 0.021232986822724342, 0.9167754054069519], "frame_32": [0.6302911639213562, 0.39579635858535767, 0.04908468574285507, 0.04837845638394356, 0.3765279948711395, 0.5559371709823608, 0.018502594903111458, 0.021232986822724342, 0.8042672276496887], "frame_33": [0.6302636861801147, 0.3958050310611725, 0.04898940026760101, 0.04838447645306587, 0.3765279948711395, 0.5559371709823608, 0.018502594903111458, 0.021232986822724342, 0.0], "frame_34": [0.6302318572998047, 0.3957795798778534, 0.0489044189453125, 0.04835641756653786, 0.3765279948711395, 0.5559371709823608, 0.018502594903111458, 0.021232986822724342, 0.0], "frame_35": [0.630290150642395, 0.3957657814025879, 0.049043357372283936, 0.048393335193395615, 0.44379186630249023, 0.34339481592178345, 0.019611824303865433, 0.02669255994260311, 0.6169909834861755], "frame_36": [0.6305195093154907, 0.39584943652153015, 0.04941847175359726, 0.04875098168849945, 0.45226356387138367, 0.334728866815567, 0.02007141150534153, 0.023396598175168037, 0.5931708812713623], "frame_37": [0.6305204629898071, 0.3958529233932495, 0.04940740764141083, 0.04877306520938873, 0.4601333737373352, 0.3273249864578247, 0.019357893615961075, 0.023043377324938774, 0.6771367788314819], "frame_38": [0.6304650902748108, 0.3957429528236389, 0.04929741844534874, 0.04871457442641258, 0.46750035881996155, 0.32227206230163574, 0.020118458196520805, 0.02378131076693535, 0.0], "frame_39": [0.6305033564567566, 0.39587604999542236, 0.049352265894412994, 0.04866990074515343, 0.46750035881996155, 0.32227206230163574, 0.020118458196520805, 0.02378131076693535, 0.0], "frame_40": [0.6304523944854736, 0.39585086703300476, 0.049241892993450165, 0.0485755056142807, 0.46750035881996155, 0.32227206230163574, 0.020118458196520805, 0.02378131076693535, 0.0],