{"frame_0": [0.6269322633743286, 0.3355425298213959, 0.07155189663171768, 0.08020269870758057, 0.0106697091832757, 0.6698352098464966, 0.0213394183665514, 0.04275292158126831, 0.0], "frame_1": [0.6271226406097412, 0.33550530672073364, 0.07163717597723007, 0.08023910224437714, 0.0106697091832757, 0.6698352098464966, 0.0213394183665514, 0.04275292158126831, 0.0], "frame_2": [0.6269037127494812, 0.335565447807312, 0.0721951350569725, 0.0804382711648941, 0.014523477293550968, 0.6656470894813538, 0.028300713747739792, 0.04065161943435669, 0.0], "frame_3": [0.626423716545105, 0.33556148409843445, 0.07322599738836288, 0.0803835541009903, 0.016658106818795204, 0.6612982153892517, 0.0326884500682354, 0.0399332270026207, 0.0], "frame_4": [0.6265590786933899, 0.3355647623538971, 0.073023222386837, 0.08045291900634766, 0.01830611750483513, 0.6565005779266357, 0.03661223500967026, 0.03969862312078476, 0.0], "frame_5": [0.6263945698738098, 0.33560997247695923, 0.07301131635904312, 0.08038993179798126, 0.022055944427847862, 0.6487625241279602, 0.04207110032439232, 0.039879776537418365, 0.0], "frame_6": [0.6263827085494995, 0.3355255424976349, 0.07321281731128693, 0.08041507005691528, 0.027241813018918037, 0.6384204030036926, 0.0410805270075798, 0.04089118167757988, 0.0], "frame_7": [0.6263492703437805, 0.33558768033981323, 0.073644258081913, 0.08039188385009766, 0.031056171283125877, 0.6279307007789612, 0.04430495202541351, 0.04168396070599556, 0.0], "frame_8": [0.6263352036476135, 0.33554205298423767, 0.07357262820005417, 0.0805259719491005, 0.035733189433813095, 0.6146656274795532, 0.04010510444641113, 0.04340532049536705, 0.0], "frame_9": [0.6264357566833496, 0.33547043800354004, 0.0735446959733963, 0.08039521425962448, 0.0367116704583168, 0.5960864424705505, 0.0405607707798481, 0.0410030372440815, 0.0], "frame_10": [0.6265062689781189, 0.33550918102264404, 0.07340642809867859, 0.08051681518554688, 0.03303553909063339, 0.5798239707946777, 0.04154042527079582, 0.03904380649328232, 0.0], "frame_11": [0.6261174082756042, 0.3355271518230438, 0.07407625019550323, 0.08049621433019638, 0.027456289157271385, 0.565231442451477, 0.04137260466814041, 0.03932122141122818, 0.0], "frame_12": [0.625804603099823, 0.33573323488235474, 0.07465820014476776, 0.08085320889949799, 0.021348988637328148, 0.5523710250854492, 0.038461990654468536, 0.039059828966856, 0.0], "frame_13": [0.6257154941558838, 0.3357143700122833, 0.07472381740808487, 0.08082480728626251, 0.016633927822113037, 0.5418559312820435, 0.03291690722107887, 0.036916352808475494, 0.0], "frame_14": [0.6257054805755615, 0.3356938064098358, 0.07466316223144531, 0.0807098001241684, 0.012856612913310528, 0.5335824489593506, 0.025713225826621056, 0.03667428717017174, 0.0], "frame_15": [0.6257402300834656, 0.3357059359550476, 0.0746074691414833, 0.0807117223739624, 0.00964450091123581, 0.5272974371910095, 0.01928900182247162, 0.03549690172076225, 0.0], "frame_16": [0.6257967352867126, 0.33569133281707764, 0.07458245754241943, 0.08068786561489105, 0.00696213822811842, 0.5223650932312012, 0.01392427645623684, 0.03477715328335762, 0.0], "frame_17": [0.6258170008659363, 0.33579638600349426, 0.07460136711597443, 0.08091916143894196, 0.004217558540403843, 0.5188583731651306, 0.008435117080807686, 0.035104114562273026, 0.0], "frame_18": [0.6260764002799988, 0.33574122190475464, 0.07397889345884323, 0.08078507333993912, 0.004217558540403843, 0.5188583731651306, 0.008435117080807686, 0.035104114562273026, 0.0], "frame_19": [0.6259068846702576, 0.33570602536201477, 0.07454346865415573, 0.08082063496112823, 0.004217558540403843, 0.5188583731651306, 0.008435117080807686, 0.035104114562273026, 0.0], "frame_20": [0.6262122392654419, 0.335770845413208, 0.07433013617992401, 0.0809258371591568, 0.004217558540403843, 0.5188583731651306, 0.008435117080807686, 0.035104114562273026, 0.0], "frame_21": [0.6261085271835327, 0.3357727825641632, 0.07439126074314117, 0.08097659051418304, 0.004217558540403843, 0.5188583731651306, 0.008435117080807686, 0.035104114562273026, 0.0], "frame_22": [0.6261313557624817, 0.3357793688774109, 0.07434006035327911, 0.0809590220451355, 0.004217558540403843, 0.5188583731651306, 0.008435117080807686, 0.035104114562273026, 0.0], "frame_23": [0.6261301040649414, 0.3357645571231842, 0.0744042694568634, 0.08097315579652786, 0.004217558540403843, 0.5188583731651306, 0.008435117080807686, 0.035104114562273026, 0.0], "frame_24": [0.6262954473495483, 0.33562466502189636, 0.07365722954273224, 0.08084411919116974, 0.004191562999039888, 0.46621382236480713, 0.008383125998079777, 0.03784353286027908, 0.0], "frame_25": [0.6264867782592773, 0.3355264365673065, 0.07298791408538818, 0.08067150413990021, 0.007342780940234661, 0.4465681314468384, 0.014685561880469322, 0.03991101682186127, 0.0], "frame_26": [0.6265329718589783, 0.33559513092041016, 0.07308294624090195, 0.08071920275688171, 0.013297849334776402, 0.4203881025314331, 0.026595698669552803, 0.042041100561618805, 0.0], "frame_27": [0.6265204548835754, 0.3355244994163513, 0.0731353759765625, 0.08063038438558578, 0.02744656428694725, 0.3901887536048889, 0.03839988261461258, 0.04338552802801132, 0.0], "frame_28": [0.6264433264732361, 0.33549532294273376, 0.0734410211443901, 0.0804896280169487, 0.049118559807538986, 0.3620041608810425, 0.03779132664203644, 0.04351700842380524, 0.0], "frame_29": [0.6262087225914001, 0.3354533612728119, 0.07409638166427612, 0.08044617623090744, 0.070042684674263, 0.3347841799259186, 0.03808744624257088, 0.04202815145254135, 0.0], "frame_30": [0.6263339519500732, 0.3354170620441437, 0.07406158745288849, 0.0804520696401596, 0.09232886880636215, 0.31083250045776367, 0.03957197442650795, 0.04411010816693306, 0.0], "frame_31": [0.6259645223617554, 0.33549943566322327, 0.0747227594256401, 0.08060324192047119, 0.11315380036830902, 0.2872123718261719, 0.04072985053062439, 0.04052257537841797, 0.0], "frame_32": [0.6260021328926086, 0.33548086881637573, 0.07461471855640411, 0.08048419654369354, 0.1345970630645752, 0.2670848071575165, 0.0409153513610363, 0.040928035974502563, 0.0], "frame_33": [0.626120924949646, 0.3355678915977478, 0.07489374279975891, 0.08036386966705322, 0.15629249811172485, 0.24805912375450134, 0.04049418866634369, 0.04120835289359093, 0.0], "frame_34": [0.6261798143386841, 0.3355601131916046, 0.07477331906557083, 0.08036615699529648, 0.1784595251083374, 0.22938011586666107, 0.03634386137127876, 0.03949546813964844, 0.0], "frame_35": [0.6264089941978455, 0.3356556296348572, 0.07441673427820206, 0.0806979089975357, 0.19762352108955383, 0.21429848670959473, 0.037843767553567886, 0.04274478554725647, 0.0], "frame_36": [0.626424252986908, 0.33554762601852417, 0.07421302795410156, 0.08065037429332733, 0.22013717889785767, 0.20036116242408752, 0.03529048338532448, 0.04180995002388954, 0.0], "frame_37": [0.6264380812644958, 0.3355451226234436, 0.0743035227060318, 0.08064668625593185, 0.24148495495319366, 0.18932253122329712, 0.037866782397031784, 0.042745135724544525, 0.0], "frame_38": [0.6264795660972595, 0.33536994457244873, 0.07365836948156357, 0.0803457498550415, 0.26315441727638245, 0.18091583251953125, 0.03911713510751724, 0.042283568531274796, 0.0], "frame_39": [0.6263900995254517, 0.3353995978832245, 0.0739508718252182, 0.08053851872682571, 0.2836538255214691, 0.17277200520038605, 0.04008683189749718, 0.04241037368774414, 0.0], "frame_40": [0.6264016032218933, 0.3353637754917145, 0.07403916120529175, 0.0804448202252388, 0.3048938512802124, 0.16761831939220428, 0.03933686017990112, 0.0427573099732399, 0.0], "frame_41": [0.6260277032852173, 0.3353540003299713, 0.07463683933019638, 0.08038885146379471, 0.32608792185783386, 0.16384528577327728, 0.03934044390916824, 0.04373043775558472, 0.0], "frame_42": [0.6259307265281677, 0.3353657126426697, 0.07490518689155579, 0.08040161430835724, 0.34694918990135193, 0.16177628934383392, 0.03959744796156883, 0.04365849867463112, 0.0],