{"frame_0": [0.6303048729896545, 0.3962063789367676, 0.049677275121212006, 0.05031653493642807, 0.6131543517112732, 0.43486014008522034, 0.020797517150640488, 0.024729708209633827, 0.8754839301109314], "frame_1": [0.6304537653923035, 0.3964279294013977, 0.050295256078243256, 0.050194550305604935, 0.6131543517112732, 0.43486014008522034, 0.020797517150640488, 0.024729708209633827, 0.891516387462616], "frame_2": [0.6305423378944397, 0.39630669355392456, 0.05040016025304794, 0.04995918273925781, 0.5473484396934509, 0.5954404473304749, 0.030674658715724945, 0.03184547275304794, 0.8825758099555969], "frame_3": [0.6305360794067383, 0.39631402492523193, 0.05034166947007179, 0.050006356090307236, 0.5531741380691528, 0.5986035466194153, 0.031022261828184128, 0.03133256733417511, 0.8590522408485413], "frame_4": [0.6305007934570312, 0.3962476849555969, 0.049978043884038925, 0.04984932020306587, 0.5531741380691528, 0.5986035466194153, 0.031022261828184128, 0.03133256733417511, 0.8224500417709351], "frame_5": [0.6302722096443176, 0.39611583948135376, 0.049504853785037994, 0.0494164377450943, 0.5531741380691528, 0.5986035466194153, 0.031022261828184128, 0.03133256733417511, 0.8502951860427856], "frame_6": [0.6302985548973083, 0.3961370289325714, 0.049555204808712006, 0.049424149096012115, 0.5531741380691528, 0.5986035466194153, 0.031022261828184128, 0.03133256733417511, 0.8483480215072632], "frame_7": [0.6302828788757324, 0.39611688256263733, 0.04949340969324112, 0.04939977824687958, 0.5531741380691528, 0.5986035466194153, 0.031022261828184128, 0.03133256733417511, 0.8426205515861511], "frame_8": [0.6302996277809143, 0.3961169421672821, 0.0495426170527935, 0.04940558597445488, 0.5531741380691528, 0.5986035466194153, 0.031022261828184128, 0.03133256733417511, 0.7725499868392944], "frame_9": [0.63026362657547, 0.3961116373538971, 0.04958457872271538, 0.04947967454791069, 0.5531741380691528, 0.5986035466194153, 0.031022261828184128, 0.03133256733417511, 0.7878310084342957], "frame_10": [0.6302964687347412, 0.3959571421146393, 0.049710169434547424, 0.04909668117761612, 0.5531741380691528, 0.5986035466194153, 0.031022261828184128, 0.03133256733417511, 0.6992815732955933], "frame_11": [0.6302602291107178, 0.3959645628929138, 0.04966400936245918, 0.04911622032523155, 0.5531741380691528, 0.5986035466194153, 0.031022261828184128, 0.03133256733417511, 0.5964833498001099], "frame_12": [0.6304765343666077, 0.39628973603248596, 0.04924286901950836, 0.04864048585295677, 0.5531741380691528, 0.5986035466194153, 0.031022261828184128, 0.03133256733417511, 0.678923487663269], "frame_13": [0.6304892897605896, 0.3962840139865875, 0.04925956577062607, 0.0486365407705307, 0.5531741380691528, 0.5986035466194153, 0.031022261828184128, 0.03133256733417511, 0.6079648733139038], "frame_14": [0.6304702162742615, 0.3962835669517517, 0.049242399632930756, 0.04864056780934334, 0.5531741380691528, 0.5986035466194153, 0.031022261828184128, 0.03133256733417511, 0.2108485847711563], "frame_15": [0.6302012801170349, 0.3961884379386902, 0.048557281494140625, 0.0485965721309185, 0.5531741380691528, 0.5986035466194153, 0.031022261828184128, 0.03133256733417511, 0.29568541049957275], "frame_16": [0.6302821040153503, 0.39627769589424133, 0.04880392178893089, 0.04863548278808594, 0.5531741380691528, 0.5986035466194153, 0.031022261828184128, 0.03133256733417511, 0.1904982030391693], "frame_17": [0.6303862929344177, 0.3962826132774353, 0.04910469055175781, 0.048562537878751755, 0.5531741380691528, 0.5986035466194153, 0.031022261828184128, 0.03133256733417511, 0.12236596643924713], "frame_18": [0.6307492852210999, 0.3961409628391266, 0.049729157239198685, 0.048520661890506744, 0.5531741380691528, 0.5986035466194153, 0.031022261828184128, 0.03133256733417511, 0.3742615282535553], "frame_19": [0.6306081414222717, 0.39617571234703064, 0.049442291259765625, 0.04848920926451683, 0.5531741380691528, 0.5986035466194153, 0.031022261828184128, 0.03133256733417511, 0.3963392972946167], "frame_20": [0.6306923627853394, 0.396196573972702, 0.049709491431713104, 0.048573218286037445, 0.5739219784736633, 0.4961698651313782, 0.03214416652917862, 0.030393514782190323, 0.4604496359825134], "frame_21": [0.6307451128959656, 0.39607036113739014, 0.04951811954379082, 0.048617806285619736, 0.575358510017395, 0.4925932288169861, 0.031289756298065186, 0.027133645489811897, 0.5583760738372803], "frame_22": [0.630698561668396, 0.39611899852752686, 0.04942148178815842, 0.04864874854683876, 0.5758762955665588, 0.4913066327571869, 0.03224199265241623, 0.027318190783262253, 0.5389816164970398], "frame_23": [0.6306599974632263, 0.39620622992515564, 0.04951667785644531, 0.048628151416778564, 0.5762853026390076, 0.4900304973125458, 0.03324072062969208, 0.027887174859642982, 0.5186986327171326], "frame_24": [0.6305776834487915, 0.39613375067710876, 0.04915351793169975, 0.04860670119524002, 0.5764051675796509, 0.4898514747619629, 0.03334999084472656, 0.02873246930539608, 0.7038984298706055], "frame_25": [0.630556583404541, 0.39612138271331787, 0.04907713830471039, 0.048603396862745285, 0.5767768621444702, 0.4891514778137207, 0.0331556536257267, 0.028663041070103645, 0.46919259428977966], "frame_26": [0.630542516708374, 0.39613160490989685, 0.04922141879796982, 0.048583392053842545, 0.5773215293884277, 0.487625390291214, 0.03302879258990288, 0.028897475451231003, 0.654995322227478], "frame_27": [0.6305561065673828, 0.39610713720321655, 0.049192216247320175, 0.04856715723872185, 0.5772367715835571, 0.48497340083122253, 0.03324614465236664, 0.029582425951957703, 0.721804141998291], "frame_28": [0.630533754825592, 0.3960961699485779, 0.049063872545957565, 0.048587121069431305, 0.5776327252388, 0.48166146874427795, 0.03285730257630348, 0.030454041436314583, 0.5723634362220764], "frame_29": [0.6305215358734131, 0.3959842324256897, 0.04902191087603569, 0.048555754125118256, 0.5781950950622559, 0.4760661721229553, 0.03176337480545044, 0.03066253662109375, 0.5406769514083862], "frame_30": [0.6305205225944519, 0.3959476053714752, 0.04913749545812607, 0.0484100766479969, 0.5791209936141968, 0.46971824765205383, 0.032855987548828125, 0.031798385083675385, 0.5348235368728638], "frame_31": [0.6305540204048157, 0.3959578573703766, 0.04918615520000458, 0.04838617146015167, 0.5800356864929199, 0.4622200131416321, 0.03250274807214737, 0.03477460891008377, 0.43702787160873413], "frame_32": [0.6306299567222595, 0.39605051279067993, 0.04961128160357475, 0.0482998751103878, 0.5793576240539551, 0.44943636655807495, 0.03287794440984726, 0.0338754877448082, 0.6945871114730835], "frame_33": [0.6307041049003601, 0.39619365334510803, 0.04957105964422226, 0.048265498131513596, 0.582217812538147, 0.43381568789482117, 0.030898284167051315, 0.03353631868958473, 0.9937089681625366], "frame_34": [0.630700409412384, 0.3961893618106842, 0.04922197014093399, 0.048359215259552, 0.5833898186683655, 0.41272905468940735, 0.029604552313685417, 0.03563126549124718, 0.16014347970485687], "frame_35": [0.6305283904075623, 0.396255761384964, 0.04966956377029419, 0.04862632602453232, 0.5847088098526001, 0.38885658979415894, 0.027219390496611595, 0.030955377966165543, 0.9915730357170105], "frame_36": [0.6294873356819153, 0.39657601714134216, 0.052474211901426315, 0.04819267988204956, 0.5871345400810242, 0.36869674921035767, 0.02690141461789608, 0.031221941113471985, 0.9586836695671082], "frame_37": [0.6304499506950378, 0.3965310752391815, 0.050102997571229935, 0.04805263876914978, 0.5892803072929382, 0.35010066628456116, 0.026241302490234375, 0.031329281628131866, 0.8801974058151245], "frame_38": [0.630348801612854, 0.39630797505378723, 0.04938070476055145, 0.04849756136536598, 0.5912150740623474, 0.3334081768989563, 0.02560051903128624, 0.03125419467687607, 0.9294825196266174], "frame_39": [0.63035649061203, 0.3962079882621765, 0.049179840832948685, 0.04850311204791069, 0.592796266078949, 0.31633901596069336, 0.026444245129823685, 0.031443849205970764, 0.928356945514679],