{"frame_0": [0.6296730041503906, 0.39623311161994934, 0.04923265427350998, 0.050088923424482346, 0.5951820611953735, 0.6029534935951233, 0.03374650701880455, 0.03922386094927788, 0.9422745704650879], "frame_1": [0.6296990513801575, 0.39621978998184204, 0.05021057277917862, 0.04945004731416702, 0.5905523300170898, 0.6038020849227905, 0.03327751159667969, 0.038376446813344955, 0.9603016972541809], "frame_2": [0.6297606825828552, 0.3962578773498535, 0.050054170191287994, 0.049448732286691666, 0.5830885171890259, 0.6066267490386963, 0.03327768296003342, 0.03682577237486839, 0.978807270526886], "frame_3": [0.6297155618667603, 0.3962782919406891, 0.04994392395019531, 0.0493554025888443, 0.5724638104438782, 0.6087481379508972, 0.03284424543380737, 0.03612929582595825, 0.9940767884254456], "frame_4": [0.6296508312225342, 0.39630359411239624, 0.04985114187002182, 0.049320392310619354, 0.5724638104438782, 0.6087481379508972, 0.03284424543380737, 0.03612929582595825, 0.9322835206985474], "frame_5": [0.6296586990356445, 0.3963395953178406, 0.04985351487994194, 0.04935434088110924, 0.5724638104438782, 0.6087481379508972, 0.03284424543380737, 0.03612929582595825, 0.88886559009552], "frame_6": [0.6296226978302002, 0.396377295255661, 0.04981452226638794, 0.04942202940583229, 0.5724638104438782, 0.6087481379508972, 0.03284424543380737, 0.03612929582595825, 0.8359235525131226], "frame_7": [0.6296226382255554, 0.3963871896266937, 0.04977552592754364, 0.0494537353515625, 0.5724638104438782, 0.6087481379508972, 0.03284424543380737, 0.03612929582595825, 0.9140557050704956], "frame_8": [0.6296939849853516, 0.39637666940689087, 0.049892254173755646, 0.04938015341758728, 0.5724638104438782, 0.6087481379508972, 0.03284424543380737, 0.03612929582595825, 0.872051477432251], "frame_9": [0.629703164100647, 0.3963838815689087, 0.049905989319086075, 0.049401599913835526, 0.5724638104438782, 0.6087481379508972, 0.03284424543380737, 0.03612929582595825, 0.8563851118087769], "frame_10": [0.629676878452301, 0.3963766396045685, 0.04984855651855469, 0.04945877939462662, 0.5724638104438782, 0.6087481379508972, 0.03284424543380737, 0.03612929582595825, 0.8663617372512817], "frame_11": [0.6296517252922058, 0.3963891863822937, 0.04991895705461502, 0.04940757900476456, 0.5724638104438782, 0.6087481379508972, 0.03284424543380737, 0.03612929582595825, 0.8853190541267395], "frame_12": [0.6298062801361084, 0.39657723903656006, 0.04947403818368912, 0.04856770858168602, 0.5724638104438782, 0.6087481379508972, 0.03284424543380737, 0.03612929582595825, 0.7569717764854431], "frame_13": [0.6298021078109741, 0.39658066630363464, 0.04948387295007706, 0.04855232313275337, 0.5724638104438782, 0.6087481379508972, 0.03284424543380737, 0.03612929582595825, 0.5798166394233704], "frame_14": [0.6298076510429382, 0.3965911865234375, 0.049515534192323685, 0.04859631881117821, 0.5724638104438782, 0.6087481379508972, 0.03284424543380737, 0.03612929582595825, 0.48541396856307983], "frame_15": [0.6298103928565979, 0.39678284525871277, 0.04992485046386719, 0.04871610179543495, 0.5724638104438782, 0.6087481379508972, 0.03284424543380737, 0.03612929582595825, 0.33315378427505493], "frame_16": [0.6297948360443115, 0.3967830538749695, 0.0499267578125, 0.048750560730695724, 0.5724638104438782, 0.6087481379508972, 0.03284424543380737, 0.03612929582595825, 0.2464994490146637], "frame_17": [0.6298210024833679, 0.3967578411102295, 0.049985121935606, 0.04868354648351669, 0.5724638104438782, 0.6087481379508972, 0.03284424543380737, 0.03612929582595825, 0.1889142245054245], "frame_18": [0.6297919154167175, 0.39654260873794556, 0.049494169652462006, 0.04856495186686516, 0.5724638104438782, 0.6087481379508972, 0.03284424543380737, 0.03612929582595825, 0.04163719713687897], "frame_19": [0.6298327445983887, 0.3964816629886627, 0.04953460767865181, 0.04854566603899002, 0.5724638104438782, 0.6087481379508972, 0.03284424543380737, 0.03612929582595825, 0.03700816258788109], "frame_20": [0.6297863125801086, 0.39670997858047485, 0.05014020949602127, 0.048755817115306854, 0.5724638104438782, 0.6087481379508972, 0.03284424543380737, 0.03612929582595825, 0.052843548357486725], "frame_21": [0.629887580871582, 0.3966739773750305, 0.04975225776433945, 0.048645783215761185, 0.5724638104438782, 0.6087481379508972, 0.03284424543380737, 0.03612929582595825, 0.0941619873046875], "frame_22": [0.6297914981842041, 0.3966737389564514, 0.04979515075683594, 0.04873627424240112, 0.5724638104438782, 0.6087481379508972, 0.03284424543380737, 0.03612929582595825, 0.03610333800315857], "frame_23": [0.6299251317977905, 0.39672377705574036, 0.05019327625632286, 0.04875204339623451, 0.502463161945343, 0.49187418818473816, 0.030669232830405235, 0.026891877874732018, 0.02640623226761818], "frame_24": [0.6301810145378113, 0.3968665301799774, 0.04980117082595825, 0.04893947020173073, 0.5022571086883545, 0.49058660864830017, 0.0333041287958622, 0.026963593438267708, 0.32961249351501465], "frame_25": [0.6301745176315308, 0.3968408405780792, 0.04996392875909805, 0.04894286394119263, 0.502393364906311, 0.4901551902294159, 0.03377668559551239, 0.028862550854682922, 0.2876257598400116], "frame_26": [0.6303000450134277, 0.39646878838539124, 0.04962789639830589, 0.04863658547401428, 0.5031312108039856, 0.48928484320640564, 0.033834923058748245, 0.030347824096679688, 0.5080671906471252], "frame_27": [0.6302815675735474, 0.3964802622795105, 0.04959915950894356, 0.048636626452207565, 0.5036558508872986, 0.48660582304000854, 0.03488409146666527, 0.03003370575606823, 0.9933634996414185], "frame_28": [0.6302937865257263, 0.39654287695884705, 0.04969537630677223, 0.04872322082519531, 0.5040032863616943, 0.4819149076938629, 0.03579995781183243, 0.03025953471660614, 0.8811661601066589], "frame_29": [0.6302875280380249, 0.39655837416648865, 0.049654386937618256, 0.04870762303471565, 0.5063080191612244, 0.4755314588546753, 0.033829666674137115, 0.032421112060546875, 0.9489589929580688], "frame_30": [0.6302589178085327, 0.396579772233963, 0.049711525440216064, 0.048751067370176315, 0.5064017176628113, 0.46682319045066833, 0.03707830607891083, 0.03496704250574112, 0.7872705459594727], "frame_31": [0.6301632523536682, 0.3969762921333313, 0.050184037536382675, 0.04898287355899811, 0.508928656578064, 0.45631518959999084, 0.03437347337603569, 0.03778419643640518, 0.3474004864692688], "frame_32": [0.630245566368103, 0.396536260843277, 0.04976539686322212, 0.04865942895412445, 0.510444700717926, 0.4417822062969208, 0.033003319054841995, 0.03545807674527168, 0.3132804334163666], "frame_33": [0.6302536129951477, 0.3965429663658142, 0.049887847155332565, 0.04855630546808243, 0.5136210322380066, 0.4228915870189667, 0.030903413891792297, 0.03648986667394638, 0.25625136494636536], "frame_34": [0.6301335096359253, 0.3969966471195221, 0.050917647778987885, 0.04882354661822319, 0.5165071487426758, 0.39542338252067566, 0.03127157315611839, 0.03420287370681763, 0.926793098449707], "frame_35": [0.62992924451828, 0.39717525243759155, 0.05039083585143089, 0.048913829028606415, 0.5206199884414673, 0.367551326751709, 0.031459636986255646, 0.03255500644445419, 0.9949929714202881], "frame_36": [0.6298677325248718, 0.3969254493713379, 0.05058233439922333, 0.04867193475365639, 0.5249461531639099, 0.3424747884273529, 0.031343162059783936, 0.03317089006304741, 0.9434257745742798], "frame_37": [0.6298564672470093, 0.3968234658241272, 0.05028313398361206, 0.048667993396520615, 0.5283100008964539, 0.31968405842781067, 0.031275007873773575, 0.03514662757515907, 0.9519681930541992], "frame_38": [0.6301724314689636, 0.39642322063446045, 0.050070784986019135, 0.04855075478553772, 0.5318198204040527, 0.2973906695842743, 0.02974243089556694, 0.030297914519906044, 0.9700779318809509], "frame_39": [0.629912793636322, 0.39681774377822876, 0.05017433315515518, 0.048720382153987885, 0.536507785320282, 0.27935951948165894, 0.02961425855755806, 0.03050518035888672, 0.9426146745681763],