{"frame_0": [0.6252543926239014, 0.33679401874542236, 0.0702345073223114, 0.04648146778345108, 0.13296261429786682, 0.5464257597923279, 0.03408198803663254, 0.021942997351288795, 0.7416265606880188], "frame_1": [0.6254302263259888, 0.33647996187210083, 0.07032369077205658, 0.046137142926454544, 0.1295020431280136, 0.5325860977172852, 0.038250308483839035, 0.02709951438009739, 0.7476069331169128], "frame_2": [0.6254686117172241, 0.33642083406448364, 0.07030419260263443, 0.046004485338926315, 0.13057875633239746, 0.5261610150337219, 0.03679758682847023, 0.024158477783203125, 0.7524070143699646], "frame_3": [0.6253054141998291, 0.33647099137306213, 0.07286275178194046, 0.04537992551922798, 0.13065147399902344, 0.5229054689407349, 0.03527819365262985, 0.02579193189740181, 0.7289376258850098], "frame_4": [0.6250680685043335, 0.33630791306495667, 0.07163391262292862, 0.0457463264465332, 0.13159766793251038, 0.5226443409919739, 0.034238051623106, 0.02669677697122097, 0.7337027788162231], "frame_5": [0.6251063942909241, 0.3362818658351898, 0.07168816775083542, 0.045656491070985794, 0.1312970519065857, 0.5224025845527649, 0.034681424498558044, 0.02788105048239231, 0.729984700679779], "frame_6": [0.6250343322753906, 0.33622676134109497, 0.07156660407781601, 0.04560690000653267, 0.13150465488433838, 0.5222780108451843, 0.034130267798900604, 0.02724170684814453, 0.7494834661483765], "frame_7": [0.6250766515731812, 0.33628103137016296, 0.07131771743297577, 0.045679617673158646, 0.13252468407154083, 0.5208441019058228, 0.033487360924482346, 0.025570105761289597, 0.7398139834403992], "frame_8": [0.6250819563865662, 0.3363020420074463, 0.07123599946498871, 0.04560661315917969, 0.13442733883857727, 0.5200355052947998, 0.0333482101559639, 0.024207497015595436, 0.7349340915679932], "frame_9": [0.6251014471054077, 0.3362508714199066, 0.07129567116498947, 0.04555024951696396, 0.13442733883857727, 0.5200355052947998, 0.0333482101559639, 0.024207497015595436, 0.7513211369514465], "frame_10": [0.6250826716423035, 0.33629849553108215, 0.07259521633386612, 0.04492802545428276, 0.13442733883857727, 0.5200355052947998, 0.0333482101559639, 0.024207497015595436, 0.7589691877365112], "frame_11": [0.6251249313354492, 0.3362390398979187, 0.07083367556333542, 0.04530692100524902, 0.13442733883857727, 0.5200355052947998, 0.0333482101559639, 0.024207497015595436, 0.758764386177063], "frame_12": [0.6255033016204834, 0.33668556809425354, 0.07052620500326157, 0.04553632810711861, 0.13442733883857727, 0.5200355052947998, 0.0333482101559639, 0.024207497015595436, 0.7462052702903748], "frame_13": [0.6253411769866943, 0.3367491662502289, 0.07104983925819397, 0.045662783086299896, 0.15943190455436707, 0.5032683610916138, 0.03647303953766823, 0.02309722825884819, 0.742708683013916], "frame_14": [0.6252291202545166, 0.336692750453949, 0.07082808017730713, 0.04572463035583496, 0.1640891134738922, 0.49550336599349976, 0.03638119250535965, 0.022145558148622513, 0.719333827495575], "frame_15": [0.6253849267959595, 0.33657127618789673, 0.07061674445867538, 0.0457063689827919, 0.1663575917482376, 0.4871703088283539, 0.03843163326382637, 0.02305622026324272, 0.719193696975708], "frame_16": [0.625481128692627, 0.3365078270435333, 0.070989228785038, 0.045707035809755325, 0.16613128781318665, 0.47858506441116333, 0.03382771834731102, 0.022239303216338158, 0.7454246878623962], "frame_17": [0.6256706118583679, 0.33644789457321167, 0.07070600986480713, 0.04562177509069443, 0.16077764332294464, 0.4693225026130676, 0.03859218955039978, 0.02229595184326172, 0.703162670135498], "frame_18": [0.6258561015129089, 0.33639365434646606, 0.07159712165594101, 0.045678138732910156, 0.15799292922019958, 0.45956459641456604, 0.03753550723195076, 0.021943282335996628, 0.6597616076469421], "frame_19": [0.625647246837616, 0.3364538252353668, 0.07179107517004013, 0.045680999755859375, 0.14922231435775757, 0.4525630474090576, 0.03801531344652176, 0.022271156311035156, 0.673504114151001], "frame_20": [0.6253455877304077, 0.3365502953529358, 0.07220450788736343, 0.045682717114686966, 0.13924548029899597, 0.4476129412651062, 0.03705872595310211, 0.023160362616181374, 0.47006338834762573], "frame_21": [0.625144898891449, 0.3365291953086853, 0.07237158715724945, 0.04574260860681534, 0.12963509559631348, 0.4426877498626709, 0.040254656225442886, 0.02239990234375, 0.6492165327072144], "frame_22": [0.6249665021896362, 0.3366759717464447, 0.07224434614181519, 0.04596414417028427, 0.12357360124588013, 0.4392703175544739, 0.04259439930319786, 0.022307585924863815, 0.6404795050621033], "frame_23": [0.6250540018081665, 0.3366205096244812, 0.07278493046760559, 0.04599280282855034, 0.11727491766214371, 0.4367806315422058, 0.041043493896722794, 0.022224044427275658, 0.6856749653816223], "frame_24": [0.6256059408187866, 0.33654844760894775, 0.07277730107307434, 0.04560580104589462, 0.1125783920288086, 0.4359114170074463, 0.042227257043123245, 0.023450756445527077, 0.672071099281311], "frame_25": [0.6255130171775818, 0.3365139961242676, 0.07289937138557434, 0.04560036584734917, 0.11016655713319778, 0.4348134398460388, 0.04214327037334442, 0.022670459002256393, 0.7080361843109131], "frame_26": [0.6254453063011169, 0.33651402592658997, 0.07306349277496338, 0.045618344098329544, 0.10829345136880875, 0.43349799513816833, 0.0431179478764534, 0.02196979522705078, 0.6885603070259094], "frame_27": [0.625232458114624, 0.3364856243133545, 0.0733489990234375, 0.045653440058231354, 0.106120266020298, 0.4319440722465515, 0.042974282056093216, 0.023047257214784622, 0.6756688356399536], "frame_28": [0.625298023223877, 0.3363129198551178, 0.07359585165977478, 0.04539956897497177, 0.1053762212395668, 0.43013864755630493, 0.04300142824649811, 0.023675918579101562, 0.6995985507965088], "frame_29": [0.6252436637878418, 0.3363206386566162, 0.07363849133253098, 0.04534950107336044, 0.10524972528219223, 0.4249207377433777, 0.04464874416589737, 0.02367992326617241, 0.6857550144195557], "frame_30": [0.6253268718719482, 0.33633819222450256, 0.07360365241765976, 0.04548358917236328, 0.10641176253557205, 0.421332448720932, 0.04344334080815315, 0.024245072156190872, 0.6743530631065369], "frame_31": [0.6253416538238525, 0.3363479971885681, 0.07370469719171524, 0.04552135616540909, 0.10871367901563644, 0.4145846366882324, 0.04167348891496658, 0.02476520463824272, 0.518062949180603], "frame_32": [0.6252977252006531, 0.3362937569618225, 0.07379811257123947, 0.045412443578243256, 0.11272189766168594, 0.4070367217063904, 0.040751922875642776, 0.02407083474099636, 0.7551939487457275], "frame_33": [0.6251997351646423, 0.3363116681575775, 0.07378387451171875, 0.04548978805541992, 0.1166566014289856, 0.3977315127849579, 0.041638270020484924, 0.024586915969848633, 0.7002678513526917], "frame_34": [0.6254287958145142, 0.3363496661186218, 0.07359602302312851, 0.045609284192323685, 0.1296301931142807, 0.383730947971344, 0.04086964949965477, 0.025081539526581764, 0.6983305811882019], "frame_35": [0.625386655330658, 0.33633455634117126, 0.0738203227519989, 0.04548363760113716, 0.1464323252439499, 0.3685961365699768, 0.042017862200737, 0.02758174017071724, 0.8648288249969482], "frame_36": [0.625441312789917, 0.3360576033592224, 0.07156982272863388, 0.045534707605838776, 0.16522938013076782, 0.35191455483436584, 0.0412156842648983, 0.025690460577607155, 0.888808012008667], "frame_37": [0.6253668665885925, 0.3360973000526428, 0.07139841467142105, 0.04553818702697754, 0.1814836859703064, 0.33644309639930725, 0.036425694823265076, 0.022372961044311523, 0.8897335529327393], "frame_38": [0.6253570318222046, 0.336121141910553, 0.07127965241670609, 0.045548297464847565, 0.20357699692249298, 0.323622465133667, 0.038601599633693695, 0.024883652105927467, 0.9301789999008179], "frame_39": [0.6254943609237671, 0.3362092077732086, 0.07069040834903717, 0.04568538814783096, 0.2199912965297699, 0.31272244453430176, 0.03814981132745743, 0.023982906714081764, 0.8428114056587219],