{"frame_0": [0.6298316121101379, 0.39581912755966187, 0.04883783310651779, 0.049922771751880646, 0.580963671207428, 0.6514280438423157, 0.022730551660060883, 0.021717961877584457, 0.9102429747581482], "frame_1": [0.6298737525939941, 0.3961089551448822, 0.049083538353443146, 0.049308184534311295, 0.5821266770362854, 0.6373754739761353, 0.017714520916342735, 0.021342935040593147, 0.8232241868972778], "frame_2": [0.6299396753311157, 0.3960970938205719, 0.049112871289253235, 0.04931589588522911, 0.5814142227172852, 0.6259071230888367, 0.01859130896627903, 0.021180132403969765, 0.8639548420906067], "frame_3": [0.6300022006034851, 0.3962261974811554, 0.048923663794994354, 0.04937659204006195, 0.5802551507949829, 0.6150197386741638, 0.01972062885761261, 0.022993087768554688, 0.8241812586784363], "frame_4": [0.6299645304679871, 0.39607349038124084, 0.048742081969976425, 0.0494934506714344, 0.5802551507949829, 0.6150197386741638, 0.01972062885761261, 0.022993087768554688, 0.8286077976226807], "frame_5": [0.6299562454223633, 0.3960963785648346, 0.04859504848718643, 0.0494513176381588, 0.5802551507949829, 0.6150197386741638, 0.01972062885761261, 0.022993087768554688, 0.8233617544174194], "frame_6": [0.6300081014633179, 0.3960660398006439, 0.04863175377249718, 0.04937926307320595, 0.5802551507949829, 0.6150197386741638, 0.01972062885761261, 0.022993087768554688, 0.7600642442703247], "frame_7": [0.6300399899482727, 0.3960328698158264, 0.048764631152153015, 0.04931009188294411, 0.5802551507949829, 0.6150197386741638, 0.01972062885761261, 0.022993087768554688, 0.8147556185722351], "frame_8": [0.6300380825996399, 0.39605483412742615, 0.04883405938744545, 0.04938562214374542, 0.5723814964294434, 0.5761345028877258, 0.020439529791474342, 0.022663794457912445, 0.8695776462554932], "frame_9": [0.6300621628761292, 0.3961030840873718, 0.04892052710056305, 0.04935018718242645, 0.5712869167327881, 0.5712738037109375, 0.020593049004673958, 0.021747970953583717, 0.8493565917015076], "frame_10": [0.630054235458374, 0.3960579037666321, 0.04895422235131264, 0.049265459179878235, 0.5704784393310547, 0.5679969191551208, 0.02087266743183136, 0.022330304607748985, 0.8531797528266907], "frame_11": [0.6300608515739441, 0.3960687518119812, 0.04897287115454674, 0.04928822070360184, 0.5709333419799805, 0.5655621290206909, 0.021981937810778618, 0.02306450717151165, 0.775807797908783], "frame_12": [0.6304817795753479, 0.3961718678474426, 0.04841291531920433, 0.04884830117225647, 0.5700476169586182, 0.5639775395393372, 0.021648194640874863, 0.022126387804746628, 0.7422599792480469], "frame_13": [0.6304816603660583, 0.3961649537086487, 0.048434067517519, 0.04881782457232475, 0.568560004234314, 0.5626129508018494, 0.020531464368104935, 0.022067006677389145, 0.7323628067970276], "frame_14": [0.6304892897605896, 0.39619436860084534, 0.04841440171003342, 0.0488596186041832, 0.5656955242156982, 0.5607152581214905, 0.020758438855409622, 0.021588431671261787, 0.7132530808448792], "frame_15": [0.6304891109466553, 0.3961953818798065, 0.04838608577847481, 0.04889649152755737, 0.561499297618866, 0.5600699782371521, 0.018506409600377083, 0.021007919684052467, 0.6867415904998779], "frame_16": [0.6305961608886719, 0.39628076553344727, 0.04860365018248558, 0.048873476684093475, 0.561499297618866, 0.5600699782371521, 0.018506409600377083, 0.021007919684052467, 0.6776872873306274], "frame_17": [0.6306381225585938, 0.39625516533851624, 0.048695966601371765, 0.048776328563690186, 0.5563408732414246, 0.5542702674865723, 0.018787384033203125, 0.021329116076231003, 0.7065929174423218], "frame_18": [0.6306754946708679, 0.39623764157295227, 0.04874894767999649, 0.048740558326244354, 0.5563408732414246, 0.5542702674865723, 0.018787384033203125, 0.021329116076231003, 0.6764019131660461], "frame_19": [0.6306817531585693, 0.3964519500732422, 0.04865091294050217, 0.048895008862018585, 0.5563408732414246, 0.5542702674865723, 0.018787384033203125, 0.021329116076231003, 0.6174873113632202], "frame_20": [0.6307506561279297, 0.3963005542755127, 0.04855482280254364, 0.04895392432808876, 0.5563408732414246, 0.5542702674865723, 0.018787384033203125, 0.021329116076231003, 0.6412468552589417], "frame_21": [0.6306260228157043, 0.3963124454021454, 0.04831390455365181, 0.04894515126943588, 0.5563408732414246, 0.5542702674865723, 0.018787384033203125, 0.021329116076231003, 0.5016283988952637], "frame_22": [0.6305917501449585, 0.39624422788619995, 0.04835357517004013, 0.04884537681937218, 0.5563408732414246, 0.5542702674865723, 0.018787384033203125, 0.021329116076231003, 0.5466168522834778], "frame_23": [0.630549430847168, 0.3962324261665344, 0.0482950434088707, 0.04884834215044975, 0.536672055721283, 0.5163633227348328, 0.018244553357362747, 0.02158813551068306, 0.734656035900116], "frame_24": [0.6304107904434204, 0.3962375223636627, 0.0483829490840435, 0.048742081969976425, 0.536672055721283, 0.5163633227348328, 0.018244553357362747, 0.02158813551068306, 0.5748385787010193], "frame_25": [0.6304329633712769, 0.39627939462661743, 0.04839744418859482, 0.048715971410274506, 0.536672055721283, 0.5163633227348328, 0.018244553357362747, 0.02158813551068306, 0.5054592490196228], "frame_26": [0.6304553747177124, 0.39630207419395447, 0.048500653356313705, 0.048680029809474945, 0.5093285441398621, 0.5028767585754395, 0.022460173815488815, 0.02516462467610836, 0.5425766110420227], "frame_27": [0.630413293838501, 0.3962844908237457, 0.04833920672535896, 0.04867295175790787, 0.5093285441398621, 0.5028767585754395, 0.022460173815488815, 0.02516462467610836, 0.7134511470794678], "frame_28": [0.6304268836975098, 0.3962779641151428, 0.04843101650476456, 0.04866473004221916, 0.5093285441398621, 0.5028767585754395, 0.022460173815488815, 0.02516462467610836, 0.36521783471107483], "frame_29": [0.630413293838501, 0.3962753415107727, 0.04838235676288605, 0.048708174377679825, 0.5093285441398621, 0.5028767585754395, 0.022460173815488815, 0.02516462467610836, 0.38605427742004395], "frame_30": [0.6304230690002441, 0.39623549580574036, 0.04851044714450836, 0.04867744445800781, 0.5093285441398621, 0.5028767585754395, 0.022460173815488815, 0.02516462467610836, 0.6848313808441162], "frame_31": [0.6304223537445068, 0.39616885781288147, 0.04854410141706467, 0.04873029887676239, 0.5093285441398621, 0.5028767585754395, 0.022460173815488815, 0.02516462467610836, 0.4293174147605896], "frame_32": [0.630469024181366, 0.39615288376808167, 0.048637475818395615, 0.048688337206840515, 0.5093285441398621, 0.5028767585754395, 0.022460173815488815, 0.02516462467610836, 0.6088057160377502], "frame_33": [0.6304652094841003, 0.3961264193058014, 0.04869744926691055, 0.04857347160577774, 0.49614089727401733, 0.463026762008667, 0.019553672522306442, 0.02439185231924057, 0.008959094993770123], "frame_34": [0.6305235028266907, 0.39623382687568665, 0.04901313781738281, 0.048775311559438705, 0.5000078082084656, 0.451903373003006, 0.017513487488031387, 0.022754203528165817, 0.8448700308799744], "frame_35": [0.6304759979248047, 0.3962060809135437, 0.04894154891371727, 0.04876306280493736, 0.5071260333061218, 0.43741971254348755, 0.019527053460478783, 0.022994443774223328, 0.4286920428276062], "frame_36": [0.6303629875183105, 0.3961784243583679, 0.04831390455365181, 0.048657990992069244, 0.5156850814819336, 0.42401614785194397, 0.021180342882871628, 0.022217940539121628, 0.49727335572242737], "frame_37": [0.6303685307502747, 0.39618372917175293, 0.048199377954006195, 0.048641882836818695, 0.522503137588501, 0.4123254418373108, 0.020656798034906387, 0.02307586744427681, 0.8225614428520203], "frame_38": [0.6304121017456055, 0.39619529247283936, 0.04831530153751373, 0.048775650560855865, 0.5302297472953796, 0.40014123916625977, 0.02237091027200222, 0.023298941552639008, 0.7662743330001831], "frame_39": [0.6304094791412354, 0.39616096019744873, 0.04827707260847092, 0.04872161149978638, 0.5390901565551758, 0.39048242568969727, 0.021276473999023438, 0.024792099371552467, 0.8464630842208862],