{"frame_0": [0.6296238899230957, 0.3964824974536896, 0.04864654690027237, 0.04991595074534416, 0.6576217412948608, 0.4803704023361206, 0.023066330701112747, 0.02383270300924778, 0.9733818173408508], "frame_1": [0.6295318603515625, 0.3964272439479828, 0.048973675817251205, 0.04947395250201225, 0.6576217412948608, 0.4803704023361206, 0.023066330701112747, 0.02383270300924778, 0.9942576885223389], "frame_2": [0.6295530796051025, 0.396433562040329, 0.04900207370519638, 0.04953070729970932, 0.6576217412948608, 0.4803704023361206, 0.023066330701112747, 0.02383270300924778, 0.9549571871757507], "frame_3": [0.6295608878135681, 0.3964361846446991, 0.04899834468960762, 0.049536895006895065, 0.6576217412948608, 0.4803704023361206, 0.023066330701112747, 0.02383270300924778, 0.9557369351387024], "frame_4": [0.6296324729919434, 0.3963373005390167, 0.04905442148447037, 0.04955312982201576, 0.6576217412948608, 0.4803704023361206, 0.023066330701112747, 0.02383270300924778, 0.9420889616012573], "frame_5": [0.6296405792236328, 0.39635711908340454, 0.049251727759838104, 0.04949463903903961, 0.6576217412948608, 0.4803704023361206, 0.023066330701112747, 0.02383270300924778, 0.935896635055542], "frame_6": [0.6296912431716919, 0.39641401171684265, 0.04932289198040962, 0.04958076402544975, 0.6576217412948608, 0.4803704023361206, 0.023066330701112747, 0.02383270300924778, 0.9302175641059875], "frame_7": [0.6297721266746521, 0.3963909447193146, 0.0494222417473793, 0.049534354358911514, 0.6576217412948608, 0.4803704023361206, 0.023066330701112747, 0.02383270300924778, 0.7844338417053223], "frame_8": [0.6297593116760254, 0.396467000246048, 0.04938850551843643, 0.04956389591097832, 0.6576217412948608, 0.4803704023361206, 0.023066330701112747, 0.02383270300924778, 0.7199447154998779], "frame_9": [0.6295881271362305, 0.3964674174785614, 0.04909973219037056, 0.04956262558698654, 0.6576217412948608, 0.4803704023361206, 0.023066330701112747, 0.02383270300924778, 0.7839769124984741], "frame_10": [0.6295241713523865, 0.3965126574039459, 0.04912232235074043, 0.049636755138635635, 0.6576217412948608, 0.4803704023361206, 0.023066330701112747, 0.02383270300924778, 0.9410444498062134], "frame_11": [0.6295969486236572, 0.3965209424495697, 0.04926321282982826, 0.04969940334558487, 0.6576217412948608, 0.4803704023361206, 0.023066330701112747, 0.02383270300924778, 0.9610110521316528], "frame_12": [0.6299195885658264, 0.39662492275238037, 0.04956207424402237, 0.0493462048470974, 0.6576217412948608, 0.4803704023361206, 0.023066330701112747, 0.02383270300924778, 0.9887253046035767], "frame_13": [0.6298954486846924, 0.39663925766944885, 0.049503326416015625, 0.04936069995164871, 0.6576217412948608, 0.4803704023361206, 0.023066330701112747, 0.02383270300924778, 0.9399459958076477], "frame_14": [0.6298858523368835, 0.39664018154144287, 0.04949493333697319, 0.04933908209204674, 0.6576217412948608, 0.4803704023361206, 0.023066330701112747, 0.02383270300924778, 0.8447619676589966], "frame_15": [0.6298442482948303, 0.39661169052124023, 0.04926567152142525, 0.04939113184809685, 0.42884111404418945, 0.5608797073364258, 0.01703796349465847, 0.019161690026521683, 0.7067726254463196], "frame_16": [0.6297066807746887, 0.3966407775878906, 0.049149323254823685, 0.04944818466901779, 0.42884111404418945, 0.5608797073364258, 0.01703796349465847, 0.019161690026521683, 0.6113004088401794], "frame_17": [0.6296879053115845, 0.3966434895992279, 0.049086254090070724, 0.0494028739631176, 0.42884111404418945, 0.5608797073364258, 0.01703796349465847, 0.019161690026521683, 0.509915828704834], "frame_18": [0.6296910047531128, 0.39663252234458923, 0.049015045166015625, 0.04938405379652977, 0.42884111404418945, 0.5608797073364258, 0.01703796349465847, 0.019161690026521683, 0.5094459652900696], "frame_19": [0.6297085881233215, 0.3966124653816223, 0.04908943176269531, 0.04934794083237648, 0.42884111404418945, 0.5608797073364258, 0.01703796349465847, 0.019161690026521683, 0.408003568649292], "frame_20": [0.6296291947364807, 0.3966074585914612, 0.048860929906368256, 0.04949989169836044, 0.42884111404418945, 0.5608797073364258, 0.01703796349465847, 0.019161690026521683, 0.43253132700920105], "frame_21": [0.6296353340148926, 0.3966060280799866, 0.04891204833984375, 0.04952574893832207, 0.410447359085083, 0.5104115605354309, 0.020409224554896355, 0.02156846784055233, 0.6572642922401428], "frame_22": [0.6296252012252808, 0.39657291769981384, 0.04888878017663956, 0.04941948875784874, 0.410447359085083, 0.5104115605354309, 0.020409224554896355, 0.02156846784055233, 0.7192935347557068], "frame_23": [0.6296498775482178, 0.39659422636032104, 0.04894362390041351, 0.04945013299584389, 0.3971794843673706, 0.5031341314315796, 0.02099456824362278, 0.023629378527402878, 0.773107647895813], "frame_24": [0.6295937299728394, 0.396621435880661, 0.049338702112436295, 0.049458567053079605, 0.38810160756111145, 0.5022245645523071, 0.024270376190543175, 0.023606320843100548, 0.40837040543556213], "frame_25": [0.6295862793922424, 0.39663317799568176, 0.04932365566492081, 0.04947764053940773, 0.38484683632850647, 0.5014556050300598, 0.017865965142846107, 0.0219565499573946, 0.6738874316215515], "frame_26": [0.6296188831329346, 0.3966197669506073, 0.049411945044994354, 0.0494307205080986, 0.37937313318252563, 0.5015451312065125, 0.01741858571767807, 0.020983124151825905, 0.6380693912506104], "frame_27": [0.6296252608299255, 0.3966177999973297, 0.04940520226955414, 0.04943419620394707, 0.3735659718513489, 0.5021865963935852, 0.018028173595666885, 0.02137162908911705, 0.6697483062744141], "frame_28": [0.6295638084411621, 0.3965684771537781, 0.04936027526855469, 0.04935510456562042, 0.3735659718513489, 0.5021865963935852, 0.018028173595666885, 0.02137162908911705, 0.4649295210838318], "frame_29": [0.629764199256897, 0.3965378999710083, 0.04974382370710373, 0.04932471364736557, 0.3735659718513489, 0.5021865963935852, 0.018028173595666885, 0.02137162908911705, 0.42100003361701965], "frame_30": [0.6297706365585327, 0.39655736088752747, 0.04990607500076294, 0.04930237680673599, 0.36453133821487427, 0.49332961440086365, 0.0195010919123888, 0.02292955107986927, 0.6637177467346191], "frame_31": [0.6297978758811951, 0.3965650796890259, 0.0498666986823082, 0.04929712042212486, 0.36207568645477295, 0.4890933930873871, 0.020335981622338295, 0.024015214294195175, 0.7271755337715149], "frame_32": [0.6298381686210632, 0.39656907320022583, 0.04995032399892807, 0.04925922676920891, 0.36157751083374023, 0.4831562042236328, 0.022307608276605606, 0.0248243547976017, 0.6667015552520752], "frame_33": [0.6297783851623535, 0.3965834677219391, 0.04988449811935425, 0.04920243099331856, 0.36065471172332764, 0.47577935457229614, 0.020336702466011047, 0.023345947265625, 0.5574824810028076], "frame_34": [0.6297503113746643, 0.39658382534980774, 0.0498155802488327, 0.04924710467457771, 0.3618325889110565, 0.4658493101596832, 0.020194541662931442, 0.025345781818032265, 0.7458336353302002], "frame_35": [0.6297770142555237, 0.39656007289886475, 0.04974191635847092, 0.049346923828125, 0.3669915497303009, 0.4533379375934601, 0.021195899695158005, 0.023924637585878372, 0.7288422584533691], "frame_36": [0.6298893094062805, 0.3965756297111511, 0.04896257072687149, 0.04911515861749649, 0.3669915497303009, 0.4533379375934601, 0.021195899695158005, 0.023924637585878372, 0.6592935919761658], "frame_37": [0.6298884749412537, 0.3965519368648529, 0.04896973446011543, 0.04905026778578758, 0.3669915497303009, 0.4533379375934601, 0.021195899695158005, 0.023924637585878372, 0.8095324039459229], "frame_38": [0.6299089789390564, 0.3965611755847931, 0.04902458190917969, 0.04903373867273331, 0.3669915497303009, 0.4533379375934601, 0.021195899695158005, 0.023924637585878372, 0.8546483516693115], "frame_39": [0.6299262046813965, 0.3965812623500824, 0.0490848533809185, 0.04900949448347092, 0.3669915497303009, 0.4533379375934601, 0.021195899695158005, 0.023924637585878372, 0.9084054231643677],