{"frame_0": [0.6267718076705933, 0.33550629019737244, 0.06780514121055603, 0.04616393893957138, 0.4469343423843384, 0.48808425664901733, 0.02615390345454216, 0.015993881970643997, 0.0], "frame_1": [0.627192497253418, 0.3355266749858856, 0.0673435628414154, 0.045973680913448334, 0.4462132453918457, 0.4908454418182373, 0.02593977190554142, 0.016939545050263405, 0.0], "frame_2": [0.6271029710769653, 0.33550912141799927, 0.06733059138059616, 0.045973777770996094, 0.4458885192871094, 0.4941268563270569, 0.0239283237606287, 0.01782064512372017, 0.0], "frame_3": [0.627078652381897, 0.33548274636268616, 0.06724734604358673, 0.046079445630311966, 0.4440016448497772, 0.49704495072364807, 0.023114606738090515, 0.01859569549560547, 0.0], "frame_4": [0.6271123886108398, 0.33543434739112854, 0.06732169538736343, 0.04611926153302193, 0.44200727343559265, 0.49758586287498474, 0.02367468923330307, 0.018483733758330345, 0.0], "frame_5": [0.6271544098854065, 0.33542510867118835, 0.06721258908510208, 0.04597916454076767, 0.44119560718536377, 0.4987975060939789, 0.02386779710650444, 0.018278693780303, 0.0], "frame_6": [0.6268048882484436, 0.33548828959465027, 0.06773664802312851, 0.04593382030725479, 0.439905047416687, 0.4990108609199524, 0.02137366309762001, 0.01781282387673855, 0.0], "frame_7": [0.6267166137695312, 0.33552461862564087, 0.06787397712469101, 0.04593181610107422, 0.4387621581554413, 0.49969831109046936, 0.02102762833237648, 0.017528438940644264, 0.0], "frame_8": [0.6265951991081238, 0.3355678617954254, 0.06801359355449677, 0.04597072675824165, 0.4379396140575409, 0.5012625455856323, 0.02171562984585762, 0.018790626898407936, 0.0], "frame_9": [0.6265854239463806, 0.3355742394924164, 0.06803911179304123, 0.04608173295855522, 0.43779170513153076, 0.5021079778671265, 0.02161848358809948, 0.019866179674863815, 0.0], "frame_10": [0.6264243125915527, 0.3355470299720764, 0.06827901303768158, 0.04614734649658203, 0.43908292055130005, 0.5027599930763245, 0.02336612343788147, 0.021096039563417435, 0.0], "frame_11": [0.6264188289642334, 0.3355807960033417, 0.0684048980474472, 0.046233512461185455, 0.4410211741924286, 0.5021215677261353, 0.02319217287003994, 0.021145056933164597, 0.5982286334037781], "frame_12": [0.6254493594169617, 0.3362637460231781, 0.07032996416091919, 0.046321965754032135, 0.4431718587875366, 0.49993816018104553, 0.02406819723546505, 0.019654655829072, 0.5714440941810608], "frame_13": [0.6256573796272278, 0.33623194694519043, 0.07023409008979797, 0.04629030078649521, 0.4440719485282898, 0.49697962403297424, 0.02539808489382267, 0.020429039373993874, 0.0], "frame_14": [0.6254705786705017, 0.3363091051578522, 0.07116114348173141, 0.04622821882367134, 0.44532668590545654, 0.49042946100234985, 0.026992712169885635, 0.018157387152314186, 0.0], "frame_15": [0.6253445744514465, 0.3363381028175354, 0.07113876193761826, 0.046219635754823685, 0.44919154047966003, 0.4853047728538513, 0.02709825336933136, 0.016619587317109108, 0.0], "frame_16": [0.6253712773323059, 0.3362225592136383, 0.07104000449180603, 0.04610557481646538, 0.45146799087524414, 0.47885435819625854, 0.03007778525352478, 0.016552066430449486, 0.0], "frame_17": [0.6253442764282227, 0.3361533582210541, 0.0711703822016716, 0.046109773218631744, 0.4528937339782715, 0.47233128547668457, 0.03020765446126461, 0.01773223839700222, 0.5367303490638733], "frame_18": [0.6251345872879028, 0.3361525237560272, 0.07140418142080307, 0.04610090330243111, 0.4514208436012268, 0.4673544764518738, 0.03021443635225296, 0.020246315747499466, 0.513201117515564], "frame_19": [0.6251373887062073, 0.3362226188182831, 0.07118190824985504, 0.04598970338702202, 0.45057564973831177, 0.4596479535102844, 0.02867092564702034, 0.02041788026690483, 0.0], "frame_20": [0.6251158118247986, 0.3362106680870056, 0.07135993242263794, 0.0459836944937706, 0.45057564973831177, 0.4596479535102844, 0.02867092564702034, 0.02041788026690483, 0.0], "frame_21": [0.6249727606773376, 0.3361527621746063, 0.07174597680568695, 0.04602932929992676, 0.443657249212265, 0.45316600799560547, 0.030920833349227905, 0.021719742566347122, 0.16534873843193054], "frame_22": [0.6249977350234985, 0.3361351490020752, 0.07167519629001617, 0.04599704593420029, 0.443657249212265, 0.45316600799560547, 0.030920833349227905, 0.021719742566347122, 0.3917924761772156], "frame_23": [0.6251555681228638, 0.33612897992134094, 0.07150810956954956, 0.045989226549863815, 0.443657249212265, 0.45316600799560547, 0.030920833349227905, 0.021719742566347122, 0.6563593745231628], "frame_24": [0.626611053943634, 0.33567243814468384, 0.06887766718864441, 0.04575357586145401, 0.443657249212265, 0.45316600799560547, 0.030920833349227905, 0.021719742566347122, 0.6330724358558655], "frame_25": [0.6266480088233948, 0.33568713068962097, 0.06889809668064117, 0.045737504959106445, 0.443657249212265, 0.45316600799560547, 0.030920833349227905, 0.021719742566347122, 0.8847183585166931], "frame_26": [0.6266167759895325, 0.3356931805610657, 0.06892445683479309, 0.04577293246984482, 0.443657249212265, 0.45316600799560547, 0.030920833349227905, 0.021719742566347122, 0.6424099206924438], "frame_27": [0.6265797019004822, 0.3357246518135071, 0.06889360398054123, 0.04576711729168892, 0.443657249212265, 0.45316600799560547, 0.030920833349227905, 0.021719742566347122, 0.5908603668212891], "frame_28": [0.6264618039131165, 0.33574390411376953, 0.06933441013097763, 0.04580964893102646, 0.443657249212265, 0.45316600799560547, 0.030920833349227905, 0.021719742566347122, 0.6119524836540222], "frame_29": [0.6265740990638733, 0.33567196130752563, 0.0691443532705307, 0.0458071231842041, 0.4399428367614746, 0.43907347321510315, 0.02809550054371357, 0.01796903647482395, 0.5894978642463684], "frame_30": [0.6266288757324219, 0.3357379734516144, 0.06928185373544693, 0.045999906957149506, 0.4399428367614746, 0.43907347321510315, 0.02809550054371357, 0.01796903647482395, 0.5179147124290466], "frame_31": [0.6266145706176758, 0.33570998907089233, 0.06934687495231628, 0.04598512500524521, 0.44033148884773254, 0.43175363540649414, 0.02826792374253273, 0.017399121075868607, 0.49134597182273865], "frame_32": [0.6266201734542847, 0.3357071280479431, 0.06925226747989655, 0.04601655155420303, 0.44097477197647095, 0.42645901441574097, 0.02693617157638073, 0.01744251325726509, 0.5780712962150574], "frame_33": [0.6265506148338318, 0.33577901124954224, 0.06892106682062149, 0.04607367515563965, 0.4424358010292053, 0.4183958172798157, 0.02770470455288887, 0.01595325395464897, 0.5534056425094604], "frame_34": [0.6265625953674316, 0.33577314019203186, 0.06893276423215866, 0.045998476445674896, 0.4437255859375, 0.4073149263858795, 0.02645263634622097, 0.019531821832060814, 0.0007623897399753332], "frame_35": [0.6263805627822876, 0.33571657538414, 0.06936366111040115, 0.04592857509851456, 0.4469619691371918, 0.39475953578948975, 0.029319508001208305, 0.017277956008911133, 0.9091728925704956], "frame_36": [0.6261520981788635, 0.33618831634521484, 0.07019305974245071, 0.04608125612139702, 0.45218077301979065, 0.3835366666316986, 0.02798817865550518, 0.017296601086854935, 0.97611403465271], "frame_37": [0.6262520551681519, 0.33626317977905273, 0.06986677646636963, 0.04619588702917099, 0.4607429802417755, 0.3719366192817688, 0.03233964741230011, 0.019341755658388138, 0.9958528876304626], "frame_38": [0.6262198686599731, 0.3361697494983673, 0.06996214389801025, 0.04602160304784775, 0.46478649973869324, 0.3624403178691864, 0.032396867871284485, 0.01914067193865776, 0.9485409259796143], "frame_39": [0.6262538433074951, 0.336177259683609, 0.06978251039981842, 0.045961666852235794, 0.46813851594924927, 0.35218748450279236, 0.031856875866651535, 0.020492028445005417, 0.9465963840484619], "frame_40": [0.6261845231056213, 0.33615225553512573, 0.07006954401731491, 0.04602379724383354, 0.47483718395233154, 0.34224075078964233, 0.031541019678115845, 0.01874380186200142, 0.8581682443618774],