{"frame_0": [0.6272678375244141, 0.33610185980796814, 0.07092073559761047, 0.08192238211631775, 0.6848204135894775, 0.6564943194389343, 0.04029325023293495, 0.04422569274902344, 0.9443616271018982], "frame_1": [0.6271376013755798, 0.3354955315589905, 0.07164116203784943, 0.08070598542690277, 0.6844330430030823, 0.6369510889053345, 0.04080658033490181, 0.04575890302658081, 0.9561453461647034], "frame_2": [0.6272739171981812, 0.3355463445186615, 0.07139299064874649, 0.08054246008396149, 0.6818943023681641, 0.6194697022438049, 0.04366777092218399, 0.04825112968683243, 0.9430723190307617], "frame_3": [0.6270051002502441, 0.3355579674243927, 0.07119742780923843, 0.08048898726701736, 0.677670419216156, 0.6066262722015381, 0.046299830079078674, 0.04880163446068764, 0.8573004007339478], "frame_4": [0.6270098090171814, 0.3355514407157898, 0.07125816494226456, 0.08044300228357315, 0.6739891767501831, 0.6003508567810059, 0.04574546962976456, 0.04602453485131264, 0.8387570381164551], "frame_5": [0.6272342801094055, 0.33556368947029114, 0.0709855854511261, 0.08052492886781693, 0.6695243716239929, 0.59480881690979, 0.04558614268898964, 0.04203834384679794, 0.6271731853485107], "frame_6": [0.6271923184394836, 0.3355627954006195, 0.07103551179170609, 0.08055093884468079, 0.6613529324531555, 0.5941228866577148, 0.045389555394649506, 0.04134839400649071, 0.5711607336997986], "frame_7": [0.6269121170043945, 0.3353821635246277, 0.07138998061418533, 0.08025951683521271, 0.6508896946907043, 0.5939369201660156, 0.047075822949409485, 0.041072845458984375, 0.36516720056533813], "frame_8": [0.6270522475242615, 0.33542153239250183, 0.07132644951343536, 0.08022109419107437, 0.6508896946907043, 0.5939369201660156, 0.047075822949409485, 0.041072845458984375, 0.21541868150234222], "frame_9": [0.6271185874938965, 0.3354232907295227, 0.07123510539531708, 0.08024605363607407, 0.6508896946907043, 0.5939369201660156, 0.047075822949409485, 0.041072845458984375, 0.4081190228462219], "frame_10": [0.6272217631340027, 0.33539679646492004, 0.07104966789484024, 0.08037833869457245, 0.6508896946907043, 0.5939369201660156, 0.047075822949409485, 0.041072845458984375, 0.48468974232673645], "frame_11": [0.6272360682487488, 0.3354780972003937, 0.07115906476974487, 0.08069038391113281, 0.6508896946907043, 0.5939369201660156, 0.047075822949409485, 0.041072845458984375, 0.5447335839271545], "frame_12": [0.6266685724258423, 0.33558955788612366, 0.07245949655771255, 0.08130025118589401, 0.6508896946907043, 0.5939369201660156, 0.047075822949409485, 0.041072845458984375, 0.6521623134613037], "frame_13": [0.6266596913337708, 0.33561578392982483, 0.07247085869312286, 0.08137073367834091, 0.6508896946907043, 0.5939369201660156, 0.047075822949409485, 0.041072845458984375, 0.5503937602043152], "frame_14": [0.6267242431640625, 0.33561205863952637, 0.07223638147115707, 0.08120600134134293, 0.6508896946907043, 0.5939369201660156, 0.047075822949409485, 0.041072845458984375, 0.6522168517112732], "frame_15": [0.6267340183258057, 0.33568334579467773, 0.07227380573749542, 0.08136465400457382, 0.6508896946907043, 0.5939369201660156, 0.047075822949409485, 0.041072845458984375, 0.7186679244041443], "frame_16": [0.626662015914917, 0.3356829881668091, 0.07248213142156601, 0.08134447783231735, 0.6508896946907043, 0.5939369201660156, 0.047075822949409485, 0.041072845458984375, 0.6904187798500061], "frame_17": [0.626419723033905, 0.33580246567726135, 0.07287881523370743, 0.08118868619203568, 0.6508896946907043, 0.5939369201660156, 0.047075822949409485, 0.041072845458984375, 0.5354477763175964], "frame_18": [0.6265134811401367, 0.3358028531074524, 0.07303466647863388, 0.08107246458530426, 0.6508896946907043, 0.5939369201660156, 0.047075822949409485, 0.041072845458984375, 0.25102439522743225], "frame_19": [0.6267625689506531, 0.33575135469436646, 0.07255303859710693, 0.08102113753557205, 0.6508896946907043, 0.5939369201660156, 0.047075822949409485, 0.041072845458984375, 0.2638898193836212], "frame_20": [0.6268714070320129, 0.33568069338798523, 0.07269494980573654, 0.08118212223052979, 0.6508896946907043, 0.5939369201660156, 0.047075822949409485, 0.041072845458984375, 0.1278725564479828], "frame_21": [0.6268407702445984, 0.33559370040893555, 0.07247161865234375, 0.08105748146772385, 0.6508896946907043, 0.5939369201660156, 0.047075822949409485, 0.041072845458984375, 0.2357148826122284], "frame_22": [0.626753568649292, 0.3357698619365692, 0.07286232709884644, 0.0809985026717186, 0.4822219908237457, 0.5070397853851318, 0.0418379046022892, 0.04701406508684158, 0.4619402289390564], "frame_23": [0.6266289353370667, 0.33577778935432434, 0.07299033552408218, 0.08105097711086273, 0.4753051698207855, 0.5042585730552673, 0.04349327087402344, 0.05497907102108002, 0.47273343801498413], "frame_24": [0.6269276738166809, 0.3357028663158417, 0.07241859287023544, 0.08097139745950699, 0.470803439617157, 0.4934975504875183, 0.045033857226371765, 0.04603034257888794, 0.2381640374660492], "frame_25": [0.6265324950218201, 0.33576148748397827, 0.07319869846105576, 0.0808912068605423, 0.4647507071495056, 0.48520010709762573, 0.043166860938072205, 0.040144942700862885, 0.45356589555740356], "frame_26": [0.6264104843139648, 0.33582836389541626, 0.07316220551729202, 0.0808877944946289, 0.460037499666214, 0.48043960332870483, 0.04567281901836395, 0.04063012823462486, 0.5059319138526917], "frame_27": [0.6264052391052246, 0.33581024408340454, 0.07319746911525726, 0.08093685656785965, 0.4543159604072571, 0.47337302565574646, 0.045476362109184265, 0.041588593274354935, 0.2288626879453659], "frame_28": [0.6263617873191833, 0.3358169198036194, 0.07341558486223221, 0.08088932186365128, 0.4487980008125305, 0.46567583084106445, 0.043050214648246765, 0.04203186184167862, 0.3164539337158203], "frame_29": [0.6263004541397095, 0.3357640504837036, 0.0736846923828125, 0.08079405874013901, 0.44429314136505127, 0.45574498176574707, 0.04320564121007919, 0.044991981238126755, 0.469595342874527], "frame_30": [0.6259461045265198, 0.33575087785720825, 0.07447509467601776, 0.08080548048019409, 0.4397490620613098, 0.4454383850097656, 0.045385826379060745, 0.04552137479186058, 0.8610074520111084], "frame_31": [0.6258440613746643, 0.33574798703193665, 0.0746961385011673, 0.08070040494203568, 0.4368036985397339, 0.4324696958065033, 0.04501380771398544, 0.04541740566492081, 0.5037990212440491], "frame_32": [0.6259225606918335, 0.3357080817222595, 0.07466765493154526, 0.08060313016176224, 0.435640424489975, 0.4177384376525879, 0.045491792261600494, 0.04609353840351105, 0.6401223540306091], "frame_33": [0.6258691549301147, 0.3357864320278168, 0.074437715113163, 0.08081921190023422, 0.43682852387428284, 0.3960745632648468, 0.04396764934062958, 0.0477718785405159, 0.6828104853630066], "frame_34": [0.6259759068489075, 0.33574989438056946, 0.07414436340332031, 0.08074875175952911, 0.44349128007888794, 0.36893966794013977, 0.04289597272872925, 0.04609110206365585, 0.8321051597595215], "frame_35": [0.6257094740867615, 0.335711807012558, 0.07486267387866974, 0.08075061440467834, 0.45471444725990295, 0.3427317440509796, 0.04163924232125282, 0.04428119584918022, 0.8567575812339783], "frame_36": [0.6258236169815063, 0.33571434020996094, 0.07449857890605927, 0.08150507509708405, 0.46373867988586426, 0.3204689919948578, 0.042394936084747314, 0.044499821960926056, 0.8672528266906738], "frame_37": [0.6258096694946289, 0.3357393443584442, 0.07462137192487717, 0.08153142035007477, 0.4707249104976654, 0.30079588294029236, 0.04353828355669975, 0.046618081629276276, 0.8058491349220276], "frame_38": [0.6257294416427612, 0.33574482798576355, 0.0750768855214119, 0.08168569952249527, 0.4803345501422882, 0.28138771653175354, 0.043412018567323685, 0.04598134383559227, 0.8064870834350586], "frame_39": [0.6259187459945679, 0.3358260691165924, 0.0749807134270668, 0.08191106468439102, 0.48850613832473755, 0.26558470726013184, 0.0434221476316452, 0.046916961669921875, 0.7823825478553772],