epoch,loss
0,0.6885400262463045
1,0.6865126831703875
2,0.677475599878763
3,0.6563867565139709
4,0.6357523062861109
5,0.6251151449529522
6,0.6238952110031523
7,0.6273463184096248
8,0.6243507086662164
9,0.6259421364939117
