epoch,loss
0,0.6885400262463045
1,0.6865126831703875
2,0.677475599878763
3,0.6563867565139709
