{"frame_0": [0.5503096580505371, 0.34366855025291443, 0.06207529827952385, 0.03954029083251953, 0.0, 0.0, 0.0, 0.0, 0.46763116121292114], "frame_1": [0.5503697991371155, 0.3436735272407532, 0.06207546591758728, 0.03955526277422905, 0.25399431586265564, 0.424574077129364, 0.03822767361998558, 0.029587935656309128, 0.44444096088409424], "frame_2": [0.5503551959991455, 0.3437248170375824, 0.06200273334980011, 0.03954000398516655, 0.23960529267787933, 0.4207545220851898, 0.051605988293886185, 0.031034279614686966, 0.38151097297668457], "frame_3": [0.5503647327423096, 0.3437213897705078, 0.06191151961684227, 0.039566993713378906, 0.23382441699504852, 0.4159317910671234, 0.045589108020067215, 0.02912301942706108, 0.3306773900985718], "frame_4": [0.5503228306770325, 0.34361448884010315, 0.06199425458908081, 0.03938942030072212, 0.2265852987766266, 0.4117157459259033, 0.04334072396159172, 0.026918793097138405, 0.49876639246940613], "frame_5": [0.5502857565879822, 0.34359920024871826, 0.0620795339345932, 0.03939032554626465, 0.21688804030418396, 0.40984123945236206, 0.04511209949851036, 0.027231384068727493, 0.30236703157424927], "frame_6": [0.550324559211731, 0.34356915950775146, 0.061937544494867325, 0.03934736177325249, 0.2089637815952301, 0.4073522090911865, 0.04075707495212555, 0.026642227545380592, 0.33560147881507874], "frame_7": [0.5503839254379272, 0.34358757734298706, 0.06215667724609375, 0.039310406893491745, 0.2016984075307846, 0.40492239594459534, 0.04156379774212837, 0.026590442284941673, 0.4556180536746979], "frame_8": [0.5504312515258789, 0.34362438321113586, 0.06237640231847763, 0.03937649726867676, 0.1960860788822174, 0.40112653374671936, 0.043141089379787445, 0.0274182315915823, 0.378433495759964], "frame_9": [0.5503865480422974, 0.3436397910118103, 0.062322575598955154, 0.039374448359012604, 0.19135047495365143, 0.39600449800491333, 0.043082259595394135, 0.02869119681417942, 0.3477924168109894], "frame_10": [0.550383985042572, 0.3436248004436493, 0.0622660331428051, 0.039314936846494675, 0.1883898228406906, 0.3888968825340271, 0.04604911804199219, 0.029155254364013672, 0.2982391119003296], "frame_11": [0.5502815246582031, 0.3435940146446228, 0.06209615245461464, 0.03927631303668022, 0.18761354684829712, 0.379591703414917, 0.045976512134075165, 0.029744720086455345, 0.36170193552970886], "frame_12": [0.5502932071685791, 0.34360915422439575, 0.06200086697936058, 0.03936014324426651, 0.18946386873722076, 0.36795681715011597, 0.04379573464393616, 0.02811908721923828, 0.41846588253974915], "frame_13": [0.5502459406852722, 0.3434426486492157, 0.06176266074180603, 0.03907627984881401, 0.19323217868804932, 0.35211434960365295, 0.041115738451480865, 0.02744164504110813, 0.5169109106063843], "frame_14": [0.5502789616584778, 0.34343835711479187, 0.061887361109256744, 0.03904313966631889, 0.20358726382255554, 0.33205094933509827, 0.042565155774354935, 0.027556229382753372, 0.6032130122184753], "frame_15": [0.5502690076828003, 0.3434358239173889, 0.06196848675608635, 0.03904471546411514, 0.2181645780801773, 0.3113231062889099, 0.04045342281460762, 0.027832984924316406, 0.7150486707687378], "frame_16": [0.5503654479980469, 0.34325718879699707, 0.0617692731320858, 0.03871860355138779, 0.23399895429611206, 0.29317885637283325, 0.045607589185237885, 0.02726297453045845, 0.652387797832489], "frame_17": [0.5503361225128174, 0.3433791995048523, 0.061539966613054276, 0.03889131546020508, 0.2465832233428955, 0.2764192223548889, 0.044781409204006195, 0.02667374536395073, 0.49386459589004517], "frame_18": [0.5503191351890564, 0.3434031903743744, 0.061550311744213104, 0.038893748074769974, 0.2605125606060028, 0.26154547929763794, 0.044773273169994354, 0.026620198041200638, 0.5390400290489197], "frame_19": [0.5503937005996704, 0.34341782331466675, 0.06168925017118454, 0.03900780528783798, 0.27390190958976746, 0.24805311858654022, 0.04289821907877922, 0.026343440636992455, 0.569083034992218], "frame_20": [0.5504167079925537, 0.34343665838241577, 0.06194169819355011, 0.039106179028749466, 0.2872749865055084, 0.23605585098266602, 0.04320903494954109, 0.0267518050968647, 0.6111135482788086], "frame_21": [0.5504336953163147, 0.3434905409812927, 0.06206309050321579, 0.039223480969667435, 0.29981446266174316, 0.22553233802318573, 0.04260660707950592, 0.026432227343320847, 0.6466742157936096], "frame_22": [0.5504276156425476, 0.34338194131851196, 0.062123700976371765, 0.03898286819458008, 0.3123670220375061, 0.2160761058330536, 0.042452070862054825, 0.02669963799417019, 0.600653886795044], "frame_23": [0.5507091283798218, 0.3433842957019806, 0.06236724928021431, 0.038950204849243164, 0.3246624767780304, 0.208261638879776, 0.042450882494449615, 0.02627081796526909, 0.6518635153770447], "frame_24": [0.5504022240638733, 0.3434165418148041, 0.062056731432676315, 0.03901257365942001, 0.3367130756378174, 0.20218558609485626, 0.04016248881816864, 0.025861848145723343, 0.6916240453720093], "frame_25": [0.550502359867096, 0.34331029653549194, 0.06217939406633377, 0.03878631442785263, 0.3481331169605255, 0.19657489657402039, 0.041233740746974945, 0.025609493255615234, 0.6650805473327637], "frame_26": [0.5504915118217468, 0.34330740571022034, 0.06204681470990181, 0.038815688341856, 0.35919925570487976, 0.19269521534442902, 0.03897298127412796, 0.025252198800444603, 0.7080248594284058], "frame_27": [0.5504052042961121, 0.34330588579177856, 0.062106069177389145, 0.038787174969911575, 0.37113869190216064, 0.190080463886261, 0.039619192481040955, 0.02476818487048149, 0.7617456316947937], "frame_28": [0.5504011511802673, 0.343275785446167, 0.061917878687381744, 0.038762666285037994, 0.3819137513637543, 0.18881604075431824, 0.03834737092256546, 0.025214623659849167, 0.7380258440971375], "frame_29": [0.5503851771354675, 0.34332314133644104, 0.06204155832529068, 0.038811493664979935, 0.3930600583553314, 0.18790879845619202, 0.038765545934438705, 0.02512538433074951, 0.8298875093460083], "frame_30": [0.5505979657173157, 0.34335410594940186, 0.06218685582280159, 0.03893442079424858, 0.4031730592250824, 0.1883733570575714, 0.03744201734662056, 0.024637889117002487, 0.8244413137435913], "frame_31": [0.5505895614624023, 0.34336191415786743, 0.0620778389275074, 0.038947105407714844, 0.4141342043876648, 0.18956749141216278, 0.03778432309627533, 0.023997973650693893, 0.8038178086280823], "frame_32": [0.5506592988967896, 0.3433372974395752, 0.062167949974536896, 0.038893889635801315, 0.4234830141067505, 0.19169950485229492, 0.03678351640701294, 0.02378816530108452, 0.828600287437439], "frame_33": [0.550619900226593, 0.343334823846817, 0.06216701865196228, 0.038912009447813034, 0.43373802304267883, 0.1946561634540558, 0.0372738316655159, 0.02369704283773899, 0.8697680830955505], "frame_34": [0.5505178570747375, 0.34332770109176636, 0.06260952353477478, 0.03894157335162163, 0.44370129704475403, 0.199276402592659, 0.03662007674574852, 0.022861529141664505, 0.8781920075416565], "frame_35": [0.5505620837211609, 0.3433457314968109, 0.0623304583132267, 0.03889870643615723, 0.4534180462360382, 0.20437195897102356, 0.03353407233953476, 0.022726869210600853, 0.8655051589012146], "frame_36": [0.550650417804718, 0.34339413046836853, 0.061892613768577576, 0.03893308714032173, 0.4630255699157715, 0.2101605385541916, 0.03553466871380806, 0.02203545533120632, 0.8564308881759644], "frame_37": [0.5505874752998352, 0.34344178438186646, 0.06197424978017807, 0.03899431228637695, 0.4722082316875458, 0.21634897589683533, 0.0324740931391716, 0.022260665893554688, 0.8367475271224976], "frame_38": [0.5505156517028809, 0.34337812662124634, 0.062012311071157455, 0.03891181945800781, 0.4815123379230499, 0.22377800941467285, 0.03371497243642807, 0.020642613992094994, 0.8695952296257019], "frame_39": [0.5504828691482544, 0.3433939814567566, 0.06200391799211502, 0.038892220705747604, 0.4895480275154114, 0.23132427036762238, 0.03305613249540329, 0.021528054028749466, 0.8944950103759766],