{"frame_0": [0.5508370995521545, 0.3457720875740051, 0.06068094074726105, 0.06429282575845718, 0.5182197690010071, 0.4735203981399536, 0.038733504712581635, 0.04726075008511543, 0.49240994453430176], "frame_1": [0.5508611798286438, 0.34575000405311584, 0.06063880771398544, 0.06434854120016098, 0.5185697078704834, 0.4701073467731476, 0.04026573896408081, 0.04743058979511261, 0.5135080814361572], "frame_2": [0.5508471131324768, 0.34582486748695374, 0.06079978868365288, 0.06428299099206924, 0.5190562009811401, 0.4625002443790436, 0.03979131951928139, 0.04007072374224663, 0.4924735128879547], "frame_3": [0.5509141683578491, 0.3458232879638672, 0.06075706332921982, 0.06408099830150604, 0.5182238817214966, 0.4576663076877594, 0.039418794214725494, 0.034610070288181305, 0.42335405945777893], "frame_4": [0.5509290099143982, 0.3458692133426666, 0.06078292056918144, 0.0641811341047287, 0.5184627771377563, 0.45601651072502136, 0.04043630138039589, 0.03670823946595192, 0.44880595803260803], "frame_5": [0.5508986711502075, 0.34592095017433167, 0.06075036898255348, 0.06435655057430267, 0.5177319645881653, 0.4516800045967102, 0.041744232177734375, 0.035833824425935745, 0.43091967701911926], "frame_6": [0.5509135723114014, 0.3458961844444275, 0.0606815330684185, 0.06434451043605804, 0.5181853175163269, 0.44713330268859863, 0.04164161533117294, 0.03775825351476669, 0.5226077437400818], "frame_7": [0.550914466381073, 0.34577345848083496, 0.06054365262389183, 0.06412230432033539, 0.5193068385124207, 0.44014257192611694, 0.042173851281404495, 0.03879737854003906, 0.9813606142997742], "frame_8": [0.5507855415344238, 0.34567272663116455, 0.06024187058210373, 0.06396492570638657, 0.5197495222091675, 0.43174827098846436, 0.04115888848900795, 0.0416395403444767, 0.8919417858123779], "frame_9": [0.5509691834449768, 0.3459298014640808, 0.06070196256041527, 0.06442403048276901, 0.5208472609519958, 0.4200872778892517, 0.04025183618068695, 0.04301957041025162, 0.9331841468811035], "frame_10": [0.5509293079376221, 0.34574878215789795, 0.060857899487018585, 0.0639389231801033, 0.5211795568466187, 0.4061037600040436, 0.039857398718595505, 0.04460546746850014, 0.8466231822967529], "frame_11": [0.550884485244751, 0.3459755480289459, 0.06105325371026993, 0.06436260789632797, 0.5206760168075562, 0.3883742392063141, 0.03702545166015625, 0.04348059743642807, 0.8249204158782959], "frame_12": [0.5513334274291992, 0.3462894558906555, 0.06025750935077667, 0.06527987867593765, 0.5207303166389465, 0.36445626616477966, 0.03501281887292862, 0.04354390129446983, 0.8673830032348633], "frame_13": [0.5510241985321045, 0.34552860260009766, 0.061969757080078125, 0.06330986320972443, 0.5243418216705322, 0.3360452950000763, 0.03878898546099663, 0.043232619762420654, 0.902167022228241], "frame_14": [0.5509718060493469, 0.34618687629699707, 0.061953354626894, 0.06394710391759872, 0.5257482528686523, 0.30893880128860474, 0.038266371935606, 0.040832605212926865, 0.8997251987457275], "frame_15": [0.5504376292228699, 0.34643152356147766, 0.061240386217832565, 0.06438486278057098, 0.527421236038208, 0.28522825241088867, 0.037787627428770065, 0.04188041761517525, 0.8933134078979492], "frame_16": [0.550740659236908, 0.34597325325012207, 0.06075189262628555, 0.06493345648050308, 0.5288076400756836, 0.2644772529602051, 0.03769899904727936, 0.0424230583012104, 0.8627938628196716], "frame_17": [0.5509305000305176, 0.34618738293647766, 0.061048295348882675, 0.06492462009191513, 0.5302720665931702, 0.24549610912799835, 0.037482451647520065, 0.0414060577750206, 0.8644886612892151], "frame_18": [0.5509348511695862, 0.34617090225219727, 0.06118880212306976, 0.06479015201330185, 0.5322515964508057, 0.22883211076259613, 0.03674269840121269, 0.0401037223637104, 0.8831425309181213], "frame_19": [0.551021158695221, 0.34616753458976746, 0.06116371229290962, 0.06485617160797119, 0.5337846279144287, 0.21423238515853882, 0.03527183458209038, 0.040621861815452576, 0.8897477984428406], "frame_20": [0.5509369969367981, 0.3461662828922272, 0.06134071201086044, 0.06484127044677734, 0.534996509552002, 0.2014935165643692, 0.035727862268686295, 0.039969973266124725, 0.9105069637298584], "frame_21": [0.5508934259414673, 0.3461376130580902, 0.06122114509344101, 0.06476849317550659, 0.5370340943336487, 0.19010990858078003, 0.03584861755371094, 0.03841383010149002, 0.9334762692451477], "frame_22": [0.5509079694747925, 0.34609752893447876, 0.06121940538287163, 0.06467132270336151, 0.5390825867652893, 0.18181729316711426, 0.03517121076583862, 0.037992920726537704, 0.9655739665031433], "frame_23": [0.5507814884185791, 0.34618499875068665, 0.06097551807761192, 0.06466615200042725, 0.540768027305603, 0.17526647448539734, 0.03454894945025444, 0.03885984420776367, 0.9895980954170227], "frame_24": [0.5507930517196655, 0.3460075855255127, 0.060958098620176315, 0.06448785960674286, 0.5421835780143738, 0.17075783014297485, 0.033945463597774506, 0.038370970636606216, 0.9821390509605408], "frame_25": [0.5508900880813599, 0.3459518551826477, 0.060998618602752686, 0.06455366313457489, 0.5438607335090637, 0.16738152503967285, 0.03414802625775337, 0.03776657208800316, 0.9735888242721558], "frame_26": [0.550923228263855, 0.3459775149822235, 0.06101854145526886, 0.06462065130472183, 0.5454232692718506, 0.16621962189674377, 0.03373213857412338, 0.03753146156668663, 0.9683595299720764], "frame_27": [0.5508798360824585, 0.3459257483482361, 0.06091592460870743, 0.06454065442085266, 0.5469607710838318, 0.16682186722755432, 0.03370484337210655, 0.03708772733807564, 0.9507463574409485], "frame_28": [0.550947904586792, 0.3460994362831116, 0.06085243076086044, 0.06480058282613754, 0.5481226444244385, 0.168400377035141, 0.03331192955374718, 0.03593779727816582, 0.9077578783035278], "frame_29": [0.5509371161460876, 0.34610381722450256, 0.06085455045104027, 0.06473410129547119, 0.5498944520950317, 0.17147880792617798, 0.03260459750890732, 0.03615793585777283, 0.89338219165802], "frame_30": [0.5509606003761292, 0.34572187066078186, 0.06068992614746094, 0.06407421827316284, 0.5515972971916199, 0.17593161761760712, 0.031987763941287994, 0.035497091710567474, 0.8648278713226318], "frame_31": [0.5508665442466736, 0.3457491397857666, 0.06070755794644356, 0.06402617692947388, 0.5532568097114563, 0.18182247877120972, 0.03125495836138725, 0.03416404873132706, 0.8689428567886353], "frame_32": [0.5509281754493713, 0.34574446082115173, 0.060717180371284485, 0.06404580175876617, 0.554623007774353, 0.1889645904302597, 0.030855093151330948, 0.03385037183761597, 0.857795238494873], "frame_33": [0.5510193109512329, 0.3456980884075165, 0.06081046909093857, 0.06400690972805023, 0.5556909441947937, 0.1981334686279297, 0.029428482055664062, 0.03343476355075836, 0.8592203855514526], "frame_34": [0.5509723424911499, 0.34575557708740234, 0.06078452989459038, 0.06416164338588715, 0.5577149987220764, 0.20913316309452057, 0.029299629852175713, 0.034612275660037994, 0.8588630557060242], "frame_35": [0.5508162975311279, 0.3458312153816223, 0.06071607768535614, 0.06439465284347534, 0.5595123171806335, 0.22053682804107666, 0.02878740057349205, 0.03299675136804581, 0.9094911813735962], "frame_36": [0.5508352518081665, 0.3458106219768524, 0.06050317734479904, 0.06435216218233109, 0.5612919330596924, 0.23302611708641052, 0.03000471368432045, 0.03375884145498276, 0.9048648476600647], "frame_37": [0.5507025122642517, 0.34584468603134155, 0.06053411588072777, 0.06438767910003662, 0.5624877214431763, 0.24645066261291504, 0.030802367255091667, 0.032691191881895065, 0.8863477110862732], "frame_38": [0.5508161187171936, 0.34575995802879333, 0.06076910346746445, 0.06440529227256775, 0.5648244023323059, 0.26108086109161377, 0.029402922838926315, 0.034356966614723206, 0.8758925199508667], "frame_39": [0.5509747266769409, 0.3457369804382324, 0.0610266774892807, 0.06385841220617294, 0.5660153031349182, 0.2763931453227997, 0.02937333844602108, 0.03293503820896149, 0.8842880725860596],