{"frame_0": [0.5513700842857361, 0.34317439794540405, 0.060981158167123795, 0.03887934610247612, 0.4680190980434418, 0.4643488824367523, 0.02763502299785614, 0.018256187438964844, 0.0], "frame_1": [0.551393449306488, 0.3431948125362396, 0.06085950881242752, 0.038922883570194244, 0.47454801201820374, 0.4581834673881531, 0.0276769008487463, 0.01888446882367134, 0.0], "frame_2": [0.5514241456985474, 0.3431657552719116, 0.061137136071920395, 0.03883495181798935, 0.4805541932582855, 0.44894200563430786, 0.02751481719315052, 0.01956195756793022, 0.0], "frame_3": [0.5515823364257812, 0.3432963192462921, 0.06154869869351387, 0.03873858600854874, 0.48776212334632874, 0.43628090620040894, 0.02652486227452755, 0.01759510114789009, 0.0], "frame_4": [0.5514151453971863, 0.34329211711883545, 0.06177164614200592, 0.03868088871240616, 0.48708081245422363, 0.4232107102870941, 0.02921244315803051, 0.020230388268828392, 0.0], "frame_5": [0.5512654781341553, 0.3433450758457184, 0.06167382001876831, 0.03875761106610298, 0.49050232768058777, 0.40879616141319275, 0.02693498320877552, 0.01849985122680664, 0.9507910013198853], "frame_6": [0.5510630011558533, 0.34330329298973083, 0.06061214953660965, 0.038839053362607956, 0.49424099922180176, 0.3971729278564453, 0.02597249299287796, 0.018320083618164062, 0.0], "frame_7": [0.5513548851013184, 0.34345144033432007, 0.06063300371170044, 0.03893442079424858, 0.49761098623275757, 0.38432836532592773, 0.02750464528799057, 0.017249012365937233, 0.0], "frame_8": [0.5515042543411255, 0.3432990610599518, 0.06007283553481102, 0.038686610758304596, 0.5014198422431946, 0.37304794788360596, 0.0272962786257267, 0.016541004180908203, 0.0], "frame_9": [0.5521347522735596, 0.3432962894439697, 0.058857981115579605, 0.03846578672528267, 0.5046148300170898, 0.3625006675720215, 0.02827504463493824, 0.0173663143068552, 0.0], "frame_10": [0.551933228969574, 0.34333670139312744, 0.059830982238054276, 0.03800220414996147, 0.5110692381858826, 0.3522570729255676, 0.025957828387618065, 0.019517898559570312, 0.0], "frame_11": [0.5497573614120483, 0.34389352798461914, 0.06302829086780548, 0.039383601397275925, 0.5110692381858826, 0.3522570729255676, 0.025957828387618065, 0.019517898559570312, 0.0], "frame_12": [0.5491828918457031, 0.3436485826969147, 0.06635945290327072, 0.03891334682703018, 0.5110692381858826, 0.3522570729255676, 0.025957828387618065, 0.019517898559570312, 0.0], "frame_13": [0.5474673509597778, 0.34252995252609253, 0.06864047795534134, 0.04042615741491318, 0.5110692381858826, 0.3522570729255676, 0.025957828387618065, 0.019517898559570312, 0.0], "frame_14": [0.5491684675216675, 0.3427773416042328, 0.06687172502279282, 0.03891725465655327, 0.5250348448753357, 0.31950312852859497, 0.02721066027879715, 0.01613178290426731, 0.0], "frame_15": [0.5503939986228943, 0.342575341463089, 0.06350114941596985, 0.03873004764318466, 0.5284001231193542, 0.3140268921852112, 0.027168868109583855, 0.019007492810487747, 0.8093665242195129], "frame_16": [0.5509621500968933, 0.34248194098472595, 0.06328718364238739, 0.03925829008221626, 0.5319245457649231, 0.30753588676452637, 0.02850579097867012, 0.01772337034344673, 0.5577288269996643], "frame_17": [0.5508111119270325, 0.3433212339878082, 0.06199612095952034, 0.03874216228723526, 0.5363339185714722, 0.30328792333602905, 0.02874806709587574, 0.018589258193969727, 0.2814350426197052], "frame_18": [0.5509409308433533, 0.3433103859424591, 0.06155073270201683, 0.03854093700647354, 0.5409142971038818, 0.29876071214675903, 0.026826223358511925, 0.017406320199370384, 0.0], "frame_19": [0.5513610243797302, 0.3430241048336029, 0.061211563646793365, 0.03884830325841904, 0.5450360774993896, 0.2956075072288513, 0.02964240126311779, 0.01789560355246067, 0.0], "frame_20": [0.5514198541641235, 0.34300121665000916, 0.06114162877202034, 0.03867464140057564, 0.5501668453216553, 0.29300951957702637, 0.03055538609623909, 0.01808471605181694, 0.7621301412582397], "frame_21": [0.5512135624885559, 0.3430158197879791, 0.061016082763671875, 0.03854713588953018, 0.5542906522750854, 0.2911352217197418, 0.02947811596095562, 0.01930408552289009, 0.13109727203845978], "frame_22": [0.551494836807251, 0.34313902258872986, 0.06101938709616661, 0.038573361933231354, 0.5591320395469666, 0.29068294167518616, 0.02917802520096302, 0.01935577392578125, 0.0], "frame_23": [0.5514810681343079, 0.34310322999954224, 0.060909610241651535, 0.03863339498639107, 0.5631665587425232, 0.2907800078392029, 0.02919955737888813, 0.019512176513671875, 0.0], "frame_24": [0.5514857769012451, 0.34312909841537476, 0.0609164759516716, 0.038687609136104584, 0.5666343569755554, 0.2909521460533142, 0.02792782336473465, 0.01880636252462864, 0.0], "frame_25": [0.551908016204834, 0.3432626724243164, 0.06158142164349556, 0.03865776211023331, 0.5724067091941833, 0.2915987968444824, 0.02809346467256546, 0.01870145834982395, 0.0], "frame_26": [0.5516154170036316, 0.34327346086502075, 0.061312612146139145, 0.03867454454302788, 0.5754637718200684, 0.2935434877872467, 0.02736324816942215, 0.018021011725068092, 0.0], "frame_27": [0.551473081111908, 0.3433552086353302, 0.06098955124616623, 0.03863983228802681, 0.5780289769172668, 0.29545658826828003, 0.025951724499464035, 0.016968632116913795, 0.0], "frame_28": [0.5513029098510742, 0.34340983629226685, 0.06117689236998558, 0.03870410844683647, 0.5849406123161316, 0.2998536229133606, 0.03131985291838646, 0.019548749551177025, 0.0], "frame_29": [0.550416111946106, 0.3434847295284271, 0.06037207692861557, 0.038884688168764114, 0.5942364931106567, 0.3041141629219055, 0.03398352861404419, 0.019342804327607155, 0.0], "frame_30": [0.5504904985427856, 0.3431960642337799, 0.05926378071308136, 0.03825082629919052, 0.5978595018386841, 0.3081168234348297, 0.03065355122089386, 0.020246218889951706, 0.0], "frame_31": [0.5504927635192871, 0.34344011545181274, 0.059642963111400604, 0.038292836397886276, 0.598569929599762, 0.3149745464324951, 0.02911732904613018, 0.020276451483368874, 0.0], "frame_32": [0.5506783127784729, 0.3435725271701813, 0.06005198135972023, 0.03850116580724716, 0.6008217930793762, 0.32161945104599, 0.02724609337747097, 0.018740082159638405, 0.7502302527427673], "frame_33": [0.550599217414856, 0.343333899974823, 0.05901641771197319, 0.038816023617982864, 0.6038264632225037, 0.3288026452064514, 0.02963867224752903, 0.018207693472504616, 0.7130061984062195], "frame_34": [0.5510212182998657, 0.34350013732910156, 0.06086985394358635, 0.03929948806762695, 0.6038264632225037, 0.3288026452064514, 0.02963867224752903, 0.018207693472504616, 0.5934595465660095], "frame_35": [0.5512452125549316, 0.34324318170547485, 0.0612030029296875, 0.03932466357946396, 0.6038264632225037, 0.3288026452064514, 0.02963867224752903, 0.018207693472504616, 0.6692709922790527], "frame_36": [0.5509717464447021, 0.34316641092300415, 0.0606909841299057, 0.03893280029296875, 0.6122837662696838, 0.35332077741622925, 0.026235198602080345, 0.01886424981057644, 0.7686326503753662], "frame_37": [0.5509585738182068, 0.34321752190589905, 0.06019541248679161, 0.03878450393676758, 0.6143757700920105, 0.363088995218277, 0.027042727917432785, 0.01804494857788086, 0.9727049469947815], "frame_38": [0.5514093041419983, 0.34340396523475647, 0.06090410053730011, 0.03884296491742134, 0.6187435388565063, 0.37494415044784546, 0.02816314622759819, 0.01790304109454155, 0.4731813371181488], "frame_39": [0.551475465297699, 0.34336057305336, 0.06119232252240181, 0.03898973390460014, 0.6214147806167603, 0.38626253604888916, 0.02850528247654438, 0.01799149438738823, 0.38249361515045166], "frame_40": [0.5516040325164795, 0.34340938925743103, 0.061235468834638596, 0.039171505719423294, 0.6233044266700745, 0.3991745114326477, 0.02922024205327034, 0.01864919625222683, 0.38162675499916077], "frame_41": [0.5513086318969727, 0.3431970477104187, 0.06106160581111908, 0.0389191135764122, 0.6304596662521362, 0.4137074053287506, 0.0367431640625, 0.020570088177919388, 0.2488049566745758],