{"frame_0": [0.5512036085128784, 0.34297940135002136, 0.06066979467868805, 0.03840603679418564, 0.5527109503746033, 0.41397541761398315, 0.056664276868104935, 0.02510051801800728, 0.7177256941795349], "frame_1": [0.5512343645095825, 0.3428705334663391, 0.06039191409945488, 0.03821749612689018, 0.5474762916564941, 0.4108833372592926, 0.04890238493680954, 0.026867318898439407, 0.7380316853523254], "frame_2": [0.5512190461158752, 0.3430871367454529, 0.060238055884838104, 0.03865928575396538, 0.5468161106109619, 0.4064362645149231, 0.041248831897974014, 0.02479264698922634, 0.7555434703826904], "frame_3": [0.5512545704841614, 0.3430594801902771, 0.060133446007966995, 0.03853340074419975, 0.5436750650405884, 0.40346837043762207, 0.041249848902225494, 0.022414589300751686, 0.7405716776847839], "frame_4": [0.5513642430305481, 0.34309807419776917, 0.06039666011929512, 0.03859753534197807, 0.5400649905204773, 0.4027182459831238, 0.04091627150774002, 0.02231159247457981, 0.7302807569503784], "frame_5": [0.5513073205947876, 0.34312644600868225, 0.06042955070734024, 0.03867387771606445, 0.5384613871574402, 0.4018496870994568, 0.03962249681353569, 0.022304629907011986, 0.0], "frame_6": [0.5512626767158508, 0.34320804476737976, 0.06073981523513794, 0.03887667506933212, 0.5355631113052368, 0.4008931517601013, 0.03944549709558487, 0.02243957482278347, 0.0], "frame_7": [0.5511314272880554, 0.3433174192905426, 0.06044396385550499, 0.039048291742801666, 0.5318745374679565, 0.3975979685783386, 0.03909352794289589, 0.02245149575173855, 0.0], "frame_8": [0.5513075590133667, 0.3431681990623474, 0.06000993400812149, 0.03883981704711914, 0.5287961363792419, 0.39356833696365356, 0.03884429857134819, 0.02252025529742241, 0.6335474848747253], "frame_9": [0.5514476895332336, 0.34264129400253296, 0.059858620166778564, 0.0377010814845562, 0.5259041786193848, 0.3883856236934662, 0.0404781773686409, 0.024431705474853516, 0.8238673806190491], "frame_10": [0.5515891313552856, 0.34223049879074097, 0.05958082526922226, 0.03701724857091904, 0.5242106318473816, 0.3822453022003174, 0.04038238525390625, 0.025706768035888672, 0.6724076867103577], "frame_11": [0.5522280931472778, 0.34216922521591187, 0.05955081433057785, 0.03664221614599228, 0.5198588967323303, 0.3745810389518738, 0.041598424315452576, 0.02826385572552681, 0.6722736358642578], "frame_12": [0.5525079369544983, 0.34396401047706604, 0.05910593643784523, 0.039813995361328125, 0.5183171629905701, 0.35942959785461426, 0.03530748188495636, 0.027171611785888672, 0.9668416380882263], "frame_13": [0.545960545539856, 0.3433573842048645, 0.07150599360466003, 0.037921953946352005, 0.5414891839027405, 0.34274134039878845, 0.07349870353937149, 0.034926317632198334, 0.7090141773223877], "frame_14": [0.5492672324180603, 0.3429437577724457, 0.06398366391658783, 0.03722686693072319, 0.5222567319869995, 0.3247900605201721, 0.03779296949505806, 0.02712092362344265, 0.7477836012840271], "frame_15": [0.5500999093055725, 0.34286850690841675, 0.061724428087472916, 0.039311788976192474, 0.5242128372192383, 0.3092493414878845, 0.03919423371553421, 0.02486896514892578, 0.9105737209320068], "frame_16": [0.5501379370689392, 0.3431702256202698, 0.06226840615272522, 0.03886241838335991, 0.5258550643920898, 0.2953660190105438, 0.039567649364471436, 0.025331448763608932, 0.0], "frame_17": [0.5510196089744568, 0.3433516025543213, 0.0614996999502182, 0.03899397701025009, 0.5267943739891052, 0.2826847434043884, 0.03941548615694046, 0.024380970746278763, 0.5452010035514832], "frame_18": [0.5511484742164612, 0.34324580430984497, 0.06113789975643158, 0.03897056728601456, 0.5276944041252136, 0.27111417055130005, 0.038368817418813705, 0.024801254272460938, 0.6555487513542175], "frame_19": [0.5511716604232788, 0.34316739439964294, 0.061294980347156525, 0.03879699856042862, 0.5287427306175232, 0.2607523202896118, 0.03743574395775795, 0.02351212501525879, 0.6752499341964722], "frame_20": [0.5511308312416077, 0.3432374894618988, 0.06156141310930252, 0.03886919096112251, 0.5304595232009888, 0.2516004145145416, 0.03711971640586853, 0.0227540023624897, 0.7152571678161621], "frame_21": [0.5512300133705139, 0.34333330392837524, 0.06183946505188942, 0.03906526416540146, 0.5314202904701233, 0.24389834702014923, 0.0359378382563591, 0.023015689104795456, 0.6703038215637207], "frame_22": [0.5512211918830872, 0.34330493211746216, 0.0615268275141716, 0.03904380649328232, 0.5326173901557922, 0.23821735382080078, 0.036866337060928345, 0.02357511594891548, 0.41941148042678833], "frame_23": [0.5511094927787781, 0.34330111742019653, 0.061208851635456085, 0.03902082517743111, 0.5337731838226318, 0.23316998779773712, 0.03815070167183876, 0.02427210845053196, 0.1145961731672287], "frame_24": [0.5509088039398193, 0.34340643882751465, 0.061333972960710526, 0.03917422145605087, 0.5343091487884521, 0.22882430255413055, 0.03691507875919342, 0.023527050390839577, 0.767717719078064], "frame_25": [0.5510756373405457, 0.34327808022499084, 0.06132778525352478, 0.03896598890423775, 0.5362954139709473, 0.22610017657279968, 0.036474864929914474, 0.023154210299253464, 0.5195277333259583], "frame_26": [0.5509929656982422, 0.34329739212989807, 0.061156462877988815, 0.03899822384119034, 0.5371172428131104, 0.22401376068592072, 0.03659328818321228, 0.02296123467385769, 0.5102354288101196], "frame_27": [0.5511318445205688, 0.3432352542877197, 0.06124792993068695, 0.03888664394617081, 0.5388901829719543, 0.22293047606945038, 0.035393692553043365, 0.022800635546445847, 0.7279935479164124], "frame_28": [0.5510560870170593, 0.3433369994163513, 0.06117672473192215, 0.03902139514684677, 0.5397313237190247, 0.22264313697814941, 0.034696198999881744, 0.02266092225909233, 0.7978639602661133], "frame_29": [0.5510024428367615, 0.34323328733444214, 0.061144594103097916, 0.03886384889483452, 0.5416185259819031, 0.22392511367797852, 0.03497619554400444, 0.022136498242616653, 0.8714951872825623], "frame_30": [0.5508737564086914, 0.3431115746498108, 0.061504535377025604, 0.03860320895910263, 0.5429302453994751, 0.22556540369987488, 0.034526314586400986, 0.022018050774931908, 0.9263893365859985], "frame_31": [0.55098557472229, 0.3431190848350525, 0.06146019697189331, 0.03871922567486763, 0.5450198650360107, 0.22841358184814453, 0.03389078751206398, 0.02156524732708931, 0.952583909034729], "frame_32": [0.5510100722312927, 0.34316930174827576, 0.06142137199640274, 0.03885307163000107, 0.5467456579208374, 0.23164725303649902, 0.03457777202129364, 0.021697426214814186, 0.9677634835243225], "frame_33": [0.5508752465248108, 0.3432702124118805, 0.061722226440906525, 0.03902726247906685, 0.5487913489341736, 0.23660187423229218, 0.033225588500499725, 0.020228290930390358, 0.9730141162872314], "frame_34": [0.5508624911308289, 0.3432461619377136, 0.061843447387218475, 0.03897037357091904, 0.5497453212738037, 0.24108752608299255, 0.03183899074792862, 0.020021725445985794, 0.9637380242347717], "frame_35": [0.55091792345047, 0.343220978975296, 0.06181081011891365, 0.03890671581029892, 0.551766037940979, 0.24712033569812775, 0.03102179616689682, 0.01922893524169922, 0.9686769843101501], "frame_36": [0.5509211421012878, 0.34324711561203003, 0.06161617860198021, 0.03892993927001953, 0.5523717999458313, 0.25324884057044983, 0.03015899658203125, 0.01968364790081978, 0.9754127264022827], "frame_37": [0.5508624315261841, 0.34325242042541504, 0.06184268370270729, 0.03895587846636772, 0.5542874336242676, 0.26119595766067505, 0.029363928362727165, 0.018921900540590286, 0.9942021369934082], "frame_38": [0.5508196949958801, 0.34327149391174316, 0.062110647559165955, 0.038994599133729935, 0.5557786822319031, 0.2690975069999695, 0.02855834923684597, 0.01898775063455105, 0.999579668045044], "frame_39": [0.5509479641914368, 0.34318429231643677, 0.062099117785692215, 0.03879070281982422, 0.5566578507423401, 0.27728861570358276, 0.02918226458132267, 0.019226551055908203, 0.9788786172866821],