{"frame_0": [0.5514026880264282, 0.3435852825641632, 0.06083577498793602, 0.03968010097742081, 0.06660089641809464, 0.4241500794887543, 0.03261657431721687, 0.01822338066995144, 0.6848624348640442], "frame_1": [0.5514177680015564, 0.3436119556427002, 0.06084221601486206, 0.03970346599817276, 0.05909472703933716, 0.4229497015476227, 0.03196832910180092, 0.018386458978056908, 0.4933888018131256], "frame_2": [0.5515705943107605, 0.343599796295166, 0.06063351035118103, 0.039682578295469284, 0.05217450112104416, 0.4215465486049652, 0.030664857476949692, 0.018179606646299362, 0.3367638885974884], "frame_3": [0.5518083572387695, 0.3436407446861267, 0.06090613454580307, 0.03949785232543945, 0.04543266445398331, 0.42019718885421753, 0.03360150754451752, 0.017873382195830345, 0.3335723578929901], "frame_4": [0.5518167018890381, 0.34364748001098633, 0.06098853051662445, 0.03948225826025009, 0.04088025540113449, 0.41884368658065796, 0.03410850092768669, 0.018497277051210403, 0.44215771555900574], "frame_5": [0.5519222021102905, 0.34362590312957764, 0.06107059121131897, 0.0394468791782856, 0.03494447097182274, 0.41481056809425354, 0.029632356017827988, 0.018277931958436966, 0.5777548551559448], "frame_6": [0.55168616771698, 0.3435073494911194, 0.0615149587392807, 0.03920154646039009, 0.03296341374516487, 0.40982046723365784, 0.031748391687870026, 0.01783599890768528, 0.4323205351829529], "frame_7": [0.5514137744903564, 0.34359675645828247, 0.0614759661257267, 0.03932065889239311, 0.030955197289586067, 0.40474414825439453, 0.030898476019501686, 0.019064903259277344, 0.46076223254203796], "frame_8": [0.5516769289970398, 0.3435508608818054, 0.06103837862610817, 0.039196014404296875, 0.029389943927526474, 0.3967876732349396, 0.029788080602884293, 0.018881846219301224, 0.27128204703330994], "frame_9": [0.5518290996551514, 0.3435136675834656, 0.06063079833984375, 0.03915152698755264, 0.03503762185573578, 0.3855951130390167, 0.04062362387776375, 0.018294047564268112, 0.0], "frame_10": [0.5518052577972412, 0.3433833718299866, 0.06051890179514885, 0.03884553909301758, 0.045177895575761795, 0.37026506662368774, 0.028554853051900864, 0.01967773400247097, 0.0], "frame_11": [0.5517795085906982, 0.3432733416557312, 0.060385387390851974, 0.03865504264831543, 0.06053002551198006, 0.354179710149765, 0.03206465393304825, 0.01835918426513672, 0.0], "frame_12": [0.5518324971199036, 0.3433372974395752, 0.06079813465476036, 0.038768671452999115, 0.036841969937086105, 0.3838861286640167, 0.025025146082043648, 0.010308313183486462, 0.0], "frame_13": [0.5516852736473083, 0.3432864546775818, 0.0610487200319767, 0.03868980333209038, 0.09409940242767334, 0.32777589559555054, 0.03377920761704445, 0.018306970596313477, 0.0], "frame_14": [0.5512932538986206, 0.3432350158691406, 0.06050432100892067, 0.03885312005877495, 0.10677456110715866, 0.3156975209712982, 0.03251800686120987, 0.01926279067993164, 0.0], "frame_15": [0.5510432124137878, 0.34319210052490234, 0.06033342331647873, 0.03883671760559082, 0.1263994425535202, 0.3023454546928406, 0.02905423939228058, 0.020218754187226295, 0.0], "frame_16": [0.5511627793312073, 0.34316420555114746, 0.06014285609126091, 0.03876905515789986, 0.14039425551891327, 0.29146960377693176, 0.030474811792373657, 0.019547414034605026, 0.0], "frame_17": [0.5515747666358948, 0.34325355291366577, 0.060443878173828125, 0.03877444192767143, 0.14039425551891327, 0.29146960377693176, 0.030474811792373657, 0.019547414034605026, 0.0], "frame_18": [0.5516455173492432, 0.34331196546554565, 0.06077456846833229, 0.03887300565838814, 0.17511418461799622, 0.2719220221042633, 0.03207126259803772, 0.01902008056640625, 0.0], "frame_19": [0.5515742897987366, 0.34333962202072144, 0.061112381517887115, 0.03888421133160591, 0.19120953977108002, 0.2637581527233124, 0.030493756756186485, 0.018506383523344994, 0.0], "frame_20": [0.5515225529670715, 0.34334540367126465, 0.06108703464269638, 0.0388762466609478, 0.20727136731147766, 0.25580328702926636, 0.029258133843541145, 0.01917295530438423, 0.0], "frame_21": [0.5512171983718872, 0.34329259395599365, 0.06074422225356102, 0.03895001485943794, 0.2234826385974884, 0.2497573345899582, 0.03206689655780792, 0.019320964813232422, 0.0], "frame_22": [0.5511423945426941, 0.343239963054657, 0.06049160286784172, 0.03892989084124565, 0.23945726454257965, 0.24352654814720154, 0.030936473980545998, 0.019221018999814987, 0.0], "frame_23": [0.5509806871414185, 0.34318265318870544, 0.06053416058421135, 0.03875436633825302, 0.25439172983169556, 0.2388160228729248, 0.029245588928461075, 0.018997669219970703, 0.0], "frame_24": [0.5510173439979553, 0.34314778447151184, 0.06090342253446579, 0.03867621347308159, 0.27040594816207886, 0.23489609360694885, 0.0316263847053051, 0.019594287499785423, 0.0], "frame_25": [0.551438570022583, 0.343246728181839, 0.06090613454580307, 0.038767196238040924, 0.2866572141647339, 0.23160870373249054, 0.030962372198700905, 0.02026066742837429, 0.0], "frame_26": [0.5515740513801575, 0.3432919383049011, 0.06099192425608635, 0.03877105563879013, 0.3028414845466614, 0.22938759624958038, 0.03058285266160965, 0.01958169974386692, 0.0], "frame_27": [0.5516750812530518, 0.34337565302848816, 0.061039481312036514, 0.03893933445215225, 0.31836622953414917, 0.22809574007987976, 0.029755063354969025, 0.019919108599424362, 0.0], "frame_28": [0.5516610741615295, 0.3433709740638733, 0.06119232252240181, 0.03898029401898384, 0.3334537148475647, 0.22751684486865997, 0.03038686141371727, 0.019715022295713425, 0.0], "frame_29": [0.5516373515129089, 0.3433530926704407, 0.061052873730659485, 0.03893017768859863, 0.3500652015209198, 0.22799234092235565, 0.03127068281173706, 0.019816016778349876, 0.0], "frame_30": [0.5514839291572571, 0.3433438539505005, 0.06136644259095192, 0.03888402134180069, 0.36456528306007385, 0.228702113032341, 0.02959459088742733, 0.01987605169415474, 0.0], "frame_31": [0.551668643951416, 0.34335073828697205, 0.06102040782570839, 0.038895606994628906, 0.3802228569984436, 0.2303740531206131, 0.028623538091778755, 0.01945972442626953, 0.0], "frame_32": [0.5516020059585571, 0.343456894159317, 0.06117163598537445, 0.03911542892456055, 0.39623168110847473, 0.2332095205783844, 0.03135257214307785, 0.019468117505311966, 0.0], "frame_33": [0.5515607595443726, 0.3434496819972992, 0.061378225684165955, 0.03910379484295845, 0.4107659161090851, 0.23659339547157288, 0.03083513118326664, 0.019492005929350853, 0.0], "frame_34": [0.5516660213470459, 0.34349679946899414, 0.061373136937618256, 0.03916215896606445, 0.42633336782455444, 0.24123963713645935, 0.02942759171128273, 0.020049571990966797, 0.0], "frame_35": [0.5517486929893494, 0.3434615731239319, 0.061438411474227905, 0.039041806012392044, 0.4426664113998413, 0.24595074355602264, 0.030634986236691475, 0.01901831664144993, 0.0], "frame_36": [0.5512232184410095, 0.34348776936531067, 0.061003196984529495, 0.03925929218530655, 0.45689743757247925, 0.2519126832485199, 0.028495533391833305, 0.018274307250976562, 0.0], "frame_37": [0.5511484742164612, 0.34348171949386597, 0.061009809374809265, 0.03928709030151367, 0.4723648428916931, 0.2579553425312042, 0.028133731335401535, 0.017864704132080078, 0.0], "frame_38": [0.551148533821106, 0.34346333146095276, 0.06101565808057785, 0.03923215717077255, 0.4872444272041321, 0.26476773619651794, 0.029808977618813515, 0.018225479871034622, 0.0], "frame_39": [0.5515296459197998, 0.34349578619003296, 0.060678355395793915, 0.03910036012530327, 0.5025783777236938, 0.27283772826194763, 0.02791849710047245, 0.017795562744140625, 0.0], "frame_40": [0.5511464476585388, 0.34338298439979553, 0.06047651544213295, 0.038969896733760834, 0.5172255039215088, 0.2811191976070404, 0.029530080035328865, 0.01888103410601616, 0.0], "frame_41": [0.5510737895965576, 0.3433265686035156, 0.060797542333602905, 0.03898010402917862, 0.5311989784240723, 0.2916771471500397, 0.0294019915163517, 0.018018627539277077, 0.0],