{"frame_0": [0.5511294603347778, 0.3435620665550232, 0.06158905103802681, 0.037442587316036224, 0.19377824664115906, 0.41514071822166443, 0.03314433619379997, 0.020523643121123314, 0.5878826379776001], "frame_1": [0.5511576533317566, 0.3435615599155426, 0.06151750311255455, 0.037461280822753906, 0.18748554587364197, 0.4113391041755676, 0.033735234290361404, 0.01977081224322319, 0.5719898343086243], "frame_2": [0.5511713027954102, 0.3435589671134949, 0.06149478629231453, 0.037401773035526276, 0.18221835792064667, 0.4079553484916687, 0.033349014818668365, 0.020341014489531517, 0.6529903411865234], "frame_3": [0.5511289238929749, 0.34353208541870117, 0.06163516640663147, 0.03737158700823784, 0.1786314845085144, 0.4028136134147644, 0.03408826142549515, 0.021553969010710716, 0.7114561200141907], "frame_4": [0.5511392951011658, 0.34350013732910156, 0.06156395748257637, 0.037378501147031784, 0.1756250113248825, 0.3964971601963043, 0.03386116027832031, 0.020033549517393112, 0.6373914480209351], "frame_5": [0.5512377619743347, 0.3433217406272888, 0.061580147594213486, 0.03736763074994087, 0.17497122287750244, 0.38923290371894836, 0.033830177038908005, 0.020188521593809128, 0.6081587076187134], "frame_6": [0.5511515736579895, 0.3433862030506134, 0.06126369908452034, 0.037541866302490234, 0.17546311020851135, 0.3810461461544037, 0.03317870944738388, 0.021228885278105736, 0.5434131026268005], "frame_7": [0.551185131072998, 0.34337615966796875, 0.06175146996974945, 0.0375819206237793, 0.18438953161239624, 0.36919403076171875, 0.03324347734451294, 0.022247647866606712, 0.8105352520942688], "frame_8": [0.5512109398841858, 0.34336400032043457, 0.06172366812825203, 0.03752546384930611, 0.19662080705165863, 0.3541405200958252, 0.03476223349571228, 0.020696068182587624, 0.9074005484580994], "frame_9": [0.5512073040008545, 0.34336167573928833, 0.06146731972694397, 0.037497758865356445, 0.21163791418075562, 0.3410519063472748, 0.03269992396235466, 0.0206267349421978, 0.8154197931289673], "frame_10": [0.5512112379074097, 0.34353020787239075, 0.06145612895488739, 0.03746523708105087, 0.22600139677524567, 0.32933688163757324, 0.03437313437461853, 0.02161383628845215, 0.9472810626029968], "frame_11": [0.5511623024940491, 0.3435102105140686, 0.06155616044998169, 0.03748283535242081, 0.2402854561805725, 0.31773868203163147, 0.032413482666015625, 0.019922351464629173, 0.9907283782958984], "frame_12": [0.5512111783027649, 0.3434922397136688, 0.061560820788145065, 0.03740286827087402, 0.2402854561805725, 0.31773868203163147, 0.032413482666015625, 0.019922351464629173, 0.9365488886833191], "frame_13": [0.551230788230896, 0.34345269203186035, 0.06184827908873558, 0.03733386844396591, 0.2402854561805725, 0.31773868203163147, 0.032413482666015625, 0.019922351464629173, 0.955165684223175], "frame_14": [0.5511791706085205, 0.3434823453426361, 0.0619015172123909, 0.037412453442811966, 0.2874397039413452, 0.2902126908302307, 0.03207923099398613, 0.019636154174804688, 0.9256170988082886], "frame_15": [0.5511918663978577, 0.34344106912612915, 0.06156887486577034, 0.03737974166870117, 0.30176717042922974, 0.28257912397384644, 0.032806396484375, 0.01951589621603489, 0.8973206877708435], "frame_16": [0.5511454939842224, 0.3433811068534851, 0.06144985556602478, 0.03725790977478027, 0.3159169852733612, 0.2767040729522705, 0.03137194365262985, 0.02005309984087944, 0.7577084898948669], "frame_17": [0.5509673953056335, 0.34344911575317383, 0.06165974959731102, 0.03744678571820259, 0.32972627878189087, 0.2715895175933838, 0.033668942749500275, 0.020293522626161575, 0.7979460954666138], "frame_18": [0.5509171485900879, 0.3434993028640747, 0.06154090166091919, 0.03763251379132271, 0.3440144956111908, 0.26703399419784546, 0.03285098448395729, 0.02047738991677761, 0.6905344128608704], "frame_19": [0.5509191155433655, 0.3435031473636627, 0.06152106449007988, 0.03764329105615616, 0.3575461506843567, 0.2637070417404175, 0.03201107308268547, 0.02056097984313965, 0.7518594264984131], "frame_20": [0.551072359085083, 0.3434982895851135, 0.06137712299823761, 0.037557125091552734, 0.37293004989624023, 0.26137763261795044, 0.03269822895526886, 0.019839812070131302, 0.7124331593513489], "frame_21": [0.5510380864143372, 0.343513160943985, 0.06145358458161354, 0.03760271146893501, 0.3855254650115967, 0.25917112827301025, 0.03181186318397522, 0.019973421469330788, 0.7896624207496643], "frame_22": [0.551062822341919, 0.3434930741786957, 0.06121758371591568, 0.03752889484167099, 0.3995073139667511, 0.25834426283836365, 0.03190290555357933, 0.019599150866270065, 0.7832641005516052], "frame_23": [0.5511384606361389, 0.34352168440818787, 0.061828866600990295, 0.03756718710064888, 0.41374197602272034, 0.25817781686782837, 0.03125762939453125, 0.018909359350800514, 0.855513334274292], "frame_24": [0.5513312220573425, 0.3435361981391907, 0.061811912804841995, 0.03754262998700142, 0.42670050263404846, 0.25894588232040405, 0.03110148198902607, 0.019543934613466263, 0.8616514205932617], "frame_25": [0.5513336062431335, 0.3434396982192993, 0.06169857457280159, 0.03737502172589302, 0.4408814311027527, 0.26093652844429016, 0.03206583485007286, 0.019298410043120384, 0.86009681224823], "frame_26": [0.5511496663093567, 0.3432651162147522, 0.06140340119600296, 0.03746161609888077, 0.45268598198890686, 0.26318615674972534, 0.02917666919529438, 0.018989896401762962, 0.8937382698059082], "frame_27": [0.5510863065719604, 0.3434371054172516, 0.061974164098501205, 0.037415169179439545, 0.4655645191669464, 0.2659330368041992, 0.02945980429649353, 0.018803119659423828, 0.0], "frame_28": [0.5513234734535217, 0.3433622419834137, 0.06235368549823761, 0.03721923753619194, 0.47835731506347656, 0.26980796456336975, 0.030310651287436485, 0.01795330084860325, 0.0], "frame_29": [0.5514447689056396, 0.3434470295906067, 0.062144555151462555, 0.03719892352819443, 0.4918349087238312, 0.27443844079971313, 0.027713775634765625, 0.018004035577178, 0.0], "frame_30": [0.5514171123504639, 0.34339141845703125, 0.06116892397403717, 0.03704385831952095, 0.5052909851074219, 0.27939915657043457, 0.02709113247692585, 0.018082713708281517, 0.0], "frame_31": [0.551354706287384, 0.34339892864227295, 0.06133202463388443, 0.037082672119140625, 0.5175873041152954, 0.28447479009628296, 0.032337360084056854, 0.020645905286073685, 0.0], "frame_32": [0.5509288311004639, 0.3432199954986572, 0.06202511116862297, 0.03722977638244629, 0.5296244025230408, 0.29301801323890686, 0.03001098707318306, 0.017594289034605026, 0.0], "frame_33": [0.5511952042579651, 0.34368306398391724, 0.06207309290766716, 0.037256620824337006, 0.54219651222229, 0.3010393977165222, 0.02754923515021801, 0.018566275015473366, 0.0], "frame_34": [0.5518859624862671, 0.34282422065734863, 0.0633731409907341, 0.03864607959985733, 0.5541624426841736, 0.3084896504878998, 0.0287178885191679, 0.017569636926054955, 0.0], "frame_35": [0.5507205724716187, 0.3437568247318268, 0.06286807358264923, 0.03778572008013725, 0.5669300556182861, 0.31610769033432007, 0.0277243722230196, 0.01881885528564453, 0.0], "frame_36": [0.5504618883132935, 0.34367090463638306, 0.06307084858417511, 0.03725609928369522, 0.5661121010780334, 0.3175753951072693, 0.02786916121840477, 0.017827605828642845, 0.0], "frame_37": [0.5515957474708557, 0.34267497062683105, 0.06253136694431305, 0.038898468017578125, 0.5544840693473816, 0.3122718632221222, 0.028325652703642845, 0.018398094922304153, 0.0], "frame_38": [0.5514808893203735, 0.3435858190059662, 0.060268063098192215, 0.03768739849328995, 0.5414562821388245, 0.30701783299446106, 0.02800750732421875, 0.017316151410341263, 0.0], "frame_39": [0.550416886806488, 0.3431937098503113, 0.0645328089594841, 0.03730196878314018, 0.5299811959266663, 0.30323028564453125, 0.028404321521520615, 0.018918132409453392, 0.0], "frame_40": [0.5504632592201233, 0.3433919847011566, 0.06346037238836288, 0.03737220913171768, 0.5184743404388428, 0.30016273260116577, 0.028606414794921875, 0.018898392096161842, 0.0],