{"frame_0": [0.6254276633262634, 0.3355235457420349, 0.07090234011411667, 0.045548390597105026, 0.1899404376745224, 0.46400317549705505, 0.03561456501483917, 0.02005023881793022, 0.7079582810401917], "frame_1": [0.6255673766136169, 0.3355918228626251, 0.07116487622261047, 0.04574980586767197, 0.18440763652324677, 0.4579137861728668, 0.03288014605641365, 0.02084198035299778, 0.6821739077568054], "frame_2": [0.6253570318222046, 0.3356292247772217, 0.07136823982000351, 0.045801542699337006, 0.17787937819957733, 0.45318999886512756, 0.033921390771865845, 0.02074747160077095, 0.6116517186164856], "frame_3": [0.6251751184463501, 0.3356707692146301, 0.07117275893688202, 0.04564237594604492, 0.17044900357723236, 0.4498650133609772, 0.034955766052007675, 0.02110128477215767, 0.6489267945289612], "frame_4": [0.6251965165138245, 0.33565753698349, 0.07111799716949463, 0.04568076133728027, 0.16360768675804138, 0.44767457246780396, 0.03388196974992752, 0.02007141150534153, 0.5959449410438538], "frame_5": [0.6254031658172607, 0.3358079493045807, 0.07092759758234024, 0.046019457280635834, 0.15770268440246582, 0.44581612944602966, 0.03618354722857475, 0.02071514166891575, 0.5347554087638855], "frame_6": [0.6253856420516968, 0.3356967568397522, 0.07090861350297928, 0.045876406133174896, 0.15462197363376617, 0.4450403153896332, 0.03367500379681587, 0.021004486829042435, 0.569509744644165], "frame_7": [0.6254631876945496, 0.3355886936187744, 0.07063564658164978, 0.04555921629071236, 0.1520521193742752, 0.44368332624435425, 0.03369060158729553, 0.02014636993408203, 0.5545986890792847], "frame_8": [0.6255077719688416, 0.33563151955604553, 0.07079323381185532, 0.04568510130047798, 0.14990195631980896, 0.4427536129951477, 0.035158921033144, 0.02034282684326172, 0.5105242133140564], "frame_9": [0.6255028247833252, 0.33561214804649353, 0.07102923840284348, 0.04595613479614258, 0.14748263359069824, 0.44119128584861755, 0.03490681201219559, 0.019250964745879173, 0.5016000866889954], "frame_10": [0.6254619359970093, 0.3356074392795563, 0.07110985368490219, 0.04593715816736221, 0.14710181951522827, 0.43936052918434143, 0.035482365638017654, 0.01996173895895481, 0.4929206669330597], "frame_11": [0.6254454851150513, 0.33567219972610474, 0.07119733840227127, 0.04597616195678711, 0.1469877064228058, 0.4371979236602783, 0.03583822399377823, 0.01926593855023384, 0.48130181431770325], "frame_12": [0.6254251003265381, 0.3356338143348694, 0.07078780978918076, 0.04597945138812065, 0.14640842378139496, 0.4343584477901459, 0.03588167950510979, 0.01930990256369114, 0.40649303793907166], "frame_13": [0.6254382729530334, 0.3356022238731384, 0.07092844694852829, 0.04596066474914551, 0.1470334231853485, 0.43055981397628784, 0.03611454367637634, 0.02102031745016575, 0.4503242075443268], "frame_14": [0.6254255175590515, 0.3356081545352936, 0.07130008190870285, 0.04596872255206108, 0.14745736122131348, 0.42430058121681213, 0.03711730241775513, 0.020943831652402878, 0.7141030430793762], "frame_15": [0.62562096118927, 0.33544856309890747, 0.06990169733762741, 0.046380043029785156, 0.14944235980510712, 0.41531485319137573, 0.03626831993460655, 0.02112102508544922, 0.9509009718894958], "frame_16": [0.6257502436637878, 0.33542099595069885, 0.07001868635416031, 0.04614410549402237, 0.15557649731636047, 0.40184226632118225, 0.03360816091299057, 0.022507095709443092, 0.9442530274391174], "frame_17": [0.6258211135864258, 0.3354340195655823, 0.07000037282705307, 0.04627270624041557, 0.16621118783950806, 0.3855940103530884, 0.031031206250190735, 0.021062517538666725, 0.9293608069419861], "frame_18": [0.6256659030914307, 0.33564266562461853, 0.07111205905675888, 0.04591245576739311, 0.1795559823513031, 0.37108665704727173, 0.030805842950940132, 0.021032046526670456, 0.9555644392967224], "frame_19": [0.6257326006889343, 0.33567705750465393, 0.0709194615483284, 0.04585409164428711, 0.1918196827173233, 0.3562336564064026, 0.03096805140376091, 0.01848573610186577, 0.9277896285057068], "frame_20": [0.6258983016014099, 0.3354279100894928, 0.07005275785923004, 0.046208761632442474, 0.20244772732257843, 0.34399300813674927, 0.03269810229539871, 0.019023895263671875, 0.9355276226997375], "frame_21": [0.626094400882721, 0.33532100915908813, 0.07004377245903015, 0.046160172671079636, 0.21577678620815277, 0.3302229344844818, 0.033892229199409485, 0.01927766762673855, 0.9568241238594055], "frame_22": [0.6259413957595825, 0.3353155553340912, 0.06982540339231491, 0.0460970401763916, 0.2261025309562683, 0.3190750479698181, 0.03346693143248558, 0.019572924822568893, 0.771255373954773], "frame_23": [0.6258945465087891, 0.3352872133255005, 0.07014482468366623, 0.04617338255047798, 0.23985552787780762, 0.3079474866390228, 0.03470988944172859, 0.021248627454042435, 0.7449600100517273], "frame_24": [0.6259186863899231, 0.3353595435619354, 0.0701754242181778, 0.04625725746154785, 0.2514268159866333, 0.29707592725753784, 0.0315144844353199, 0.01979207992553711, 0.8286183476448059], "frame_25": [0.6259608864784241, 0.33525675535202026, 0.07012532651424408, 0.046019889414310455, 0.2647872865200043, 0.28827786445617676, 0.033714380115270615, 0.021895408630371094, 0.9412016868591309], "frame_26": [0.6260149478912354, 0.33525505661964417, 0.0699683278799057, 0.046004485338926315, 0.27886709570884705, 0.27986329793930054, 0.03386819735169411, 0.022077560424804688, 0.8843759894371033], "frame_27": [0.6258885860443115, 0.33524686098098755, 0.07004106044769287, 0.04601411893963814, 0.2910764217376709, 0.27090325951576233, 0.0355079211294651, 0.02482900582253933, 0.9949496388435364], "frame_28": [0.6259300112724304, 0.335262656211853, 0.07006938010454178, 0.04610586166381836, 0.302646666765213, 0.2647726833820343, 0.0390448234975338, 0.023327255621552467, 0.7133691310882568], "frame_29": [0.6262970566749573, 0.335430383682251, 0.06969977170228958, 0.04607591778039932, 0.31731918454170227, 0.25812703371047974, 0.03526005148887634, 0.0215319637209177, 0.794892430305481], "frame_30": [0.6262762546539307, 0.33558183908462524, 0.07007496803998947, 0.046156980097293854, 0.3306210935115814, 0.2527194023132324, 0.03554859012365341, 0.022168254479765892, 0.9696418046951294], "frame_31": [0.6262624263763428, 0.33549100160598755, 0.06996222585439682, 0.04598588868975639, 0.34483397006988525, 0.24817439913749695, 0.03638000413775444, 0.022187137976288795, 0.7351506948471069], "frame_32": [0.626240611076355, 0.3354715406894684, 0.07000783085823059, 0.04590635374188423, 0.35875800251960754, 0.2444024533033371, 0.0358208566904068, 0.022409725934267044, 0.0], "frame_33": [0.62610924243927, 0.3354256749153137, 0.07019840180873871, 0.04583992809057236, 0.3733764588832855, 0.2413949966430664, 0.035583071410655975, 0.02275524102151394, 0.7551308870315552], "frame_34": [0.6261469721794128, 0.33537667989730835, 0.07028910517692566, 0.04597935825586319, 0.3875330090522766, 0.23935961723327637, 0.03605448454618454, 0.02330026589334011, 0.8300861120223999], "frame_35": [0.6263238787651062, 0.3353194296360016, 0.07048085331916809, 0.04587855190038681, 0.4022175967693329, 0.23859786987304688, 0.03698967769742012, 0.023357486352324486, 0.0], "frame_36": [0.626272439956665, 0.33532100915908813, 0.07059800624847412, 0.04602699354290962, 0.41714948415756226, 0.2385162115097046, 0.037260692566633224, 0.023361634463071823, 0.715857207775116], "frame_37": [0.626240611076355, 0.3353284001350403, 0.07034547626972198, 0.045862387865781784, 0.43148210644721985, 0.239003986120224, 0.03647105023264885, 0.023545075207948685, 0.0], "frame_38": [0.6263018250465393, 0.3353041112422943, 0.07002156227827072, 0.045983027666807175, 0.4469206929206848, 0.24068208038806915, 0.03777313232421875, 0.02396697923541069, 0.3964444398880005], "frame_39": [0.6263269782066345, 0.3353137969970703, 0.07010582834482193, 0.04594612121582031, 0.4628547728061676, 0.24346213042736053, 0.03585866466164589, 0.023379802703857422, 0.40114784240722656],