{"frame_0": [0.5080481767654419, 0.40539491176605225, 0.045625388622283936, 0.04740426689386368, 0.4761861264705658, 0.459025502204895, 0.019467629492282867, 0.021911069750785828, 0.8315691351890564], "frame_1": [0.5080151557922363, 0.4052879810333252, 0.045766279101371765, 0.04706166684627533, 0.4761861264705658, 0.459025502204895, 0.019467629492282867, 0.021911069750785828, 0.8844547867774963], "frame_2": [0.5080945491790771, 0.4053967297077179, 0.046031951904296875, 0.047330643981695175, 0.4761861264705658, 0.459025502204895, 0.019467629492282867, 0.021911069750785828, 0.8876914978027344], "frame_3": [0.5079977512359619, 0.4053409993648529, 0.04586050286889076, 0.04722120612859726, 0.4761861264705658, 0.459025502204895, 0.019467629492282867, 0.021911069750785828, 0.9075167179107666], "frame_4": [0.5080854892730713, 0.40533244609832764, 0.04607259854674339, 0.0469486229121685, 0.4761861264705658, 0.459025502204895, 0.019467629492282867, 0.021911069750785828, 0.9176520109176636], "frame_5": [0.5080259442329407, 0.4052630066871643, 0.04590873792767525, 0.04697363078594208, 0.4761861264705658, 0.459025502204895, 0.019467629492282867, 0.021911069750785828, 0.9157066941261292], "frame_6": [0.5080700516700745, 0.4051227271556854, 0.045896828174591064, 0.04667176306247711, 0.4761861264705658, 0.459025502204895, 0.019467629492282867, 0.021911069750785828, 0.8885889053344727], "frame_7": [0.5079917907714844, 0.4051169455051422, 0.04584130272269249, 0.04673127084970474, 0.4761861264705658, 0.459025502204895, 0.019467629492282867, 0.021911069750785828, 0.8413479328155518], "frame_8": [0.5079061985015869, 0.4051342010498047, 0.04573097079992294, 0.046757593750953674, 0.4761861264705658, 0.459025502204895, 0.019467629492282867, 0.021911069750785828, 0.8076311349868774], "frame_9": [0.5079545974731445, 0.4051598012447357, 0.04572664946317673, 0.04673394188284874, 0.4761861264705658, 0.459025502204895, 0.019467629492282867, 0.021911069750785828, 0.6840324997901917], "frame_10": [0.5078920125961304, 0.40511465072631836, 0.045656584203243256, 0.04669515788555145, 0.4761861264705658, 0.459025502204895, 0.019467629492282867, 0.021911069750785828, 0.6559333801269531], "frame_11": [0.5079224705696106, 0.405148983001709, 0.045760177075862885, 0.04676971584558487, 0.4761861264705658, 0.459025502204895, 0.019467629492282867, 0.021911069750785828, 0.6468302011489868], "frame_12": [0.5080757737159729, 0.40471190214157104, 0.046121977269649506, 0.04583740234375, 0.23831328749656677, 0.5339492559432983, 0.024509387090802193, 0.025195905938744545, 0.2359652817249298], "frame_13": [0.5080729722976685, 0.40470266342163086, 0.046149443835020065, 0.04580743610858917, 0.2351815104484558, 0.5259527564048767, 0.02531142719089985, 0.026244735345244408, 0.27791598439216614], "frame_14": [0.5080779790878296, 0.40469783544540405, 0.04617530107498169, 0.04589330777525902, 0.23130477964878082, 0.5174028873443604, 0.02498847059905529, 0.03317108005285263, 0.22983509302139282], "frame_15": [0.5080496072769165, 0.404670387506485, 0.04610548913478851, 0.045854270458221436, 0.2276260107755661, 0.5118666887283325, 0.027836905792355537, 0.03154886141419411, 0.42894309759140015], "frame_16": [0.5080200433731079, 0.4046654999256134, 0.0460798479616642, 0.04585876315832138, 0.22649803757667542, 0.5044459104537964, 0.024783410131931305, 0.028744209557771683, 0.32579469680786133], "frame_17": [0.5080367922782898, 0.4046891927719116, 0.046083830296993256, 0.04585143178701401, 0.22315292060375214, 0.4996223747730255, 0.026673126965761185, 0.028838517144322395, 0.4272887408733368], "frame_18": [0.5080739855766296, 0.4046783149242401, 0.046115875244140625, 0.04572601243853569, 0.220348060131073, 0.4953945577144623, 0.028457026928663254, 0.028073374181985855, 0.4742650091648102], "frame_19": [0.5080657005310059, 0.40466901659965515, 0.046115875244140625, 0.04576988145709038, 0.21848057210445404, 0.4938175678253174, 0.029119491577148438, 0.02858666330575943, 0.39281225204467773], "frame_20": [0.5080344080924988, 0.40466275811195374, 0.04609201103448868, 0.04577111080288887, 0.21732987463474274, 0.49120551347732544, 0.0292058102786541, 0.029376432299613953, 0.42015916109085083], "frame_21": [0.5079873204231262, 0.40463757514953613, 0.046082474291324615, 0.045756276696920395, 0.21653375029563904, 0.4891066551208496, 0.028836674988269806, 0.028313234448432922, 0.4232098162174225], "frame_22": [0.508074939250946, 0.4047185778617859, 0.046213362365961075, 0.045848675072193146, 0.21618284285068512, 0.48719528317451477, 0.028620846569538116, 0.029691483825445175, 0.45168715715408325], "frame_23": [0.508075475692749, 0.40475064516067505, 0.04621772840619087, 0.04584711045026779, 0.2165745198726654, 0.48311665654182434, 0.028959570452570915, 0.029589463025331497, 0.4920083284378052], "frame_24": [0.5081825852394104, 0.4045945107936859, 0.04640062153339386, 0.04588335007429123, 0.21771299839019775, 0.4785833954811096, 0.029853057116270065, 0.030292510986328125, 0.47978898882865906], "frame_25": [0.5081550478935242, 0.40461859107017517, 0.04642486572265625, 0.04587249830365181, 0.2187238335609436, 0.4713208079338074, 0.029511600732803345, 0.02985704131424427, 0.48295921087265015], "frame_26": [0.508078932762146, 0.40459051728248596, 0.04628698527812958, 0.0458974614739418, 0.22039704024791718, 0.46291181445121765, 0.029181670397520065, 0.030415980145335197, 0.4571399986743927], "frame_27": [0.5080602169036865, 0.404526948928833, 0.04617432504892349, 0.04584333673119545, 0.22276738286018372, 0.4535374641418457, 0.030902205035090446, 0.031057653948664665, 0.530535876750946], "frame_28": [0.508020281791687, 0.4045518636703491, 0.04606073349714279, 0.04578369855880737, 0.22955456376075745, 0.4387351870536804, 0.029272079467773438, 0.029761886224150658, 0.5722624659538269], "frame_29": [0.5080054998397827, 0.4045315682888031, 0.04606560617685318, 0.0458204485476017, 0.23999053239822388, 0.41845932602882385, 0.028330039232969284, 0.027669906616210938, 0.7109344601631165], "frame_30": [0.5075929164886475, 0.404541939496994, 0.04537790268659592, 0.04586245119571686, 0.2522544860839844, 0.40007689595222473, 0.02830181084573269, 0.029874123632907867, 0.7523787021636963], "frame_31": [0.5075989961624146, 0.4045466184616089, 0.04537353664636612, 0.04580023139715195, 0.2634192109107971, 0.38243934512138367, 0.027840614318847656, 0.029727470129728317, 0.686122715473175], "frame_32": [0.5075209736824036, 0.4045711159706116, 0.04521692171692848, 0.04593009874224663, 0.27470043301582336, 0.366401344537735, 0.027224497869610786, 0.02916581928730011, 0.6712702512741089], "frame_33": [0.5079400539398193, 0.4045439064502716, 0.04590246453881264, 0.04588186368346214, 0.285046249628067, 0.3531731069087982, 0.025616370141506195, 0.028633031994104385, 0.6454399824142456], "frame_34": [0.5079292058944702, 0.40449973940849304, 0.045964304357767105, 0.04577590152621269, 0.2968866229057312, 0.3400784432888031, 0.024977916851639748, 0.027335844933986664, 0.6453134417533875], "frame_35": [0.5079447627067566, 0.40450677275657654, 0.045902930200099945, 0.04573347419500351, 0.3067951202392578, 0.3284747898578644, 0.024515829980373383, 0.029662281274795532, 0.62790447473526], "frame_36": [0.5074522495269775, 0.4047801196575165, 0.04538442939519882, 0.046085529029369354, 0.3170357048511505, 0.3181317150592804, 0.027660179883241653, 0.02943435311317444, 0.5597359538078308], "frame_37": [0.5075254440307617, 0.40483906865119934, 0.04558525234460831, 0.04620246961712837, 0.32924884557724, 0.30960813164711, 0.028593529015779495, 0.029619641602039337, 0.5504670143127441], "frame_38": [0.507500946521759, 0.4048682451248169, 0.04558173194527626, 0.04620314761996269, 0.34044936299324036, 0.3026537299156189, 0.02582329697906971, 0.028016578406095505, 0.48480671644210815],