{"frame_0": [0.6285454034805298, 0.3977547585964203, 0.04988115280866623, 0.04848196357488632, 0.28965315222740173, 0.5652300715446472, 0.025828933343291283, 0.026093589141964912, 0.5472334027290344], "frame_1": [0.628296434879303, 0.3976157307624817, 0.04907684400677681, 0.04886521399021149, 0.2910027503967285, 0.5676777958869934, 0.02122088521718979, 0.026143349707126617, 0.5188536643981934], "frame_2": [0.6281973719596863, 0.39759212732315063, 0.04890844598412514, 0.048928238451480865, 0.2925838530063629, 0.5699813365936279, 0.020322417840361595, 0.027567122131586075, 0.5122179388999939], "frame_3": [0.628149688243866, 0.39762991666793823, 0.048891447484493256, 0.04900190606713295, 0.29131415486335754, 0.5732661485671997, 0.024190055206418037, 0.030127419158816338, 0.5259157419204712], "frame_4": [0.6281551122665405, 0.3976915180683136, 0.048987578600645065, 0.049074724316596985, 0.28938066959381104, 0.5782812237739563, 0.027958720922470093, 0.031169509515166283, 0.5673821568489075], "frame_5": [0.6280266642570496, 0.3976462483406067, 0.04878654330968857, 0.0490155965089798, 0.2897403836250305, 0.582009494304657, 0.027068031951785088, 0.031410980969667435, 0.6437181234359741], "frame_6": [0.6280174255371094, 0.3976263403892517, 0.04868507385253906, 0.04900415241718292, 0.2884300649166107, 0.5844523906707764, 0.02704925462603569, 0.03215675428509712, 0.6895207762718201], "frame_7": [0.6281216740608215, 0.3976777493953705, 0.04880561679601669, 0.048979271203279495, 0.2864501476287842, 0.5846985578536987, 0.026839446276426315, 0.03144734725356102, 0.7382689714431763], "frame_8": [0.6281519532203674, 0.3977864980697632, 0.04886343330144882, 0.048929594457149506, 0.284050315618515, 0.5858644247055054, 0.0268685445189476, 0.028999540954828262, 0.6882895827293396], "frame_9": [0.6281203627586365, 0.39776840806007385, 0.04884664714336395, 0.0489070899784565, 0.2817439138889313, 0.5844206213951111, 0.02656434290111065, 0.029958555474877357, 0.7156566381454468], "frame_10": [0.6281208992004395, 0.39777296781539917, 0.048934850841760635, 0.04891272634267807, 0.27967485785484314, 0.5827378034591675, 0.025308990851044655, 0.028059979900717735, 0.7372880578041077], "frame_11": [0.6281605958938599, 0.39778298139572144, 0.04901169613003731, 0.04895320534706116, 0.27459338307380676, 0.582468569278717, 0.031046252697706223, 0.029097069054841995, 0.7905822992324829], "frame_12": [0.6282016038894653, 0.39789682626724243, 0.048877887427806854, 0.04855155944824219, 0.2763497233390808, 0.5806058049201965, 0.02739192172884941, 0.026082441210746765, 0.8752284646034241], "frame_13": [0.6282032132148743, 0.39789438247680664, 0.048891447484493256, 0.048556603491306305, 0.2763497233390808, 0.5806058049201965, 0.02739192172884941, 0.026082441210746765, 0.8865586519241333], "frame_14": [0.628145694732666, 0.39788705110549927, 0.04882698133587837, 0.04852617159485817, 0.2763497233390808, 0.5806058049201965, 0.02739192172884941, 0.026082441210746765, 0.9587923288345337], "frame_15": [0.6281658411026001, 0.39788487553596497, 0.0488765724003315, 0.04850616306066513, 0.2763497233390808, 0.5806058049201965, 0.02739192172884941, 0.026082441210746765, 0.9364344477653503], "frame_16": [0.6281736493110657, 0.3978957235813141, 0.04889471083879471, 0.04851722717285156, 0.2763497233390808, 0.5806058049201965, 0.02739192172884941, 0.026082441210746765, 0.9204259514808655], "frame_17": [0.6283397674560547, 0.39790165424346924, 0.048717498779296875, 0.04854248836636543, 0.2763497233390808, 0.5806058049201965, 0.02739192172884941, 0.026082441210746765, 0.7854408025741577], "frame_18": [0.6282990574836731, 0.3979150652885437, 0.048667315393686295, 0.04849603399634361, 0.2763497233390808, 0.5806058049201965, 0.02739192172884941, 0.026082441210746765, 0.6765612959861755], "frame_19": [0.6281778812408447, 0.3978979289531708, 0.04873695224523544, 0.04837599769234657, 0.2763497233390808, 0.5806058049201965, 0.02739192172884941, 0.026082441210746765, 0.5605840682983398], "frame_20": [0.628206193447113, 0.3979119062423706, 0.04853583499789238, 0.04836713895201683, 0.2545066475868225, 0.49601608514785767, 0.02776660956442356, 0.030840853229165077, 0.4859698414802551], "frame_21": [0.6280987858772278, 0.39789608120918274, 0.04834119975566864, 0.04837362468242645, 0.24267125129699707, 0.4854722023010254, 0.026491079479455948, 0.03141433000564575, 0.42906132340431213], "frame_22": [0.6281340718269348, 0.39790618419647217, 0.04842321574687958, 0.048363834619522095, 0.23353447020053864, 0.4773276448249817, 0.025580978021025658, 0.02976684644818306, 0.4673541784286499], "frame_23": [0.6282595992088318, 0.3979555666446686, 0.04851769283413887, 0.04845771938562393, 0.22703933715820312, 0.46897092461586, 0.026924854144454002, 0.028548812493681908, 0.3919498026371002], "frame_24": [0.6282354593276978, 0.3979418873786926, 0.0486101359128952, 0.04833831638097763, 0.22703933715820312, 0.46897092461586, 0.026924854144454002, 0.028548812493681908, 0.43127521872520447], "frame_25": [0.628180205821991, 0.3979509174823761, 0.04848060756921768, 0.04853265732526779, 0.22703933715820312, 0.46897092461586, 0.026924854144454002, 0.028548812493681908, 0.4112350344657898], "frame_26": [0.6283801794052124, 0.39810553193092346, 0.04883461073040962, 0.04860581457614899, 0.22703933715820312, 0.46897092461586, 0.026924854144454002, 0.028548812493681908, 0.5891842246055603], "frame_27": [0.6281363368034363, 0.39811375737190247, 0.04875793308019638, 0.04858093336224556, 0.22703933715820312, 0.46897092461586, 0.026924854144454002, 0.028548812493681908, 0.573903501033783], "frame_28": [0.6280407309532166, 0.3980894386768341, 0.048631880432367325, 0.0485864020884037, 0.23421834409236908, 0.4197230041027069, 0.024733247235417366, 0.029900657013058662, 0.6055543422698975], "frame_29": [0.6280763149261475, 0.39806368947029114, 0.04872940853238106, 0.048657141625881195, 0.23421834409236908, 0.4197230041027069, 0.024733247235417366, 0.029900657013058662, 0.7480462789535522], "frame_30": [0.6280723810195923, 0.3980580270290375, 0.048724956810474396, 0.048655275255441666, 0.2621441185474396, 0.3824400305747986, 0.025948714464902878, 0.026898659765720367, 0.7229214310646057], "frame_31": [0.627968966960907, 0.39801278710365295, 0.048783279955387115, 0.04867583513259888, 0.2621441185474396, 0.3824400305747986, 0.025948714464902878, 0.026898659765720367, 0.7349039316177368], "frame_32": [0.6279361248016357, 0.3979869484901428, 0.04879608005285263, 0.04868609085679054, 0.2953719198703766, 0.3480859696865082, 0.026099713519215584, 0.029249276965856552, 0.74590665102005], "frame_33": [0.6279347538948059, 0.3979848325252533, 0.048765648156404495, 0.04867184907197952, 0.3119179606437683, 0.33512771129608154, 0.025034990161657333, 0.02926887944340706, 0.7747462391853333], "frame_34": [0.6279959678649902, 0.3979682922363281, 0.04874212294816971, 0.04861081391572952, 0.3278692960739136, 0.32168617844581604, 0.026472855359315872, 0.027332432568073273, 0.7694886326789856], "frame_35": [0.6280503869056702, 0.39798152446746826, 0.04891815036535263, 0.04869355261325836, 0.34349748492240906, 0.31126633286476135, 0.026396730914711952, 0.027268409729003906, 0.6905816793441772], "frame_36": [0.6279794573783875, 0.397962361574173, 0.04851531982421875, 0.04885232821106911, 0.3572089374065399, 0.30043020844459534, 0.025394313037395477, 0.02751263603568077, 0.645414412021637], "frame_37": [0.6279780268669128, 0.39795711636543274, 0.0485459640622139, 0.0488562248647213, 0.3739146888256073, 0.29146942496299744, 0.023458776995539665, 0.02700042724609375, 0.662373423576355], "frame_38": [0.6279822587966919, 0.39794862270355225, 0.04862090200185776, 0.04885919392108917, 0.38886141777038574, 0.2855270504951477, 0.024518966674804688, 0.02830047532916069, 0.6244747638702393], "frame_39": [0.6280535459518433, 0.39799177646636963, 0.04867303743958473, 0.04890395328402519, 0.4029228985309601, 0.2795861065387726, 0.02529839426279068, 0.026938438415527344, 0.4903962314128876],