{"frame_0": [0.6281340718269348, 0.3984197974205017, 0.049922943115234375, 0.0490969754755497, 0.2640785574913025, 0.6322681903839111, 0.02491931989789009, 0.03170356899499893, 0.9735786318778992], "frame_1": [0.6282441020011902, 0.3983830213546753, 0.04954376071691513, 0.049064550548791885, 0.26663726568222046, 0.6220632195472717, 0.022781414911150932, 0.0325222872197628, 0.9703989624977112], "frame_2": [0.628198504447937, 0.39838680624961853, 0.04936959967017174, 0.04912177100777626, 0.2673265337944031, 0.6167958378791809, 0.022988170385360718, 0.028694618493318558, 0.9608024954795837], "frame_3": [0.6281659603118896, 0.3982621133327484, 0.049185942858457565, 0.04911087825894356, 0.2673265337944031, 0.6167958378791809, 0.022988170385360718, 0.028694618493318558, 0.9121434092521667], "frame_4": [0.6281956434249878, 0.3982623517513275, 0.04912889376282692, 0.04910515621304512, 0.2673265337944031, 0.6167958378791809, 0.022988170385360718, 0.028694618493318558, 0.8968154191970825], "frame_5": [0.6283078193664551, 0.3983064293861389, 0.049120500683784485, 0.04904374107718468, 0.2673265337944031, 0.6167958378791809, 0.022988170385360718, 0.028694618493318558, 0.9191584587097168], "frame_6": [0.6282921433448792, 0.39832526445388794, 0.049234941601753235, 0.04906891658902168, 0.2673265337944031, 0.6167958378791809, 0.022988170385360718, 0.028694618493318558, 0.89887535572052], "frame_7": [0.6282591819763184, 0.39834344387054443, 0.0491764061152935, 0.04908905178308487, 0.2673265337944031, 0.6167958378791809, 0.022988170385360718, 0.028694618493318558, 0.8943284749984741], "frame_8": [0.6282536387443542, 0.3983544111251831, 0.0491807721555233, 0.04911240562796593, 0.2673265337944031, 0.6167958378791809, 0.022988170385360718, 0.028694618493318558, 0.9004718661308289], "frame_9": [0.6282001733779907, 0.39834854006767273, 0.049159325659275055, 0.04927605390548706, 0.2673265337944031, 0.6167958378791809, 0.022988170385360718, 0.028694618493318558, 0.9538406729698181], "frame_10": [0.6281988620758057, 0.3983974754810333, 0.049161147326231, 0.04935251921415329, 0.2673265337944031, 0.6167958378791809, 0.022988170385360718, 0.028694618493318558, 0.977846086025238], "frame_11": [0.6281633973121643, 0.39836585521698, 0.04923269525170326, 0.04930458217859268, 0.2673265337944031, 0.6167958378791809, 0.022988170385360718, 0.028694618493318558, 0.9214898347854614], "frame_12": [0.6281450986862183, 0.39831721782684326, 0.04867837578058243, 0.04949582368135452, 0.2673265337944031, 0.6167958378791809, 0.022988170385360718, 0.028694618493318558, 0.999232828617096], "frame_13": [0.6281209588050842, 0.39827755093574524, 0.04857292026281357, 0.04941919073462486, 0.26927998661994934, 0.6017090082168579, 0.02448444440960884, 0.028089141473174095, 0.978663980960846], "frame_14": [0.6281194686889648, 0.3982776999473572, 0.04855706915259361, 0.049400076270103455, 0.2687126696109772, 0.6037256121635437, 0.026015514507889748, 0.029717804864048958, 0.9566883444786072], "frame_15": [0.6281089186668396, 0.3982713520526886, 0.04860403388738632, 0.04941266402602196, 0.26888370513916016, 0.6071458458900452, 0.02525448240339756, 0.027743658050894737, 0.8326870203018188], "frame_16": [0.6280772089958191, 0.39825862646102905, 0.04854621738195419, 0.04942779615521431, 0.26888370513916016, 0.6071458458900452, 0.02525448240339756, 0.027743658050894737, 0.9195290803909302], "frame_17": [0.6281340718269348, 0.3982815146446228, 0.04850989580154419, 0.04945013299584389, 0.26888370513916016, 0.6071458458900452, 0.02525448240339756, 0.027743658050894737, 0.9233270883560181], "frame_18": [0.6280644536018372, 0.3983040750026703, 0.04839799553155899, 0.04935256019234657, 0.27510178089141846, 0.6202546954154968, 0.02642074227333069, 0.02960968017578125, 0.993079662322998], "frame_19": [0.6280677914619446, 0.39830195903778076, 0.04842936247587204, 0.049342598766088486, 0.27510178089141846, 0.6202546954154968, 0.02642074227333069, 0.02960968017578125, 0.9340871572494507], "frame_20": [0.6281471848487854, 0.3983135223388672, 0.04854927211999893, 0.04940405860543251, 0.27510178089141846, 0.6202546954154968, 0.02642074227333069, 0.02960968017578125, 0.7780535221099854], "frame_21": [0.6281338334083557, 0.39833059906959534, 0.04858686774969101, 0.04938015341758728, 0.2866043448448181, 0.6137740612030029, 0.022578515112400055, 0.027504730969667435, 0.7825563549995422], "frame_22": [0.6281223893165588, 0.39833560585975647, 0.048579491674900055, 0.04941389337182045, 0.28928688168525696, 0.6046603918075562, 0.022721925750374794, 0.0273598562926054, 0.7594928741455078], "frame_23": [0.6281248927116394, 0.3983348309993744, 0.04853943735361099, 0.04940253496170044, 0.28928688168525696, 0.6046603918075562, 0.022721925750374794, 0.0273598562926054, 0.5658875703811646], "frame_24": [0.6280905604362488, 0.3982818126678467, 0.04854736477136612, 0.049243077635765076, 0.28928688168525696, 0.6046603918075562, 0.022721925750374794, 0.0273598562926054, 0.47157564759254456], "frame_25": [0.6280651688575745, 0.39827385544776917, 0.048517607152462006, 0.049265120178461075, 0.2887653708457947, 0.5518640279769897, 0.023751448839902878, 0.027428437024354935, 0.5013536810874939], "frame_26": [0.628082275390625, 0.3982814848423004, 0.04859275743365288, 0.049230702221393585, 0.2859990894794464, 0.5343742370605469, 0.02563713863492012, 0.03172319382429123, 0.3991723954677582], "frame_27": [0.6280511021614075, 0.39824575185775757, 0.048282623291015625, 0.04943152517080307, 0.2848927080631256, 0.5185601711273193, 0.02738971635699272, 0.030935753136873245, 0.3299994468688965], "frame_28": [0.6279663443565369, 0.3982669413089752, 0.048584748059511185, 0.04941372200846672, 0.2893872559070587, 0.498426228761673, 0.027990829199552536, 0.027843475341796875, 0.4100896418094635], "frame_29": [0.6279606819152832, 0.39826521277427673, 0.048769209533929825, 0.04932522401213646, 0.2893872559070587, 0.498426228761673, 0.027990829199552536, 0.027843475341796875, 0.5148776769638062], "frame_30": [0.6279258728027344, 0.398248553276062, 0.048800278455019, 0.04934963583946228, 0.3087189495563507, 0.45099470019340515, 0.02709536999464035, 0.03185827285051346, 0.6705974340438843], "frame_31": [0.6279690861701965, 0.39828258752822876, 0.04883155971765518, 0.049385834485292435, 0.3225440979003906, 0.4269518554210663, 0.027741814032197, 0.03225068002939224, 0.8255744576454163], "frame_32": [0.6279933452606201, 0.3982914388179779, 0.04887962341308594, 0.049397531896829605, 0.33805572986602783, 0.40685561299324036, 0.027358902618288994, 0.028566190972924232, 0.7172877788543701], "frame_33": [0.6280136108398438, 0.39830636978149414, 0.048946380615234375, 0.04936163127422333, 0.3496794104576111, 0.38695868849754333, 0.02819892019033432, 0.02922990545630455, 0.7063755393028259], "frame_34": [0.628104031085968, 0.39829397201538086, 0.048824138939380646, 0.04932526499032974, 0.3496794104576111, 0.38695868849754333, 0.02819892019033432, 0.02922990545630455, 0.5143055319786072], "frame_35": [0.628142237663269, 0.3982996642589569, 0.048956554383039474, 0.04919692128896713, 0.37688419222831726, 0.3508426249027252, 0.027840804308652878, 0.029994795098900795, 0.45854052901268005], "frame_36": [0.6281939744949341, 0.39820241928100586, 0.04906501621007919, 0.049597084522247314, 0.39140018820762634, 0.33603715896606445, 0.024687279015779495, 0.029305268079042435, 0.3951720595359802], "frame_37": [0.628157377243042, 0.3982183635234833, 0.04905989021062851, 0.04960916191339493, 0.40225791931152344, 0.3232966661453247, 0.027138350531458855, 0.030084460973739624, 0.3646716773509979], "frame_38": [0.6282431483268738, 0.3983170688152313, 0.04868066683411598, 0.049781035631895065, 0.415743350982666, 0.3102983236312866, 0.0252702496945858, 0.031706809997558594, 0.34403127431869507], "frame_39": [0.6282390356063843, 0.39832407236099243, 0.04881477355957031, 0.049815833568573, 0.4262004792690277, 0.29948580265045166, 0.028550127521157265, 0.030468283221125603, 0.3825623393058777],