{"frame_0": [0.6318149566650391, 0.39911550283432007, 0.05279693752527237, 0.04853562265634537, 0.2689903974533081, 0.6319857835769653, 0.01867932267487049, 0.02065667137503624, 0.8674794435501099], "frame_1": [0.6307299733161926, 0.39890339970588684, 0.051829613745212555, 0.0486593022942543, 0.2689903974533081, 0.6319857835769653, 0.01867932267487049, 0.02065667137503624, 0.8901485800743103], "frame_2": [0.6306682229042053, 0.3988558351993561, 0.05164299160242081, 0.04858957976102829, 0.2616545557975769, 0.6178736090660095, 0.021540451794862747, 0.022441567853093147, 0.949994683265686], "frame_3": [0.6307505965232849, 0.39888831973075867, 0.05100135877728462, 0.04845237731933594, 0.25820058584213257, 0.6133354902267456, 0.021718110889196396, 0.024109480902552605, 0.9276658892631531], "frame_4": [0.6307432651519775, 0.3988899290561676, 0.05099271237850189, 0.048465218394994736, 0.2548302114009857, 0.6079800128936768, 0.02168560028076172, 0.02640482597053051, 0.9379768967628479], "frame_5": [0.6307746171951294, 0.398880273103714, 0.05097541958093643, 0.0485440157353878, 0.250277578830719, 0.6046603918075562, 0.02381882071495056, 0.023948414251208305, 0.9297404885292053], "frame_6": [0.6308707594871521, 0.3988801836967468, 0.05111444368958473, 0.04850137606263161, 0.250277578830719, 0.6046603918075562, 0.02381882071495056, 0.023948414251208305, 0.9137091040611267], "frame_7": [0.6307998895645142, 0.3989016115665436, 0.05101127550005913, 0.04840431362390518, 0.250277578830719, 0.6046603918075562, 0.02381882071495056, 0.023948414251208305, 0.866402804851532], "frame_8": [0.630743145942688, 0.39890238642692566, 0.05089607089757919, 0.04826812818646431, 0.250277578830719, 0.6046603918075562, 0.02381882071495056, 0.023948414251208305, 0.8662786483764648], "frame_9": [0.630666196346283, 0.39891231060028076, 0.05077094957232475, 0.04825554043054581, 0.2650500535964966, 0.5847504734992981, 0.02256569266319275, 0.023021528497338295, 0.839734673500061], "frame_10": [0.6307017803192139, 0.39896154403686523, 0.050906285643577576, 0.04826897382736206, 0.26963451504707336, 0.578571617603302, 0.02062225341796875, 0.024806976318359375, 0.8286446928977966], "frame_11": [0.6306838393211365, 0.3989722430706024, 0.05093405023217201, 0.04830445349216461, 0.27462008595466614, 0.5740070343017578, 0.023237038403749466, 0.02370622381567955, 0.8059230446815491], "frame_12": [0.6305376887321472, 0.3991779685020447, 0.05078125, 0.0482872873544693, 0.27462008595466614, 0.5740070343017578, 0.023237038403749466, 0.02370622381567955, 0.811158299446106], "frame_13": [0.6305367946624756, 0.3991747498512268, 0.05079955980181694, 0.04828266426920891, 0.27462008595466614, 0.5740070343017578, 0.023237038403749466, 0.02370622381567955, 0.8159840106964111], "frame_14": [0.6305639743804932, 0.3991822898387909, 0.05080511420965195, 0.0483049601316452, 0.2958889901638031, 0.5581861138343811, 0.02166309393942356, 0.020454492419958115, 0.7953583598136902], "frame_15": [0.630542516708374, 0.3991769552230835, 0.050759125500917435, 0.0482882596552372, 0.2958889901638031, 0.5581861138343811, 0.02166309393942356, 0.020454492419958115, 0.8208734393119812], "frame_16": [0.6305491328239441, 0.39917245507240295, 0.05079672113060951, 0.04830224812030792, 0.2958889901638031, 0.5581861138343811, 0.02166309393942356, 0.020454492419958115, 0.8238328099250793], "frame_17": [0.630545973777771, 0.399183064699173, 0.05077645927667618, 0.04833005368709564, 0.2958889901638031, 0.5581861138343811, 0.02166309393942356, 0.020454492419958115, 0.7808429002761841], "frame_18": [0.6304445266723633, 0.39920562505722046, 0.05058114975690842, 0.04834149777889252, 0.2958889901638031, 0.5581861138343811, 0.02166309393942356, 0.020454492419958115, 0.8198981881141663], "frame_19": [0.630480170249939, 0.3991672098636627, 0.0506964772939682, 0.048299070447683334, 0.2958889901638031, 0.5581861138343811, 0.02166309393942356, 0.020454492419958115, 0.708625316619873], "frame_20": [0.6303693056106567, 0.39920729398727417, 0.05060463026165962, 0.04833831638097763, 0.2958889901638031, 0.5581861138343811, 0.02166309393942356, 0.020454492419958115, 0.6757664084434509], "frame_21": [0.6305487751960754, 0.39913812279701233, 0.050583649426698685, 0.04830271378159523, 0.2958889901638031, 0.5581861138343811, 0.02166309393942356, 0.020454492419958115, 0.7754873037338257], "frame_22": [0.6305466294288635, 0.3991486430168152, 0.05053948238492012, 0.048248291015625, 0.2958889901638031, 0.5581861138343811, 0.02166309393942356, 0.020454492419958115, 0.8249801397323608], "frame_23": [0.6305325031280518, 0.39916643500328064, 0.05047234520316124, 0.04826901853084564, 0.2958889901638031, 0.5581861138343811, 0.02166309393942356, 0.020454492419958115, 0.7329996824264526], "frame_24": [0.6306692361831665, 0.3990858197212219, 0.0503092035651207, 0.04816780239343643, 0.2958889901638031, 0.5581861138343811, 0.02166309393942356, 0.020454492419958115, 0.7146644592285156], "frame_25": [0.6306778192520142, 0.39908742904663086, 0.050345443189144135, 0.04815855994820595, 0.2958889901638031, 0.5581861138343811, 0.02166309393942356, 0.020454492419958115, 0.691867470741272], "frame_26": [0.6306766271591187, 0.39907243847846985, 0.050395116209983826, 0.0481363944709301, 0.2958889901638031, 0.5581861138343811, 0.02166309393942356, 0.020454492419958115, 0.7501614689826965], "frame_27": [0.6306917071342468, 0.399087131023407, 0.050356674939394, 0.04815148189663887, 0.2958889901638031, 0.5581861138343811, 0.02166309393942356, 0.020454492419958115, 0.7774995565414429], "frame_28": [0.6306503415107727, 0.3991033732891083, 0.050293732434511185, 0.04813440144062042, 0.2958889901638031, 0.5581861138343811, 0.02166309393942356, 0.020454492419958115, 0.8073819875717163], "frame_29": [0.630620002746582, 0.39911380410194397, 0.0502072237432003, 0.04815016686916351, 0.28943967819213867, 0.42127710580825806, 0.022080717608332634, 0.024141905829310417, 0.8176169395446777], "frame_30": [0.6305871605873108, 0.399137407541275, 0.05016746371984482, 0.048196833580732346, 0.302815318107605, 0.4061933159828186, 0.02328133024275303, 0.02809431217610836, 0.9271734356880188], "frame_31": [0.6306268572807312, 0.3991376757621765, 0.05019205063581467, 0.04821167141199112, 0.302815318107605, 0.4061933159828186, 0.02328133024275303, 0.02809431217610836, 0.9295764565467834], "frame_32": [0.6306381821632385, 0.3991289436817169, 0.050174713134765625, 0.048191919922828674, 0.302815318107605, 0.4061933159828186, 0.02328133024275303, 0.02809431217610836, 0.907642662525177], "frame_33": [0.6307181715965271, 0.3991395831108093, 0.05035972595214844, 0.04815652593970299, 0.302815318107605, 0.4061933159828186, 0.02328133024275303, 0.02809431217610836, 0.9060764908790588], "frame_34": [0.6308647394180298, 0.3991425037384033, 0.05059424415230751, 0.0480821393430233, 0.302815318107605, 0.4061933159828186, 0.02328133024275303, 0.02809431217610836, 0.9156850576400757], "frame_35": [0.6308479309082031, 0.39916229248046875, 0.050656892359256744, 0.04806192219257355, 0.302815318107605, 0.4061933159828186, 0.02328133024275303, 0.02809431217610836, 0.8376557230949402], "frame_36": [0.6311051845550537, 0.3992592692375183, 0.0514635294675827, 0.04844389855861664, 0.38606855273246765, 0.34560078382492065, 0.021779801696538925, 0.022520828992128372, 0.7583393454551697], "frame_37": [0.6310720443725586, 0.3992522358894348, 0.051331330090761185, 0.04841151833534241, 0.38606855273246765, 0.34560078382492065, 0.021779801696538925, 0.022520828992128372, 0.77935791015625], "frame_38": [0.6311414241790771, 0.39924031496047974, 0.05152939632534981, 0.0484703928232193, 0.41206055879592896, 0.33421415090560913, 0.024458905681967735, 0.02626734785735607, 0.7745489478111267], "frame_39": [0.631076991558075, 0.39924317598342896, 0.05121362581849098, 0.04836269095540047, 0.41206055879592896, 0.33421415090560913, 0.024458905681967735, 0.02626734785735607, 0.8267027735710144],