{"frame_0": [0.6309978365898132, 0.39564403891563416, 0.0495622418820858, 0.04895896837115288, 0.38959240913391113, 0.6160109639167786, 0.023193741217255592, 0.023363707587122917, 0.8863358497619629], "frame_1": [0.630705714225769, 0.3957420289516449, 0.04946984350681305, 0.04861314594745636, 0.38884446024894714, 0.6102889776229858, 0.02285139262676239, 0.026581743732094765, 0.8831583261489868], "frame_2": [0.6306963562965393, 0.3957521319389343, 0.04950514808297157, 0.048608820885419846, 0.38734257221221924, 0.6049094796180725, 0.022133128717541695, 0.02477790042757988, 0.8790554404258728], "frame_3": [0.6307374835014343, 0.395766943693161, 0.04959716647863388, 0.048602379858493805, 0.3845946490764618, 0.6013786196708679, 0.022101890295743942, 0.026988813653588295, 0.8721122741699219], "frame_4": [0.6307166814804077, 0.3957594633102417, 0.04957122728228569, 0.048581697046756744, 0.3826777935028076, 0.6000167727470398, 0.022943835705518723, 0.029832713305950165, 0.9120891690254211], "frame_5": [0.6306845545768738, 0.39578521251678467, 0.04975835978984833, 0.04858076199889183, 0.3815058469772339, 0.6002976894378662, 0.023642264306545258, 0.028684021905064583, 0.9025231599807739], "frame_6": [0.6304069757461548, 0.39584413170814514, 0.04922027513384819, 0.048698849976062775, 0.3791463077068329, 0.6031324863433838, 0.024035772308707237, 0.027703475207090378, 0.8846882581710815], "frame_7": [0.630454957485199, 0.3958238363265991, 0.04934366047382355, 0.04866828769445419, 0.3788908123970032, 0.6037238240242004, 0.023768065497279167, 0.026405038312077522, 0.920187771320343], "frame_8": [0.6306073069572449, 0.3958081603050232, 0.04957275465130806, 0.04867583513259888, 0.380929559469223, 0.5999207496643066, 0.02611795999109745, 0.028735266998410225, 0.9109441637992859], "frame_9": [0.6306294798851013, 0.3958190977573395, 0.04960755258798599, 0.04863959550857544, 0.38186976313591003, 0.5949905514717102, 0.026289664208889008, 0.02765638567507267, 0.916056752204895], "frame_10": [0.6306332349777222, 0.3958190977573395, 0.049594879150390625, 0.04863438010215759, 0.3830639719963074, 0.5880857706069946, 0.02666015550494194, 0.027255715802311897, 0.9440364241600037], "frame_11": [0.6306025981903076, 0.39577746391296387, 0.04953040927648544, 0.04862022399902344, 0.38539648056030273, 0.5819519758224487, 0.024236848577857018, 0.02541673369705677, 0.9674547910690308], "frame_12": [0.6307068467140198, 0.3958275616168976, 0.04975738376379013, 0.048117149621248245, 0.38539648056030273, 0.5819519758224487, 0.024236848577857018, 0.02541673369705677, 0.9522152543067932], "frame_13": [0.6306971311569214, 0.3958313465118408, 0.04977624863386154, 0.048114098608493805, 0.38539648056030273, 0.5819519758224487, 0.024236848577857018, 0.02541673369705677, 0.8654126524925232], "frame_14": [0.6306871175765991, 0.39582687616348267, 0.04972724989056587, 0.04811350628733635, 0.38539648056030273, 0.5819519758224487, 0.024236848577857018, 0.02541673369705677, 0.8465964794158936], "frame_15": [0.6308032870292664, 0.3958946764469147, 0.049960918724536896, 0.04820878803730011, 0.38539648056030273, 0.5819519758224487, 0.024236848577857018, 0.02541673369705677, 0.7663010954856873], "frame_16": [0.6307538747787476, 0.39588463306427, 0.0496826171875, 0.04839545488357544, 0.38539648056030273, 0.5819519758224487, 0.024236848577857018, 0.02541673369705677, 0.7179694175720215], "frame_17": [0.6308648586273193, 0.3959329426288605, 0.04976217448711395, 0.04828402027487755, 0.38539648056030273, 0.5819519758224487, 0.024236848577857018, 0.02541673369705677, 0.5083946585655212], "frame_18": [0.6307985186576843, 0.3959221839904785, 0.04990997165441513, 0.04834556579589844, 0.38539648056030273, 0.5819519758224487, 0.024236848577857018, 0.02541673369705677, 0.5487765073776245], "frame_19": [0.6307878494262695, 0.3959612548351288, 0.04985915124416351, 0.04838888347148895, 0.38539648056030273, 0.5819519758224487, 0.024236848577857018, 0.02541673369705677, 0.5074679255485535], "frame_20": [0.6308423280715942, 0.39597249031066895, 0.05001793056726456, 0.048397913575172424, 0.37491920590400696, 0.47854486107826233, 0.023315217345952988, 0.024718686938285828, 0.4951917827129364], "frame_21": [0.6308532953262329, 0.3959576487541199, 0.05004692077636719, 0.048375871032476425, 0.37491920590400696, 0.47854486107826233, 0.023315217345952988, 0.024718686938285828, 0.46971723437309265], "frame_22": [0.6309059858322144, 0.39602500200271606, 0.05011071264743805, 0.04854054003953934, 0.37491920590400696, 0.47854486107826233, 0.023315217345952988, 0.024718686938285828, 0.44616007804870605], "frame_23": [0.6310035586357117, 0.39630770683288574, 0.05061454698443413, 0.04868337884545326, 0.3575514853000641, 0.4631132483482361, 0.02432401478290558, 0.027440430596470833, 0.4140070378780365], "frame_24": [0.6310541033744812, 0.39623528718948364, 0.04956931993365288, 0.04867502674460411, 0.35827314853668213, 0.4591929614543915, 0.0268118754029274, 0.026950158178806305, 0.37379059195518494], "frame_25": [0.6310643553733826, 0.39624541997909546, 0.04965926334261894, 0.04867180809378624, 0.35827314853668213, 0.4591929614543915, 0.0268118754029274, 0.026950158178806305, 0.23486369848251343], "frame_26": [0.6311988234519958, 0.3963618278503418, 0.04982490465044975, 0.04856567457318306, 0.35827314853668213, 0.4591929614543915, 0.0268118754029274, 0.026950158178806305, 0.28561311960220337], "frame_27": [0.6311913728713989, 0.3963429629802704, 0.049694739282131195, 0.04861700162291527, 0.35827314853668213, 0.4591929614543915, 0.0268118754029274, 0.026950158178806305, 0.4572210907936096], "frame_28": [0.63109290599823, 0.39632126688957214, 0.0491943359375, 0.04873839393258095, 0.3673848509788513, 0.42802131175994873, 0.022829141467809677, 0.02601487934589386, 0.6168218851089478], "frame_29": [0.6310620307922363, 0.3963213562965393, 0.04925689846277237, 0.04866828769445419, 0.3728836178779602, 0.4163869321346283, 0.024749841541051865, 0.026478491723537445, 0.5965934991836548], "frame_30": [0.6311192512512207, 0.3963299095630646, 0.049407366663217545, 0.0485907644033432, 0.3842824399471283, 0.40109795331954956, 0.024682065472006798, 0.028002548962831497, 0.8991515040397644], "frame_31": [0.6310300827026367, 0.3963247835636139, 0.04953719303011894, 0.04868214949965477, 0.39362668991088867, 0.3865773379802704, 0.024404482915997505, 0.027202945202589035, 0.9776654243469238], "frame_32": [0.6311085224151611, 0.3963150084018707, 0.049504004418849945, 0.04870397597551346, 0.40218284726142883, 0.3746075928211212, 0.02519972063601017, 0.031531184911727905, 0.9827399253845215], "frame_33": [0.631083607673645, 0.39634934067726135, 0.04979608207941055, 0.04877929762005806, 0.4142763018608093, 0.36411625146865845, 0.023918915539979935, 0.028038619086146355, 0.9971075654029846], "frame_34": [0.6310709714889526, 0.3963707685470581, 0.04979116469621658, 0.04884491115808487, 0.42361724376678467, 0.353774756193161, 0.02333831787109375, 0.027638139203190804, 0.9376681447029114], "frame_35": [0.6310790181159973, 0.3963715434074402, 0.04974344000220299, 0.04893531650304794, 0.4344606101512909, 0.34488940238952637, 0.024773873388767242, 0.028031518682837486, 0.9766528010368347], "frame_36": [0.6311723589897156, 0.3965091407299042, 0.050862886011600494, 0.04895646870136261, 0.4441419839859009, 0.3365958034992218, 0.025588607415556908, 0.026884650811553, 0.1403094232082367], "frame_37": [0.6312013268470764, 0.3965160846710205, 0.05085156857967377, 0.04898681491613388, 0.4534062147140503, 0.3313539922237396, 0.0266248919069767, 0.027830801904201508, 0.9239000678062439], "frame_38": [0.6312011480331421, 0.3965187072753906, 0.05086907371878624, 0.04906145855784416, 0.4621230363845825, 0.3266197741031647, 0.025785276666283607, 0.026580046862363815, 0.1154818907380104], "frame_39": [0.6312158107757568, 0.3964599072933197, 0.05085733160376549, 0.048929426819086075, 0.47424834966659546, 0.3222846984863281, 0.022940615192055702, 0.02643958106637001, 0.9193620681762695],