{"frame_0": [0.6304084062576294, 0.3961802124977112, 0.04955041781067848, 0.04954320937395096, 0.6015170812606812, 0.3812289834022522, 0.021908484399318695, 0.025798331946134567, 0.6932821273803711], "frame_1": [0.6303215622901917, 0.3959950804710388, 0.05043470486998558, 0.04911520332098007, 0.6015170812606812, 0.3812289834022522, 0.021908484399318695, 0.025798331946134567, 0.6823329329490662], "frame_2": [0.6302719116210938, 0.3960410952568054, 0.05030348151922226, 0.049131520092487335, 0.6015170812606812, 0.3812289834022522, 0.021908484399318695, 0.025798331946134567, 0.7073981165885925], "frame_3": [0.6304329037666321, 0.3960725665092468, 0.05036858469247818, 0.04902343824505806, 0.6015170812606812, 0.3812289834022522, 0.021908484399318695, 0.025798331946134567, 0.6719121336936951], "frame_4": [0.630391001701355, 0.3960820436477661, 0.05027732998132706, 0.048999786376953125, 0.6015170812606812, 0.3812289834022522, 0.021908484399318695, 0.025798331946134567, 0.6678651571273804], "frame_5": [0.6303958892822266, 0.3961152732372284, 0.050282541662454605, 0.04908408969640732, 0.6015170812606812, 0.3812289834022522, 0.021908484399318695, 0.025798331946134567, 0.6886009573936462], "frame_6": [0.6304009556770325, 0.39605966210365295, 0.050295639783144, 0.0489155650138855, 0.6015170812606812, 0.3812289834022522, 0.021908484399318695, 0.025798331946134567, 0.7667821049690247], "frame_7": [0.6302840113639832, 0.3960495889186859, 0.05009261146187782, 0.04881138354539871, 0.6015170812606812, 0.3812289834022522, 0.021908484399318695, 0.025798331946134567, 0.7586482167243958], "frame_8": [0.6302751898765564, 0.39606085419654846, 0.05007438734173775, 0.04881951957941055, 0.6015170812606812, 0.3812289834022522, 0.021908484399318695, 0.025798331946134567, 0.9752345085144043], "frame_9": [0.6302556395530701, 0.39605554938316345, 0.05004662275314331, 0.048798538744449615, 0.6015170812606812, 0.3812289834022522, 0.021908484399318695, 0.025798331946134567, 0.9085162878036499], "frame_10": [0.6302405595779419, 0.396060049533844, 0.05012664943933487, 0.04874623566865921, 0.6015170812606812, 0.3812289834022522, 0.021908484399318695, 0.025798331946134567, 0.8645051717758179], "frame_11": [0.6301677227020264, 0.3960754871368408, 0.050048828125, 0.04879964143037796, 0.6015170812606812, 0.3812289834022522, 0.021908484399318695, 0.025798331946134567, 0.9096299409866333], "frame_12": [0.6301715970039368, 0.3960737884044647, 0.04943644255399704, 0.04858144000172615, 0.6015170812606812, 0.3812289834022522, 0.021908484399318695, 0.025798331946134567, 0.9734725952148438], "frame_13": [0.6302011013031006, 0.39607322216033936, 0.04950447008013725, 0.04859703779220581, 0.6015170812606812, 0.3812289834022522, 0.021908484399318695, 0.025798331946134567, 0.9940303564071655], "frame_14": [0.6301729679107666, 0.3960835635662079, 0.04941435903310776, 0.0485880970954895, 0.21267348527908325, 0.5669552087783813, 0.04000873491168022, 0.038018036633729935, 0.9698768854141235], "frame_15": [0.6301262378692627, 0.3960607647895813, 0.04931861162185669, 0.04857826232910156, 0.22140416502952576, 0.5634474158287048, 0.03435211256146431, 0.03522597253322601, 0.8467850089073181], "frame_16": [0.6301710605621338, 0.39604365825653076, 0.04949472099542618, 0.048490144312381744, 0.22723282873630524, 0.5564573407173157, 0.029086578637361526, 0.03125623241066933, 0.9289855360984802], "frame_17": [0.6301683783531189, 0.39602240920066833, 0.04946115240454674, 0.048549141734838486, 0.22723282873630524, 0.5564573407173157, 0.029086578637361526, 0.03125623241066933, 0.6774338483810425], "frame_18": [0.6301823258399963, 0.39607569575309753, 0.049468994140625, 0.04861607030034065, 0.22723282873630524, 0.5564573407173157, 0.029086578637361526, 0.03125623241066933, 0.5323689579963684], "frame_19": [0.6301454901695251, 0.39608028531074524, 0.04929695278406143, 0.04861335828900337, 0.231288343667984, 0.5105320811271667, 0.03186378628015518, 0.02747039869427681, 0.3873729705810547], "frame_20": [0.6302281618118286, 0.3960975706577301, 0.04940851032733917, 0.04863497242331505, 0.22859764099121094, 0.49319058656692505, 0.031220246106386185, 0.028619680553674698, 0.41515928506851196], "frame_21": [0.6302043199539185, 0.3960650861263275, 0.04945411533117294, 0.04856486991047859, 0.22859764099121094, 0.49319058656692505, 0.031220246106386185, 0.028619680553674698, 0.4264015257358551], "frame_22": [0.6301330327987671, 0.3960677981376648, 0.049338702112436295, 0.04857419431209564, 0.21181009709835052, 0.4728938639163971, 0.031572382897138596, 0.03349083662033081, 0.4148826003074646], "frame_23": [0.6301955580711365, 0.39609086513519287, 0.04943029582500458, 0.04857461899518967, 0.20459607243537903, 0.46759262681007385, 0.03361816331744194, 0.03322160616517067, 0.38300079107284546], "frame_24": [0.6301754713058472, 0.39609017968177795, 0.04908277839422226, 0.04900262504816055, 0.200846329331398, 0.46333763003349304, 0.032291412353515625, 0.02902526780962944, 0.38353750109672546], "frame_25": [0.6301955580711365, 0.39621973037719727, 0.0492122657597065, 0.04901067912578583, 0.1997588723897934, 0.45767050981521606, 0.030702145770192146, 0.028344344347715378, 0.3978109657764435], "frame_26": [0.630199134349823, 0.39618581533432007, 0.049188993871212006, 0.04904547706246376, 0.1997588723897934, 0.45767050981521606, 0.030702145770192146, 0.028344344347715378, 0.46234428882598877], "frame_27": [0.6301693916320801, 0.39627915620803833, 0.04912397637963295, 0.04914075881242752, 0.20419159531593323, 0.4392233192920685, 0.03112773969769478, 0.030609596520662308, 0.4511733651161194], "frame_28": [0.6301500797271729, 0.3962836265563965, 0.04918242618441582, 0.0491824671626091, 0.20419159531593323, 0.4392233192920685, 0.03112773969769478, 0.030609596520662308, 0.6004869937896729], "frame_29": [0.6301460266113281, 0.39628279209136963, 0.04916572570800781, 0.04918394982814789, 0.2208285927772522, 0.40751588344573975, 0.030027389526367188, 0.03408681973814964, 0.6969960331916809], "frame_30": [0.6301226615905762, 0.39632323384284973, 0.04918365553021431, 0.04922192916274071, 0.2334650605916977, 0.38530105352401733, 0.02871261164546013, 0.0323360450565815, 0.7905130386352539], "frame_31": [0.6300691366195679, 0.39633992314338684, 0.04913520812988281, 0.049227990210056305, 0.2509916424751282, 0.3653602600097656, 0.028185993432998657, 0.031667813658714294, 0.8312151432037354], "frame_32": [0.6300721764564514, 0.39633238315582275, 0.049179840832948685, 0.0492190457880497, 0.26698070764541626, 0.34645211696624756, 0.02673274092376232, 0.029312917962670326, 0.7802298665046692], "frame_33": [0.630078136920929, 0.3963281512260437, 0.04915618896484375, 0.04921014606952667, 0.28359711170196533, 0.3305065631866455, 0.030063819140195847, 0.029862593859434128, 0.7137032747268677], "frame_34": [0.6300981044769287, 0.39642173051834106, 0.04917318373918533, 0.04940452426671982, 0.30070534348487854, 0.3138481080532074, 0.02732611820101738, 0.03158501535654068, 0.7084711790084839], "frame_35": [0.6301729083061218, 0.39640697836875916, 0.049306489527225494, 0.04932356998324394, 0.315885990858078, 0.3026737570762634, 0.028534699231386185, 0.03125224635004997, 0.7673196196556091], "frame_36": [0.6301665306091309, 0.3964439928531647, 0.04981498792767525, 0.04925859346985817, 0.33155959844589233, 0.2887485921382904, 0.027583567425608635, 0.028125466778874397, 0.7694971561431885], "frame_37": [0.6301761865615845, 0.3964379131793976, 0.049844954162836075, 0.049263764172792435, 0.34547603130340576, 0.2806663513183594, 0.029488394036889076, 0.03196288272738457, 0.8187932372093201], "frame_38": [0.6301600337028503, 0.3964664936065674, 0.04977361857891083, 0.049235619604587555, 0.3598704934120178, 0.2698955833911896, 0.02989332377910614, 0.03169051185250282, 0.7390198707580566],