{"frame_0": [0.6300461888313293, 0.3973931074142456, 0.051343537867069244, 0.04975450411438942, 0.34359368681907654, 0.5601266026496887, 0.021490372717380524, 0.021814346313476562, 0.979779839515686], "frame_1": [0.6296197772026062, 0.39732158184051514, 0.04994028061628342, 0.04989272356033325, 0.34819015860557556, 0.5601282715797424, 0.021739663556218147, 0.022438261657953262, 0.8808274865150452], "frame_2": [0.6297928094863892, 0.3972480893135071, 0.050452254712581635, 0.04975976049900055, 0.34819015860557556, 0.5601282715797424, 0.021739663556218147, 0.022438261657953262, 0.7903842926025391], "frame_3": [0.6297464966773987, 0.39725273847579956, 0.05030954256653786, 0.04969495162367821, 0.36315879225730896, 0.5652622580528259, 0.02106865867972374, 0.02268778532743454, 0.6782618761062622], "frame_4": [0.6295731663703918, 0.39731109142303467, 0.05014801025390625, 0.049600642174482346, 0.36315879225730896, 0.5652622580528259, 0.02106865867972374, 0.02268778532743454, 0.6212247610092163], "frame_5": [0.6296230554580688, 0.3971034288406372, 0.05016716942191124, 0.049725256860256195, 0.37990596890449524, 0.5703103542327881, 0.020622508600354195, 0.022268125787377357, 0.6441091895103455], "frame_6": [0.6293864250183105, 0.39724087715148926, 0.04976281151175499, 0.049713134765625, 0.3894737660884857, 0.5711968541145325, 0.02238074317574501, 0.022698212414979935, 0.649499773979187], "frame_7": [0.6294395923614502, 0.39725032448768616, 0.04983927309513092, 0.04963972419500351, 0.3894737660884857, 0.5711968541145325, 0.02238074317574501, 0.022698212414979935, 0.7157204747200012], "frame_8": [0.629424512386322, 0.39735502004623413, 0.04984643682837486, 0.049519434571266174, 0.3894737660884857, 0.5711968541145325, 0.02238074317574501, 0.022698212414979935, 0.7425411939620972], "frame_9": [0.6294063329696655, 0.39733314514160156, 0.04979722946882248, 0.049436867237091064, 0.3894737660884857, 0.5711968541145325, 0.02238074317574501, 0.022698212414979935, 0.6366129517555237], "frame_10": [0.629368782043457, 0.3972153067588806, 0.04960670322179794, 0.04949018731713295, 0.4094180762767792, 0.5696061253547668, 0.020582029595971107, 0.02082841657102108, 0.6042950749397278], "frame_11": [0.6293463706970215, 0.3972218930721283, 0.04955749586224556, 0.04954566806554794, 0.415891170501709, 0.5644065141677856, 0.018312454223632812, 0.020872285589575768, 0.5263078808784485], "frame_12": [0.6291587948799133, 0.3969373106956482, 0.04960683360695839, 0.04960967227816582, 0.41869616508483887, 0.5580463409423828, 0.020848464220762253, 0.02195298857986927, 0.614610493183136], "frame_13": [0.62916100025177, 0.39694392681121826, 0.04960373789072037, 0.04963349178433418, 0.42017051577568054, 0.5512455701828003, 0.021533966064453125, 0.02053527906537056, 0.6118803024291992], "frame_14": [0.629142165184021, 0.3969610929489136, 0.04953193664550781, 0.049648623913526535, 0.42182955145835876, 0.5396180748939514, 0.023487260565161705, 0.022379091009497643, 0.5932843089103699], "frame_15": [0.6290773153305054, 0.39700886607170105, 0.0494731068611145, 0.04974653571844101, 0.42082706093788147, 0.5338191390037537, 0.022552872076630592, 0.022608185186982155, 0.5667364597320557], "frame_16": [0.6291581988334656, 0.39693373441696167, 0.04964294284582138, 0.04981346055865288, 0.4185257852077484, 0.5272021889686584, 0.01874983124434948, 0.020928572863340378, 0.5412321090698242], "frame_17": [0.6291011571884155, 0.3969685137271881, 0.049472980201244354, 0.04981791228055954, 0.4185257852077484, 0.5272021889686584, 0.01874983124434948, 0.020928572863340378, 0.4734515845775604], "frame_18": [0.6291097402572632, 0.3969968259334564, 0.049440763890743256, 0.04990730434656143, 0.41208818554878235, 0.5143747329711914, 0.018542861565947533, 0.02169341966509819, 0.45790719985961914], "frame_19": [0.629113495349884, 0.3970108926296234, 0.04936608299612999, 0.04989899694919586, 0.4081882834434509, 0.510943591594696, 0.01913553848862648, 0.022447967901825905, 0.5044233798980713], "frame_20": [0.6290919780731201, 0.39704596996307373, 0.04932679235935211, 0.04993468523025513, 0.4060615599155426, 0.5105224847793579, 0.018743641674518585, 0.0244276262819767, 0.5139709711074829], "frame_21": [0.6290953755378723, 0.3970542848110199, 0.0493289940059185, 0.04994061961770058, 0.4060615599155426, 0.5105224847793579, 0.018743641674518585, 0.0244276262819767, 0.5286988019943237], "frame_22": [0.6291027069091797, 0.3970814645290375, 0.04927961528301239, 0.049936845898628235, 0.4060615599155426, 0.5105224847793579, 0.018743641674518585, 0.0244276262819767, 0.6451569199562073], "frame_23": [0.6289820075035095, 0.39707913994789124, 0.04950243607163429, 0.049883268773555756, 0.4060615599155426, 0.5105224847793579, 0.018743641674518585, 0.0244276262819767, 0.6505602598190308], "frame_24": [0.6291927099227905, 0.39687687158584595, 0.049222394824028015, 0.04936553165316582, 0.4060615599155426, 0.5105224847793579, 0.018743641674518585, 0.0244276262819767, 0.5675001740455627], "frame_25": [0.6291900873184204, 0.3968576192855835, 0.049210358411073685, 0.04934637248516083, 0.4060615599155426, 0.5105224847793579, 0.018743641674518585, 0.0244276262819767, 0.4953744411468506], "frame_26": [0.6292019486427307, 0.39683404564857483, 0.04926011711359024, 0.04931390658020973, 0.4060615599155426, 0.5105224847793579, 0.018743641674518585, 0.0244276262819767, 0.5950755476951599], "frame_27": [0.6291555762290955, 0.3968086242675781, 0.04918454587459564, 0.049311235547065735, 0.40187063813209534, 0.49120381474494934, 0.021795187145471573, 0.02148827537894249, 0.3978305757045746], "frame_28": [0.6291629672050476, 0.39679574966430664, 0.04913770779967308, 0.04931526258587837, 0.40187063813209534, 0.49120381474494934, 0.021795187145471573, 0.02148827537894249, 0.8076979517936707], "frame_29": [0.6291526556015015, 0.3967835307121277, 0.049158308655023575, 0.049288854002952576, 0.40187063813209534, 0.49120381474494934, 0.021795187145471573, 0.02148827537894249, 0.6849505305290222], "frame_30": [0.6292080879211426, 0.39683830738067627, 0.04915771633386612, 0.04936510697007179, 0.41025152802467346, 0.46264538168907166, 0.020319918170571327, 0.02650672011077404, 0.8089972734451294], "frame_31": [0.6291839480400085, 0.3968649208545685, 0.04912855476140976, 0.04944801330566406, 0.4181967079639435, 0.4503574073314667, 0.019614199176430702, 0.021937180310487747, 0.8004929423332214], "frame_32": [0.62916499376297, 0.3968609571456909, 0.049115583300590515, 0.04947289451956749, 0.4181967079639435, 0.4503574073314667, 0.019614199176430702, 0.021937180310487747, 0.8306649327278137], "frame_33": [0.6291192173957825, 0.39685913920402527, 0.049079302698373795, 0.04936676099896431, 0.4181967079639435, 0.4503574073314667, 0.019614199176430702, 0.021937180310487747, 0.8294510841369629], "frame_34": [0.6291184425354004, 0.39679545164108276, 0.04901771619915962, 0.04940677061676979, 0.4429495930671692, 0.40667784214019775, 0.021288299933075905, 0.022350946441292763, 0.8642975091934204], "frame_35": [0.6291192770004272, 0.3967702090740204, 0.04902246221899986, 0.04936341196298599, 0.4429495930671692, 0.40667784214019775, 0.021288299933075905, 0.022350946441292763, 0.8059441447257996], "frame_36": [0.6290646195411682, 0.3968958258628845, 0.049428388476371765, 0.04985419288277626, 0.4601576030254364, 0.38144737482070923, 0.024521425366401672, 0.02405768446624279, 0.0], "frame_37": [0.6290109157562256, 0.39686235785484314, 0.04920480400323868, 0.04985076189041138, 0.4601576030254364, 0.38144737482070923, 0.024521425366401672, 0.02405768446624279, 0.7747325301170349], "frame_38": [0.6289620399475098, 0.39688995480537415, 0.049176789820194244, 0.04991946741938591, 0.47902920842170715, 0.3618709146976471, 0.02258148230612278, 0.027439646422863007, 0.7045999765396118], "frame_39": [0.6288343667984009, 0.39691996574401855, 0.04870202764868736, 0.04987945407629013, 0.47902920842170715, 0.3618709146976471, 0.02258148230612278, 0.027439646422863007, 0.5977377891540527],