{"frame_0": [0.5073807835578918, 0.40482401847839355, 0.045467376708984375, 0.045900724828243256, 0.5751284956932068, 0.4873235821723938, 0.02166459895670414, 0.023994233459234238, 0.872635006904602], "frame_1": [0.5074836015701294, 0.4048892855644226, 0.04581870883703232, 0.045707110315561295, 0.5751284956932068, 0.4873235821723938, 0.02166459895670414, 0.023994233459234238, 0.9039285182952881], "frame_2": [0.5074644088745117, 0.4049247205257416, 0.04568634182214737, 0.045722030103206635, 0.5751284956932068, 0.4873235821723938, 0.02166459895670414, 0.023994233459234238, 0.9005295038223267], "frame_3": [0.5075305700302124, 0.40496405959129333, 0.045845795422792435, 0.04574890062212944, 0.5751284956932068, 0.4873235821723938, 0.02166459895670414, 0.023994233459234238, 0.8998466730117798], "frame_4": [0.5075473189353943, 0.4049663841724396, 0.04594077914953232, 0.04578569158911705, 0.5751284956932068, 0.4873235821723938, 0.02166459895670414, 0.023994233459234238, 0.9089784026145935], "frame_5": [0.5074357986450195, 0.40496766567230225, 0.04559440538287163, 0.04584600776433945, 0.5751284956932068, 0.4873235821723938, 0.02166459895670414, 0.023994233459234238, 0.9055876731872559], "frame_6": [0.5073938369750977, 0.40487292408943176, 0.0454864501953125, 0.04569566622376442, 0.5751284956932068, 0.4873235821723938, 0.02166459895670414, 0.023994233459234238, 0.8780636787414551], "frame_7": [0.5072869062423706, 0.40488722920417786, 0.045302581042051315, 0.04575975239276886, 0.5751284956932068, 0.4873235821723938, 0.02166459895670414, 0.023994233459234238, 0.7547770738601685], "frame_8": [0.5073716044425964, 0.4048839211463928, 0.04544410854578018, 0.04576132073998451, 0.5751284956932068, 0.4873235821723938, 0.02166459895670414, 0.023994233459234238, 0.6064862608909607], "frame_9": [0.507352352142334, 0.40490448474884033, 0.04543113708496094, 0.04587249830365181, 0.5751284956932068, 0.4873235821723938, 0.02166459895670414, 0.023994233459234238, 0.38614222407341003], "frame_10": [0.5074145197868347, 0.4049091637134552, 0.04548149183392525, 0.04577111080288887, 0.22749443352222443, 0.5349233746528625, 0.023163985460996628, 0.022515995427966118, 0.36827731132507324], "frame_11": [0.5075610280036926, 0.40500015020370483, 0.04591216892004013, 0.04593679681420326, 0.2243225872516632, 0.5272167921066284, 0.02539997175335884, 0.025067901238799095, 0.4476088285446167], "frame_12": [0.5073712468147278, 0.40465784072875977, 0.04564802348613739, 0.045752376317977905, 0.2202213704586029, 0.5192979574203491, 0.027197223156690598, 0.02930297888815403, 0.35200297832489014], "frame_13": [0.5074844360351562, 0.4047144651412964, 0.045833759009838104, 0.04583108797669411, 0.21695725619792938, 0.5138378739356995, 0.02894916571676731, 0.032399751245975494, 0.3782877027988434], "frame_14": [0.507535994052887, 0.4047030508518219, 0.04596252366900444, 0.045822907239198685, 0.2166295349597931, 0.5069954991340637, 0.02718609757721424, 0.0309456717222929, 0.3804647922515869], "frame_15": [0.507611095905304, 0.40466511249542236, 0.046105362474918365, 0.04572732746601105, 0.21418410539627075, 0.5013243556022644, 0.027661705389618874, 0.026880646124482155, 0.4173215329647064], "frame_16": [0.5076026320457458, 0.4046805500984192, 0.04617195203900337, 0.04576089605689049, 0.21117714047431946, 0.4972703754901886, 0.02767742983996868, 0.025588693097233772, 0.4334735572338104], "frame_17": [0.5076211094856262, 0.4047849774360657, 0.04626350477337837, 0.04597184807062149, 0.20944692194461823, 0.49553367495536804, 0.027859199792146683, 0.027414491400122643, 0.35261446237564087], "frame_18": [0.5076472163200378, 0.4048762023448944, 0.046269990503787994, 0.04616991803050041, 0.20849791169166565, 0.49441978335380554, 0.02825421281158924, 0.027751710265874863, 0.35192543268203735], "frame_19": [0.5075955986976624, 0.40489789843559265, 0.046233367174863815, 0.04620552062988281, 0.20780718326568604, 0.49263203144073486, 0.027945412322878838, 0.027308866381645203, 0.35229212045669556], "frame_20": [0.5077172517776489, 0.4049415588378906, 0.04651251807808876, 0.04625892639160156, 0.20721885561943054, 0.490052193403244, 0.02775469794869423, 0.027483072131872177, 0.3902605175971985], "frame_21": [0.5076865553855896, 0.40497973561286926, 0.04641168564558029, 0.046395957469940186, 0.20680713653564453, 0.4881247580051422, 0.028647612780332565, 0.02803649939596653, 0.4481666684150696], "frame_22": [0.5076757073402405, 0.4049687683582306, 0.046327970921993256, 0.04625663906335831, 0.20713897049427032, 0.4863514304161072, 0.027837753295898438, 0.02905646339058876, 0.44976502656936646], "frame_23": [0.5077077150344849, 0.4049413800239563, 0.04635200649499893, 0.04623044282197952, 0.20720651745796204, 0.48183783888816833, 0.029393577948212624, 0.027779219672083855, 0.4562211334705353], "frame_24": [0.5076403021812439, 0.4049888551235199, 0.04627511650323868, 0.04626363143324852, 0.20848217606544495, 0.47774648666381836, 0.028773117810487747, 0.029296960681676865, 0.43241041898727417], "frame_25": [0.5075612664222717, 0.4049561321735382, 0.046186067163944244, 0.046176739037036896, 0.20981256663799286, 0.4715597331523895, 0.029215579852461815, 0.029810715466737747, 0.4392005503177643], "frame_26": [0.5075417160987854, 0.4049380421638489, 0.046167585998773575, 0.04608544334769249, 0.21222148835659027, 0.46292638778686523, 0.031086433678865433, 0.029074562713503838, 0.47291210293769836], "frame_27": [0.5075526833534241, 0.40496331453323364, 0.04616072028875351, 0.0461646169424057, 0.21548877656459808, 0.4529297649860382, 0.03228740766644478, 0.029738616198301315, 0.5359686613082886], "frame_28": [0.5075333118438721, 0.40497320890426636, 0.046048060059547424, 0.046147920191287994, 0.2199089080095291, 0.4379645586013794, 0.03000316582620144, 0.029128646478056908, 0.6198313236236572], "frame_29": [0.5075482726097107, 0.40493783354759216, 0.04605598375201225, 0.04611625522375107, 0.22950786352157593, 0.41803961992263794, 0.028342628851532936, 0.029293442144989967, 0.6857225894927979], "frame_30": [0.5075268745422363, 0.40495437383651733, 0.046121977269649506, 0.04610413312911987, 0.24053369462490082, 0.3980952501296997, 0.02884349785745144, 0.027482690289616585, 0.7342200875282288], "frame_31": [0.507509171962738, 0.40499547123908997, 0.04612312465906143, 0.0461466908454895, 0.25141414999961853, 0.3784702718257904, 0.027793312445282936, 0.026472091674804688, 0.7073719501495361], "frame_32": [0.507500171661377, 0.4050147235393524, 0.046141814440488815, 0.04618721082806587, 0.261202335357666, 0.36307111382484436, 0.026425743475556374, 0.028605736792087555, 0.7403494715690613], "frame_33": [0.5074474215507507, 0.40500810742378235, 0.046091631054878235, 0.046206284314394, 0.27143606543540955, 0.347777783870697, 0.02539081498980522, 0.027609867975115776, 0.7200700640678406], "frame_34": [0.5075646042823792, 0.4050133228302002, 0.04617241770029068, 0.046186745166778564, 0.28195253014564514, 0.3340798318386078, 0.027865642681717873, 0.029698457568883896, 0.6742966175079346], "frame_35": [0.5075598955154419, 0.4049729108810425, 0.04604530334472656, 0.046158429235219955, 0.2925243377685547, 0.32099342346191406, 0.026179589331150055, 0.02945014089345932, 0.6928596496582031], "frame_36": [0.5074376463890076, 0.404937744140625, 0.046330347657203674, 0.04564259946346283, 0.30267390608787537, 0.31005820631980896, 0.02730797603726387, 0.028979789465665817, 0.6720578074455261], "frame_37": [0.5079693794250488, 0.40500810742378235, 0.0471954345703125, 0.04545233026146889, 0.31320080161094666, 0.2996969521045685, 0.02583245187997818, 0.027514945715665817, 0.6654372811317444], "frame_38": [0.5080562829971313, 0.40506303310394287, 0.04746513441205025, 0.04551849514245987, 0.32320404052734375, 0.29136741161346436, 0.02608013153076172, 0.02705317549407482, 0.720284640789032],