{"frame_0": [0.629770040512085, 0.3972616493701935, 0.04921158775687218, 0.04942487180233002, 0.7160844802856445, 0.37393730878829956, 0.025571484118700027, 0.02672576904296875, 0.8628173470497131], "frame_1": [0.6296223402023315, 0.39706623554229736, 0.04995066300034523, 0.04924435168504715, 0.7160844802856445, 0.37393730878829956, 0.025571484118700027, 0.02672576904296875, 0.7884324193000793], "frame_2": [0.629630446434021, 0.3970586955547333, 0.05013330280780792, 0.049311403185129166, 0.7160844802856445, 0.37393730878829956, 0.025571484118700027, 0.02672576904296875, 0.7863174080848694], "frame_3": [0.6297137141227722, 0.3970487713813782, 0.05015813931822777, 0.04917076975107193, 0.7160844802856445, 0.37393730878829956, 0.025571484118700027, 0.02672576904296875, 0.8598666787147522], "frame_4": [0.6296836137771606, 0.3970886766910553, 0.04998224228620529, 0.0492604561150074, 0.7160844802856445, 0.37393730878829956, 0.025571484118700027, 0.02672576904296875, 0.9498779773712158], "frame_5": [0.6296705603599548, 0.3971390128135681, 0.0499887689948082, 0.049305811524391174, 0.7160844802856445, 0.37393730878829956, 0.025571484118700027, 0.02672576904296875, 0.9280558228492737], "frame_6": [0.6296655535697937, 0.3971671760082245, 0.04995367303490639, 0.04924096167087555, 0.7160844802856445, 0.37393730878829956, 0.025571484118700027, 0.02672576904296875, 0.9852616190910339], "frame_7": [0.6294648051261902, 0.3971780240535736, 0.04949188232421875, 0.04913821816444397, 0.7160844802856445, 0.37393730878829956, 0.025571484118700027, 0.02672576904296875, 0.8952208757400513], "frame_8": [0.629456102848053, 0.3971821665763855, 0.04951447248458862, 0.049107275903224945, 0.7160844802856445, 0.37393730878829956, 0.025571484118700027, 0.02672576904296875, 0.8167818188667297], "frame_9": [0.6293846964836121, 0.397219181060791, 0.049369048327207565, 0.049186620861291885, 0.7160844802856445, 0.37393730878829956, 0.025571484118700027, 0.02672576904296875, 0.7354222536087036], "frame_10": [0.6296060085296631, 0.3971887230873108, 0.04955007880926132, 0.0491291880607605, 0.7160844802856445, 0.37393730878829956, 0.025571484118700027, 0.02672576904296875, 0.6765241026878357], "frame_11": [0.629632294178009, 0.3971850872039795, 0.04947662353515625, 0.04914415255188942, 0.7160844802856445, 0.37393730878829956, 0.025571484118700027, 0.02672576904296875, 0.577709972858429], "frame_12": [0.6292646527290344, 0.3971026837825775, 0.04931890591979027, 0.05004340410232544, 0.7160844802856445, 0.37393730878829956, 0.025571484118700027, 0.02672576904296875, 0.5104619860649109], "frame_13": [0.629195511341095, 0.3971463143825531, 0.04929809644818306, 0.0499098040163517, 0.7160844802856445, 0.37393730878829956, 0.025571484118700027, 0.02672576904296875, 0.575302004814148], "frame_14": [0.6292688250541687, 0.3970462381839752, 0.04945030063390732, 0.04996147006750107, 0.7160844802856445, 0.37393730878829956, 0.025571484118700027, 0.02672576904296875, 0.6542037129402161], "frame_15": [0.6291947960853577, 0.3970669209957123, 0.04942741245031357, 0.05003102496266365, 0.7160844802856445, 0.37393730878829956, 0.025571484118700027, 0.02672576904296875, 0.6908350586891174], "frame_16": [0.6291734576225281, 0.39708709716796875, 0.04925727844238281, 0.050081804394721985, 0.7160844802856445, 0.37393730878829956, 0.025571484118700027, 0.02672576904296875, 0.48950469493865967], "frame_17": [0.6291446089744568, 0.3970932960510254, 0.04937934875488281, 0.05003064498305321, 0.7160844802856445, 0.37393730878829956, 0.025571484118700027, 0.02672576904296875, 0.5342676043510437], "frame_18": [0.6290785670280457, 0.3970734477043152, 0.04923421889543533, 0.04997766390442848, 0.7160844802856445, 0.37393730878829956, 0.025571484118700027, 0.02672576904296875, 0.5773310661315918], "frame_19": [0.6290668249130249, 0.39709344506263733, 0.049278851598501205, 0.05002250522375107, 0.7160844802856445, 0.37393730878829956, 0.025571484118700027, 0.02672576904296875, 0.4192238450050354], "frame_20": [0.6289862990379333, 0.39707261323928833, 0.049179840832948685, 0.050076887011528015, 0.7160844802856445, 0.37393730878829956, 0.025571484118700027, 0.02672576904296875, 0.5915267467498779], "frame_21": [0.6292312741279602, 0.3972874581813812, 0.04971839115023613, 0.04968041181564331, 0.7160844802856445, 0.37393730878829956, 0.025571484118700027, 0.02672576904296875, 0.4979304373264313], "frame_22": [0.6291638612747192, 0.39720824360847473, 0.04938790947198868, 0.04970826208591461, 0.7160844802856445, 0.37393730878829956, 0.025571484118700027, 0.02672576904296875, 0.7136588096618652], "frame_23": [0.6291602849960327, 0.3972252607345581, 0.04940931499004364, 0.04966706037521362, 0.7160844802856445, 0.37393730878829956, 0.025571484118700027, 0.02672576904296875, 0.0], "frame_24": [0.6293760538101196, 0.3972720801830292, 0.04904229938983917, 0.04951896518468857, 0.7160844802856445, 0.37393730878829956, 0.025571484118700027, 0.02672576904296875, 0.0], "frame_25": [0.6293931007385254, 0.3972682058811188, 0.049106769263744354, 0.04947136715054512, 0.7160844802856445, 0.37393730878829956, 0.025571484118700027, 0.02672576904296875, 0.0], "frame_26": [0.6293498873710632, 0.39730632305145264, 0.049054719507694244, 0.04941613972187042, 0.7160844802856445, 0.37393730878829956, 0.025571484118700027, 0.02672576904296875, 0.0], "frame_27": [0.6293315291404724, 0.39723366498947144, 0.048920270055532455, 0.049552831798791885, 0.7160844802856445, 0.37393730878829956, 0.025571484118700027, 0.02672576904296875, 0.0], "frame_28": [0.6294342875480652, 0.3972328305244446, 0.04921875149011612, 0.04980248212814331, 0.7160844802856445, 0.37393730878829956, 0.025571484118700027, 0.02672576904296875, 0.0], "frame_29": [0.6293051242828369, 0.3972747027873993, 0.04927542060613632, 0.04987474903464317, 0.7160844802856445, 0.37393730878829956, 0.025571484118700027, 0.02672576904296875, 0.0], "frame_30": [0.6293575167655945, 0.39731988310813904, 0.0493011474609375, 0.04996045306324959, 0.7160844802856445, 0.37393730878829956, 0.025571484118700027, 0.02672576904296875, 0.0], "frame_31": [0.6291574239730835, 0.3973473012447357, 0.04887945204973221, 0.04963904619216919, 0.7160844802856445, 0.37393730878829956, 0.025571484118700027, 0.02672576904296875, 0.0], "frame_32": [0.6293127536773682, 0.39731597900390625, 0.04923761263489723, 0.04996893182396889, 0.4650321900844574, 0.365105003118515, 0.018033981323242188, 0.024657143279910088, 0.0], "frame_33": [0.6291645169258118, 0.3972550332546234, 0.04883728176355362, 0.04973229393362999, 0.4650321900844574, 0.365105003118515, 0.018033981323242188, 0.024657143279910088, 0.0], "frame_34": [0.6292836666107178, 0.39722299575805664, 0.04926185682415962, 0.04970664903521538, 0.47951245307922363, 0.34013664722442627, 0.01953515037894249, 0.022297054529190063, 0.0], "frame_35": [0.6292077898979187, 0.39715102314949036, 0.04903619736433029, 0.04959805682301521, 0.47951245307922363, 0.34013664722442627, 0.01953515037894249, 0.022297054529190063, 0.0], "frame_36": [0.6291975975036621, 0.3970644772052765, 0.04941215366125107, 0.04963179677724838, 0.4922036826610565, 0.3215894103050232, 0.021563932299613953, 0.02445968985557556, 0.6132106781005859], "frame_37": [0.6291556358337402, 0.39704835414886475, 0.049228668212890625, 0.04962972179055214, 0.4922036826610565, 0.3215894103050232, 0.021563932299613953, 0.02445968985557556, 0.5729458928108215], "frame_38": [0.6293293833732605, 0.39705395698547363, 0.049604035913944244, 0.04955592751502991, 0.4922036826610565, 0.3215894103050232, 0.021563932299613953, 0.02445968985557556, 0.0], "frame_39": [0.6293095946311951, 0.39706340432167053, 0.04959059879183769, 0.0494910329580307, 0.4922036826610565, 0.3215894103050232, 0.021563932299613953, 0.02445968985557556, 0.0], "frame_40": [0.6290922164916992, 0.3970334231853485, 0.04915962368249893, 0.0495920404791832, 0.4922036826610565, 0.3215894103050232, 0.021563932299613953, 0.02445968985557556, 0.0],