{"frame_0": [0.5080896019935608, 0.4064059853553772, 0.04529211297631264, 0.04656257480382919, 0.4551679790019989, 0.46586406230926514, 0.021240361034870148, 0.021881315857172012, 0.7824752330780029], "frame_1": [0.5080302953720093, 0.40638333559036255, 0.045279864221811295, 0.04658520966768265, 0.4551679790019989, 0.46586406230926514, 0.021240361034870148, 0.021881315857172012, 0.8210748434066772], "frame_2": [0.5076713562011719, 0.4063527286052704, 0.04457245022058487, 0.04666285961866379, 0.4551679790019989, 0.46586406230926514, 0.021240361034870148, 0.021881315857172012, 0.847180187702179], "frame_3": [0.5076184272766113, 0.4062822163105011, 0.04442460834980011, 0.04669630154967308, 0.4551679790019989, 0.46586406230926514, 0.021240361034870148, 0.021881315857172012, 0.8538246750831604], "frame_4": [0.5076159238815308, 0.40628373622894287, 0.04435157775878906, 0.04674949496984482, 0.4551679790019989, 0.46586406230926514, 0.021240361034870148, 0.021881315857172012, 0.7895235419273376], "frame_5": [0.5076265931129456, 0.4062712788581848, 0.04442702233791351, 0.046874914318323135, 0.4551679790019989, 0.46586406230926514, 0.021240361034870148, 0.021881315857172012, 0.7406693696975708], "frame_6": [0.5076152682304382, 0.40638071298599243, 0.044495392590761185, 0.04688004404306412, 0.4551679790019989, 0.46586406230926514, 0.021240361034870148, 0.021881315857172012, 0.804415225982666], "frame_7": [0.5076658129692078, 0.40631797909736633, 0.044596098363399506, 0.04687788337469101, 0.4551679790019989, 0.46586406230926514, 0.021240361034870148, 0.021881315857172012, 0.6175070405006409], "frame_8": [0.5076789259910583, 0.4062979817390442, 0.04453697055578232, 0.046855628490448, 0.4551679790019989, 0.46586406230926514, 0.021240361034870148, 0.021881315857172012, 0.6797168850898743], "frame_9": [0.5076287984848022, 0.40622711181640625, 0.04439447075128555, 0.04677361249923706, 0.4551679790019989, 0.46586406230926514, 0.021240361034870148, 0.021881315857172012, 0.6480752229690552], "frame_10": [0.5075629353523254, 0.40619510412216187, 0.04425985366106033, 0.046855416148900986, 0.4551679790019989, 0.46586406230926514, 0.021240361034870148, 0.021881315857172012, 0.7152580618858337], "frame_11": [0.5075609683990479, 0.40623000264167786, 0.0442158579826355, 0.04681714251637459, 0.4551679790019989, 0.46586406230926514, 0.021240361034870148, 0.021881315857172012, 0.11589870601892471], "frame_12": [0.5073491334915161, 0.40573951601982117, 0.043817222118377686, 0.0463114008307457, 0.4551679790019989, 0.46586406230926514, 0.021240361034870148, 0.021881315857172012, 0.22805969417095184], "frame_13": [0.5073785781860352, 0.40575358271598816, 0.04389648512005806, 0.04634429141879082, 0.4551679790019989, 0.46586406230926514, 0.021240361034870148, 0.021881315857172012, 0.2104429304599762], "frame_14": [0.5073460340499878, 0.4057091474533081, 0.043795689940452576, 0.04631402716040611, 0.4551679790019989, 0.46586406230926514, 0.021240361034870148, 0.021881315857172012, 0.1972966194152832], "frame_15": [0.5073477029800415, 0.4057471454143524, 0.04369867220520973, 0.04643253609538078, 0.4551679790019989, 0.46586406230926514, 0.021240361034870148, 0.021881315857172012, 0.23364922404289246], "frame_16": [0.5073801875114441, 0.4057826101779938, 0.04363738000392914, 0.046337977051734924, 0.2547396719455719, 0.49430739879608154, 0.022922027856111526, 0.02551710419356823, 0.3788870573043823], "frame_17": [0.5073816776275635, 0.40578562021255493, 0.04365416616201401, 0.04639489948749542, 0.24878205358982086, 0.4902043640613556, 0.023477554321289062, 0.023911582306027412, 0.27113911509513855], "frame_18": [0.5074464678764343, 0.40582457184791565, 0.04379158094525337, 0.046479035168886185, 0.24341978132724762, 0.48952487111091614, 0.024158965796232224, 0.02527533657848835, 0.2939681112766266], "frame_19": [0.5074405670166016, 0.4058707654476166, 0.043900299817323685, 0.04644181951880455, 0.23931559920310974, 0.4882155954837799, 0.024130545556545258, 0.02435607835650444, 0.3629402816295624], "frame_20": [0.5073318481445312, 0.4058166444301605, 0.04361534118652344, 0.04638773575425148, 0.23432406783103943, 0.4880446493625641, 0.02114071324467659, 0.024949857965111732, 0.2908487915992737], "frame_21": [0.5072981715202332, 0.4058510959148407, 0.04357384517788887, 0.04634009301662445, 0.23112377524375916, 0.4870522916316986, 0.023661507293581963, 0.0256796944886446, 0.37604066729545593], "frame_22": [0.5073404312133789, 0.40596261620521545, 0.04360296577215195, 0.04648017883300781, 0.22837203741073608, 0.4850170910358429, 0.023990249261260033, 0.02542555145919323, 0.3759008049964905], "frame_23": [0.5073909163475037, 0.4058353304862976, 0.043692778795957565, 0.04648929089307785, 0.22590264678001404, 0.48059219121932983, 0.02235308662056923, 0.024878142401576042, 0.3176199197769165], "frame_24": [0.5076438188552856, 0.4061438739299774, 0.04433106258511543, 0.04703144356608391, 0.22424711287021637, 0.47650468349456787, 0.023092757910490036, 0.025075742974877357, 0.5070008635520935], "frame_25": [0.5076165199279785, 0.4061339497566223, 0.044324323534965515, 0.0471285916864872, 0.22291719913482666, 0.46978500485420227, 0.024993175640702248, 0.025952911004424095, 0.4416433274745941], "frame_26": [0.5076856017112732, 0.40617209672927856, 0.04445220157504082, 0.04720921069383621, 0.22270503640174866, 0.46280187368392944, 0.024557113647460938, 0.026018906384706497, 0.46014872193336487], "frame_27": [0.5076092481613159, 0.40617331862449646, 0.044324323534965515, 0.047266896814107895, 0.22366493940353394, 0.45362329483032227, 0.02742968685925007, 0.02611982636153698, 0.38381344079971313], "frame_28": [0.5076084733009338, 0.40616777539253235, 0.04448598250746727, 0.0472537986934185, 0.23003683984279633, 0.43909624218940735, 0.024038590490818024, 0.026441743597388268, 0.5743299722671509], "frame_29": [0.5076554417610168, 0.40619999170303345, 0.044740889221429825, 0.047373875975608826, 0.23962345719337463, 0.4207415282726288, 0.022745979949831963, 0.027471711859107018, 0.6573902368545532], "frame_30": [0.5076805949211121, 0.4062023460865021, 0.04477882385253906, 0.04736565425992012, 0.24994494020938873, 0.4032169282436371, 0.0233869981020689, 0.026870982721447945, 0.7274477481842041], "frame_31": [0.5076519250869751, 0.40615591406822205, 0.044655777513980865, 0.047261133790016174, 0.2597987651824951, 0.3863895535469055, 0.025207795202732086, 0.027301957830786705, 0.759312093257904], "frame_32": [0.50767982006073, 0.4061705768108368, 0.04464026540517807, 0.04737341031432152, 0.2695778012275696, 0.37040677666664124, 0.025254907086491585, 0.02778150700032711, 0.7038062810897827], "frame_33": [0.5077163577079773, 0.4062180519104004, 0.0447031669318676, 0.04748183488845825, 0.2805328667163849, 0.3557918965816498, 0.023968039080500603, 0.02729407325387001, 0.7304626107215881], "frame_34": [0.5077316164970398, 0.40620461106300354, 0.04479484632611275, 0.04750162735581398, 0.292156457901001, 0.342523992061615, 0.026539526879787445, 0.028350066393613815, 0.7175388336181641], "frame_35": [0.5078102350234985, 0.4062350392341614, 0.045203398913145065, 0.04760827124118805, 0.3014393150806427, 0.3314286172389984, 0.021897125989198685, 0.02804397977888584, 0.7388598322868347], "frame_36": [0.5077968835830688, 0.4065057635307312, 0.04504089429974556, 0.04782223328948021, 0.31223559379577637, 0.3222011625766754, 0.022789765149354935, 0.027211295440793037, 0.6706122756004333], "frame_37": [0.5079476833343506, 0.40653881430625916, 0.04531381279230118, 0.04781990125775337, 0.32213449478149414, 0.3147963583469391, 0.023285144940018654, 0.027051057666540146, 0.6200869679450989], "frame_38": [0.5081789493560791, 0.40658628940582275, 0.04540807753801346, 0.04772919416427612, 0.3317471444606781, 0.30758124589920044, 0.02447003312408924, 0.02666407637298107, 0.47802647948265076],