{"frame_0": [0.6291214823722839, 0.3968512713909149, 0.049609288573265076, 0.04901991784572601, 0.6000509262084961, 0.4788060188293457, 0.022412998601794243, 0.02386033721268177, 0.7206246256828308], "frame_1": [0.628957211971283, 0.3968506157398224, 0.04928228631615639, 0.04878709465265274, 0.6000509262084961, 0.4788060188293457, 0.022412998601794243, 0.02386033721268177, 0.7102551460266113], "frame_2": [0.6289386749267578, 0.39683154225349426, 0.04917093738913536, 0.048828125, 0.6000509262084961, 0.4788060188293457, 0.022412998601794243, 0.02386033721268177, 0.6608980894088745], "frame_3": [0.6289650201797485, 0.3972277343273163, 0.049469757825136185, 0.04872703552246094, 0.6000509262084961, 0.4788060188293457, 0.022412998601794243, 0.02386033721268177, 0.6375195980072021], "frame_4": [0.6288800835609436, 0.3971361815929413, 0.04936773329973221, 0.04892836511135101, 0.6000509262084961, 0.4788060188293457, 0.022412998601794243, 0.02386033721268177, 0.6210246682167053], "frame_5": [0.6289322972297668, 0.3971385955810547, 0.04935722425580025, 0.04895477369427681, 0.6000509262084961, 0.4788060188293457, 0.022412998601794243, 0.02386033721268177, 0.6406524777412415], "frame_6": [0.628953218460083, 0.3971584737300873, 0.04941423237323761, 0.048900093883275986, 0.6000509262084961, 0.4788060188293457, 0.022412998601794243, 0.02386033721268177, 0.6789048314094543], "frame_7": [0.6288426518440247, 0.39705386757850647, 0.04926643520593643, 0.048718176782131195, 0.6000509262084961, 0.4788060188293457, 0.022412998601794243, 0.02386033721268177, 0.7198009490966797], "frame_8": [0.6288299560546875, 0.39711499214172363, 0.04941520839929581, 0.04880493879318237, 0.6000509262084961, 0.4788060188293457, 0.022412998601794243, 0.02386033721268177, 0.7430711388587952], "frame_9": [0.628893256187439, 0.39711692929267883, 0.04938066378235817, 0.04882469028234482, 0.6000509262084961, 0.4788060188293457, 0.022412998601794243, 0.02386033721268177, 0.7321244478225708], "frame_10": [0.6288568377494812, 0.397131085395813, 0.04929656907916069, 0.04878408461809158, 0.6000509262084961, 0.4788060188293457, 0.022412998601794243, 0.02386033721268177, 0.7566472291946411], "frame_11": [0.6288480758666992, 0.39704862236976624, 0.04920082166790962, 0.04886241629719734, 0.6000509262084961, 0.4788060188293457, 0.022412998601794243, 0.02386033721268177, 0.6669776439666748], "frame_12": [0.6284412145614624, 0.39689216017723083, 0.049147628247737885, 0.04934912919998169, 0.6000509262084961, 0.4788060188293457, 0.022412998601794243, 0.02386033721268177, 0.9298432469367981], "frame_13": [0.6284496784210205, 0.3969102203845978, 0.049223072826862335, 0.049351416528224945, 0.6000509262084961, 0.4788060188293457, 0.022412998601794243, 0.02386033721268177, 0.920226514339447], "frame_14": [0.6284655332565308, 0.3969365358352661, 0.04927999526262283, 0.04938553646206856, 0.6000509262084961, 0.4788060188293457, 0.022412998601794243, 0.02386033721268177, 0.970789909362793], "frame_15": [0.6285633444786072, 0.3968275189399719, 0.049490612000226974, 0.049413807690143585, 0.6000509262084961, 0.4788060188293457, 0.022412998601794243, 0.02386033721268177, 0.9155336022377014], "frame_16": [0.6285487413406372, 0.3968166708946228, 0.049445174634456635, 0.049411602318286896, 0.6000509262084961, 0.4788060188293457, 0.022412998601794243, 0.02386033721268177, 0.8051119446754456], "frame_17": [0.6285399794578552, 0.3968302309513092, 0.049408722668886185, 0.04941419139504433, 0.6000509262084961, 0.4788060188293457, 0.022412998601794243, 0.02386033721268177, 0.6529043912887573], "frame_18": [0.6285127997398376, 0.3968410789966583, 0.0493459478020668, 0.049321576952934265, 0.6000509262084961, 0.4788060188293457, 0.022412998601794243, 0.02386033721268177, 0.6992635130882263], "frame_19": [0.6284329295158386, 0.3968508541584015, 0.049271561205387115, 0.04921980947256088, 0.6000509262084961, 0.4788060188293457, 0.022412998601794243, 0.02386033721268177, 0.7010619640350342], "frame_20": [0.6284952163696289, 0.39685794711112976, 0.04944784194231033, 0.04924210533499718, 0.6000509262084961, 0.4788060188293457, 0.022412998601794243, 0.02386033721268177, 0.6311559081077576], "frame_21": [0.6284704208374023, 0.39684879779815674, 0.04936807602643967, 0.049265798181295395, 0.6000509262084961, 0.4788060188293457, 0.022412998601794243, 0.02386033721268177, 0.600923478603363], "frame_22": [0.6284403204917908, 0.3968298137187958, 0.049252700060606, 0.0492682121694088, 0.6000509262084961, 0.4788060188293457, 0.022412998601794243, 0.02386033721268177, 0.6294882893562317], "frame_23": [0.6284576654434204, 0.396872878074646, 0.04941215366125107, 0.04929941147565842, 0.6000509262084961, 0.4788060188293457, 0.022412998601794243, 0.02386033721268177, 0.5173211693763733], "frame_24": [0.6285300850868225, 0.3969699442386627, 0.04900987446308136, 0.04931958392262459, 0.6000509262084961, 0.4788060188293457, 0.022412998601794243, 0.02386033721268177, 0.4952096939086914], "frame_25": [0.6285673379898071, 0.3969442546367645, 0.04897880554199219, 0.04933052137494087, 0.6000509262084961, 0.4788060188293457, 0.022412998601794243, 0.02386033721268177, 0.5143577456474304], "frame_26": [0.628581166267395, 0.3968380093574524, 0.04909782484173775, 0.049446869641542435, 0.3899441063404083, 0.5164765119552612, 0.02555643767118454, 0.02313130721449852, 0.6373860239982605], "frame_27": [0.6286370754241943, 0.39685261249542236, 0.04906768724322319, 0.04947861656546593, 0.3899441063404083, 0.5164765119552612, 0.02555643767118454, 0.02313130721449852, 0.3908601999282837], "frame_28": [0.6286059617996216, 0.396890252828598, 0.04914093017578125, 0.04955516383051872, 0.3899441063404083, 0.5164765119552612, 0.02555643767118454, 0.02313130721449852, 0.831782877445221], "frame_29": [0.6285815834999084, 0.39688634872436523, 0.04924354702234268, 0.04944983497262001, 0.40975943207740784, 0.45913925766944885, 0.025534354150295258, 0.029248300939798355, 0.8064476251602173], "frame_30": [0.6286344528198242, 0.39692428708076477, 0.04954643175005913, 0.0494672991335392, 0.42209652066230774, 0.4416053891181946, 0.028965970501303673, 0.029377153143286705, 0.7728121280670166], "frame_31": [0.6285736560821533, 0.3969261050224304, 0.04928809404373169, 0.04930339381098747, 0.42209652066230774, 0.4416053891181946, 0.028965970501303673, 0.029377153143286705, 0.7717199921607971], "frame_32": [0.6285750269889832, 0.3969525098800659, 0.04937553405761719, 0.049328699707984924, 0.42209652066230774, 0.4416053891181946, 0.028965970501303673, 0.029377153143286705, 0.7054544687271118], "frame_33": [0.6285374760627747, 0.39694884419441223, 0.04921455308794975, 0.04937324672937393, 0.42209652066230774, 0.4416053891181946, 0.028965970501303673, 0.029377153143286705, 0.6700009703636169], "frame_34": [0.6284964084625244, 0.39694613218307495, 0.04899381101131439, 0.04943419620394707, 0.4581303596496582, 0.3806266784667969, 0.02384660579264164, 0.025834104046225548, 0.4887985587120056], "frame_35": [0.6284922361373901, 0.39705023169517517, 0.0491953119635582, 0.0494748018682003, 0.46869829297065735, 0.36863791942596436, 0.024398591369390488, 0.025070572271943092, 0.4933016896247864], "frame_36": [0.6282185316085815, 0.3970179259777069, 0.048916034400463104, 0.04948505759239197, 0.4769544303417206, 0.3577722907066345, 0.02466430701315403, 0.025052133947610855, 0.6952163577079773], "frame_37": [0.6282472610473633, 0.3970169126987457, 0.04903975501656532, 0.0495581291615963, 0.48749271035194397, 0.3491531312465668, 0.022783957421779633, 0.02778979390859604, 0.5424747467041016], "frame_38": [0.6282145380973816, 0.3968982994556427, 0.04884232580661774, 0.049566734582185745, 0.49440374970436096, 0.3428001403808594, 0.026696989312767982, 0.026625145226716995, 0.5535756945610046], "frame_39": [0.6282111406326294, 0.39694976806640625, 0.0488695353269577, 0.04964616522192955, 0.5035171508789062, 0.33498790860176086, 0.024132156744599342, 0.02538452111184597, 0.45996296405792236],