{"frame_0": [0.6281123757362366, 0.3984084129333496, 0.049700334668159485, 0.04842940345406532, 0.3025044798851013, 0.6689357161521912, 0.02529210038483143, 0.031093979254364967, 0.9996368885040283], "frame_1": [0.6280625462532043, 0.3981543779373169, 0.04887275770306587, 0.04884511977434158, 0.304633229970932, 0.6520829796791077, 0.02344512939453125, 0.030535338446497917, 0.9954575300216675], "frame_2": [0.6279743313789368, 0.39813750982284546, 0.04894731193780899, 0.04882528632879257, 0.30416634678840637, 0.6384150385856628, 0.0245513916015625, 0.03190557658672333, 0.9311597943305969], "frame_3": [0.6279726028442383, 0.39813923835754395, 0.0489339604973793, 0.048811085522174835, 0.30373430252075195, 0.6237027645111084, 0.026307106018066406, 0.03728675842285156, 0.9384562969207764], "frame_4": [0.6279894709587097, 0.3981475830078125, 0.04888182878494263, 0.04880960285663605, 0.3061124086380005, 0.614262044429779, 0.02173544652760029, 0.032551661133766174, 0.959327220916748], "frame_5": [0.6279692649841309, 0.3981529772281647, 0.04898986965417862, 0.04884711280465126, 0.3061124086380005, 0.614262044429779, 0.02173544652760029, 0.032551661133766174, 0.9444495439529419], "frame_6": [0.6280114054679871, 0.3981536030769348, 0.0490017794072628, 0.04884172976016998, 0.3061124086380005, 0.614262044429779, 0.02173544652760029, 0.032551661133766174, 0.9721821546554565], "frame_7": [0.6280182003974915, 0.39815494418144226, 0.049027252942323685, 0.04885063320398331, 0.3061124086380005, 0.614262044429779, 0.02173544652760029, 0.032551661133766174, 0.8941576480865479], "frame_8": [0.6280308365821838, 0.39816996455192566, 0.049016062170267105, 0.04886453598737717, 0.3061124086380005, 0.614262044429779, 0.02173544652760029, 0.032551661133766174, 0.894547700881958], "frame_9": [0.628018856048584, 0.398199200630188, 0.04896049574017525, 0.04889937490224838, 0.3061124086380005, 0.614262044429779, 0.02173544652760029, 0.032551661133766174, 0.8321459293365479], "frame_10": [0.6280338168144226, 0.39822375774383545, 0.048972491174936295, 0.04885101318359375, 0.3061124086380005, 0.614262044429779, 0.02173544652760029, 0.032551661133766174, 0.8281012177467346], "frame_11": [0.6281630396842957, 0.3982347846031189, 0.04874170199036598, 0.04891933873295784, 0.3061124086380005, 0.614262044429779, 0.02173544652760029, 0.032551661133766174, 0.7942101359367371], "frame_12": [0.6279119849205017, 0.3977688252925873, 0.04847314581274986, 0.04893798753619194, 0.3061124086380005, 0.614262044429779, 0.02173544652760029, 0.032551661133766174, 0.9368818998336792], "frame_13": [0.627916693687439, 0.39777323603630066, 0.04848615825176239, 0.0489339604973793, 0.3061124086380005, 0.614262044429779, 0.02173544652760029, 0.032551661133766174, 0.9094986915588379], "frame_14": [0.6279376149177551, 0.3977769613265991, 0.04851006343960762, 0.04892777279019356, 0.3061124086380005, 0.614262044429779, 0.02173544652760029, 0.032551661133766174, 0.6868401169776917], "frame_15": [0.6279414892196655, 0.39778053760528564, 0.04850463941693306, 0.048923492431640625, 0.3061124086380005, 0.614262044429779, 0.02173544652760029, 0.032551661133766174, 0.744583785533905], "frame_16": [0.6279428005218506, 0.3977786600589752, 0.04849603399634361, 0.048931121826171875, 0.2975321114063263, 0.6285575032234192, 0.027109993621706963, 0.03493554890155792, 0.8400089144706726], "frame_17": [0.6278656125068665, 0.39780768752098083, 0.04833259433507919, 0.049003854393959045, 0.297887921333313, 0.6347727179527283, 0.027792083099484444, 0.03588761389255524, 0.9434110522270203], "frame_18": [0.6278612613677979, 0.3978169858455658, 0.04834289476275444, 0.04903797432780266, 0.2989490032196045, 0.6397797465324402, 0.02799682691693306, 0.03473510593175888, 0.9694183468818665], "frame_19": [0.6278607845306396, 0.39781653881073, 0.04836065322160721, 0.04904450476169586, 0.301419198513031, 0.6407493352890015, 0.028430450707674026, 0.035894013941287994, 0.9124254584312439], "frame_20": [0.6278719305992126, 0.3978104591369629, 0.04839456453919411, 0.049049969762563705, 0.30557531118392944, 0.6368088722229004, 0.02812129072844982, 0.03338775783777237, 0.9277241230010986], "frame_21": [0.6278433799743652, 0.39781180024147034, 0.048384856432676315, 0.04906425625085831, 0.3122978210449219, 0.6267528533935547, 0.02578296698629856, 0.033620622009038925, 0.8766298890113831], "frame_22": [0.6278465986251831, 0.39783939719200134, 0.04847679287195206, 0.049092356115579605, 0.31666672229766846, 0.6126982569694519, 0.02577885612845421, 0.02943878248333931, 0.5589790940284729], "frame_23": [0.6278700828552246, 0.3978178799152374, 0.04833725839853287, 0.04903089627623558, 0.31949377059936523, 0.596077561378479, 0.023997602984309196, 0.029948806390166283, 0.48087045550346375], "frame_24": [0.6278215050697327, 0.3976753354072571, 0.04808904975652695, 0.04919183626770973, 0.31988847255706787, 0.5748017430305481, 0.02425299771130085, 0.03084699809551239, 0.4938459098339081], "frame_25": [0.6278197169303894, 0.397666335105896, 0.048099517822265625, 0.04916343837976456, 0.31788673996925354, 0.5530728697776794, 0.026562966406345367, 0.03296814113855362, 0.5255300402641296], "frame_26": [0.6278166770935059, 0.39764031767845154, 0.04811914265155792, 0.04916835203766823, 0.31752127408981323, 0.5326931476593018, 0.027863821014761925, 0.03180046007037163, 0.3525937497615814], "frame_27": [0.627773642539978, 0.3976268470287323, 0.048046112060546875, 0.0491764061152935, 0.3179716467857361, 0.5121686458587646, 0.027145300060510635, 0.029411781579256058, 0.299712598323822], "frame_28": [0.6277896165847778, 0.39759984612464905, 0.048084087669849396, 0.049147628247737885, 0.3234547972679138, 0.49158981442451477, 0.02819843217730522, 0.03198716789484024, 0.2360386848449707], "frame_29": [0.6278533935546875, 0.39762675762176514, 0.048251934349536896, 0.04915495961904526, 0.3321461081504822, 0.4651768207550049, 0.03154229000210762, 0.03555433452129364, 0.4903869330883026], "frame_30": [0.6278675198554993, 0.39763399958610535, 0.04826829582452774, 0.04917653277516365, 0.3461410403251648, 0.43842941522598267, 0.03061114437878132, 0.03451728820800781, 0.5946487784385681], "frame_31": [0.6278607249259949, 0.3976922631263733, 0.048309918493032455, 0.0491645373404026, 0.3602389097213745, 0.4149300456047058, 0.029186757281422615, 0.03385908156633377, 0.6732556819915771], "frame_32": [0.6278125643730164, 0.3976689577102661, 0.04811113327741623, 0.04912351071834564, 0.3725133240222931, 0.39188629388809204, 0.030872726812958717, 0.03392753750085831, 0.7642669081687927], "frame_33": [0.6278969645500183, 0.39766404032707214, 0.048654936254024506, 0.04916877672076225, 0.3846363425254822, 0.37270423769950867, 0.031091434881091118, 0.03738754987716675, 0.738172173500061], "frame_34": [0.6279178261756897, 0.39769431948661804, 0.04871787875890732, 0.04918128252029419, 0.39725273847579956, 0.3550914227962494, 0.02853715606033802, 0.031628333032131195, 0.5633503198623657], "frame_35": [0.6279136538505554, 0.3976971209049225, 0.04860026016831398, 0.04924947768449783, 0.41034790873527527, 0.33904364705085754, 0.026311196386814117, 0.030988015234470367, 0.3665793538093567], "frame_36": [0.6279784440994263, 0.39772796630859375, 0.04868965223431587, 0.04924401268362999, 0.42145827412605286, 0.3245723247528076, 0.027042940258979797, 0.029893111437559128, 0.1866561323404312], "frame_37": [0.6279738545417786, 0.39780670404434204, 0.04872924089431763, 0.04919937998056412, 0.4328790307044983, 0.3115832805633545, 0.025344297289848328, 0.02920360490679741, 0.0056241899728775024], "frame_38": [0.6280101537704468, 0.39782291650772095, 0.04877060651779175, 0.04921251907944679, 0.44375157356262207, 0.3014856278896332, 0.02458546869456768, 0.030098725110292435, 0.2732093334197998], "frame_39": [0.6280016303062439, 0.39783018827438354, 0.04874509200453758, 0.0492112897336483, 0.45374196767807007, 0.29161572456359863, 0.024495145305991173, 0.029502104967832565, 0.16919010877609253],