{"frame_0": [0.6295100450515747, 0.3963797986507416, 0.04971427842974663, 0.049230024218559265, 0.2893016040325165, 0.6029211282730103, 0.021451378241181374, 0.026828214526176453, 0.6481829285621643], "frame_1": [0.6293306946754456, 0.39659398794174194, 0.05030860751867294, 0.04924897104501724, 0.2860252857208252, 0.5942575931549072, 0.022402381524443626, 0.027722379192709923, 0.6800900101661682], "frame_2": [0.6291758418083191, 0.3966948986053467, 0.04984999820590019, 0.04923943430185318, 0.28341612219810486, 0.5891559720039368, 0.020279206335544586, 0.0240351352840662, 0.7031220197677612], "frame_3": [0.6292106509208679, 0.39671075344085693, 0.049898911267519, 0.049240536987781525, 0.2825363576412201, 0.5855435132980347, 0.020016564056277275, 0.0235460065305233, 0.6911806464195251], "frame_4": [0.6292241215705872, 0.39673253893852234, 0.049960412085056305, 0.04929877445101738, 0.28092342615127563, 0.5830926895141602, 0.02087879180908203, 0.022990206256508827, 0.7206355929374695], "frame_5": [0.6292164921760559, 0.39672788977622986, 0.04996032640337944, 0.04929351806640625, 0.2795993983745575, 0.5817208290100098, 0.021155208349227905, 0.023115158081054688, 0.6397167444229126], "frame_6": [0.6292251944541931, 0.39672598242759705, 0.04996592178940773, 0.04929322004318237, 0.27863550186157227, 0.580682098865509, 0.02124195173382759, 0.023258591070771217, 0.6286126375198364], "frame_7": [0.629271924495697, 0.39679720997810364, 0.05013025179505348, 0.04938150942325592, 0.27767956256866455, 0.5798175930976868, 0.022180069237947464, 0.023313309997320175, 0.6358745694160461], "frame_8": [0.6292693018913269, 0.3968188762664795, 0.05010931193828583, 0.04940783232450485, 0.27750420570373535, 0.5788322687149048, 0.022108841687440872, 0.022605514153838158, 0.6348873376846313], "frame_9": [0.629241406917572, 0.39680594205856323, 0.05002631992101669, 0.049378372728824615, 0.2774375081062317, 0.5775715708732605, 0.021678436547517776, 0.02271287702023983, 0.6444588899612427], "frame_10": [0.6292176842689514, 0.3968086242675781, 0.04994697496294975, 0.04942198842763901, 0.27757972478866577, 0.5766991376876831, 0.020868683233857155, 0.02249281108379364, 0.6003177762031555], "frame_11": [0.6292760372161865, 0.39677149057388306, 0.04998694360256195, 0.04931170120835304, 0.27769842743873596, 0.576261579990387, 0.020235633477568626, 0.022258928045630455, 0.6193985342979431], "frame_12": [0.6294413208961487, 0.3966837525367737, 0.05047263950109482, 0.04885546490550041, 0.2778671979904175, 0.5761268734931946, 0.019801605492830276, 0.023037338629364967, 0.6512473225593567], "frame_13": [0.6294398307800293, 0.39668476581573486, 0.05048217624425888, 0.04885605722665787, 0.2786500155925751, 0.5760631561279297, 0.01981830596923828, 0.023693254217505455, 0.6279987096786499], "frame_14": [0.6294585466384888, 0.3966798186302185, 0.05053863674402237, 0.048854827880859375, 0.2788863182067871, 0.5764093399047852, 0.02075299248099327, 0.024609755724668503, 0.6478657126426697], "frame_15": [0.6294714212417603, 0.3967141807079315, 0.05054418742656708, 0.04890497028827667, 0.27954450249671936, 0.5778962969779968, 0.020220713689923286, 0.023556390777230263, 0.6515420079231262], "frame_16": [0.6294993758201599, 0.3966943025588989, 0.05060356855392456, 0.04887847974896431, 0.2806435823440552, 0.5798245072364807, 0.020992767065763474, 0.02415161207318306, 0.5883013010025024], "frame_17": [0.6294995546340942, 0.39669427275657654, 0.050605688244104385, 0.04888801649212837, 0.2830524146556854, 0.5804912447929382, 0.021458731964230537, 0.023066118359565735, 0.6627352237701416], "frame_18": [0.6294917464256287, 0.39670684933662415, 0.050562284886837006, 0.04891984909772873, 0.2830524146556854, 0.5804912447929382, 0.021458731964230537, 0.023066118359565735, 0.6248120665550232], "frame_19": [0.6294996738433838, 0.3966984152793884, 0.05050069838762283, 0.048848047852516174, 0.2830524146556854, 0.5804912447929382, 0.021458731964230537, 0.023066118359565735, 0.6116799712181091], "frame_20": [0.629482626914978, 0.39671868085861206, 0.05049018934369087, 0.04885902255773544, 0.2830524146556854, 0.5804912447929382, 0.021458731964230537, 0.023066118359565735, 0.5976768136024475], "frame_21": [0.6294646263122559, 0.3967372477054596, 0.05044250562787056, 0.04889556020498276, 0.2830524146556854, 0.5804912447929382, 0.021458731964230537, 0.023066118359565735, 0.5346760153770447], "frame_22": [0.6294786930084229, 0.3967270851135254, 0.05048713833093643, 0.048873309046030045, 0.2830524146556854, 0.5804912447929382, 0.021458731964230537, 0.023066118359565735, 0.5248313546180725], "frame_23": [0.6294242143630981, 0.3967323303222656, 0.05039694160223007, 0.04879001900553703, 0.2830524146556854, 0.5804912447929382, 0.021458731964230537, 0.023066118359565735, 0.5545814037322998], "frame_24": [0.6294317245483398, 0.39666178822517395, 0.05056915432214737, 0.04890980198979378, 0.2830524146556854, 0.5804912447929382, 0.021458731964230537, 0.023066118359565735, 0.4409775137901306], "frame_25": [0.6294296383857727, 0.39666348695755005, 0.05056304857134819, 0.0489070899784565, 0.2830524146556854, 0.5804912447929382, 0.021458731964230537, 0.023066118359565735, 0.4991994798183441], "frame_26": [0.6294313073158264, 0.3966691792011261, 0.05055580288171768, 0.0489187017083168, 0.2830524146556854, 0.5804912447929382, 0.021458731964230537, 0.023066118359565735, 0.7158037424087524], "frame_27": [0.6294593214988708, 0.3966526389122009, 0.05061531066894531, 0.04889505356550217, 0.2830524146556854, 0.5804912447929382, 0.021458731964230537, 0.023066118359565735, 0.7697578072547913], "frame_28": [0.6293995976448059, 0.39663663506507874, 0.05030250549316406, 0.048806507140398026, 0.2830524146556854, 0.5804912447929382, 0.021458731964230537, 0.023066118359565735, 0.7610934376716614], "frame_29": [0.6294175982475281, 0.39663925766944885, 0.05035124719142914, 0.048837024718523026, 0.3028203547000885, 0.4748648703098297, 0.022353321313858032, 0.0226601492613554, 0.7766951322555542], "frame_30": [0.6293035745620728, 0.3967781066894531, 0.05040957033634186, 0.0489136166870594, 0.3167773485183716, 0.456021785736084, 0.022752486169338226, 0.026118936017155647, 0.7712670564651489], "frame_31": [0.6294807195663452, 0.39678430557250977, 0.050489891320466995, 0.04892302677035332, 0.3288559317588806, 0.4402690529823303, 0.02129722200334072, 0.022787857800722122, 0.8853793144226074], "frame_32": [0.6294666528701782, 0.3967716693878174, 0.05045127868652344, 0.04891149699687958, 0.34143519401550293, 0.42429062724113464, 0.02191838249564171, 0.025531642138957977, 0.9016847610473633], "frame_33": [0.6294420957565308, 0.39676031470298767, 0.050387192517519, 0.04891675338149071, 0.353864848613739, 0.4105193614959717, 0.021163834258913994, 0.02436218224465847, 0.803053617477417], "frame_34": [0.6294497847557068, 0.3967595100402832, 0.050304412841796875, 0.04895460233092308, 0.353864848613739, 0.4105193614959717, 0.021163834258913994, 0.02436218224465847, 0.740509033203125], "frame_35": [0.6294117569923401, 0.39676743745803833, 0.05026990920305252, 0.04896854981780052, 0.3794894218444824, 0.3859463930130005, 0.01949683204293251, 0.025701692327857018, 0.7309659123420715], "frame_36": [0.6293359398841858, 0.3967926800251007, 0.0502275675535202, 0.04923875629901886, 0.38979965448379517, 0.37414008378982544, 0.022334670647978783, 0.025727462023496628, 0.7141624093055725], "frame_37": [0.6294373273849487, 0.3964742124080658, 0.04969329759478569, 0.04896799847483635, 0.40128207206726074, 0.36535677313804626, 0.02004937082529068, 0.024382315576076508, 0.6583734750747681], "frame_38": [0.629455029964447, 0.3964836895465851, 0.049763023853302, 0.04902971163392067, 0.414754182100296, 0.3556976616382599, 0.02207336388528347, 0.024893591180443764, 0.6976844072341919], "frame_39": [0.6292535066604614, 0.39684879779815674, 0.050366126000881195, 0.049226295202970505, 0.42809006571769714, 0.348999947309494, 0.021117273718118668, 0.025720808655023575, 0.7551188468933105],