{"frame_0": [0.6302708983421326, 0.39776313304901123, 0.04949760437011719, 0.04922828823328018, 0.26147428154945374, 0.5711476802825928, 0.024800024926662445, 0.027125168591737747, 0.888005793094635], "frame_1": [0.62996506690979, 0.3975291848182678, 0.05069372430443764, 0.04937608540058136, 0.2662157416343689, 0.5713459849357605, 0.023438559845089912, 0.028252411633729935, 0.8784894347190857], "frame_2": [0.630011260509491, 0.3974795937538147, 0.04970436170697212, 0.04925668612122536, 0.2710963785648346, 0.5738680362701416, 0.024754906073212624, 0.027249611914157867, 0.7698933482170105], "frame_3": [0.6301085948944092, 0.39753079414367676, 0.05055677518248558, 0.04929644241929054, 0.28069376945495605, 0.5769996643066406, 0.02045048587024212, 0.02465837262570858, 0.785615861415863], "frame_4": [0.6299329400062561, 0.39757460355758667, 0.05014839023351669, 0.04931297153234482, 0.29253295063972473, 0.578976035118103, 0.02065344899892807, 0.023603565990924835, 0.6911260485649109], "frame_5": [0.6299176216125488, 0.3976048231124878, 0.050182513892650604, 0.04930046945810318, 0.30002927780151367, 0.5810647010803223, 0.021492576226592064, 0.025143813341856003, 0.6485374569892883], "frame_6": [0.6299245357513428, 0.397614449262619, 0.049887847155332565, 0.04932424798607826, 0.306479811668396, 0.5814482569694519, 0.021678628399968147, 0.02493506483733654, 0.6504220366477966], "frame_7": [0.629939079284668, 0.39766252040863037, 0.04996795579791069, 0.0493306890130043, 0.310009628534317, 0.5794448256492615, 0.021264605224132538, 0.025111600756645203, 0.6339905261993408], "frame_8": [0.6299228072166443, 0.39765700697898865, 0.05002021789550781, 0.04934348911046982, 0.3121161162853241, 0.5766296982765198, 0.021697891876101494, 0.024037551134824753, 0.6761707663536072], "frame_9": [0.6298975348472595, 0.3976450264453888, 0.05009744316339493, 0.04934302344918251, 0.3142258822917938, 0.5729828476905823, 0.02223902754485607, 0.023128340020775795, 0.6823102235794067], "frame_10": [0.6299190521240234, 0.397832453250885, 0.050051115453243256, 0.04928724467754364, 0.3158619701862335, 0.5690800547599792, 0.02269119769334793, 0.025614166632294655, 0.7091583013534546], "frame_11": [0.6298554539680481, 0.3977484107017517, 0.05013160780072212, 0.04944021254777908, 0.31782960891723633, 0.5666812658309937, 0.02272357977926731, 0.024982960894703865, 0.801326334476471], "frame_12": [0.6301133036613464, 0.3976195752620697, 0.049951255321502686, 0.049024030566215515, 0.3216613233089447, 0.5629947185516357, 0.02200622484087944, 0.024813462048768997, 0.8151097297668457], "frame_13": [0.6300974488258362, 0.3976549804210663, 0.04998809099197388, 0.04909095913171768, 0.3249020576477051, 0.5593544244766235, 0.02264965884387493, 0.0232086181640625, 0.8111914992332458], "frame_14": [0.6300869584083557, 0.39767032861709595, 0.049991607666015625, 0.04911668598651886, 0.3289524018764496, 0.5542128086090088, 0.020637808367609978, 0.022823121398687363, 0.7665728330612183], "frame_15": [0.6301143169403076, 0.3976680338382721, 0.05003797635436058, 0.049165260046720505, 0.3289524018764496, 0.5542128086090088, 0.020637808367609978, 0.022823121398687363, 0.7939684987068176], "frame_16": [0.6299740076065063, 0.397710919380188, 0.04979468509554863, 0.04912537336349487, 0.3289524018764496, 0.5542128086090088, 0.020637808367609978, 0.022823121398687363, 0.843014121055603], "frame_17": [0.630085825920105, 0.3976473808288574, 0.050020430237054825, 0.049185942858457565, 0.3289524018764496, 0.5542128086090088, 0.020637808367609978, 0.022823121398687363, 0.7534897923469543], "frame_18": [0.6301031112670898, 0.3976444602012634, 0.05011804401874542, 0.04917996749281883, 0.3289524018764496, 0.5542128086090088, 0.020637808367609978, 0.022823121398687363, 0.7174167037010193], "frame_19": [0.630155622959137, 0.397544264793396, 0.050409868359565735, 0.04904119670391083, 0.3289524018764496, 0.5542128086090088, 0.020637808367609978, 0.022823121398687363, 0.7179398536682129], "frame_20": [0.6301361918449402, 0.3975204825401306, 0.05049018934369087, 0.049048446118831635, 0.3289524018764496, 0.5542128086090088, 0.020637808367609978, 0.022823121398687363, 0.6530708074569702], "frame_21": [0.6301583051681519, 0.39759060740470886, 0.05061357468366623, 0.04912906140089035, 0.3289524018764496, 0.5542128086090088, 0.020637808367609978, 0.022823121398687363, 0.668643593788147], "frame_22": [0.6301671266555786, 0.39760079979896545, 0.05065727233886719, 0.04915826767683029, 0.3289524018764496, 0.5542128086090088, 0.020637808367609978, 0.022823121398687363, 0.6826542615890503], "frame_23": [0.6301688551902771, 0.3975452780723572, 0.05055389553308487, 0.04920128732919693, 0.3289524018764496, 0.5542128086090088, 0.020637808367609978, 0.022823121398687363, 0.6897818446159363], "frame_24": [0.6300322413444519, 0.39744916558265686, 0.05049010366201401, 0.04924265667796135, 0.3289524018764496, 0.5542128086090088, 0.020637808367609978, 0.022823121398687363, 0.7449941039085388], "frame_25": [0.6300337910652161, 0.3974369466304779, 0.05048713833093643, 0.04921891912817955, 0.3289524018764496, 0.5542128086090088, 0.020637808367609978, 0.022823121398687363, 0.5598152279853821], "frame_26": [0.6300296187400818, 0.39745795726776123, 0.05037316307425499, 0.04927830025553703, 0.3289524018764496, 0.5542128086090088, 0.020637808367609978, 0.022823121398687363, 0.6811717748641968], "frame_27": [0.6300266981124878, 0.397445410490036, 0.050310347229242325, 0.04927279055118561, 0.3289524018764496, 0.5542128086090088, 0.020637808367609978, 0.022823121398687363, 0.6528457999229431], "frame_28": [0.6300058960914612, 0.39743572473526, 0.05026054382324219, 0.049255795776844025, 0.3289524018764496, 0.5542128086090088, 0.020637808367609978, 0.022823121398687363, 0.7275633811950684], "frame_29": [0.6300095319747925, 0.3974662721157074, 0.05026122182607651, 0.04933153837919235, 0.3289524018764496, 0.5542128086090088, 0.020637808367609978, 0.022823121398687363, 0.7864794135093689], "frame_30": [0.6300024390220642, 0.3974849581718445, 0.05037218704819679, 0.04935963824391365, 0.3027344048023224, 0.41144293546676636, 0.022154618054628372, 0.025861527770757675, 0.7794792056083679], "frame_31": [0.6300740838050842, 0.39743393659591675, 0.05032149329781532, 0.04925774410367012, 0.3027344048023224, 0.41144293546676636, 0.022154618054628372, 0.025861527770757675, 0.7402386665344238], "frame_32": [0.6300308108329773, 0.39742496609687805, 0.05043487623333931, 0.04920467734336853, 0.3027344048023224, 0.41144293546676636, 0.022154618054628372, 0.025861527770757675, 0.8931331634521484], "frame_33": [0.6300292015075684, 0.3974647521972656, 0.050441741943359375, 0.04926575720310211, 0.3027344048023224, 0.41144293546676636, 0.022154618054628372, 0.025861527770757675, 0.8368966579437256], "frame_34": [0.6300190687179565, 0.397444486618042, 0.050466325134038925, 0.04920463636517525, 0.3535158038139343, 0.36102986335754395, 0.02288191020488739, 0.02555370330810547, 0.8022165298461914], "frame_35": [0.6299638748168945, 0.3974301517009735, 0.050316620618104935, 0.04921955615282059, 0.3535158038139343, 0.36102986335754395, 0.02288191020488739, 0.02555370330810547, 0.7773560881614685], "frame_36": [0.6297385096549988, 0.39711862802505493, 0.05085707828402519, 0.04908782243728638, 0.3775535523891449, 0.34204792976379395, 0.025049760937690735, 0.02534247562289238, 0.7325878739356995], "frame_37": [0.629730224609375, 0.3971155881881714, 0.05082567036151886, 0.04909244179725647, 0.3775535523891449, 0.34204792976379395, 0.025049760937690735, 0.02534247562289238, 0.7079728841781616], "frame_38": [0.6297248005867004, 0.3971303403377533, 0.05086038261651993, 0.04910697788000107, 0.3775535523891449, 0.34204792976379395, 0.025049760937690735, 0.02534247562289238, 0.71573805809021], "frame_39": [0.6297316551208496, 0.39712291955947876, 0.05112648010253906, 0.04904802143573761, 0.41668280959129333, 0.322744220495224, 0.023211585357785225, 0.026177894324064255, 0.7137497067451477],