{"frame_0": [0.6301843523979187, 0.3991047441959381, 0.05113080516457558, 0.04952104389667511, 0.20430339872837067, 0.5933302044868469, 0.021106041967868805, 0.025903193280100822, 0.7703356742858887], "frame_1": [0.6292876601219177, 0.39907896518707275, 0.050047386437654495, 0.04960543289780617, 0.20523808896541595, 0.5910242795944214, 0.021273698657751083, 0.025459501892328262, 0.7612096667289734], "frame_2": [0.6293633580207825, 0.3991294503211975, 0.05004967749118805, 0.04957902804017067, 0.20654474198818207, 0.5891485214233398, 0.022741084918379784, 0.025400543585419655, 0.7503884434700012], "frame_3": [0.6296367049217224, 0.3990810811519623, 0.049597084522247314, 0.049559615552425385, 0.20851834118366241, 0.5878131985664368, 0.02223767153918743, 0.02560441754758358, 0.7253373861312866], "frame_4": [0.6295658349990845, 0.39911413192749023, 0.04953443631529808, 0.049615055322647095, 0.2115095555782318, 0.5875874757766724, 0.02305738627910614, 0.024978255853056908, 0.729327917098999], "frame_5": [0.6295660138130188, 0.39911869168281555, 0.04953405633568764, 0.049608610570430756, 0.2143322378396988, 0.5878486633300781, 0.023324202746152878, 0.02542249858379364, 0.7196521162986755], "frame_6": [0.6296268701553345, 0.3991484045982361, 0.0496080182492733, 0.0495683029294014, 0.21717704832553864, 0.5881212949752808, 0.02260962501168251, 0.023662015795707703, 0.7802583575248718], "frame_7": [0.6296003460884094, 0.3991701006889343, 0.0496717244386673, 0.04954855144023895, 0.22052273154258728, 0.5886706709861755, 0.022462273016572, 0.024039458483457565, 0.805079460144043], "frame_8": [0.6296129822731018, 0.39917442202568054, 0.0497121587395668, 0.049540963023900986, 0.22475986182689667, 0.5888169407844543, 0.02219797857105732, 0.023943329229950905, 0.8162881731987], "frame_9": [0.6296043992042542, 0.39908963441848755, 0.049808502197265625, 0.04945852607488632, 0.22833187878131866, 0.5872830152511597, 0.02349003776907921, 0.02403106726706028, 0.8132303953170776], "frame_10": [0.6295477151870728, 0.39900630712509155, 0.04965265095233917, 0.04959458112716675, 0.23204517364501953, 0.5825462937355042, 0.022957611829042435, 0.0233629010617733, 0.7307923436164856], "frame_11": [0.6295439600944519, 0.3990187346935272, 0.049610137939453125, 0.049552153795957565, 0.236464262008667, 0.5767463445663452, 0.02356349118053913, 0.02421281673014164, 0.7372843623161316], "frame_12": [0.6296758651733398, 0.3989503085613251, 0.0487951897084713, 0.0490926094353199, 0.24105890095233917, 0.5682697892189026, 0.02276439592242241, 0.02548065222799778, 0.6857547163963318], "frame_13": [0.6296031475067139, 0.39893290400505066, 0.04852485656738281, 0.04906603321433067, 0.24440771341323853, 0.5584843754768372, 0.024195099249482155, 0.025199338793754578, 0.6786940097808838], "frame_14": [0.6295632719993591, 0.3988798260688782, 0.04862586036324501, 0.04911180958151817, 0.24440771341323853, 0.5584843754768372, 0.024195099249482155, 0.025199338793754578, 0.590965986251831], "frame_15": [0.6295811533927917, 0.3988661766052246, 0.04851989820599556, 0.04902797192335129, 0.24695196747779846, 0.5362646579742432, 0.02032591588795185, 0.025084050372242928, 0.5254624485969543], "frame_16": [0.6296305060386658, 0.39889147877693176, 0.04859945550560951, 0.049035727977752686, 0.24289070069789886, 0.5262453556060791, 0.024360613897442818, 0.026412412524223328, 0.5476669669151306], "frame_17": [0.6296346783638, 0.3988921344280243, 0.04864167049527168, 0.048998259007930756, 0.2383243590593338, 0.5170968174934387, 0.0241080392152071, 0.02498796209692955, 0.5579279065132141], "frame_18": [0.6296612024307251, 0.39884787797927856, 0.048740558326244354, 0.04895184934139252, 0.2325928509235382, 0.5108646154403687, 0.02571582794189453, 0.024817656725645065, 0.5268703699111938], "frame_19": [0.6296204328536987, 0.3988199830055237, 0.04868888854980469, 0.04897939786314964, 0.22980254888534546, 0.5067355036735535, 0.023550711572170258, 0.025390625, 0.5356993675231934], "frame_20": [0.629700243473053, 0.39880719780921936, 0.04866332933306694, 0.04895549267530441, 0.2265060842037201, 0.503955602645874, 0.024178992956876755, 0.023283768445253372, 0.5424749255180359], "frame_21": [0.6296963691711426, 0.3988369405269623, 0.048703934997320175, 0.049017250537872314, 0.22608858346939087, 0.5021035671234131, 0.023297691717743874, 0.022425292059779167, 0.5339803099632263], "frame_22": [0.6296888589859009, 0.3988301157951355, 0.04869024455547333, 0.04900139570236206, 0.22519582509994507, 0.5003925561904907, 0.02439301833510399, 0.024636756628751755, 0.5265517234802246], "frame_23": [0.6297050714492798, 0.3988248109817505, 0.048731062561273575, 0.04907459765672684, 0.22564606368541718, 0.49870944023132324, 0.024602804332971573, 0.024695755913853645, 0.5135571360588074], "frame_24": [0.6298246383666992, 0.39865532517433167, 0.04902093857526779, 0.049081165343523026, 0.2258307784795761, 0.49654045701026917, 0.024250030517578125, 0.025148943066596985, 0.5781235694885254], "frame_25": [0.6298663020133972, 0.3986521363258362, 0.04907531663775444, 0.04910469055175781, 0.22668972611427307, 0.4933342933654785, 0.024510955438017845, 0.02613966166973114, 0.6605027914047241], "frame_26": [0.6299173831939697, 0.39866918325424194, 0.04919641464948654, 0.04908188804984093, 0.22828301787376404, 0.4875742495059967, 0.024559127166867256, 0.025458145886659622, 0.6242964863777161], "frame_27": [0.6299008727073669, 0.39867058396339417, 0.04916419833898544, 0.049104902893304825, 0.2306738942861557, 0.4799026548862457, 0.0251578651368618, 0.027689192444086075, 0.7434004545211792], "frame_28": [0.6298985481262207, 0.3986688256263733, 0.049161698669195175, 0.04909918084740639, 0.23362354934215546, 0.4710555970668793, 0.02319961041212082, 0.026392534375190735, 0.7287587523460388], "frame_29": [0.6298980712890625, 0.3986744284629822, 0.04918653517961502, 0.04911452531814575, 0.2365516871213913, 0.4624299705028534, 0.024528630077838898, 0.028160477057099342, 0.7852762341499329], "frame_30": [0.6298955678939819, 0.3986789286136627, 0.04918060451745987, 0.04913465678691864, 0.2406940907239914, 0.45143043994903564, 0.024868732318282127, 0.026726532727479935, 0.690191924571991], "frame_31": [0.6299192905426025, 0.3986777365207672, 0.04919149726629257, 0.0491391085088253, 0.24904145300388336, 0.43682587146759033, 0.02418871968984604, 0.02618560753762722, 0.7466610074043274], "frame_32": [0.6299400329589844, 0.3986968696117401, 0.049258675426244736, 0.049169328063726425, 0.2631045877933502, 0.41939401626586914, 0.02323303185403347, 0.02581465058028698, 0.756121039390564], "frame_33": [0.6299654841423035, 0.3986876606941223, 0.04931814223527908, 0.04919403791427612, 0.27808573842048645, 0.4022088348865509, 0.0234671700745821, 0.02651587501168251, 0.7843072414398193], "frame_34": [0.6299898028373718, 0.3986768126487732, 0.04928389564156532, 0.04916945472359657, 0.29362940788269043, 0.38820919394493103, 0.023788070306181908, 0.02725287526845932, 0.7958660125732422], "frame_35": [0.6299988031387329, 0.3986912667751312, 0.049367014318704605, 0.04924130067229271, 0.3093719184398651, 0.37263378500938416, 0.026387404650449753, 0.02812482975423336, 0.7732755541801453], "frame_36": [0.6302183270454407, 0.39889204502105713, 0.04968435317277908, 0.04900025203824043, 0.324473112821579, 0.3606419861316681, 0.024051476269960403, 0.027299033477902412, 0.793446958065033], "frame_37": [0.6302473545074463, 0.39890432357788086, 0.04951388016343117, 0.04894659295678139, 0.324473112821579, 0.3606419861316681, 0.024051476269960403, 0.027299033477902412, 0.8311100602149963], "frame_38": [0.6302720904350281, 0.3988999128341675, 0.04967706650495529, 0.04901178181171417, 0.354523628950119, 0.34047508239746094, 0.023264694958925247, 0.027059851214289665, 0.8046010136604309], "frame_39": [0.6302775144577026, 0.39888736605644226, 0.04967138543725014, 0.04903755336999893, 0.36935317516326904, 0.32906574010849, 0.021347470581531525, 0.02652638778090477, 0.7101650238037109],