{"frame_0": [0.6307805180549622, 0.3962225615978241, 0.04974975436925888, 0.050188105553388596, 0.0, 0.0, 0.0, 0.0, 0.7009817957878113], "frame_1": [0.6302505731582642, 0.3964095115661621, 0.0501081682741642, 0.050090111792087555, 0.23707596957683563, 0.5983624458312988, 0.03406386822462082, 0.032027266919612885, 0.6575709581375122], "frame_2": [0.630151093006134, 0.3963322937488556, 0.05002326890826225, 0.05003539100289345, 0.23707596957683563, 0.5983624458312988, 0.03406386822462082, 0.032027266919612885, 0.6696726679801941], "frame_3": [0.6301006078720093, 0.3964109718799591, 0.05006828159093857, 0.04977124556899071, 0.23707596957683563, 0.5983624458312988, 0.03406386822462082, 0.032027266919612885, 0.656026303768158], "frame_4": [0.6303772926330566, 0.3963544964790344, 0.05023176223039627, 0.04976535215973854, 0.23707596957683563, 0.5983624458312988, 0.03406386822462082, 0.032027266919612885, 0.6732625365257263], "frame_5": [0.6303183436393738, 0.39634382724761963, 0.05015542730689049, 0.04971936717629433, 0.23707596957683563, 0.5983624458312988, 0.03406386822462082, 0.032027266919612885, 0.6093921661376953], "frame_6": [0.630299985408783, 0.3962647616863251, 0.05035616457462311, 0.04963446781039238, 0.23707596957683563, 0.5983624458312988, 0.03406386822462082, 0.032027266919612885, 0.614507257938385], "frame_7": [0.6303099989891052, 0.39631012082099915, 0.05061323195695877, 0.049643367528915405, 0.23707596957683563, 0.5983624458312988, 0.03406386822462082, 0.032027266919612885, 0.65231853723526], "frame_8": [0.630269467830658, 0.39627277851104736, 0.05043907091021538, 0.04974818602204323, 0.23707596957683563, 0.5983624458312988, 0.03406386822462082, 0.032027266919612885, 0.6574945449829102], "frame_9": [0.6301692724227905, 0.3964084982872009, 0.0501641184091568, 0.04966697841882706, 0.23707596957683563, 0.5983624458312988, 0.03406386822462082, 0.032027266919612885, 0.6550889015197754], "frame_10": [0.6302919983863831, 0.39631199836730957, 0.0503598116338253, 0.049780018627643585, 0.23707596957683563, 0.5983624458312988, 0.03406386822462082, 0.032027266919612885, 0.7293994426727295], "frame_11": [0.6302913427352905, 0.3963407874107361, 0.05037422105669975, 0.04984711483120918, 0.23707596957683563, 0.5983624458312988, 0.03406386822462082, 0.032027266919612885, 0.7151767611503601], "frame_12": [0.6304473876953125, 0.3965913653373718, 0.05011274665594101, 0.04961806535720825, 0.23707596957683563, 0.5983624458312988, 0.03406386822462082, 0.032027266919612885, 0.8135539293289185], "frame_13": [0.6304472088813782, 0.3965742290019989, 0.05007879436016083, 0.04965807497501373, 0.23707596957683563, 0.5983624458312988, 0.03406386822462082, 0.032027266919612885, 0.7871590256690979], "frame_14": [0.630358099937439, 0.3966323137283325, 0.050414107739925385, 0.04965934902429581, 0.23707596957683563, 0.5983624458312988, 0.03406386822462082, 0.032027266919612885, 0.6971582770347595], "frame_15": [0.6303448677062988, 0.3965936303138733, 0.05033552274107933, 0.04979803413152695, 0.23707596957683563, 0.5983624458312988, 0.03406386822462082, 0.032027266919612885, 0.6293221116065979], "frame_16": [0.6303482055664062, 0.3966831564903259, 0.050553299486637115, 0.04957067593932152, 0.23707596957683563, 0.5983624458312988, 0.03406386822462082, 0.032027266919612885, 0.5097092986106873], "frame_17": [0.6302934288978577, 0.3966803550720215, 0.05033073574304581, 0.04945644736289978, 0.23707596957683563, 0.5983624458312988, 0.03406386822462082, 0.032027266919612885, 0.48891088366508484], "frame_18": [0.6303293704986572, 0.39670154452323914, 0.05040160194039345, 0.04943868890404701, 0.23707596957683563, 0.5983624458312988, 0.03406386822462082, 0.032027266919612885, 0.2071605920791626], "frame_19": [0.6302776336669922, 0.3967091143131256, 0.05034077912569046, 0.04941902309656143, 0.23707596957683563, 0.5983624458312988, 0.03406386822462082, 0.032027266919612885, 0.055951569229364395], "frame_20": [0.6302103400230408, 0.3967096209526062, 0.05029046908020973, 0.04941825941205025, 0.23707596957683563, 0.5983624458312988, 0.03406386822462082, 0.032027266919612885, 0.251068115234375], "frame_21": [0.6302275657653809, 0.3966902494430542, 0.05021027475595474, 0.049432795494794846, 0.23707596957683563, 0.5983624458312988, 0.03406386822462082, 0.032027266919612885, 0.2251836508512497], "frame_22": [0.6302080750465393, 0.3966912031173706, 0.05022909492254257, 0.04943674057722092, 0.31684011220932007, 0.4685295522212982, 0.036876529455184937, 0.03805389255285263, 0.29544389247894287], "frame_23": [0.6302220225334167, 0.396698534488678, 0.05023939162492752, 0.04936692863702774, 0.3112180531024933, 0.4611165225505829, 0.03968677669763565, 0.03875618055462837, 0.34618476033210754], "frame_24": [0.6301777958869934, 0.3965076804161072, 0.05083160474896431, 0.04937756806612015, 0.3075200617313385, 0.45516976714134216, 0.04015117138624191, 0.037079449743032455, 0.4596182405948639], "frame_25": [0.6301562190055847, 0.3964868187904358, 0.05083122104406357, 0.04936578497290611, 0.30733585357666016, 0.4498731791973114, 0.03963593393564224, 0.03758718818426132, 0.4458458721637726], "frame_26": [0.6300944685935974, 0.3964745104312897, 0.05055046081542969, 0.04927503690123558, 0.30766376852989197, 0.44120487570762634, 0.038632288575172424, 0.03752882033586502, 0.4855150878429413], "frame_27": [0.6301388144493103, 0.39648446440696716, 0.05047861859202385, 0.049277327954769135, 0.3101952075958252, 0.4269512891769409, 0.03727450966835022, 0.039078351110219955, 0.5539303421974182], "frame_28": [0.6301410794258118, 0.3964809477329254, 0.050517864525318146, 0.049252234399318695, 0.31455162167549133, 0.41136905550956726, 0.03637595847249031, 0.04388169199228287, 0.4953765869140625], "frame_29": [0.6301416754722595, 0.39652857184410095, 0.05056266859173775, 0.04919620230793953, 0.3217880129814148, 0.38534095883369446, 0.03559688851237297, 0.038648393005132675, 0.5410237312316895], "frame_30": [0.6301918625831604, 0.39653679728507996, 0.05062730610370636, 0.0491943359375, 0.334178626537323, 0.3586958050727844, 0.03434378281235695, 0.03714921697974205, 0.7760729193687439], "frame_31": [0.6302292943000793, 0.39655667543411255, 0.05073869600892067, 0.04925863444805145, 0.34816619753837585, 0.33277249336242676, 0.032946884632110596, 0.0322934053838253, 0.7789011001586914], "frame_32": [0.630229115486145, 0.3965655565261841, 0.050651635974645615, 0.049285124987363815, 0.3609548807144165, 0.30944886803627014, 0.03239640220999718, 0.03360491991043091, 0.7834163308143616], "frame_33": [0.630215048789978, 0.3965764343738556, 0.05082176998257637, 0.04926355183124542, 0.3732388913631439, 0.287052720785141, 0.03299666568636894, 0.03372086584568024, 0.8009628057479858], "frame_34": [0.6302765011787415, 0.39657047390937805, 0.050954606384038925, 0.049264103174209595, 0.38635677099227905, 0.26804131269454956, 0.03191358596086502, 0.03212146833539009, 0.7576978802680969], "frame_35": [0.6302983164787292, 0.3965732157230377, 0.05099809542298317, 0.04936031624674797, 0.39875760674476624, 0.2527092695236206, 0.03000115230679512, 0.029071278870105743, 0.7565511465072632], "frame_36": [0.6305211782455444, 0.396422415971756, 0.05114288255572319, 0.04901678115129471, 0.4095618426799774, 0.23689158260822296, 0.029944313690066338, 0.035089366137981415, 0.8024376034736633], "frame_37": [0.6305451393127441, 0.39639773964881897, 0.051152803003787994, 0.048970796167850494, 0.4206311106681824, 0.22289757430553436, 0.0307634137570858, 0.03433159738779068, 0.8078437447547913], "frame_38": [0.630562424659729, 0.39640384912490845, 0.0511043556034565, 0.048951126635074615, 0.43215247988700867, 0.21237686276435852, 0.029095839709043503, 0.02826489321887493, 0.8434984087944031], "frame_39": [0.6305274367332458, 0.39638951420783997, 0.051025304943323135, 0.04898037388920784, 0.44279107451438904, 0.2028285562992096, 0.02950134314596653, 0.03412986174225807, 0.81366366147995],