{"frame_0": [0.5078630447387695, 0.40532341599464417, 0.04546203464269638, 0.04707573726773262, 0.24858535826206207, 0.5618900656700134, 0.02677001990377903, 0.025877973064780235, 0.7531335949897766], "frame_1": [0.5081326961517334, 0.4055176079273224, 0.045932769775390625, 0.04715406522154808, 0.24283435940742493, 0.5643299221992493, 0.024228285998106003, 0.02588246576488018, 0.7295680046081543], "frame_2": [0.5081048607826233, 0.40545547008514404, 0.04586660489439964, 0.04723985493183136, 0.24283435940742493, 0.5643299221992493, 0.024228285998106003, 0.02588246576488018, 0.7793027758598328], "frame_3": [0.5079159736633301, 0.40543535351753235, 0.04558105394244194, 0.04728592932224274, 0.24283435940742493, 0.5643299221992493, 0.024228285998106003, 0.02588246576488018, 0.877821683883667], "frame_4": [0.5078420639038086, 0.4053589701652527, 0.04542350769042969, 0.04717140272259712, 0.24283435940742493, 0.5643299221992493, 0.024228285998106003, 0.02588246576488018, 0.8794246315956116], "frame_5": [0.507927417755127, 0.40534499287605286, 0.045616235584020615, 0.04715520888566971, 0.24283435940742493, 0.5643299221992493, 0.024228285998106003, 0.02588246576488018, 0.8793550133705139], "frame_6": [0.5079372525215149, 0.4053497314453125, 0.04559461772441864, 0.04717491939663887, 0.24283435940742493, 0.5643299221992493, 0.024228285998106003, 0.02588246576488018, 0.8986103534698486], "frame_7": [0.5081168413162231, 0.405404269695282, 0.04575157165527344, 0.047178056091070175, 0.24283435940742493, 0.5643299221992493, 0.024228285998106003, 0.02588246576488018, 0.8614344596862793], "frame_8": [0.5080576539039612, 0.40543144941329956, 0.0459553599357605, 0.047267913818359375, 0.24283435940742493, 0.5643299221992493, 0.024228285998106003, 0.02588246576488018, 0.8587725758552551], "frame_9": [0.5080130696296692, 0.40543800592422485, 0.04590195417404175, 0.047272320836782455, 0.24283435940742493, 0.5643299221992493, 0.024228285998106003, 0.02588246576488018, 0.7799417972564697], "frame_10": [0.5080034732818604, 0.40544721484184265, 0.04590966925024986, 0.04732322692871094, 0.24283435940742493, 0.5643299221992493, 0.024228285998106003, 0.02588246576488018, 0.4647494852542877], "frame_11": [0.5079208612442017, 0.4052589535713196, 0.045653533190488815, 0.0469597727060318, 0.24283435940742493, 0.5643299221992493, 0.024228285998106003, 0.02588246576488018, 0.3946930170059204], "frame_12": [0.5078555345535278, 0.40476253628730774, 0.04581434279680252, 0.04600732773542404, 0.23254118859767914, 0.5349578857421875, 0.021447181701660156, 0.02276170440018177, 0.3743540644645691], "frame_13": [0.5082188844680786, 0.4048005938529968, 0.04634835943579674, 0.045840878039598465, 0.22692985832691193, 0.5270041823387146, 0.02683105506002903, 0.026525115594267845, 0.42254576086997986], "frame_14": [0.5082563757896423, 0.40478095412254333, 0.04647424444556236, 0.04584893211722374, 0.22485271096229553, 0.5197446942329407, 0.028341908007860184, 0.031177308410406113, 0.31608477234840393], "frame_15": [0.5080916285514832, 0.4047001600265503, 0.0461551658809185, 0.045819684863090515, 0.22276513278484344, 0.5122078061103821, 0.02643299102783203, 0.030191294848918915, 0.41226550936698914], "frame_16": [0.5078339576721191, 0.40495121479034424, 0.04582688957452774, 0.04643533378839493, 0.2219497710466385, 0.5059045553207397, 0.02593451552093029, 0.028288481757044792, 0.3980403542518616], "frame_17": [0.5078610777854919, 0.4049169421195984, 0.04582922160625458, 0.04642927274107933, 0.2193058431148529, 0.5005800127983093, 0.026784472167491913, 0.026042938232421875, 0.4170707166194916], "frame_18": [0.507824718952179, 0.4048742651939392, 0.04573533684015274, 0.04648119583725929, 0.21742646396160126, 0.498156875371933, 0.02727680280804634, 0.026725005358457565, 0.4547288417816162], "frame_19": [0.5078943967819214, 0.4048868715763092, 0.04581549018621445, 0.04640659689903259, 0.216053307056427, 0.4956378936767578, 0.02795001119375229, 0.02754347026348114, 0.4206298887729645], "frame_20": [0.5082618594169617, 0.40477830171585083, 0.046314239501953125, 0.045945994555950165, 0.2152213603258133, 0.4932762086391449, 0.027748001739382744, 0.02719268761575222, 0.4231146275997162], "frame_21": [0.5082665085792542, 0.40478697419166565, 0.04633941501379013, 0.04592590406537056, 0.21528756618499756, 0.49139755964279175, 0.028589438647031784, 0.02865668386220932, 0.46264517307281494], "frame_22": [0.5082939267158508, 0.40481245517730713, 0.04646797105669975, 0.04591331630945206, 0.21520540118217468, 0.48789849877357483, 0.028416357934474945, 0.028444375842809677, 0.44355258345603943], "frame_23": [0.5082833170890808, 0.4048045575618744, 0.046363066881895065, 0.045900557190179825, 0.21524649858474731, 0.4840114712715149, 0.028769493103027344, 0.02870856411755085, 0.45149847865104675], "frame_24": [0.5080371499061584, 0.4051305055618286, 0.04665412753820419, 0.04651518911123276, 0.21646791696548462, 0.4780466854572296, 0.02956443279981613, 0.028606710955500603, 0.45319217443466187], "frame_25": [0.5080823302268982, 0.4051158130168915, 0.04667159169912338, 0.046532440930604935, 0.21795468032360077, 0.47092947363853455, 0.0293282400816679, 0.029032517224550247, 0.5057337880134583], "frame_26": [0.5081182718276978, 0.40511423349380493, 0.04669202119112015, 0.04649946466088295, 0.21952374279499054, 0.463826060295105, 0.03019915707409382, 0.03128395229578018, 0.49884527921676636], "frame_27": [0.5082076787948608, 0.405134379863739, 0.046745046973228455, 0.04646454006433487, 0.22161543369293213, 0.4534516930580139, 0.0326295867562294, 0.029591072350740433, 0.587017834186554], "frame_28": [0.5081658959388733, 0.4051723778247833, 0.04673254117369652, 0.04658681899309158, 0.2287692427635193, 0.4392520785331726, 0.028216172009706497, 0.02990400604903698, 0.614416241645813], "frame_29": [0.5081837773323059, 0.40521156787872314, 0.046833887696266174, 0.04660157114267349, 0.23643328249454498, 0.4192729592323303, 0.025101661682128906, 0.028470993041992188, 0.6531423926353455], "frame_30": [0.5080471038818359, 0.4051841199398041, 0.04655015841126442, 0.04652557522058487, 0.24822171032428741, 0.4005524218082428, 0.026793140918016434, 0.028578270226716995, 0.7622153759002686], "frame_31": [0.5080273747444153, 0.4051191210746765, 0.04653032124042511, 0.046440716832876205, 0.25946468114852905, 0.38399022817611694, 0.026542197912931442, 0.029203500598669052, 0.6926790475845337], "frame_32": [0.5080323815345764, 0.4051264822483063, 0.04652832821011543, 0.046467676758766174, 0.27077722549438477, 0.36879271268844604, 0.02597760036587715, 0.02964208461344242, 0.7183541655540466], "frame_33": [0.5080873370170593, 0.4050968885421753, 0.04647522047162056, 0.04641130194067955, 0.28016772866249084, 0.3559878170490265, 0.025578923523426056, 0.030415810644626617, 0.7170758843421936], "frame_34": [0.5080581307411194, 0.4051251709461212, 0.046438515186309814, 0.04646814242005348, 0.29169967770576477, 0.34229591488838196, 0.02519989013671875, 0.02751365303993225, 0.626050591468811], "frame_35": [0.5080839395523071, 0.4051312804222107, 0.0463670939207077, 0.04646093398332596, 0.3015446662902832, 0.32898110151290894, 0.02371455356478691, 0.030031967908143997, 0.6157369017601013], "frame_36": [0.5079931616783142, 0.40509867668151855, 0.04583854600787163, 0.046533118933439255, 0.3121514320373535, 0.31938862800598145, 0.025143327191472054, 0.028620529919862747, 0.6670703291893005], "frame_37": [0.5080148577690125, 0.4051169455051422, 0.04593925550580025, 0.04655401408672333, 0.32279032468795776, 0.311112642288208, 0.02524108812212944, 0.028231896460056305, 0.5584226250648499], "frame_38": [0.5079972743988037, 0.40512436628341675, 0.046033479273319244, 0.046595171093940735, 0.33331412076950073, 0.3046403229236603, 0.026746835559606552, 0.02744397148489952, 0.4692835211753845],