{"frame_0": [0.629004716873169, 0.3972162902355194, 0.050227101892232895, 0.04916860908269882, 0.5432221293449402, 0.45036476850509644, 0.02320268377661705, 0.025730514898896217, 0.6745474338531494], "frame_1": [0.6285792589187622, 0.39725562930107117, 0.04975776746869087, 0.04954270273447037, 0.4872702658176422, 0.5791406631469727, 0.020398160442709923, 0.024447420611977577, 0.6787777543067932], "frame_2": [0.6285232305526733, 0.3972114026546478, 0.0496300607919693, 0.049576908349990845, 0.4882303774356842, 0.5794285535812378, 0.020017793402075768, 0.02425401471555233, 0.6649593114852905], "frame_3": [0.6284720301628113, 0.39718690514564514, 0.04946136474609375, 0.04958326369524002, 0.4877544939517975, 0.5790892839431763, 0.020177459344267845, 0.023442458361387253, 0.6524441838264465], "frame_4": [0.6284406185150146, 0.3972017168998718, 0.04938621446490288, 0.04948776960372925, 0.4877544939517975, 0.5790892839431763, 0.020177459344267845, 0.023442458361387253, 0.6880911588668823], "frame_5": [0.6284617781639099, 0.3972516357898712, 0.04948645830154419, 0.04954304173588753, 0.4877544939517975, 0.5790892839431763, 0.020177459344267845, 0.023442458361387253, 0.696488618850708], "frame_6": [0.628430962562561, 0.3972371518611908, 0.04947797954082489, 0.04957529529929161, 0.4877544939517975, 0.5790892839431763, 0.020177459344267845, 0.023442458361387253, 0.7486312389373779], "frame_7": [0.6284359693527222, 0.39722493290901184, 0.049506377428770065, 0.04952159523963928, 0.4877544939517975, 0.5790892839431763, 0.020177459344267845, 0.023442458361387253, 0.8191640973091125], "frame_8": [0.6285071969032288, 0.39725375175476074, 0.049645911902189255, 0.0496036522090435, 0.4877544939517975, 0.5790892839431763, 0.020177459344267845, 0.023442458361387253, 0.8508480191230774], "frame_9": [0.62864089012146, 0.3972608745098114, 0.04971292242407799, 0.04955126345157623, 0.4877544939517975, 0.5790892839431763, 0.020177459344267845, 0.023442458361387253, 0.8856508731842041], "frame_10": [0.6284869313240051, 0.3972490131855011, 0.049585722386837006, 0.04948302358388901, 0.4877544939517975, 0.5790892839431763, 0.020177459344267845, 0.023442458361387253, 0.879359781742096], "frame_11": [0.6285125017166138, 0.3972488343715668, 0.04958733543753624, 0.04954109340906143, 0.4877544939517975, 0.5790892839431763, 0.020177459344267845, 0.023442458361387253, 0.9079177975654602], "frame_12": [0.6285641193389893, 0.3970223367214203, 0.049586400389671326, 0.049432456493377686, 0.4877544939517975, 0.5790892839431763, 0.020177459344267845, 0.023442458361387253, 0.9326010346412659], "frame_13": [0.6285682916641235, 0.39701810479164124, 0.049559105187654495, 0.04940715432167053, 0.4877544939517975, 0.5790892839431763, 0.020177459344267845, 0.023442458361387253, 0.9982677698135376], "frame_14": [0.6285673379898071, 0.3970153033733368, 0.04956338554620743, 0.04939388856291771, 0.4661126732826233, 0.5646818280220032, 0.022585509344935417, 0.03239835053682327, 0.9864186644554138], "frame_15": [0.6285584568977356, 0.397009015083313, 0.04954338073730469, 0.04937642440199852, 0.46732890605926514, 0.5658577680587769, 0.021910477429628372, 0.02950371615588665, 0.9350717067718506], "frame_16": [0.6286081671714783, 0.3969714641571045, 0.04953405633568764, 0.04934467747807503, 0.46778953075408936, 0.5647916793823242, 0.023625563830137253, 0.030586624518036842, 0.8711234927177429], "frame_17": [0.6285999417304993, 0.3969600200653076, 0.04953240230679512, 0.049144916236400604, 0.4685959815979004, 0.5617209672927856, 0.02543318085372448, 0.030411740764975548, 0.9948004484176636], "frame_18": [0.6286861300468445, 0.3969901502132416, 0.04951765388250351, 0.04929538443684578, 0.47038567066192627, 0.5576902627944946, 0.02475433424115181, 0.026553642004728317, 0.7179401516914368], "frame_19": [0.6286615133285522, 0.3969934284687042, 0.0495426170527935, 0.04928470030426979, 0.47038567066192627, 0.5576902627944946, 0.02475433424115181, 0.026553642004728317, 0.3479958772659302], "frame_20": [0.6286185383796692, 0.39703428745269775, 0.04947815090417862, 0.04932501167058945, 0.47038567066192627, 0.5576902627944946, 0.02475433424115181, 0.026553642004728317, 0.3927343785762787], "frame_21": [0.6286635398864746, 0.39700716733932495, 0.04969749599695206, 0.04922633618116379, 0.47038567066192627, 0.5576902627944946, 0.02475433424115181, 0.026553642004728317, 0.3896166682243347], "frame_22": [0.6286613345146179, 0.3970121741294861, 0.0496809221804142, 0.0492190457880497, 0.47038567066192627, 0.5576902627944946, 0.02475433424115181, 0.026553642004728317, 0.46386441588401794], "frame_23": [0.628673791885376, 0.39706769585609436, 0.04976005479693413, 0.049210526049137115, 0.47038567066192627, 0.5576902627944946, 0.02475433424115181, 0.026553642004728317, 0.4694628119468689], "frame_24": [0.6285394430160522, 0.39716169238090515, 0.049564361572265625, 0.04915724694728851, 0.47038567066192627, 0.5576902627944946, 0.02475433424115181, 0.026553642004728317, 0.49179646372795105], "frame_25": [0.628535270690918, 0.3971687853336334, 0.04949150234460831, 0.04915296658873558, 0.47038567066192627, 0.5576902627944946, 0.02475433424115181, 0.026553642004728317, 0.55423903465271], "frame_26": [0.6285279989242554, 0.39718499779701233, 0.04953821003437042, 0.04916191101074219, 0.47038567066192627, 0.5576902627944946, 0.02475433424115181, 0.026553642004728317, 0.6358932852745056], "frame_27": [0.6285106539726257, 0.39718109369277954, 0.04947458952665329, 0.04913580045104027, 0.47038567066192627, 0.5576902627944946, 0.02475433424115181, 0.026553642004728317, 0.6143669486045837], "frame_28": [0.6285796165466309, 0.3972044289112091, 0.04978523403406143, 0.04916809871792793, 0.47038567066192627, 0.5576902627944946, 0.02475433424115181, 0.026553642004728317, 0.646836519241333], "frame_29": [0.6286361813545227, 0.3972851634025574, 0.049358196556568146, 0.04891747236251831, 0.47038567066192627, 0.5576902627944946, 0.02475433424115181, 0.026553642004728317, 0.7874213457107544], "frame_30": [0.6286271214485168, 0.3972328305244446, 0.04942253977060318, 0.049141183495521545, 0.4726823568344116, 0.39496269822120667, 0.02502899244427681, 0.026519775390625, 0.0], "frame_31": [0.6286756992340088, 0.3972753882408142, 0.04955660551786423, 0.04909612983465195, 0.4794730842113495, 0.3798765540122986, 0.02479536272585392, 0.026088884100317955, 0.7594647407531738], "frame_32": [0.6287075877189636, 0.39731234312057495, 0.04958953708410263, 0.04914292320609093, 0.48728182911872864, 0.367319792509079, 0.025170983746647835, 0.02643078751862049, 0.8225096464157104], "frame_33": [0.6286793351173401, 0.3972513973712921, 0.04942796379327774, 0.04919751361012459, 0.49494826793670654, 0.35649803280830383, 0.02503204345703125, 0.0271797813475132, 0.8491910099983215], "frame_34": [0.6287261843681335, 0.3974056541919708, 0.049695417284965515, 0.04936150461435318, 0.5004531741142273, 0.34667056798934937, 0.024886703118681908, 0.027050822973251343, 0.8045232892036438], "frame_35": [0.6286388635635376, 0.39728647470474243, 0.04947645217180252, 0.04933035001158714, 0.5059119462966919, 0.3379349708557129, 0.02583160437643528, 0.02630905620753765, 0.8369941711425781], "frame_36": [0.6286725997924805, 0.3971480429172516, 0.049793541431427, 0.04919878765940666, 0.514311671257019, 0.33036231994628906, 0.02491777203977108, 0.028852080926299095, 0.804131031036377], "frame_37": [0.628689169883728, 0.39719128608703613, 0.04984893649816513, 0.0492357462644577, 0.5203720331192017, 0.3227870464324951, 0.024305131286382675, 0.02492762729525566, 0.879534125328064], "frame_38": [0.6286824345588684, 0.3971617817878723, 0.04976416751742363, 0.049144446849823, 0.5266127586364746, 0.3193539083003998, 0.023117277771234512, 0.02418193779885769, 0.8330420255661011], "frame_39": [0.6286370158195496, 0.39711108803749084, 0.04956169053912163, 0.049069128930568695, 0.5329756140708923, 0.31418120861053467, 0.022893819957971573, 0.02659859135746956, 0.8199228048324585],