{"frame_0": [0.5074657201766968, 0.4045241177082062, 0.045388199388980865, 0.045175764709711075, 0.24840034544467926, 0.5866836309432983, 0.018783612176775932, 0.023085106164216995, 0.9135116934776306], "frame_1": [0.508017361164093, 0.4047270119190216, 0.046052634716033936, 0.04528066888451576, 0.2488662749528885, 0.5864462852478027, 0.019662857055664062, 0.022971555590629578, 0.882698118686676], "frame_2": [0.5079036951065063, 0.40474531054496765, 0.04580434039235115, 0.04522904381155968, 0.24897369742393494, 0.5867546796798706, 0.021443260833621025, 0.023008812218904495, 0.897563636302948], "frame_3": [0.5079425573348999, 0.40464910864830017, 0.045916661620140076, 0.044958580285310745, 0.25057393312454224, 0.5860471725463867, 0.019990963861346245, 0.022978845983743668, 0.9152886271476746], "frame_4": [0.5081367492675781, 0.40468165278434753, 0.04634840041399002, 0.0449022501707077, 0.2512383460998535, 0.5832524299621582, 0.02041725628077984, 0.023450469598174095, 0.8970078825950623], "frame_5": [0.5081397294998169, 0.40462225675582886, 0.04618377611041069, 0.044966887682676315, 0.25119367241859436, 0.5786302089691162, 0.021144676953554153, 0.02385253831744194, 0.8328894376754761], "frame_6": [0.5081928372383118, 0.4046665132045746, 0.04631279781460762, 0.045043013989925385, 0.25117629766464233, 0.5738441348075867, 0.022319411858916283, 0.02387169748544693, 0.862888753414154], "frame_7": [0.5082082748413086, 0.4047255516052246, 0.04639184847474098, 0.045183561742305756, 0.25087928771972656, 0.5663152933120728, 0.021900303661823273, 0.021377351135015488, 0.7778624892234802], "frame_8": [0.5082206726074219, 0.4047960042953491, 0.04663810878992081, 0.04508526995778084, 0.24744589626789093, 0.5581670999526978, 0.02489674836397171, 0.020792771130800247, 0.7529223561286926], "frame_9": [0.5082556009292603, 0.4047543406486511, 0.04666497930884361, 0.045056238770484924, 0.24644064903259277, 0.5514991879463196, 0.026428604498505592, 0.022549353539943695, 0.6559867858886719], "frame_10": [0.5083335638046265, 0.4047994017601013, 0.04674428328871727, 0.04498770087957382, 0.24391204118728638, 0.5435948967933655, 0.026508521288633347, 0.024504851549863815, 0.663526713848114], "frame_11": [0.5082190632820129, 0.40459585189819336, 0.04591653496026993, 0.045177798718214035, 0.2417694479227066, 0.5343089699745178, 0.024065865203738213, 0.023368453606963158, 0.5937010645866394], "frame_12": [0.5085271596908569, 0.40488898754119873, 0.046858977526426315, 0.04599761962890625, 0.23668570816516876, 0.5270323157310486, 0.023077350109815598, 0.025408638641238213, 0.4279257357120514], "frame_13": [0.5085107684135437, 0.404928594827652, 0.04691369831562042, 0.045999061316251755, 0.23142513632774353, 0.5206767916679382, 0.022072898223996162, 0.02976684644818306, 0.4826177656650543], "frame_14": [0.5082035064697266, 0.40495309233665466, 0.04664900153875351, 0.0462307408452034, 0.22699926793575287, 0.5135197639465332, 0.023060649633407593, 0.027682410553097725, 0.442466676235199], "frame_15": [0.5082502365112305, 0.40491995215415955, 0.04688690975308418, 0.04620026424527168, 0.2200242429971695, 0.5086962580680847, 0.023471832275390625, 0.027974996715784073, 0.4396142065525055], "frame_16": [0.5082060098648071, 0.40496036410331726, 0.04705094173550606, 0.046231843531131744, 0.21535611152648926, 0.5046412348747253, 0.02549896202981472, 0.027396181598305702, 0.4808928966522217], "frame_17": [0.5081281661987305, 0.4049385190010071, 0.04682214558124542, 0.04612155631184578, 0.20950660109519958, 0.5016343593597412, 0.025377655401825905, 0.026475906372070312, 0.31857383251190186], "frame_18": [0.5081417560577393, 0.4049161374568939, 0.046649932861328125, 0.04629944637417793, 0.20434103906154633, 0.49970218539237976, 0.025781821459531784, 0.026045609265565872, 0.32296571135520935], "frame_19": [0.5081522464752197, 0.40491893887519836, 0.04673347622156143, 0.04625799506902695, 0.19869498908519745, 0.49774661660194397, 0.02427469938993454, 0.025197219103574753, 0.329672247171402], "frame_20": [0.5081856846809387, 0.40491217374801636, 0.04674089327454567, 0.04619479551911354, 0.19428424537181854, 0.496576726436615, 0.02552914060652256, 0.0249311663210392, 0.36277371644973755], "frame_21": [0.5081474184989929, 0.4049166440963745, 0.04652900621294975, 0.04620153456926346, 0.19055262207984924, 0.4949978291988373, 0.024087227880954742, 0.02530958317220211, 0.3904045820236206], "frame_22": [0.5081198811531067, 0.4049234688282013, 0.046588897705078125, 0.046013809740543365, 0.18651098012924194, 0.49336615204811096, 0.02536335028707981, 0.0270843505859375, 0.37535977363586426], "frame_23": [0.508022129535675, 0.40490952134132385, 0.04630343243479729, 0.046033818274736404, 0.18348869681358337, 0.4909844994544983, 0.025079568848013878, 0.027399063110351562, 0.4254440367221832], "frame_24": [0.508198618888855, 0.40462151169776917, 0.04689835384488106, 0.04538896307349205, 0.1821361780166626, 0.4863153100013733, 0.024988217279314995, 0.026378249749541283, 0.6135837435722351], "frame_25": [0.5081531405448914, 0.4045478105545044, 0.04683668166399002, 0.04541816562414169, 0.1810978800058365, 0.48143377900123596, 0.02612895891070366, 0.026056120172142982, 0.710301399230957], "frame_26": [0.5082302689552307, 0.4045718312263489, 0.04654676467180252, 0.04533691331744194, 0.17992477118968964, 0.4748988747596741, 0.026184506714344025, 0.02569359727203846, 0.4343357980251312], "frame_27": [0.5081886053085327, 0.404582679271698, 0.04656791687011719, 0.045475855469703674, 0.1802123785018921, 0.46734100580215454, 0.026092899963259697, 0.026551606133580208, 0.4482552111148834], "frame_28": [0.5078138709068298, 0.40468376874923706, 0.0461992472410202, 0.04569587856531143, 0.18337681889533997, 0.45436519384384155, 0.023816490545868874, 0.02393086813390255, 0.4583451747894287], "frame_29": [0.5075818300247192, 0.40465131402015686, 0.04614219814538956, 0.04558143764734268, 0.1896546185016632, 0.4368293881416321, 0.02257556840777397, 0.024245452135801315, 0.693996787071228], "frame_30": [0.5075867772102356, 0.4046970009803772, 0.04615135118365288, 0.04568367078900337, 0.2003750205039978, 0.4186100959777832, 0.025070486590266228, 0.024057939648628235, 0.8848730325698853], "frame_31": [0.5075908899307251, 0.404591828584671, 0.04612867534160614, 0.045449912548065186, 0.2112850546836853, 0.40136289596557617, 0.021992959082126617, 0.02430029958486557, 0.8938854336738586], "frame_32": [0.5080681443214417, 0.4043824374675751, 0.046715375036001205, 0.045216284692287445, 0.2209663838148117, 0.3854742646217346, 0.022505102679133415, 0.024423981085419655, 0.8936804533004761], "frame_33": [0.5082229375839233, 0.404438316822052, 0.047107867896556854, 0.04520806297659874, 0.23090142011642456, 0.370488703250885, 0.023269547149538994, 0.025785403326153755, 0.7814605236053467], "frame_34": [0.5083873867988586, 0.40448006987571716, 0.04730665311217308, 0.04499151557683945, 0.24117092788219452, 0.35709434747695923, 0.02287311479449272, 0.026062965393066406, 0.7020561099052429], "frame_35": [0.5083915591239929, 0.40447497367858887, 0.04756181687116623, 0.045150671154260635, 0.2512218952178955, 0.34427410364151, 0.02054271660745144, 0.024521298706531525, 0.8993171453475952], "frame_36": [0.5087618231773376, 0.40424689650535583, 0.04783821105957031, 0.044591352343559265, 0.26114797592163086, 0.33322957158088684, 0.02290426939725876, 0.024949539452791214, 0.7744481563568115], "frame_37": [0.5087878704071045, 0.4042200744152069, 0.047856904566287994, 0.044477082788944244, 0.27046632766723633, 0.3235037922859192, 0.02312229946255684, 0.02604796178638935, 0.7354885339736938], "frame_38": [0.5086559653282166, 0.404187947511673, 0.047429487109184265, 0.044620513916015625, 0.28128671646118164, 0.3137952983379364, 0.02291465364396572, 0.02420620433986187, 0.6821056604385376],