{"frame_0": [0.5082833766937256, 0.4063948690891266, 0.04614812880754471, 0.04644487053155899, 0.0, 0.0, 0.0, 0.0, 0.7041969299316406], "frame_1": [0.5082079768180847, 0.40642479062080383, 0.045867156237363815, 0.04613295570015907, 0.0, 0.0, 0.0, 0.0, 0.251777321100235], "frame_2": [0.5085432529449463, 0.4061548113822937, 0.04629478603601456, 0.04595947265625, 0.0, 0.0, 0.0, 0.0, 0.7323697209358215], "frame_3": [0.5083770155906677, 0.40610936284065247, 0.04588872939348221, 0.04602173715829849, 0.0, 0.0, 0.0, 0.0, 0.26270222663879395], "frame_4": [0.5083943009376526, 0.40611881017684937, 0.04589182510972023, 0.046009913086891174, 0.0, 0.0, 0.0, 0.0, 0.2648283839225769], "frame_5": [0.5083855390548706, 0.40618422627449036, 0.04593794047832489, 0.04599206894636154, 0.0, 0.0, 0.0, 0.0, 0.2660779654979706], "frame_6": [0.5082885026931763, 0.4062701463699341, 0.04577416181564331, 0.04580247774720192, 0.0, 0.0, 0.0, 0.0, 0.259306937456131], "frame_7": [0.5083479881286621, 0.40628764033317566, 0.04586372524499893, 0.04579488933086395, 0.0, 0.0, 0.0, 0.0, 0.0], "frame_8": [0.5083915591239929, 0.406295508146286, 0.0459136962890625, 0.04578810930252075, 0.0, 0.0, 0.0, 0.0, 0.4917866289615631], "frame_9": [0.5083664655685425, 0.4062933921813965, 0.045964814722537994, 0.04588279873132706, 0.0, 0.0, 0.0, 0.0, 0.48839083313941956], "frame_10": [0.5082858800888062, 0.4062151610851288, 0.04574042558670044, 0.04587635397911072, 0.0, 0.0, 0.0, 0.0, 0.49114570021629333], "frame_11": [0.508350133895874, 0.40623241662979126, 0.04588813707232475, 0.045943621546030045, 0.0, 0.0, 0.0, 0.0, 0.45011410117149353], "frame_12": [0.5085111856460571, 0.4063968360424042, 0.04582379758358002, 0.04658859968185425, 0.6154099106788635, 0.5116924047470093, 0.023571014404296875, 0.02616475336253643, 0.44144466519355774], "frame_13": [0.5084404945373535, 0.40634027123451233, 0.045652177184820175, 0.0465097650885582, 0.6154099106788635, 0.5116924047470093, 0.023571014404296875, 0.02616475336253643, 0.5240207314491272], "frame_14": [0.5084214210510254, 0.4063289165496826, 0.04556770250201225, 0.04659118503332138, 0.6154099106788635, 0.5116924047470093, 0.023571014404296875, 0.02616475336253643, 0.5601372718811035], "frame_15": [0.5083482265472412, 0.40627849102020264, 0.04537408798933029, 0.0467485636472702, 0.6154099106788635, 0.5116924047470093, 0.023571014404296875, 0.02616475336253643, 0.7999173998832703], "frame_16": [0.5083935856819153, 0.4062621295452118, 0.045471955090761185, 0.04688165336847305, 0.6154099106788635, 0.5116924047470093, 0.023571014404296875, 0.02616475336253643, 0.7746163010597229], "frame_17": [0.5084198117256165, 0.40626347064971924, 0.04554710537195206, 0.04687432199716568, 0.6215446591377258, 0.4912335276603699, 0.027925703674554825, 0.026169756427407265, 0.5735493898391724], "frame_18": [0.5084484815597534, 0.4063316285610199, 0.0455491803586483, 0.0468122698366642, 0.6232444047927856, 0.48732003569602966, 0.026981141418218613, 0.02642500214278698, 0.8724194169044495], "frame_19": [0.508488655090332, 0.40630674362182617, 0.04572046175599098, 0.046801671385765076, 0.623970091342926, 0.4860466718673706, 0.02797258086502552, 0.026903066784143448, 0.0], "frame_20": [0.5083745121955872, 0.40627914667129517, 0.0455949567258358, 0.04673432186245918, 0.6246802806854248, 0.48349517583847046, 0.02725677564740181, 0.027907012030482292, 0.7005423307418823], "frame_21": [0.5082504153251648, 0.40624237060546875, 0.04537218064069748, 0.04669291153550148, 0.6236721873283386, 0.4796280264854431, 0.026955414563417435, 0.02759382501244545, 0.6384233236312866], "frame_22": [0.5082274675369263, 0.40619033575057983, 0.04538383334875107, 0.0469132736325264, 0.6229186058044434, 0.4761391580104828, 0.028776083141565323, 0.028420088812708855, 0.7219923734664917], "frame_23": [0.5081059336662292, 0.4061555564403534, 0.04503953829407692, 0.04678823798894882, 0.6221796870231628, 0.4699055552482605, 0.028197690844535828, 0.029247114434838295, 0.7266864776611328], "frame_24": [0.507906436920166, 0.40625524520874023, 0.04547492042183876, 0.04611176252365112, 0.6215564012527466, 0.4623550474643707, 0.028144072741270065, 0.03061201237142086, 0.5975819230079651], "frame_25": [0.5079655051231384, 0.40627381205558777, 0.0455559641122818, 0.046033479273319244, 0.6204471588134766, 0.4529726803302765, 0.028260210528969765, 0.029581069946289062, 0.604280412197113], "frame_26": [0.5080500245094299, 0.40627020597457886, 0.04572198539972305, 0.0461714006960392, 0.619219958782196, 0.4407552182674408, 0.02726152166724205, 0.030316712334752083, 0.761384129524231], "frame_27": [0.5077759623527527, 0.4062776267528534, 0.04517805203795433, 0.04622311145067215, 0.61574387550354, 0.42152225971221924, 0.028745651245117188, 0.028638076037168503, 0.8871034979820251], "frame_28": [0.5078313946723938, 0.4062712788581848, 0.04537925869226456, 0.04620492830872536, 0.6126919984817505, 0.4026307761669159, 0.025581063702702522, 0.027789434418082237, 0.8992338180541992], "frame_29": [0.5079757571220398, 0.4063646197319031, 0.04581010714173317, 0.04634284973144531, 0.6085235476493835, 0.38643714785575867, 0.025223033502697945, 0.028924264013767242, 0.0], "frame_30": [0.5079228281974792, 0.40634968876838684, 0.04568328708410263, 0.046464622020721436, 0.6035467982292175, 0.3712393045425415, 0.02557220496237278, 0.028191078454256058, 0.8400039076805115], "frame_31": [0.5077829957008362, 0.4063415229320526, 0.045320890843868256, 0.04638214036822319, 0.5990397334098816, 0.3573460876941681, 0.025519264861941338, 0.02696836180984974, 0.9801392555236816], "frame_32": [0.5078623294830322, 0.4063023030757904, 0.04556532949209213, 0.04641015827655792, 0.5944113731384277, 0.34503960609436035, 0.025398466736078262, 0.026603655889630318, 0.9021927118301392], "frame_33": [0.5078335404396057, 0.4063456356525421, 0.04532776027917862, 0.04653104022145271, 0.5902906656265259, 0.3352685868740082, 0.024912474676966667, 0.0266265869140625, 0.8942186832427979], "frame_34": [0.5079703330993652, 0.4064273536205292, 0.04593094810843468, 0.046450041234493256, 0.5856030583381653, 0.3254949450492859, 0.023941634222865105, 0.026249397546052933, 0.8538806438446045], "frame_35": [0.5080187320709229, 0.4063933491706848, 0.04598206281661987, 0.04638930410146713, 0.582302451133728, 0.3171127736568451, 0.023816680535674095, 0.02544555626809597, 0.7981396913528442], "frame_36": [0.5082736611366272, 0.40651553869247437, 0.04630843177437782, 0.047654468566179276, 0.5786787271499634, 0.30960211157798767, 0.023206541314721107, 0.026834487915039062, 0.6562353372573853], "frame_37": [0.5082557797431946, 0.40644845366477966, 0.046257611364126205, 0.04745097830891609, 0.5750530958175659, 0.3050822913646698, 0.021575333550572395, 0.025536304339766502, 0.4772440195083618], "frame_38": [0.5081226229667664, 0.4064221680164337, 0.0456068255007267, 0.04716911166906357, 0.5707594156265259, 0.3010801076889038, 0.022925864905118942, 0.02610541507601738, 0.43654608726501465], "frame_39": [0.5080453753471375, 0.4063698649406433, 0.04538290202617645, 0.04708654433488846, 0.5678896307945251, 0.29747650027275085, 0.023015381768345833, 0.02658180706202984, 0.4268909692764282], "frame_40": [0.5079779028892517, 0.40631142258644104, 0.04522031173110008, 0.047020889818668365, 0.5637558102607727, 0.2956787645816803, 0.02300092950463295, 0.025479592382907867, 0.2113649547100067], "frame_41": [0.5080315470695496, 0.4062823951244354, 0.045216456055641174, 0.04704657569527626, 0.5600094199180603, 0.2946120500564575, 0.02255299873650074, 0.025455474853515625, 0.6030236482620239], "frame_42": [0.508015513420105, 0.4062515199184418, 0.04523535817861557, 0.047151945531368256, 0.5567727088928223, 0.2946484088897705, 0.023250961676239967, 0.025596236810088158, 0.4191405177116394], "frame_43": [0.5080512762069702, 0.4062555134296417, 0.04529249295592308, 0.04720285162329674, 0.553410530090332, 0.2959737181663513, 0.023225953802466393, 0.02569717913866043, 0.596301794052124],