{"frame_0": [0.6286917924880981, 0.39717230200767517, 0.049117278307676315, 0.04869668930768967, 0.44325536489486694, 0.5998234748840332, 0.025816727429628372, 0.02857225202023983, 0.9867644309997559], "frame_1": [0.6284592747688293, 0.3971647620201111, 0.04888343811035156, 0.04913754016160965, 0.43820008635520935, 0.6102157831192017, 0.024350568652153015, 0.03054521419107914, 0.9804462790489197], "frame_2": [0.6285977959632874, 0.3973458707332611, 0.04890793561935425, 0.04914669319987297, 0.432833194732666, 0.6287204623222351, 0.022916581481695175, 0.02674255333840847, 0.9839501976966858], "frame_3": [0.6287145614624023, 0.39733514189720154, 0.04850196838378906, 0.04918869957327843, 0.4284707009792328, 0.6477813720703125, 0.026206588372588158, 0.02630021795630455, 0.9644753336906433], "frame_4": [0.6287425756454468, 0.3973393738269806, 0.04838752746582031, 0.04917140677571297, 0.4264610707759857, 0.6694491505622864, 0.025652144104242325, 0.027194976806640625, 0.9477540254592896], "frame_5": [0.628703773021698, 0.3973083198070526, 0.04837358370423317, 0.04920027032494545, 0.42135360836982727, 0.690019965171814, 0.02577192522585392, 0.02734239399433136, 0.9281236529350281], "frame_6": [0.6287395358085632, 0.3972187340259552, 0.04852227121591568, 0.04900292307138443, 0.42136672139167786, 0.6798719763755798, 0.025746705010533333, 0.029150772839784622, 0.9126490950584412], "frame_7": [0.6286184787750244, 0.3972388505935669, 0.04857953265309334, 0.04879197105765343, 0.4207848012447357, 0.6627729535102844, 0.02264404296875, 0.025356758385896683, 0.9233836531639099], "frame_8": [0.6286014914512634, 0.39723995327949524, 0.048631031066179276, 0.04876450449228287, 0.4198644459247589, 0.6483402848243713, 0.02308502234518528, 0.026664139702916145, 0.8857100009918213], "frame_9": [0.6286064982414246, 0.39725983142852783, 0.04873619228601456, 0.04880150780081749, 0.4199485778808594, 0.6337538957595825, 0.022454451769590378, 0.026271354407072067, 0.800809919834137], "frame_10": [0.6286026239395142, 0.3972545266151428, 0.04866044968366623, 0.04892591014504433, 0.4173261821269989, 0.6205392479896545, 0.026028739288449287, 0.027865050360560417, 0.7792925834655762], "frame_11": [0.6286805868148804, 0.3972577452659607, 0.04883859306573868, 0.04897185415029526, 0.4173261821269989, 0.6205392479896545, 0.026028739288449287, 0.027865050360560417, 0.7687321901321411], "frame_12": [0.6287187337875366, 0.39720776677131653, 0.04911325126886368, 0.049102783203125, 0.4157670736312866, 0.5972862243652344, 0.029776383191347122, 0.02977447584271431, 0.7344436645507812], "frame_13": [0.6287171244621277, 0.39719974994659424, 0.04914139583706856, 0.04911604896187782, 0.4146547019481659, 0.5931145548820496, 0.030005348846316338, 0.02815263532102108, 0.6598355770111084], "frame_14": [0.62870192527771, 0.3972001075744629, 0.0492180734872818, 0.04908023402094841, 0.4132574200630188, 0.5914445519447327, 0.028390290215611458, 0.02903984859585762, 0.6216762661933899], "frame_15": [0.6287468671798706, 0.39691436290740967, 0.04925994947552681, 0.048627302050590515, 0.4129371643066406, 0.5895245671272278, 0.02742699533700943, 0.02886267751455307, 0.5448603630065918], "frame_16": [0.628669023513794, 0.3968363404273987, 0.049168989062309265, 0.04853469133377075, 0.41242843866348267, 0.5899006724357605, 0.024744033813476562, 0.02804701030254364, 0.5271797776222229], "frame_17": [0.6287270188331604, 0.39689865708351135, 0.04930000379681587, 0.048628829419612885, 0.41205456852912903, 0.5902747511863708, 0.022272491827607155, 0.02744445763528347, 0.5190567374229431], "frame_18": [0.628720760345459, 0.39694613218307495, 0.04921417310833931, 0.048746488988399506, 0.4093692898750305, 0.5921924114227295, 0.022100575268268585, 0.027077103033661842, 0.5742672085762024], "frame_19": [0.6286119222640991, 0.3969089388847351, 0.0490071177482605, 0.04872487485408783, 0.4075245261192322, 0.594576358795166, 0.021375274285674095, 0.0256813894957304, 0.6487705111503601], "frame_20": [0.6286081671714783, 0.3969048261642456, 0.04921523109078407, 0.0486891008913517, 0.4075245261192322, 0.594576358795166, 0.021375274285674095, 0.0256813894957304, 0.6344655752182007], "frame_21": [0.6286159753799438, 0.396905779838562, 0.04925422742962837, 0.04869694262742996, 0.4075245261192322, 0.594576358795166, 0.021375274285674095, 0.0256813894957304, 0.6198875308036804], "frame_22": [0.6286157965660095, 0.39690858125686646, 0.04914376884698868, 0.048714954406023026, 0.3991983234882355, 0.5929260849952698, 0.021608013659715652, 0.025296783074736595, 0.5363868474960327], "frame_23": [0.6287335157394409, 0.3969435691833496, 0.04939994961023331, 0.04857665300369263, 0.3991983234882355, 0.5929260849952698, 0.021608013659715652, 0.025296783074736595, 0.4840829074382782], "frame_24": [0.6287158131599426, 0.39681342244148254, 0.049385834485292435, 0.048442162573337555, 0.3991983234882355, 0.5929260849952698, 0.021608013659715652, 0.025296783074736595, 0.4131081998348236], "frame_25": [0.6287412643432617, 0.396802693605423, 0.04942665249109268, 0.04847140982747078, 0.3991983234882355, 0.5929260849952698, 0.021608013659715652, 0.025296783074736595, 0.3979971706867218], "frame_26": [0.6287583112716675, 0.3968126177787781, 0.049561139196157455, 0.04847484081983566, 0.3991983234882355, 0.5929260849952698, 0.021608013659715652, 0.025296783074736595, 0.3522912263870239], "frame_27": [0.6287604570388794, 0.3970028758049011, 0.04960517957806587, 0.04870741069316864, 0.39252030849456787, 0.5250740051269531, 0.022216584533452988, 0.03313598781824112, 0.37337666749954224], "frame_28": [0.6287407279014587, 0.39705684781074524, 0.049713134765625, 0.04881133884191513, 0.39693042635917664, 0.5065957903862, 0.023074721917510033, 0.030868742614984512, 0.5419801473617554], "frame_29": [0.6287524104118347, 0.39706042408943176, 0.04951142147183418, 0.048728350549936295, 0.40523308515548706, 0.4872848391532898, 0.020034408196806908, 0.028477858752012253, 0.6603248119354248], "frame_30": [0.6287271976470947, 0.3969290852546692, 0.04933187738060951, 0.04877442121505737, 0.4177885353565216, 0.4653582274913788, 0.027672788128256798, 0.03255636245012283, 0.9025464057922363], "frame_31": [0.6286695003509521, 0.3970802426338196, 0.04924430698156357, 0.04874610900878906, 0.429184228181839, 0.44645270705223083, 0.027426529675722122, 0.029740313068032265, 0.7845225930213928], "frame_32": [0.6287077069282532, 0.3971467614173889, 0.04918098449707031, 0.0487518310546875, 0.4394999146461487, 0.4314528703689575, 0.024971559643745422, 0.024497773498296738, 0.8427801728248596], "frame_33": [0.6287564039230347, 0.39714398980140686, 0.049274615943431854, 0.048790231347084045, 0.44955894351005554, 0.414528489112854, 0.021355988457798958, 0.027514860033988953, 0.853145182132721], "frame_34": [0.6287106275558472, 0.39711490273475647, 0.049088794738054276, 0.0487748458981514, 0.44955894351005554, 0.414528489112854, 0.021355988457798958, 0.027514860033988953, 0.8594775795936584], "frame_35": [0.6286168098449707, 0.3971881568431854, 0.049063704907894135, 0.04884643480181694, 0.4721048176288605, 0.38700637221336365, 0.022528288885951042, 0.02818145789206028, 0.6153123378753662], "frame_36": [0.6289196014404297, 0.3971143364906311, 0.049759674817323685, 0.048577286303043365, 0.4810020327568054, 0.3726494610309601, 0.023580338805913925, 0.024400625377893448, 0.6168323159217834], "frame_37": [0.6289054751396179, 0.39718636870384216, 0.04973127692937851, 0.04861751198768616, 0.49353840947151184, 0.36345261335372925, 0.021400917321443558, 0.02668048068881035, 0.5774520635604858], "frame_38": [0.6289308071136475, 0.3972192406654358, 0.04981100186705589, 0.04870287701487541, 0.5019490122795105, 0.3550480604171753, 0.020824432373046875, 0.027759362012147903, 0.5860840082168579], "frame_39": [0.6289847493171692, 0.39728957414627075, 0.05004577711224556, 0.048699866980314255, 0.5120359063148499, 0.34564658999443054, 0.02229919470846653, 0.028040949255228043, 0.8157616257667542],