{"frame_0": [0.629099428653717, 0.3957659900188446, 0.05077476426959038, 0.04964853823184967, 0.31254351139068604, 0.5588637590408325, 0.0233434047549963, 0.025855636224150658, 0.5351700186729431], "frame_1": [0.6291447281837463, 0.3957279324531555, 0.05011003464460373, 0.04851125180721283, 0.3098117411136627, 0.5565224289894104, 0.023012500256299973, 0.02384033240377903, 0.5822169184684753], "frame_2": [0.6291718482971191, 0.395788311958313, 0.049919720739126205, 0.04856842756271362, 0.3098117411136627, 0.5565224289894104, 0.023012500256299973, 0.02384033240377903, 0.6064844727516174], "frame_3": [0.6292370557785034, 0.39581337571144104, 0.050177935510873795, 0.048547446727752686, 0.3098117411136627, 0.5565224289894104, 0.023012500256299973, 0.02384033240377903, 0.5765780806541443], "frame_4": [0.6292182803153992, 0.3958040475845337, 0.050259992480278015, 0.048608653247356415, 0.3098117411136627, 0.5565224289894104, 0.023012500256299973, 0.02384033240377903, 0.5915716886520386], "frame_5": [0.6291256546974182, 0.39579230546951294, 0.0500335693359375, 0.04855240881443024, 0.3098117411136627, 0.5565224289894104, 0.023012500256299973, 0.02384033240377903, 0.6391981244087219], "frame_6": [0.629113495349884, 0.3958093523979187, 0.04998673498630524, 0.04870058596134186, 0.3098117411136627, 0.5565224289894104, 0.023012500256299973, 0.02384033240377903, 0.672806978225708], "frame_7": [0.6291030645370483, 0.39577433466911316, 0.049922943115234375, 0.048636287450790405, 0.3098117411136627, 0.5565224289894104, 0.023012500256299973, 0.02384033240377903, 0.7869134545326233], "frame_8": [0.6291043162345886, 0.3957735598087311, 0.049925994127988815, 0.04863005876541138, 0.3098117411136627, 0.5565224289894104, 0.023012500256299973, 0.02384033240377903, 0.7383427619934082], "frame_9": [0.629111647605896, 0.3957594931125641, 0.04996545612812042, 0.04854969307780266, 0.3098117411136627, 0.5565224289894104, 0.023012500256299973, 0.02384033240377903, 0.7412035465240479], "frame_10": [0.6291243433952332, 0.39575788378715515, 0.04988861083984375, 0.0484432652592659, 0.3098117411136627, 0.5565224289894104, 0.023012500256299973, 0.02384033240377903, 0.7522779107093811], "frame_11": [0.6291018724441528, 0.39577150344848633, 0.04986763000488281, 0.048292458057403564, 0.3098117411136627, 0.5565224289894104, 0.023012500256299973, 0.02384033240377903, 0.7336216568946838], "frame_12": [0.6293089985847473, 0.39590713381767273, 0.04944479092955589, 0.048209719359874725, 0.3098117411136627, 0.5565224289894104, 0.023012500256299973, 0.02384033240377903, 0.7197041511535645], "frame_13": [0.6292552351951599, 0.39583393931388855, 0.04936408996582031, 0.04801313579082489, 0.3098117411136627, 0.5565224289894104, 0.023012500256299973, 0.02384033240377903, 0.695749044418335], "frame_14": [0.6292511224746704, 0.3958977460861206, 0.049378033727407455, 0.04816856235265732, 0.3098117411136627, 0.5565224289894104, 0.023012500256299973, 0.02384033240377903, 0.7076188921928406], "frame_15": [0.6292521357536316, 0.3959091603755951, 0.0492987297475338, 0.04825541004538536, 0.3098117411136627, 0.5565224289894104, 0.023012500256299973, 0.02384033240377903, 0.7506637573242188], "frame_16": [0.6292762160301208, 0.39590832591056824, 0.04934137314558029, 0.04825456440448761, 0.3098117411136627, 0.5565224289894104, 0.023012500256299973, 0.02384033240377903, 0.7439730167388916], "frame_17": [0.6292779445648193, 0.39591580629348755, 0.04935234785079956, 0.048285845667123795, 0.3098117411136627, 0.5565224289894104, 0.023012500256299973, 0.02384033240377903, 0.7391050457954407], "frame_18": [0.6292958855628967, 0.39589378237724304, 0.049314118921756744, 0.04823341220617294, 0.3098117411136627, 0.5565224289894104, 0.023012500256299973, 0.02384033240377903, 0.6898449063301086], "frame_19": [0.629296600818634, 0.3958967328071594, 0.049288559705019, 0.04825019836425781, 0.2867238521575928, 0.5949094891548157, 0.020668834447860718, 0.022200563922524452, 0.6497772932052612], "frame_20": [0.629311203956604, 0.3958909809589386, 0.04927177354693413, 0.0482320562005043, 0.2898132801055908, 0.5899547338485718, 0.021906577050685883, 0.023000165820121765, 0.6544407606124878], "frame_21": [0.6293900609016418, 0.3958947956562042, 0.04947052150964737, 0.048202089965343475, 0.2898132801055908, 0.5899547338485718, 0.021906577050685883, 0.023000165820121765, 0.5839290618896484], "frame_22": [0.6294132471084595, 0.3959101438522339, 0.04951392114162445, 0.04820594936609268, 0.2898132801055908, 0.5899547338485718, 0.021906577050685883, 0.023000165820121765, 0.5665861368179321], "frame_23": [0.629410982131958, 0.39589521288871765, 0.049520112574100494, 0.04819246754050255, 0.2898132801055908, 0.5899547338485718, 0.021906577050685883, 0.023000165820121765, 0.5887886881828308], "frame_24": [0.629601001739502, 0.39593634009361267, 0.049056075513362885, 0.04831233620643616, 0.2898132801055908, 0.5899547338485718, 0.021906577050685883, 0.023000165820121765, 0.5023230314254761], "frame_25": [0.6296278834342957, 0.3959326148033142, 0.04912698641419411, 0.04830343276262283, 0.29012203216552734, 0.5313230752944946, 0.020925182849168777, 0.025142457336187363, 0.4702288806438446], "frame_26": [0.6296111345291138, 0.3959347903728485, 0.04907158762216568, 0.04829936474561691, 0.28806740045547485, 0.5208809971809387, 0.024652862921357155, 0.029516007751226425, 0.4677260220050812], "frame_27": [0.6295762658119202, 0.3959394693374634, 0.04898490756750107, 0.0483422614634037, 0.2904825806617737, 0.5061392784118652, 0.023351479321718216, 0.028103087097406387, 0.5738239884376526], "frame_28": [0.6295644044876099, 0.3959362506866455, 0.04896744713187218, 0.04836340993642807, 0.2966929078102112, 0.48756349086761475, 0.021105341613292694, 0.023628531023859978, 0.7325007915496826], "frame_29": [0.6295599341392517, 0.39593976736068726, 0.04911909997463226, 0.048363834619522095, 0.3055644631385803, 0.4691125750541687, 0.022592883557081223, 0.024625014513731003, 0.8048236966133118], "frame_30": [0.6294990181922913, 0.39591848850250244, 0.0491163469851017, 0.04830220714211464, 0.3181549906730652, 0.44837015867233276, 0.024689864367246628, 0.027034759521484375, 0.9269660115242004], "frame_31": [0.6294246912002563, 0.3959405720233917, 0.048922136425971985, 0.04841397702693939, 0.33045488595962524, 0.43028563261032104, 0.022069063037633896, 0.02434556744992733, 0.8778680562973022], "frame_32": [0.6294477581977844, 0.3959340751171112, 0.04880256578326225, 0.048427920788526535, 0.3428640067577362, 0.4122779965400696, 0.020244937390089035, 0.02554033137857914, 0.796872615814209], "frame_33": [0.6294780373573303, 0.3959019184112549, 0.04879951477050781, 0.04826774448156357, 0.3428640067577362, 0.4122779965400696, 0.020244937390089035, 0.02554033137857914, 0.7273420095443726], "frame_34": [0.6295144557952881, 0.3959963619709015, 0.04887085035443306, 0.04845941439270973, 0.3428640067577362, 0.4122779965400696, 0.020244937390089035, 0.02554033137857914, 0.6824063062667847], "frame_35": [0.6295270323753357, 0.39601075649261475, 0.04895973205566406, 0.04842279106378555, 0.3775528073310852, 0.3673611581325531, 0.023332934826612473, 0.024661000818014145, 0.7162753939628601], "frame_36": [0.6295595169067383, 0.3960331380367279, 0.0500698946416378, 0.0484832338988781, 0.3900936543941498, 0.354739248752594, 0.024383459240198135, 0.02797599323093891, 0.6895960569381714], "frame_37": [0.6295811533927917, 0.3960361182689667, 0.050132159143686295, 0.04850925877690315, 0.40402695536613464, 0.34407123923301697, 0.022871611639857292, 0.02538110874593258, 0.6994056701660156], "frame_38": [0.6295658349990845, 0.39604008197784424, 0.05010206252336502, 0.04851502180099487, 0.41569679975509644, 0.332658588886261, 0.02282392792403698, 0.026135677471756935, 0.6853358745574951], "frame_39": [0.6295721530914307, 0.3960697650909424, 0.05014406889677048, 0.04852006584405899, 0.4276067912578583, 0.32412204146385193, 0.022546004503965378, 0.026414744555950165, 0.5831510424613953],