{"frame_0": [0.508060097694397, 0.40540796518325806, 0.046034835278987885, 0.04715749993920326, 0.3329246938228607, 0.4777960181236267, 0.02011956088244915, 0.022310426458716393, 0.8441097140312195], "frame_1": [0.5081411004066467, 0.405378133058548, 0.04609557241201401, 0.04685041680932045, 0.3329246938228607, 0.4777960181236267, 0.02011956088244915, 0.022310426458716393, 0.889215886592865], "frame_2": [0.5080969333648682, 0.40537846088409424, 0.045948028564453125, 0.0468403697013855, 0.3329246938228607, 0.4777960181236267, 0.02011956088244915, 0.022310426458716393, 0.9053649306297302], "frame_3": [0.5079734921455383, 0.4053828716278076, 0.045664891600608826, 0.04680396243929863, 0.3329246938228607, 0.4777960181236267, 0.02011956088244915, 0.022310426458716393, 0.921244204044342], "frame_4": [0.5080302953720093, 0.405411034822464, 0.04577925056219101, 0.04685639217495918, 0.3329246938228607, 0.4777960181236267, 0.02011956088244915, 0.022310426458716393, 0.8845571875572205], "frame_5": [0.508020281791687, 0.405375599861145, 0.0457044392824173, 0.0467960350215435, 0.3329246938228607, 0.4777960181236267, 0.02011956088244915, 0.022310426458716393, 0.9099368453025818], "frame_6": [0.5080273747444153, 0.4053472876548767, 0.04574042558670044, 0.046747758984565735, 0.3329246938228607, 0.4777960181236267, 0.02011956088244915, 0.022310426458716393, 0.8985793590545654], "frame_7": [0.5080060958862305, 0.40536126494407654, 0.045662689954042435, 0.04670991003513336, 0.3329246938228607, 0.4777960181236267, 0.02011956088244915, 0.022310426458716393, 0.8710823655128479], "frame_8": [0.5080348253250122, 0.40536752343177795, 0.04560432583093643, 0.04669388756155968, 0.3329246938228607, 0.4777960181236267, 0.02011956088244915, 0.022310426458716393, 0.8170592784881592], "frame_9": [0.5080519914627075, 0.40539029240608215, 0.04537934064865112, 0.046757593750953674, 0.3329246938228607, 0.4777960181236267, 0.02011956088244915, 0.022310426458716393, 0.7895703911781311], "frame_10": [0.5080178380012512, 0.4053904116153717, 0.04533424228429794, 0.04675407335162163, 0.3329246938228607, 0.4777960181236267, 0.02011956088244915, 0.022310426458716393, 0.7255138158798218], "frame_11": [0.5080109238624573, 0.40537261962890625, 0.045328352600336075, 0.046730294823646545, 0.3329246938228607, 0.4777960181236267, 0.02011956088244915, 0.022310426458716393, 0.4231931269168854], "frame_12": [0.5083727836608887, 0.40525126457214355, 0.046282872557640076, 0.04678972065448761, 0.23178887367248535, 0.5306404829025269, 0.024213070049881935, 0.025764083489775658, 0.36778849363327026], "frame_13": [0.5083853602409363, 0.4052436947822571, 0.04633445665240288, 0.04680103808641434, 0.22973264753818512, 0.5203466415405273, 0.024199528619647026, 0.030084609985351562, 0.3637974262237549], "frame_14": [0.5083680152893066, 0.4052579998970032, 0.0463382713496685, 0.04677831754088402, 0.22509674727916718, 0.5139023065567017, 0.026733694598078728, 0.029516685754060745, 0.4195116460323334], "frame_15": [0.50836181640625, 0.40524953603744507, 0.04631432518362999, 0.04679518938064575, 0.22122512757778168, 0.5077362656593323, 0.028056716546416283, 0.029042646288871765, 0.4855942726135254], "frame_16": [0.5083664059638977, 0.4052679240703583, 0.04633314162492752, 0.0468045137822628, 0.2186172902584076, 0.501203179359436, 0.02579970844089985, 0.02500593475997448, 0.47093963623046875], "frame_17": [0.5083466172218323, 0.4053042232990265, 0.04628715664148331, 0.04681706055998802, 0.21618834137916565, 0.4983828365802765, 0.02608538791537285, 0.025589371100068092, 0.45770204067230225], "frame_18": [0.5083128213882446, 0.40523961186408997, 0.04616915434598923, 0.046802818775177, 0.21451424062252045, 0.4963516294956207, 0.025169754400849342, 0.02692209929227829, 0.45261242985725403], "frame_19": [0.508355975151062, 0.4052566587924957, 0.04622858017683029, 0.04674869030714035, 0.21268296241760254, 0.4945240020751953, 0.025623321533203125, 0.02732560969889164, 0.49298495054244995], "frame_20": [0.5083726644515991, 0.4052538573741913, 0.04613685607910156, 0.04674280062317848, 0.21111072599887848, 0.49259549379348755, 0.025920020416378975, 0.028240500018000603, 0.4052433967590332], "frame_21": [0.5084071159362793, 0.4052679240703583, 0.04620208591222763, 0.04666413366794586, 0.2095259726047516, 0.49014168977737427, 0.026294009760022163, 0.028449248522520065, 0.4383006691932678], "frame_22": [0.5084196329116821, 0.40523767471313477, 0.04616067558526993, 0.04664955288171768, 0.20849204063415527, 0.4870515465736389, 0.027326583862304688, 0.028209304437041283, 0.4918733239173889], "frame_23": [0.5083469152450562, 0.4052514433860779, 0.046680279076099396, 0.046513453125953674, 0.20828667283058167, 0.4834384620189667, 0.02861461602151394, 0.029202863574028015, 0.4789188504219055], "frame_24": [0.5080783367156982, 0.4051784574985504, 0.04541350528597832, 0.046577706933021545, 0.20930741727352142, 0.4784523844718933, 0.027680207043886185, 0.028604507446289062, 0.4305083453655243], "frame_25": [0.5080735087394714, 0.40517693758010864, 0.045407868921756744, 0.046584151685237885, 0.2101723998785019, 0.4719606041908264, 0.02735203690826893, 0.029172049835324287, 0.37860798835754395], "frame_26": [0.5080492496490479, 0.40518105030059814, 0.04539434611797333, 0.04656774550676346, 0.2111283242702484, 0.4632391333580017, 0.028133880347013474, 0.028642823919653893, 0.3640860617160797], "frame_27": [0.508084774017334, 0.40513017773628235, 0.045488059520721436, 0.04646237567067146, 0.21348339319229126, 0.45515745878219604, 0.028209835290908813, 0.03197343647480011, 0.3341089189052582], "frame_28": [0.508080244064331, 0.4051216244697571, 0.04554290696978569, 0.04645576328039169, 0.21722552180290222, 0.4422469139099121, 0.030821271240711212, 0.03136083856225014, 0.5798599123954773], "frame_29": [0.5080437660217285, 0.40513068437576294, 0.04550217464566231, 0.0464213490486145, 0.2245064675807953, 0.42153918743133545, 0.0267134141176939, 0.02871399000287056, 0.6356361508369446], "frame_30": [0.5080443620681763, 0.40514975786209106, 0.04547407478094101, 0.046437837183475494, 0.23328852653503418, 0.4004170596599579, 0.02605915069580078, 0.027735520154237747, 0.7532490491867065], "frame_31": [0.5079998970031738, 0.40516409277915955, 0.045401763170957565, 0.04647865146398544, 0.24331623315811157, 0.381319135427475, 0.02730511501431465, 0.028493838384747505, 0.7184194326400757], "frame_32": [0.5079063177108765, 0.4051317870616913, 0.045145586133003235, 0.04655037075281143, 0.25328755378723145, 0.3634897768497467, 0.027661429718136787, 0.028313636779785156, 0.7083598375320435], "frame_33": [0.507901668548584, 0.40512874722480774, 0.04504263028502464, 0.04664861783385277, 0.26198333501815796, 0.34665316343307495, 0.023987919092178345, 0.027623601257801056, 0.6669929027557373], "frame_34": [0.5078898072242737, 0.4052101969718933, 0.04512138292193413, 0.046732500195503235, 0.2725067138671875, 0.33248141407966614, 0.026094011962413788, 0.03021172434091568, 0.6303036212921143], "frame_35": [0.5079067945480347, 0.4052101969718933, 0.045077260583639145, 0.04679984971880913, 0.28378576040267944, 0.3192291259765625, 0.023749055340886116, 0.030352698639035225, 0.6514443755149841], "frame_36": [0.5085544586181641, 0.4053153991699219, 0.04620666429400444, 0.047016654163599014, 0.29284438490867615, 0.30556294322013855, 0.023785781115293503, 0.027114825323224068, 0.6229913830757141], "frame_37": [0.5085383057594299, 0.4053003191947937, 0.04627511650323868, 0.047080229967832565, 0.30198338627815247, 0.2961752414703369, 0.025354575365781784, 0.028740394860506058, 0.6191438436508179], "frame_38": [0.5085548758506775, 0.4053080976009369, 0.046332381665706635, 0.04702690988779068, 0.3102564215660095, 0.28650161623954773, 0.025751156732439995, 0.027925215661525726, 0.5930414199829102],