{"frame_0": [0.6306663751602173, 0.3932606279850006, 0.049541473388671875, 0.04955240711569786, 0.701446533203125, 0.44406622648239136, 0.020827017724514008, 0.023221587762236595, 0.7271837592124939], "frame_1": [0.6306901574134827, 0.3931160271167755, 0.04900228604674339, 0.048274822533130646, 0.023096775636076927, 0.6152772307395935, 0.02829718589782715, 0.032971106469631195, 0.6329343318939209], "frame_2": [0.63072669506073, 0.39316612482070923, 0.04882469028234482, 0.04832356795668602, 0.025559406727552414, 0.6059273481369019, 0.031508661806583405, 0.03280448913574219, 0.6812896728515625], "frame_3": [0.630704939365387, 0.39316752552986145, 0.048844825476408005, 0.04825235903263092, 0.026365501806139946, 0.5968160629272461, 0.031633734703063965, 0.035294342786073685, 0.04860072210431099], "frame_4": [0.6307079195976257, 0.3931841552257538, 0.048822104930877686, 0.04829699173569679, 0.025769716128706932, 0.5934855341911316, 0.03119562938809395, 0.03364728391170502, 0.0], "frame_5": [0.6307021975517273, 0.3931717872619629, 0.04880332946777344, 0.04826520383358002, 0.022626686841249466, 0.592555046081543, 0.03180774673819542, 0.03322241082787514, 0.0], "frame_6": [0.6305903792381287, 0.39317554235458374, 0.048612043261528015, 0.048205818980932236, 0.022626686841249466, 0.592555046081543, 0.03180774673819542, 0.03322241082787514, 0.0], "frame_7": [0.6305399537086487, 0.3931679129600525, 0.04860971122980118, 0.048214469105005264, 0.022626686841249466, 0.592555046081543, 0.03180774673819542, 0.03322241082787514, 0.0], "frame_8": [0.630534291267395, 0.3931298851966858, 0.04863378778100014, 0.04813575744628906, 0.022626686841249466, 0.592555046081543, 0.03180774673819542, 0.03322241082787514, 0.0], "frame_9": [0.6305362582206726, 0.3931451141834259, 0.048633746802806854, 0.048169199377298355, 0.022626686841249466, 0.592555046081543, 0.03180774673819542, 0.03322241082787514, 0.0], "frame_10": [0.6305228471755981, 0.39312857389450073, 0.04863709211349487, 0.048150550574064255, 0.022626686841249466, 0.592555046081543, 0.03180774673819542, 0.03322241082787514, 0.0], "frame_11": [0.6304733157157898, 0.3931346535682678, 0.04868431016802788, 0.048149194568395615, 0.022626686841249466, 0.592555046081543, 0.03180774673819542, 0.03322241082787514, 0.0], "frame_12": [0.6307969093322754, 0.393006294965744, 0.047847747802734375, 0.04779472202062607, 0.022626686841249466, 0.592555046081543, 0.03180774673819542, 0.03322241082787514, 0.0], "frame_13": [0.6307932734489441, 0.3930031359195709, 0.04784240573644638, 0.04778967797756195, 0.022626686841249466, 0.592555046081543, 0.03180774673819542, 0.03322241082787514, 0.0], "frame_14": [0.6308667063713074, 0.392998069524765, 0.047760009765625, 0.04774903133511543, 0.022626686841249466, 0.592555046081543, 0.03180774673819542, 0.03322241082787514, 0.0], "frame_15": [0.6308536529541016, 0.39303407073020935, 0.047747038304805756, 0.047775354236364365, 0.022626686841249466, 0.592555046081543, 0.03180774673819542, 0.03322241082787514, 0.0], "frame_16": [0.630869448184967, 0.3930703401565552, 0.04767265170812607, 0.0477396659553051, 0.022626686841249466, 0.592555046081543, 0.03180774673819542, 0.03322241082787514, 0.0], "frame_17": [0.6308510303497314, 0.39307114481925964, 0.047690413892269135, 0.04774648696184158, 0.022626686841249466, 0.592555046081543, 0.03180774673819542, 0.03322241082787514, 0.0], "frame_18": [0.6308455467224121, 0.3930617868900299, 0.04768621549010277, 0.047737713903188705, 0.022626686841249466, 0.592555046081543, 0.03180774673819542, 0.03322241082787514, 0.0], "frame_19": [0.6308673024177551, 0.39299243688583374, 0.047750771045684814, 0.04786546528339386, 0.022626686841249466, 0.592555046081543, 0.03180774673819542, 0.03322241082787514, 0.0], "frame_20": [0.6308380365371704, 0.3930058777332306, 0.047808751463890076, 0.04792747646570206, 0.022626686841249466, 0.592555046081543, 0.03180774673819542, 0.03322241082787514, 0.0], "frame_21": [0.6308391094207764, 0.393019437789917, 0.04782257229089737, 0.04794697090983391, 0.022626686841249466, 0.592555046081543, 0.03180774673819542, 0.03322241082787514, 0.0], "frame_22": [0.6308654546737671, 0.3930196166038513, 0.047904036939144135, 0.04794120788574219, 0.022626686841249466, 0.592555046081543, 0.03180774673819542, 0.03322241082787514, 0.0], "frame_23": [0.6308902502059937, 0.39302733540534973, 0.04804331436753273, 0.04793510586023331, 0.022626686841249466, 0.592555046081543, 0.03180774673819542, 0.03322241082787514, 0.0], "frame_24": [0.630790650844574, 0.39305588603019714, 0.04812164232134819, 0.047922514379024506, 0.022626686841249466, 0.592555046081543, 0.03180774673819542, 0.03322241082787514, 0.0], "frame_25": [0.6307879686355591, 0.3930584490299225, 0.04812079668045044, 0.04792531207203865, 0.022626686841249466, 0.592555046081543, 0.03180774673819542, 0.03322241082787514, 0.0], "frame_26": [0.6307889819145203, 0.39304742217063904, 0.048110198229551315, 0.04789763689041138, 0.022626686841249466, 0.592555046081543, 0.03180774673819542, 0.03322241082787514, 0.0], "frame_27": [0.6307678818702698, 0.3930935263633728, 0.048085276037454605, 0.04790649563074112, 0.008128861896693707, 0.38293999433517456, 0.016214832663536072, 0.03474053367972374, 0.0], "frame_28": [0.6308342814445496, 0.3929089307785034, 0.04831085354089737, 0.04785596951842308, 0.02299368381500244, 0.35855141282081604, 0.03207171708345413, 0.03238268941640854, 0.0], "frame_29": [0.630879282951355, 0.3929724097251892, 0.04826660081744194, 0.04764658585190773, 0.04455624520778656, 0.33841174840927124, 0.029146181419491768, 0.03038005903363228, 0.0], "frame_30": [0.6308914422988892, 0.39296942949295044, 0.048241253942251205, 0.04768036678433418, 0.04455624520778656, 0.33841174840927124, 0.029146181419491768, 0.03038005903363228, 0.0], "frame_31": [0.630878210067749, 0.392846941947937, 0.04821145907044411, 0.04748446121811867, 0.08535297214984894, 0.2999986708164215, 0.02678169123828411, 0.027946176007390022, 0.0], "frame_32": [0.6308898329734802, 0.39287856221199036, 0.04827545955777168, 0.04745648801326752, 0.10724934190511703, 0.282474547624588, 0.026216549798846245, 0.029028702527284622, 0.0], "frame_33": [0.6308850646018982, 0.39288216829299927, 0.04826757684350014, 0.04746178537607193, 0.12742458283901215, 0.2683546245098114, 0.025784969329833984, 0.030087238177657127, 0.0], "frame_34": [0.63083815574646, 0.39291560649871826, 0.0482245534658432, 0.04755041375756264, 0.12742458283901215, 0.2683546245098114, 0.025784969329833984, 0.030087238177657127, 0.0], "frame_35": [0.6308919191360474, 0.3929748833179474, 0.04812812805175781, 0.047618187963962555, 0.12742458283901215, 0.2683546245098114, 0.025784969329833984, 0.030087238177657127, 0.0], "frame_36": [0.6306982040405273, 0.3931141197681427, 0.048389732837677, 0.04807565361261368, 0.1868044137954712, 0.2313234508037567, 0.027264000847935677, 0.030470529571175575, 0.0], "frame_37": [0.6307001709938049, 0.3931163251399994, 0.04839804023504257, 0.04807345196604729, 0.20643861591815948, 0.2210269570350647, 0.026090282946825027, 0.029566150158643723, 0.0], "frame_38": [0.63070148229599, 0.3931310772895813, 0.048379261046648026, 0.04809735715389252, 0.22462202608585358, 0.21286146342754364, 0.02532077394425869, 0.028294838964939117, 0.0], "frame_39": [0.6306984424591064, 0.3931087553501129, 0.04834849014878273, 0.04805060476064682, 0.24361523985862732, 0.20623745024204254, 0.026010513305664062, 0.028264235705137253, 0.0], "frame_40": [0.630685031414032, 0.3930858075618744, 0.048382654786109924, 0.04799634963274002, 0.2615891396999359, 0.20044024288654327, 0.025934748351573944, 0.02845001220703125, 0.0], "frame_41": [0.63068687915802, 0.3930937349796295, 0.04838782548904419, 0.048009153455495834, 0.27911093831062317, 0.1959407776594162, 0.024650869891047478, 0.0282279122620821, 0.0],