{"frame_0": [0.6287700533866882, 0.3999568223953247, 0.04936964064836502, 0.048681218177080154, 0.4956603944301605, 0.4224601686000824, 0.022142114117741585, 0.025426100939512253, 0.6622595191001892], "frame_1": [0.6284967064857483, 0.39984774589538574, 0.049153052270412445, 0.04884537681937218, 0.4956603944301605, 0.4224601686000824, 0.022142114117741585, 0.025426100939512253, 0.6344242095947266], "frame_2": [0.6285544633865356, 0.3998832702636719, 0.048875510692596436, 0.04878997802734375, 0.36923930048942566, 0.5585686564445496, 0.019061576575040817, 0.01932983472943306, 0.6386123895645142], "frame_3": [0.6286969184875488, 0.399887353181839, 0.049106426537036896, 0.04873534291982651, 0.3685477375984192, 0.5611405968666077, 0.019390232861042023, 0.020678244531154633, 0.6581469774246216], "frame_4": [0.6286582350730896, 0.3998710513114929, 0.04909668117761612, 0.04866845905780792, 0.3670652210712433, 0.5641816854476929, 0.019866010174155235, 0.021815957501530647, 0.6219459176063538], "frame_5": [0.6286872625350952, 0.39986589550971985, 0.049146439880132675, 0.04867591708898544, 0.3668034076690674, 0.5674399733543396, 0.018822859972715378, 0.021145841106772423, 0.6972438097000122], "frame_6": [0.6286564469337463, 0.3998524248600006, 0.049098968505859375, 0.04863573610782623, 0.3668263256549835, 0.5709705948829651, 0.018558502197265625, 0.02001207135617733, 0.7036818861961365], "frame_7": [0.6286534667015076, 0.3998769521713257, 0.04908866807818413, 0.048645950853824615, 0.36788108944892883, 0.573843240737915, 0.018176650628447533, 0.018613984808325768, 0.7170505523681641], "frame_8": [0.6286287307739258, 0.39988407492637634, 0.04900093004107475, 0.048592377454042435, 0.36870765686035156, 0.5756532549858093, 0.018507638946175575, 0.019528960809111595, 0.7233424782752991], "frame_9": [0.6285779476165771, 0.39984843134880066, 0.0489681251347065, 0.048576608300209045, 0.36971917748451233, 0.5755522847175598, 0.018584569916129112, 0.019434144720435143, 0.7180512547492981], "frame_10": [0.6285571455955505, 0.3998488485813141, 0.04902602359652519, 0.04852638393640518, 0.3712976276874542, 0.5741807818412781, 0.017611101269721985, 0.01773986779153347, 0.7021469473838806], "frame_11": [0.6285727620124817, 0.3998749256134033, 0.04897766187787056, 0.04858415573835373, 0.3722282946109772, 0.5694604516029358, 0.01787889190018177, 0.020151520147919655, 0.6690652966499329], "frame_12": [0.6287307739257812, 0.399983674287796, 0.04938316345214844, 0.0488213449716568, 0.37379539012908936, 0.5654464960098267, 0.018298128619790077, 0.02003546804189682, 0.6804701089859009], "frame_13": [0.6287367343902588, 0.3999815285205841, 0.04945123568177223, 0.04881180822849274, 0.37818458676338196, 0.5589435696601868, 0.01865844801068306, 0.019876692444086075, 0.6342952847480774], "frame_14": [0.6287168860435486, 0.3999885022640228, 0.04939621686935425, 0.04881473258137703, 0.38112005591392517, 0.5526036620140076, 0.018362045288085938, 0.019545279443264008, 0.7035362720489502], "frame_15": [0.6287181377410889, 0.3999975323677063, 0.049330055713653564, 0.04882223159074783, 0.38112005591392517, 0.5526036620140076, 0.018362045288085938, 0.019545279443264008, 0.6833150386810303], "frame_16": [0.6286665201187134, 0.39999499917030334, 0.0492410883307457, 0.04875060170888901, 0.38112005591392517, 0.5526036620140076, 0.018362045288085938, 0.019545279443264008, 0.7157412767410278], "frame_17": [0.6286202073097229, 0.40005502104759216, 0.049088116735219955, 0.04886512830853462, 0.38112005591392517, 0.5526036620140076, 0.018362045288085938, 0.019545279443264008, 0.703468382358551], "frame_18": [0.6286258101463318, 0.40011367201805115, 0.04921959713101387, 0.04892921447753906, 0.38112005591392517, 0.5526036620140076, 0.018362045288085938, 0.019545279443264008, 0.7644279599189758], "frame_19": [0.6286042928695679, 0.40004226565361023, 0.04918810352683067, 0.048871614038944244, 0.38112005591392517, 0.5526036620140076, 0.018362045288085938, 0.019545279443264008, 0.7806889414787292], "frame_20": [0.6286376118659973, 0.4000639319419861, 0.04904764145612717, 0.04885580390691757, 0.38112005591392517, 0.5526036620140076, 0.018362045288085938, 0.019545279443264008, 0.838342547416687], "frame_21": [0.6286733746528625, 0.40009063482284546, 0.04911825433373451, 0.04889445751905441, 0.38112005591392517, 0.5526036620140076, 0.018362045288085938, 0.019545279443264008, 0.6879655122756958], "frame_22": [0.6286988258361816, 0.4000910520553589, 0.04908561706542969, 0.04894235357642174, 0.38112005591392517, 0.5526036620140076, 0.018362045288085938, 0.019545279443264008, 0.8826125860214233], "frame_23": [0.6287127137184143, 0.3999987244606018, 0.04910833388566971, 0.04880256578326225, 0.38112005591392517, 0.5526036620140076, 0.018362045288085938, 0.019545279443264008, 0.8156576752662659], "frame_24": [0.6287892460823059, 0.39989641308784485, 0.048991985619068146, 0.04880773648619652, 0.38112005591392517, 0.5526036620140076, 0.018362045288085938, 0.019545279443264008, 0.686640739440918], "frame_25": [0.6287291049957275, 0.399884968996048, 0.0489545613527298, 0.04884028807282448, 0.38112005591392517, 0.5526036620140076, 0.018362045288085938, 0.019545279443264008, 0.5810651183128357], "frame_26": [0.6287344098091125, 0.39989393949508667, 0.04890497028827667, 0.048823799937963486, 0.38112005591392517, 0.5526036620140076, 0.018362045288085938, 0.019545279443264008, 0.5553770661354065], "frame_27": [0.6287460923194885, 0.39989209175109863, 0.04894561693072319, 0.0488356277346611, 0.38112005591392517, 0.5526036620140076, 0.018362045288085938, 0.019545279443264008, 0.7122834324836731], "frame_28": [0.6287325620651245, 0.39997681975364685, 0.0489526130259037, 0.04879269003868103, 0.38112005591392517, 0.5526036620140076, 0.018362045288085938, 0.019545279443264008, 0.0], "frame_29": [0.6287513971328735, 0.4000042676925659, 0.048528291285037994, 0.04877454787492752, 0.38112005591392517, 0.5526036620140076, 0.018362045288085938, 0.019545279443264008, 0.0], "frame_30": [0.6287591457366943, 0.4000134766101837, 0.04856957495212555, 0.04877624660730362, 0.38112005591392517, 0.5526036620140076, 0.018362045288085938, 0.019545279443264008, 0.0], "frame_31": [0.6287267208099365, 0.40001407265663147, 0.04846077039837837, 0.048763953149318695, 0.38112005591392517, 0.5526036620140076, 0.018362045288085938, 0.019545279443264008, 0.0], "frame_32": [0.6286922693252563, 0.4000563621520996, 0.04845360666513443, 0.0487738698720932, 0.38112005591392517, 0.5526036620140076, 0.018362045288085938, 0.019545279443264008, 0.0], "frame_33": [0.628725528717041, 0.4000234007835388, 0.04847297817468643, 0.04883643239736557, 0.38112005591392517, 0.5526036620140076, 0.018362045288085938, 0.019545279443264008, 0.0], "frame_34": [0.628713071346283, 0.40001586079597473, 0.04851943254470825, 0.04883240535855293, 0.38112005591392517, 0.5526036620140076, 0.018362045288085938, 0.019545279443264008, 0.0], "frame_35": [0.6287161111831665, 0.4000017046928406, 0.04853689298033714, 0.04880036413669586, 0.38112005591392517, 0.5526036620140076, 0.018362045288085938, 0.019545279443264008, 0.8153003454208374], "frame_36": [0.6289084553718567, 0.39996299147605896, 0.048436738550662994, 0.048349592834711075, 0.38112005591392517, 0.5526036620140076, 0.018362045288085938, 0.019545279443264008, 0.956623375415802], "frame_37": [0.6289052963256836, 0.39996686577796936, 0.04843033850193024, 0.04835514351725578, 0.38112005591392517, 0.5526036620140076, 0.018362045288085938, 0.019545279443264008, 0.9834172129631042], "frame_38": [0.6289511919021606, 0.3999549150466919, 0.04854562506079674, 0.04839659854769707, 0.38112005591392517, 0.5526036620140076, 0.018362045288085938, 0.019545279443264008, 0.9547601342201233], "frame_39": [0.6290032267570496, 0.3999854326248169, 0.04879014939069748, 0.048500485718250275, 0.4345713257789612, 0.3448292911052704, 0.016691038385033607, 0.022105980664491653, 0.9779038429260254],