{"frame_0": [0.6292948722839355, 0.3977230489253998, 0.050434112548828125, 0.049235448241233826, 0.6833163499832153, 0.3813820779323578, 0.020756149664521217, 0.025518078356981277, 0.20902438461780548], "frame_1": [0.6290887594223022, 0.39720290899276733, 0.0495758056640625, 0.04943902790546417, 0.6833163499832153, 0.3813820779323578, 0.020756149664521217, 0.025518078356981277, 0.20691172778606415], "frame_2": [0.629129946231842, 0.3971869647502899, 0.04979905113577843, 0.04940011724829674, 0.6833163499832153, 0.3813820779323578, 0.020756149664521217, 0.025518078356981277, 0.21334990859031677], "frame_3": [0.6291460394859314, 0.3971674144268036, 0.04985974729061127, 0.049368370324373245, 0.6833163499832153, 0.3813820779323578, 0.020756149664521217, 0.025518078356981277, 0.2232869267463684], "frame_4": [0.629152774810791, 0.397171288728714, 0.04989509657025337, 0.0493665486574173, 0.6833163499832153, 0.3813820779323578, 0.020756149664521217, 0.025518078356981277, 0.2357085794210434], "frame_5": [0.6291210055351257, 0.39718958735466003, 0.04994676262140274, 0.04949557036161423, 0.6833163499832153, 0.3813820779323578, 0.020756149664521217, 0.025518078356981277, 0.24098671972751617], "frame_6": [0.6290443539619446, 0.39720016717910767, 0.04973737895488739, 0.04944954067468643, 0.6833163499832153, 0.3813820779323578, 0.020756149664521217, 0.025518078356981277, 0.243038147687912], "frame_7": [0.6290445923805237, 0.3971925377845764, 0.04973657429218292, 0.04939079284667969, 0.6833163499832153, 0.3813820779323578, 0.020756149664521217, 0.025518078356981277, 0.2471018135547638], "frame_8": [0.6289898157119751, 0.39717572927474976, 0.049704913049936295, 0.049348872154951096, 0.6833163499832153, 0.3813820779323578, 0.020756149664521217, 0.025518078356981277, 0.2594716548919678], "frame_9": [0.6289408206939697, 0.3971960246562958, 0.0495443120598793, 0.04929856210947037, 0.6833163499832153, 0.3813820779323578, 0.020756149664521217, 0.025518078356981277, 0.26082611083984375], "frame_10": [0.6290029287338257, 0.39722561836242676, 0.04934539645910263, 0.04930949583649635, 0.6833163499832153, 0.3813820779323578, 0.020756149664521217, 0.025518078356981277, 0.24495209753513336], "frame_11": [0.6289846301078796, 0.3972431719303131, 0.049333952367305756, 0.049326494336128235, 0.6833163499832153, 0.3813820779323578, 0.020756149664521217, 0.025518078356981277, 0.3959474265575409], "frame_12": [0.6291504502296448, 0.397426575422287, 0.049875639379024506, 0.04947967454791069, 0.6833163499832153, 0.3813820779323578, 0.020756149664521217, 0.025518078356981277, 0.2736363410949707], "frame_13": [0.6290521025657654, 0.3974514305591583, 0.049847327172756195, 0.04948344826698303, 0.6833163499832153, 0.3813820779323578, 0.020756149664521217, 0.025518078356981277, 0.15147854387760162], "frame_14": [0.6290432214736938, 0.3974623680114746, 0.049778662621974945, 0.04950527474284172, 0.6833163499832153, 0.3813820779323578, 0.020756149664521217, 0.025518078356981277, 0.31050240993499756], "frame_15": [0.6290634274482727, 0.3974561095237732, 0.049868009984493256, 0.04949472099542618, 0.6833163499832153, 0.3813820779323578, 0.020756149664521217, 0.025518078356981277, 0.20814059674739838], "frame_16": [0.6290737390518188, 0.3974575400352478, 0.04984283447265625, 0.04951794818043709, 0.6833163499832153, 0.3813820779323578, 0.020756149664521217, 0.025518078356981277, 0.45196953415870667], "frame_17": [0.6290450096130371, 0.3974580466747284, 0.04984893649816513, 0.04953422397375107, 0.6833163499832153, 0.3813820779323578, 0.020756149664521217, 0.025518078356981277, 0.712067186832428], "frame_18": [0.6290622353553772, 0.3974575996398926, 0.0498477928340435, 0.04957207664847374, 0.6833163499832153, 0.3813820779323578, 0.020756149664521217, 0.025518078356981277, 0.8950244784355164], "frame_19": [0.6290640830993652, 0.3974544107913971, 0.04987373203039169, 0.049564190208911896, 0.6833163499832153, 0.3813820779323578, 0.020756149664521217, 0.025518078356981277, 0.8086590766906738], "frame_20": [0.6290833950042725, 0.3974246680736542, 0.04989984259009361, 0.04961501061916351, 0.6833163499832153, 0.3813820779323578, 0.020756149664521217, 0.025518078356981277, 0.8128966689109802], "frame_21": [0.6289751529693604, 0.39738982915878296, 0.0500277616083622, 0.04957694932818413, 0.6833163499832153, 0.3813820779323578, 0.020756149664521217, 0.025518078356981277, 0.7049961090087891], "frame_22": [0.6289907693862915, 0.3974018394947052, 0.05003708600997925, 0.0495835617184639, 0.6833163499832153, 0.3813820779323578, 0.020756149664521217, 0.025518078356981277, 0.7441442012786865], "frame_23": [0.6289805173873901, 0.39741846919059753, 0.05006658658385277, 0.04960441589355469, 0.6833163499832153, 0.3813820779323578, 0.020756149664521217, 0.025518078356981277, 0.4118739664554596], "frame_24": [0.629058837890625, 0.3973603844642639, 0.049866314977407455, 0.04946649447083473, 0.6833163499832153, 0.3813820779323578, 0.020756149664521217, 0.025518078356981277, 0.39203643798828125], "frame_25": [0.6290536522865295, 0.397382527589798, 0.04983160272240639, 0.04952303692698479, 0.6833163499832153, 0.3813820779323578, 0.020756149664521217, 0.025518078356981277, 0.48815304040908813], "frame_26": [0.6290034651756287, 0.3974260985851288, 0.04975853115320206, 0.04949951171875, 0.6833163499832153, 0.3813820779323578, 0.020756149664521217, 0.025518078356981277, 0.07493990659713745], "frame_27": [0.6290065050125122, 0.397417277097702, 0.049791038036346436, 0.04943563789129257, 0.6833163499832153, 0.3813820779323578, 0.020756149664521217, 0.025518078356981277, 0.5605450868606567], "frame_28": [0.6290031671524048, 0.3974149823188782, 0.04974229633808136, 0.04941919073462486, 0.6833163499832153, 0.3813820779323578, 0.020756149664521217, 0.025518078356981277, 0.6051425337791443], "frame_29": [0.629030704498291, 0.39737728238105774, 0.05014970526099205, 0.04947615787386894, 0.6833163499832153, 0.3813820779323578, 0.020756149664521217, 0.025518078356981277, 0.6657981276512146], "frame_30": [0.6290779709815979, 0.3973448872566223, 0.05027656629681587, 0.04943597689270973, 0.7867051959037781, 0.42864471673965454, 0.022939639165997505, 0.02750396728515625, 0.5733570456504822], "frame_31": [0.6291033625602722, 0.39737510681152344, 0.05039083585143089, 0.049451954662799835, 0.7775999307632446, 0.4101683795452118, 0.024964312091469765, 0.027844026684761047, 0.7181078791618347], "frame_32": [0.6290864944458008, 0.39736488461494446, 0.05033844709396362, 0.049421776086091995, 0.7713384628295898, 0.39288854598999023, 0.02549048513174057, 0.029278649017214775, 0.8698714971542358], "frame_33": [0.6290723085403442, 0.3973381817340851, 0.05026330053806305, 0.04932941868901253, 0.7656279802322388, 0.3757025897502899, 0.02485351637005806, 0.029373634606599808, 0.9299968481063843], "frame_34": [0.6293831467628479, 0.3973027467727661, 0.05020637437701225, 0.04939999058842659, 0.7594828009605408, 0.36048972606658936, 0.024386173114180565, 0.026253042742609978, 0.6712321043014526], "frame_35": [0.629391074180603, 0.3972856402397156, 0.05022002384066582, 0.04932573065161705, 0.7530661821365356, 0.34643253684043884, 0.02684953436255455, 0.02834082767367363, 0.801135778427124], "frame_36": [0.6291281580924988, 0.3974734842777252, 0.04921514540910721, 0.04966816306114197, 0.7460849285125732, 0.33348196744918823, 0.024675242602825165, 0.028430473059415817, 0.0], "frame_37": [0.6291184425354004, 0.3975145220756531, 0.04953477531671524, 0.04979116469621658, 0.7423170208930969, 0.32247796654701233, 0.02239006944000721, 0.025450430810451508, 0.4522782862186432], "frame_38": [0.6290532350540161, 0.39753594994544983, 0.04927283525466919, 0.04965680465102196, 0.7423170208930969, 0.32247796654701233, 0.02239006944000721, 0.025450430810451508, 0.0], "frame_39": [0.6291534304618835, 0.3974763751029968, 0.04890764132142067, 0.05000665411353111, 0.7285476922988892, 0.3054489493370056, 0.02237565815448761, 0.028621800243854523, 0.0],