{"frame_0": [0.5078525543212891, 0.4046536684036255, 0.04568328708410263, 0.04595383629202843, 0.17567098140716553, 0.5857958197593689, 0.028896044939756393, 0.025180265307426453, 0.7714619040489197], "frame_1": [0.508056640625, 0.40470367670059204, 0.045901235193014145, 0.04582498222589493, 0.18100477755069733, 0.5857828855514526, 0.024732302874326706, 0.02422332763671875, 0.7403039336204529], "frame_2": [0.5080146789550781, 0.4049067199230194, 0.045801375061273575, 0.04603758826851845, 0.1863173395395279, 0.5842528939247131, 0.022259648889303207, 0.022794172167778015, 0.715241014957428], "frame_3": [0.507744312286377, 0.4048517048358917, 0.04525011032819748, 0.04607200622558594, 0.19056622684001923, 0.5836296081542969, 0.022998809814453125, 0.023250961676239967, 0.7344751954078674], "frame_4": [0.5077927112579346, 0.4050339460372925, 0.04533165693283081, 0.0463656522333622, 0.1951172947883606, 0.5812366604804993, 0.020145289599895477, 0.022015973925590515, 0.7590227127075195], "frame_5": [0.5077984929084778, 0.4049992561340332, 0.04528367891907692, 0.046037375926971436, 0.19870401918888092, 0.5790010094642639, 0.020139694213867188, 0.021457672119140625, 0.7588884830474854], "frame_6": [0.5078195333480835, 0.40511181950569153, 0.04528465121984482, 0.046404942870140076, 0.20201343297958374, 0.575390636920929, 0.020602691918611526, 0.020536422729492188, 0.7363870143890381], "frame_7": [0.507777988910675, 0.4051344096660614, 0.04535475745797157, 0.04650137200951576, 0.20579202473163605, 0.5709159970283508, 0.021079445257782936, 0.02093522809445858, 0.7098675966262817], "frame_8": [0.5077998042106628, 0.40509116649627686, 0.04545288160443306, 0.04633064195513725, 0.20885777473449707, 0.5670568943023682, 0.02183094061911106, 0.023523245006799698, 0.6522077918052673], "frame_9": [0.5077653527259827, 0.4051216244697571, 0.04527702182531357, 0.04638231173157692, 0.21131354570388794, 0.560552716255188, 0.02148927003145218, 0.022469032555818558, 0.5918262600898743], "frame_10": [0.5077936053276062, 0.4051368832588196, 0.0453229695558548, 0.04637705534696579, 0.21393585205078125, 0.5555774569511414, 0.022668160498142242, 0.0238935686647892, 0.5563387870788574], "frame_11": [0.5077797770500183, 0.40507006645202637, 0.04513359069824219, 0.04633589833974838, 0.21619805693626404, 0.5480475425720215, 0.023314476013183594, 0.023322846740484238, 0.573268473148346], "frame_12": [0.5081055760383606, 0.4046946167945862, 0.04592018201947212, 0.04558660835027695, 0.21575801074504852, 0.5389357805252075, 0.023867225274443626, 0.024897977709770203, 0.5505660772323608], "frame_13": [0.5080733299255371, 0.404697448015213, 0.04587830603122711, 0.04560784250497818, 0.21387413144111633, 0.5305789113044739, 0.023908890783786774, 0.0238800048828125, 0.5815860033035278], "frame_14": [0.5081222653388977, 0.4046688377857208, 0.04597608745098114, 0.04553324356675148, 0.2100490927696228, 0.522424042224884, 0.023940255865454674, 0.024397870525717735, 0.5803596377372742], "frame_15": [0.5081740617752075, 0.404685378074646, 0.04598570987582207, 0.04556829482316971, 0.20596012473106384, 0.5161181688308716, 0.02270573563873768, 0.025082100182771683, 0.43873220682144165], "frame_16": [0.508136510848999, 0.4046415090560913, 0.04592246934771538, 0.0455169677734375, 0.20156730711460114, 0.5112969279289246, 0.023022079840302467, 0.02455749548971653, 0.4795578420162201], "frame_17": [0.5080571174621582, 0.4045599102973938, 0.04574262723326683, 0.04557465389370918, 0.1972614973783493, 0.5073689222335815, 0.023944515734910965, 0.025451745837926865, 0.47681480646133423], "frame_18": [0.5081046223640442, 0.4045487344264984, 0.04579857736825943, 0.045584701001644135, 0.19464270770549774, 0.5050612688064575, 0.02349446527659893, 0.024812867864966393, 0.5158220529556274], "frame_19": [0.5080348253250122, 0.40455296635627747, 0.04569282382726669, 0.04561898857355118, 0.1929050087928772, 0.5026419162750244, 0.02370891533792019, 0.023866822943091393, 0.5526763200759888], "frame_20": [0.5080132484436035, 0.4045305848121643, 0.04558274894952774, 0.04555032402276993, 0.19113615155220032, 0.500856876373291, 0.023256301879882812, 0.023102400824427605, 0.5586777329444885], "frame_21": [0.5079155564308167, 0.4044491946697235, 0.0453127957880497, 0.04547987878322601, 0.1900697946548462, 0.4993278384208679, 0.02250147983431816, 0.02204284630715847, 0.5381426215171814], "frame_22": [0.5077698826789856, 0.4043889045715332, 0.04510820284485817, 0.045492976903915405, 0.18902473151683807, 0.49715012311935425, 0.0221443809568882, 0.02294904924929142, 0.38978374004364014], "frame_23": [0.5076292157173157, 0.4043407142162323, 0.04487037658691406, 0.045445844531059265, 0.1883905678987503, 0.4944641888141632, 0.022307904437184334, 0.024539947509765625, 0.460410475730896], "frame_24": [0.5072540044784546, 0.40477150678634644, 0.044579483568668365, 0.0469486229121685, 0.18820275366306305, 0.49005645513534546, 0.022210121154785156, 0.024884413927793503, 0.5029122829437256], "frame_25": [0.5071951150894165, 0.4047721028327942, 0.04451459273695946, 0.04699372127652168, 0.18946164846420288, 0.4837800860404968, 0.021385807543992996, 0.023415755480527878, 0.4327421188354492], "frame_26": [0.5073310732841492, 0.404732882976532, 0.044786665588617325, 0.0468834787607193, 0.19181612133979797, 0.4775390326976776, 0.02222105674445629, 0.02375115267932415, 0.5199863314628601], "frame_27": [0.5074256658554077, 0.4046827554702759, 0.045014869421720505, 0.04687699303030968, 0.19459612667560577, 0.4705980122089386, 0.02362721785902977, 0.024737337604165077, 0.6016319990158081], "frame_28": [0.507439136505127, 0.40463265776634216, 0.044896699488162994, 0.04686020687222481, 0.19901588559150696, 0.4621201455593109, 0.02237258478999138, 0.025693342089653015, 0.6899449229240417], "frame_29": [0.507506251335144, 0.4047371745109558, 0.045021988451480865, 0.04705848544836044, 0.20579282939434052, 0.44790321588516235, 0.022623633965849876, 0.02385711669921875, 0.6523371338844299], "frame_30": [0.5072041749954224, 0.40470683574676514, 0.04455748572945595, 0.04691632464528084, 0.21674954891204834, 0.43220055103302, 0.021029621362686157, 0.023259734734892845, 0.8052542209625244], "frame_31": [0.5071600079536438, 0.4047349691390991, 0.0445295125246048, 0.04691878333687782, 0.22819015383720398, 0.4180823564529419, 0.02173510566353798, 0.023875808343291283, 0.8199386596679688], "frame_32": [0.5075343251228333, 0.4045916199684143, 0.045163050293922424, 0.04677179083228111, 0.2393321990966797, 0.4048847258090973, 0.020971212536096573, 0.02229156531393528, 0.8072486519813538], "frame_33": [0.5076121687889099, 0.404567688703537, 0.045346833765506744, 0.046744707971811295, 0.2518253028392792, 0.39322319626808167, 0.02216171659529209, 0.024429235607385635, 0.8472524285316467], "frame_34": [0.5075457096099854, 0.4045132100582123, 0.04536950960755348, 0.046464793384075165, 0.26235249638557434, 0.3815876543521881, 0.02196436934173107, 0.022429021075367928, 0.8286395072937012], "frame_35": [0.5075334310531616, 0.40442368388175964, 0.04529592767357826, 0.04637625068426132, 0.27424904704093933, 0.3719256818294525, 0.021972699090838432, 0.022914843633770943, 0.8139849305152893], "frame_36": [0.5079437494277954, 0.40448427200317383, 0.04601325839757919, 0.04585740715265274, 0.2860347032546997, 0.36405712366104126, 0.02200840786099434, 0.024662207812070847, 0.812505304813385], "frame_37": [0.5079441070556641, 0.4044892191886902, 0.0460340715944767, 0.045852746814489365, 0.2979193925857544, 0.3566756248474121, 0.020674239844083786, 0.02209419757127762, 0.8065924644470215], "frame_38": [0.5078942179679871, 0.4043968915939331, 0.045886822044849396, 0.045710161328315735, 0.30908462405204773, 0.3496089577674866, 0.021456804126501083, 0.02588536962866783, 0.8092077970504761], "frame_39": [0.5079020261764526, 0.40431705117225647, 0.04602682217955589, 0.04555833712220192, 0.3203100562095642, 0.3432754874229431, 0.022285165265202522, 0.02367655374109745, 0.7210026383399963],