{"frame_0": [0.6294226050376892, 0.3958226144313812, 0.04920438304543495, 0.05012664943933487, 0.6459634304046631, 0.48664435744285583, 0.020922640338540077, 0.027805497869849205, 0.5012028813362122], "frame_1": [0.6292702555656433, 0.3959539532661438, 0.04885749891400337, 0.04982397332787514, 0.6459634304046631, 0.48664435744285583, 0.020922640338540077, 0.027805497869849205, 0.4934355616569519], "frame_2": [0.6291995644569397, 0.3959297239780426, 0.048886489123106, 0.04975700378417969, 0.6459634304046631, 0.48664435744285583, 0.020922640338540077, 0.027805497869849205, 0.5317353010177612], "frame_3": [0.62920081615448, 0.3959401547908783, 0.04891984909772873, 0.049734920263290405, 0.6459634304046631, 0.48664435744285583, 0.020922640338540077, 0.027805497869849205, 0.5358323454856873], "frame_4": [0.6292111277580261, 0.3959471881389618, 0.048918914049863815, 0.049720849841833115, 0.6459634304046631, 0.48664435744285583, 0.020922640338540077, 0.027805497869849205, 0.5628966689109802], "frame_5": [0.6291548013687134, 0.3957616090774536, 0.04889564588665962, 0.04932373762130737, 0.6459634304046631, 0.48664435744285583, 0.020922640338540077, 0.027805497869849205, 0.5640438795089722], "frame_6": [0.6292353272438049, 0.3957996368408203, 0.04907968267798424, 0.049302078783512115, 0.6459634304046631, 0.48664435744285583, 0.020922640338540077, 0.027805497869849205, 0.5719466209411621], "frame_7": [0.6292375922203064, 0.39578208327293396, 0.04920997470617294, 0.049341753125190735, 0.6459634304046631, 0.48664435744285583, 0.020922640338540077, 0.027805497869849205, 0.5535129904747009], "frame_8": [0.6292330622673035, 0.3957855999469757, 0.04921158775687218, 0.04933738708496094, 0.6459634304046631, 0.48664435744285583, 0.020922640338540077, 0.027805497869849205, 0.5775471925735474], "frame_9": [0.6292664408683777, 0.3957844078540802, 0.04928724467754364, 0.0493086501955986, 0.6459634304046631, 0.48664435744285583, 0.020922640338540077, 0.027805497869849205, 0.559963583946228], "frame_10": [0.6292586326599121, 0.39577674865722656, 0.04923193156719208, 0.049350738525390625, 0.6459634304046631, 0.48664435744285583, 0.020922640338540077, 0.027805497869849205, 0.5301763415336609], "frame_11": [0.6292629241943359, 0.39577341079711914, 0.04917161911725998, 0.04927321523427963, 0.6459634304046631, 0.48664435744285583, 0.020922640338540077, 0.027805497869849205, 0.5595867037773132], "frame_12": [0.6294922828674316, 0.39603564143180847, 0.04877166822552681, 0.049370575696229935, 0.6459634304046631, 0.48664435744285583, 0.020922640338540077, 0.027805497869849205, 0.5728272199630737], "frame_13": [0.6295086145401001, 0.3960188031196594, 0.0488128662109375, 0.0493459478020668, 0.6459634304046631, 0.48664435744285583, 0.020922640338540077, 0.027805497869849205, 0.544028103351593], "frame_14": [0.6295111775398254, 0.395796537399292, 0.04892624914646149, 0.04889767989516258, 0.6459634304046631, 0.48664435744285583, 0.020922640338540077, 0.027805497869849205, 0.622534990310669], "frame_15": [0.6295192241668701, 0.3957696557044983, 0.04892531409859657, 0.04884995520114899, 0.6459634304046631, 0.48664435744285583, 0.020922640338540077, 0.027805497869849205, 0.7244307398796082], "frame_16": [0.629532516002655, 0.3957764208316803, 0.04888894781470299, 0.048891618847846985, 0.6459634304046631, 0.48664435744285583, 0.020922640338540077, 0.027805497869849205, 0.6407513618469238], "frame_17": [0.629534900188446, 0.39578601717948914, 0.048883140087127686, 0.048950280994176865, 0.6459634304046631, 0.48664435744285583, 0.020922640338540077, 0.027805497869849205, 0.6000486612319946], "frame_18": [0.6295757293701172, 0.39582303166389465, 0.04907073825597763, 0.048904333263635635, 0.6459634304046631, 0.48664435744285583, 0.020922640338540077, 0.027805497869849205, 0.5971572399139404], "frame_19": [0.6295857429504395, 0.3958173096179962, 0.049085065722465515, 0.04883800074458122, 0.6459634304046631, 0.48664435744285583, 0.020922640338540077, 0.027805497869849205, 0.6104182600975037], "frame_20": [0.6295995712280273, 0.39582934975624084, 0.04913613945245743, 0.048875849694013596, 0.6459634304046631, 0.48664435744285583, 0.020922640338540077, 0.027805497869849205, 0.4819110333919525], "frame_21": [0.6295585036277771, 0.39589208364486694, 0.049388714134693146, 0.048938412219285965, 0.6459634304046631, 0.48664435744285583, 0.020922640338540077, 0.027805497869849205, 0.36481648683547974], "frame_22": [0.6296483278274536, 0.3958339989185333, 0.04917793348431587, 0.049048107117414474, 0.6459634304046631, 0.48664435744285583, 0.020922640338540077, 0.027805497869849205, 0.2827145457267761], "frame_23": [0.6296756267547607, 0.39584875106811523, 0.04922455549240112, 0.04911520332098007, 0.6459634304046631, 0.48664435744285583, 0.020922640338540077, 0.027805497869849205, 0.006933241616934538], "frame_24": [0.6295104026794434, 0.39584100246429443, 0.04871330410242081, 0.04913194477558136, 0.6362761855125427, 0.5237571001052856, 0.020059967413544655, 0.028024673461914062, 0.04495881497859955], "frame_25": [0.6295149326324463, 0.39583417773246765, 0.04872152581810951, 0.04914453253149986, 0.6362761855125427, 0.5237571001052856, 0.020059967413544655, 0.028024673461914062, 0.02973475679755211], "frame_26": [0.6295892596244812, 0.39584317803382874, 0.04893167316913605, 0.04913868382573128, 0.6413706541061401, 0.5080700516700745, 0.031147215515375137, 0.03518541157245636, 0.06316656619310379], "frame_27": [0.6296055912971497, 0.3958805501461029, 0.04898490756750107, 0.0492384172976017, 0.645655632019043, 0.499837189912796, 0.035279083997011185, 0.035611893981695175, 0.05548593029379845], "frame_28": [0.6296190023422241, 0.39586716890335083, 0.04901237413287163, 0.04908498004078865, 0.6484240889549255, 0.4770359992980957, 0.026525285094976425, 0.02921430766582489, 0.011760159395635128], "frame_29": [0.6294875144958496, 0.395876407623291, 0.04878349229693413, 0.04924659803509712, 0.6463289260864258, 0.45436418056488037, 0.028004836291074753, 0.029662620276212692, 0.08223088830709457], "frame_30": [0.6295151710510254, 0.39598044753074646, 0.048972491174936295, 0.049332596361637115, 0.6445017457008362, 0.4306594133377075, 0.024650022387504578, 0.026807021349668503, 0.797591507434845], "frame_31": [0.6404075026512146, 0.40908220410346985, 0.03180152177810669, 0.0313374400138855, 0.6438755989074707, 0.4115504324436188, 0.026056502014398575, 0.02924889512360096, 0.9069199562072754], "frame_32": [0.6287145614624023, 0.3947567045688629, 0.047496795654296875, 0.04640892893075943, 0.6336617469787598, 0.39205196499824524, 0.04175063222646713, 0.03692978620529175, 0.9503672122955322], "frame_33": [0.6299324631690979, 0.3977431356906891, 0.050722885876894, 0.04836396127939224, 0.6407597661018372, 0.3752305209636688, 0.028181372210383415, 0.031154632568359375, 0.7728822231292725], "frame_34": [0.6289209127426147, 0.3963797688484192, 0.04901466518640518, 0.04995214566588402, 0.6392796635627747, 0.3594076335430145, 0.027874374762177467, 0.03250779211521149, 0.9146137833595276], "frame_35": [0.6296415328979492, 0.3964022397994995, 0.04978345334529877, 0.04995689541101456, 0.6385844945907593, 0.34595584869384766, 0.027865981683135033, 0.030044768005609512, 0.8690698742866516], "frame_36": [0.6298868060112, 0.39627718925476074, 0.05028991773724556, 0.048625648021698, 0.637359082698822, 0.3338809013366699, 0.026733186095952988, 0.02987518347799778, 0.0], "frame_37": [0.6296930909156799, 0.39600464701652527, 0.04978006333112717, 0.04905344545841217, 0.6362645030021667, 0.3235931098461151, 0.026862503960728645, 0.03033093363046646, 0.0], "frame_38": [0.6296195983886719, 0.39589932560920715, 0.04930742084980011, 0.049046240746974945, 0.6351976990699768, 0.3141109347343445, 0.025521637871861458, 0.028262032195925713, 0.0], "frame_39": [0.6295846700668335, 0.39595821499824524, 0.04911554232239723, 0.0489579513669014, 0.6343060731887817, 0.30645790696144104, 0.024699868634343147, 0.027883995324373245, 0.0],