{"frame_0": [0.5080454349517822, 0.40564393997192383, 0.04641244560480118, 0.047292158007621765, 0.14595209062099457, 0.576081395149231, 0.022668318822979927, 0.02076568640768528, 0.6207365989685059], "frame_1": [0.5078871846199036, 0.4055843651294708, 0.04600580036640167, 0.04726274311542511, 0.15086378157138824, 0.5782431960105896, 0.021921252831816673, 0.02146148681640625, 0.6572921276092529], "frame_2": [0.5079526901245117, 0.40554267168045044, 0.04621069133281708, 0.04721556603908539, 0.15723641216754913, 0.5799282789230347, 0.022456984966993332, 0.021207258105278015, 0.6837276220321655], "frame_3": [0.507973313331604, 0.4055491089820862, 0.04626596346497536, 0.04715665057301521, 0.16137942671775818, 0.5815927386283875, 0.02185329794883728, 0.021858766674995422, 0.0], "frame_4": [0.5078498125076294, 0.40549200773239136, 0.04627571254968643, 0.04703386127948761, 0.16511830687522888, 0.5816441178321838, 0.0218654852360487, 0.020601654425263405, 0.0], "frame_5": [0.5078010559082031, 0.405502587556839, 0.04606492817401886, 0.04709739610552788, 0.1712678074836731, 0.580919623374939, 0.021445009857416153, 0.02052917517721653, 0.0], "frame_6": [0.5078228712081909, 0.40555545687675476, 0.0459730364382267, 0.04701567813754082, 0.17484493553638458, 0.5798729658126831, 0.02161560021340847, 0.020572831854224205, 0.0], "frame_7": [0.5077536702156067, 0.40555521845817566, 0.04584130272269249, 0.04699058458209038, 0.17858348786830902, 0.5765972137451172, 0.02339543215930462, 0.020360564813017845, 0.739318311214447], "frame_8": [0.5077717900276184, 0.4053555428981781, 0.04559745639562607, 0.04661542922258377, 0.1828252524137497, 0.572846531867981, 0.022664494812488556, 0.020309830084443092, 0.0], "frame_9": [0.5076701641082764, 0.4053412675857544, 0.0455152727663517, 0.04657028988003731, 0.18637500703334808, 0.5690640211105347, 0.02166265994310379, 0.01928185299038887, 0.0], "frame_10": [0.5077261328697205, 0.40536490082740784, 0.04567748308181763, 0.0465908907353878, 0.19060219824314117, 0.5662355422973633, 0.02161388471722603, 0.022835159674286842, 0.0], "frame_11": [0.507824718952179, 0.40544018149375916, 0.04572855681180954, 0.04678993299603462, 0.1947074830532074, 0.5596275925636292, 0.02252315916121006, 0.021300125867128372, 0.0], "frame_12": [0.5082731246948242, 0.405068039894104, 0.04724616929888725, 0.04622145742177963, 0.1968102753162384, 0.5516676306724548, 0.02102082595229149, 0.020614411681890488, 0.0], "frame_13": [0.5081413388252258, 0.40503233671188354, 0.04696790874004364, 0.046256426721811295, 0.19768193364143372, 0.5445857644081116, 0.021322038024663925, 0.020330429077148438, 0.0], "frame_14": [0.5085055232048035, 0.40504345297813416, 0.04736586660146713, 0.046056196093559265, 0.19678018987178802, 0.5374404191970825, 0.020205730572342873, 0.02158118411898613, 0.5169158577919006], "frame_15": [0.5085359215736389, 0.4050646424293518, 0.04730071872472763, 0.04625396803021431, 0.1889740228652954, 0.5395534038543701, 0.028241390362381935, 0.04495277255773544, 0.574335515499115], "frame_16": [0.507928729057312, 0.40503302216529846, 0.04626892879605293, 0.0465908907353878, 0.19121038913726807, 0.5261477828025818, 0.02028350904583931, 0.023214127868413925, 0.6415263414382935], "frame_17": [0.5081419944763184, 0.4050612449645996, 0.04676111042499542, 0.04650993272662163, 0.1873929500579834, 0.5225552320480347, 0.020537778735160828, 0.023209381848573685, 0.6301616430282593], "frame_18": [0.5081316828727722, 0.40512439608573914, 0.04690055921673775, 0.04641778767108917, 0.18462787568569183, 0.5198043584823608, 0.022595426067709923, 0.020740678533911705, 0.0], "frame_19": [0.5081242322921753, 0.4050818681716919, 0.046805743128061295, 0.04634073004126549, 0.18285316228866577, 0.5179416537284851, 0.023752594366669655, 0.02276933379471302, 0.0], "frame_20": [0.5081507563591003, 0.40506741404533386, 0.04669151455163956, 0.046334754675626755, 0.18285316228866577, 0.5179416537284851, 0.023752594366669655, 0.02276933379471302, 0.0], "frame_21": [0.5080118179321289, 0.40502434968948364, 0.04642007499933243, 0.04631415382027626, 0.18285316228866577, 0.5179416537284851, 0.023752594366669655, 0.02276933379471302, 0.7515279650688171], "frame_22": [0.5079299211502075, 0.4050748944282532, 0.04632844030857086, 0.04629266634583473, 0.18285316228866577, 0.5179416537284851, 0.023752594366669655, 0.02276933379471302, 0.6804078817367554], "frame_23": [0.5079056024551392, 0.4050677418708801, 0.046366289258003235, 0.046277619898319244, 0.18015897274017334, 0.5081677436828613, 0.021442508324980736, 0.02140214666724205, 0.7680889964103699], "frame_24": [0.5087835788726807, 0.40508270263671875, 0.04775072634220123, 0.045508407056331635, 0.18014848232269287, 0.5047467350959778, 0.02071068063378334, 0.021544858813285828, 0.33105751872062683], "frame_25": [0.5088316798210144, 0.4050593078136444, 0.04772148281335831, 0.04559296369552612, 0.18111439049243927, 0.49975788593292236, 0.020767010748386383, 0.021207809448242188, 0.7947402000427246], "frame_26": [0.5086862444877625, 0.40510237216949463, 0.04772156476974487, 0.04565764591097832, 0.18198305368423462, 0.49399709701538086, 0.021010398864746094, 0.022705078125, 0.6107025146484375], "frame_27": [0.5085398554801941, 0.40508127212524414, 0.04735260084271431, 0.04559021070599556, 0.1831369549036026, 0.48749032616615295, 0.021504931151866913, 0.021962525323033333, 0.6148805022239685], "frame_28": [0.5084657669067383, 0.4050569236278534, 0.04708307236433029, 0.04554159194231033, 0.18615014851093292, 0.47908371686935425, 0.020416926592588425, 0.02379777655005455, 0.7477462887763977], "frame_29": [0.5084441900253296, 0.40514153242111206, 0.04711151123046875, 0.04563026502728462, 0.19035042822360992, 0.46563848853111267, 0.020240042358636856, 0.023463059216737747, 0.7378939986228943], "frame_30": [0.5084669589996338, 0.4050590395927429, 0.04711151123046875, 0.0457000732421875, 0.19825705885887146, 0.4488598704338074, 0.02026791125535965, 0.02018127404153347, 0.7515461444854736], "frame_31": [0.5084747076034546, 0.4049980640411377, 0.04709663242101669, 0.04564666748046875, 0.207875058054924, 0.43357521295547485, 0.019925985485315323, 0.02122192457318306, 0.8729871511459351], "frame_32": [0.5086376070976257, 0.4050736427307129, 0.04754655808210373, 0.0454467348754406, 0.21612408757209778, 0.41894328594207764, 0.02079825848340988, 0.020831087604165077, 0.8313596248626709], "frame_33": [0.5086600184440613, 0.40513068437576294, 0.04754922538995743, 0.04543571546673775, 0.22491057217121124, 0.40617498755455017, 0.0202518031001091, 0.020136218518018723, 0.8488077521324158], "frame_34": [0.5087435245513916, 0.4050966799259186, 0.04795214161276817, 0.045508407056331635, 0.23399046063423157, 0.3932695984840393, 0.017798952758312225, 0.020576942712068558, 0.8222755789756775], "frame_35": [0.5086002349853516, 0.4051857888698578, 0.047663114964962006, 0.04577836021780968, 0.2445017248392105, 0.380919486284256, 0.018737411126494408, 0.021347342059016228, 0.841694712638855], "frame_36": [0.5079265236854553, 0.4051305055618286, 0.046489544212818146, 0.046469032764434814, 0.25437131524086, 0.37090709805488586, 0.017486529424786568, 0.02171478234231472, 0.7778976559638977], "frame_37": [0.5082709193229675, 0.405136376619339, 0.04714813083410263, 0.0463130958378315, 0.26326844096183777, 0.361099511384964, 0.01909618452191353, 0.022131135687232018, 0.7542047500610352], "frame_38": [0.5083807110786438, 0.4051510989665985, 0.04695599898695946, 0.04621764272451401, 0.27254828810691833, 0.35188451409339905, 0.019137870520353317, 0.020883454009890556, 0.7106409072875977], "frame_39": [0.5083728432655334, 0.4051710367202759, 0.04725684970617294, 0.04622840881347656, 0.28209927678108215, 0.3431384265422821, 0.019346343353390694, 0.022412385791540146, 0.643551766872406],