{"frame_0": [0.630035936832428, 0.3956453204154968, 0.04762420803308487, 0.04957139864563942, 0.6643916368484497, 0.36753320693969727, 0.023434828966856003, 0.02543078549206257, 0.9751306176185608], "frame_1": [0.6301031112670898, 0.39563852548599243, 0.04879103600978851, 0.04856126755475998, 0.6643916368484497, 0.36753320693969727, 0.023434828966856003, 0.02543078549206257, 0.965070366859436], "frame_2": [0.630107581615448, 0.39573076367378235, 0.048782940953969955, 0.04852316156029701, 0.6643916368484497, 0.36753320693969727, 0.023434828966856003, 0.02543078549206257, 0.9477148056030273], "frame_3": [0.6301215887069702, 0.3957633078098297, 0.04886360093951225, 0.048582542687654495, 0.6643916368484497, 0.36753320693969727, 0.023434828966856003, 0.02543078549206257, 0.8966615796089172], "frame_4": [0.6301218867301941, 0.3957768380641937, 0.04880697280168533, 0.048589494079351425, 0.6643916368484497, 0.36753320693969727, 0.023434828966856003, 0.02543078549206257, 0.8565362691879272], "frame_5": [0.630052924156189, 0.3956943154335022, 0.048693932592868805, 0.04854753240942955, 0.6643916368484497, 0.36753320693969727, 0.023434828966856003, 0.02543078549206257, 0.733877956867218], "frame_6": [0.6300555467605591, 0.3957204222679138, 0.04868058115243912, 0.04860793054103851, 0.6643916368484497, 0.36753320693969727, 0.023434828966856003, 0.02543078549206257, 0.6276399493217468], "frame_7": [0.629975438117981, 0.39585596323013306, 0.04878082126379013, 0.04848280921578407, 0.6643916368484497, 0.36753320693969727, 0.023434828966856003, 0.02543078549206257, 0.4450232684612274], "frame_8": [0.6300700902938843, 0.3957276940345764, 0.04892883449792862, 0.04828096926212311, 0.6643916368484497, 0.36753320693969727, 0.023434828966856003, 0.02543078549206257, 0.3300654888153076], "frame_9": [0.6300745606422424, 0.3957476317882538, 0.04898643493652344, 0.04831148684024811, 0.6643916368484497, 0.36753320693969727, 0.023434828966856003, 0.02543078549206257, 0.08077637106180191], "frame_10": [0.6301336288452148, 0.395743727684021, 0.04906654357910156, 0.04828385263681412, 0.6643916368484497, 0.36753320693969727, 0.023434828966856003, 0.02543078549206257, 0.1792047917842865], "frame_11": [0.6301420331001282, 0.3957534432411194, 0.0491357184946537, 0.048303816467523575, 0.6643916368484497, 0.36753320693969727, 0.023434828966856003, 0.02543078549206257, 0.2546979486942291], "frame_12": [0.6301360130310059, 0.3962503969669342, 0.04882460832595825, 0.04864141717553139, 0.6643916368484497, 0.36753320693969727, 0.023434828966856003, 0.02543078549206257, 0.5015270709991455], "frame_13": [0.6301320195198059, 0.39626219868659973, 0.04882393032312393, 0.04866659268736839, 0.6643916368484497, 0.36753320693969727, 0.023434828966856003, 0.02543078549206257, 0.2228267937898636], "frame_14": [0.6301568746566772, 0.39622676372528076, 0.04881155118346214, 0.048586655408144, 0.6643916368484497, 0.36753320693969727, 0.023434828966856003, 0.02543078549206257, 0.2177828699350357], "frame_15": [0.630168616771698, 0.39625146985054016, 0.04888983815908432, 0.04861755296587944, 0.6643916368484497, 0.36753320693969727, 0.023434828966856003, 0.02543078549206257, 0.014759207144379616], "frame_16": [0.6301158666610718, 0.396250456571579, 0.04883253201842308, 0.048615265637636185, 0.6643916368484497, 0.36753320693969727, 0.023434828966856003, 0.02543078549206257, 0.006606809329241514], "frame_17": [0.6301554441452026, 0.39632856845855713, 0.04893913120031357, 0.04879353940486908, 0.6643916368484497, 0.36753320693969727, 0.023434828966856003, 0.02543078549206257, 0.06012103334069252], "frame_18": [0.6301952600479126, 0.3963340222835541, 0.048951465636491776, 0.048882294446229935, 0.6643916368484497, 0.36753320693969727, 0.023434828966856003, 0.02543078549206257, 0.0], "frame_19": [0.6301947832107544, 0.3963642120361328, 0.04903161898255348, 0.048907723277807236, 0.6643916368484497, 0.36753320693969727, 0.023434828966856003, 0.02543078549206257, 0.06503846496343613], "frame_20": [0.6301764845848083, 0.39640137553215027, 0.049078453332185745, 0.04888242110610008, 0.6643916368484497, 0.36753320693969727, 0.023434828966856003, 0.02543078549206257, 0.0], "frame_21": [0.6301592588424683, 0.3963518738746643, 0.04922303184866905, 0.04869389161467552, 0.6643916368484497, 0.36753320693969727, 0.023434828966856003, 0.02543078549206257, 0.06108768284320831], "frame_22": [0.6301050186157227, 0.39631229639053345, 0.04917691648006439, 0.048609159886837006, 0.6643916368484497, 0.36753320693969727, 0.023434828966856003, 0.02543078549206257, 0.0], "frame_23": [0.6300690770149231, 0.3962586224079132, 0.04903429001569748, 0.04852129518985748, 0.6643916368484497, 0.36753320693969727, 0.023434828966856003, 0.02543078549206257, 0.587660551071167], "frame_24": [0.6301012635231018, 0.3962394595146179, 0.04957525432109833, 0.04854532703757286, 0.45049670338630676, 0.4707795977592468, 0.029940033331513405, 0.03258238732814789, 0.013084418140351772], "frame_25": [0.6301056146621704, 0.39626502990722656, 0.049553509801626205, 0.048553466796875, 0.45155414938926697, 0.46107181906700134, 0.029063330963253975, 0.03322296217083931, 0.12245462834835052], "frame_26": [0.6302269101142883, 0.3962712585926056, 0.04983266070485115, 0.048603735864162445, 0.4538300335407257, 0.4508623778820038, 0.02894744835793972, 0.033116914331912994, 0.020530421286821365], "frame_27": [0.630257785320282, 0.39638692140579224, 0.05023328959941864, 0.048678502440452576, 0.4558199644088745, 0.4352237582206726, 0.030757352709770203, 0.0337049700319767, 0.04890616610646248], "frame_28": [0.6303402185440063, 0.3962608277797699, 0.050126053392887115, 0.04858313500881195, 0.4621317684650421, 0.41197317838668823, 0.025387361645698547, 0.02814805693924427, 0.8283021450042725], "frame_29": [0.6303602457046509, 0.3963038921356201, 0.05043203383684158, 0.04852362722158432, 0.4678058326244354, 0.38942956924438477, 0.026377487927675247, 0.030389489606022835, 0.8849722743034363], "frame_30": [0.6302881240844727, 0.39641332626342773, 0.05037057772278786, 0.04862450435757637, 0.47487783432006836, 0.36810702085494995, 0.025991057977080345, 0.029324298724532127, 0.8363029956817627], "frame_31": [0.6303749680519104, 0.39623725414276123, 0.04998588562011719, 0.0485880970954895, 0.48095062375068665, 0.3494302034378052, 0.02623002789914608, 0.029908286407589912, 0.835516095161438], "frame_32": [0.6302683353424072, 0.39628517627716064, 0.05037108436226845, 0.04861801862716675, 0.48703664541244507, 0.33133384585380554, 0.025422286242246628, 0.030696339905261993, 0.8538150787353516], "frame_33": [0.6301972270011902, 0.396148681640625, 0.050127241760492325, 0.0484660267829895, 0.49008482694625854, 0.315019428730011, 0.031379785388708115, 0.03228729963302612, 0.8484087586402893], "frame_34": [0.6302083134651184, 0.3961847126483917, 0.05014326423406601, 0.04851502180099487, 0.49927741289138794, 0.2989911735057831, 0.024212857708334923, 0.028193283826112747, 0.8126916289329529], "frame_35": [0.6302530765533447, 0.3962809145450592, 0.05023596063256264, 0.04852629825472832, 0.5023906826972961, 0.2867588400840759, 0.02396714873611927, 0.0303031075745821, 0.8217214345932007], "frame_36": [0.6299025416374207, 0.39651578664779663, 0.05021781846880913, 0.04894646629691124, 0.5086511373519897, 0.2756747901439667, 0.0264129638671875, 0.031053733080625534, 0.698309063911438], "frame_37": [0.6298236846923828, 0.39634373784065247, 0.049505021423101425, 0.04856690391898155, 0.5155157446861267, 0.26500168442726135, 0.024812104180455208, 0.03034687042236328, 0.6170150637626648], "frame_38": [0.6297940611839294, 0.3963194489479065, 0.04948616027832031, 0.04859280213713646, 0.5216706395149231, 0.2569452226161957, 0.023155594244599342, 0.028236771002411842, 0.17960955202579498], "frame_39": [0.6298818588256836, 0.39632245898246765, 0.04971911013126373, 0.04864751920104027, 0.5262216925621033, 0.2519141137599945, 0.022555839270353317, 0.03342552110552788, 0.11731284111738205],