{"frame_0": [0.6310877203941345, 0.3971889019012451, 0.05036981403827667, 0.04911274462938309, 0.0, 0.0, 0.0, 0.0, 0.9005799293518066], "frame_1": [0.6308437585830688, 0.397040992975235, 0.04923688992857933, 0.04912957176566124, 0.0, 0.0, 0.0, 0.0, 0.9134320616722107], "frame_2": [0.6307790875434875, 0.39693230390548706, 0.04982812702655792, 0.04939155653119087, 0.0, 0.0, 0.0, 0.0, 0.9235559105873108], "frame_3": [0.6307631731033325, 0.3969200551509857, 0.04986830800771713, 0.049466028809547424, 0.0, 0.0, 0.0, 0.0, 0.9179087281227112], "frame_4": [0.6307759881019592, 0.3969278931617737, 0.049845971167087555, 0.049443986266851425, 0.0, 0.0, 0.0, 0.0, 0.8166613578796387], "frame_5": [0.6307825446128845, 0.396931916475296, 0.04989738389849663, 0.049438901245594025, 0.0, 0.0, 0.0, 0.0, 0.7409138679504395], "frame_6": [0.6307821273803711, 0.39693188667297363, 0.04989611357450485, 0.04944038391113281, 0.0, 0.0, 0.0, 0.0, 0.7744500041007996], "frame_7": [0.630779504776001, 0.3969484865665436, 0.04979057237505913, 0.049356840550899506, 0.0, 0.0, 0.0, 0.0, 0.7641394734382629], "frame_8": [0.6307722926139832, 0.3969423174858093, 0.049663245677948, 0.0495663546025753, 0.0, 0.0, 0.0, 0.0, 0.7671757936477661], "frame_9": [0.6307702660560608, 0.39695027470588684, 0.04965277761220932, 0.049575552344322205, 0.0, 0.0, 0.0, 0.0, 0.838211178779602], "frame_10": [0.6307782530784607, 0.3969748616218567, 0.049715805798769, 0.04949243366718292, 0.0, 0.0, 0.0, 0.0, 0.7622581720352173], "frame_11": [0.6308351159095764, 0.39695119857788086, 0.04991773143410683, 0.0494343638420105, 0.0, 0.0, 0.0, 0.0, 0.6867193579673767], "frame_12": [0.6305592656135559, 0.3967752158641815, 0.04970452934503555, 0.0489102266728878, 0.0, 0.0, 0.0, 0.0, 0.5513129234313965], "frame_13": [0.6305596828460693, 0.39677292108535767, 0.0497005470097065, 0.04892319440841675, 0.0, 0.0, 0.0, 0.0, 0.43661999702453613], "frame_14": [0.6305557489395142, 0.39677920937538147, 0.04969651997089386, 0.04888848215341568, 0.0, 0.0, 0.0, 0.0, 0.2922198176383972], "frame_15": [0.6305473446846008, 0.3967757225036621, 0.049661848694086075, 0.04890984296798706, 0.0, 0.0, 0.0, 0.0, 0.04045167937874794], "frame_16": [0.6305462121963501, 0.3967803120613098, 0.049624547362327576, 0.04892472177743912, 0.0, 0.0, 0.0, 0.0, 0.12478533387184143], "frame_17": [0.6305417418479919, 0.3967900574207306, 0.04960441589355469, 0.04889903590083122, 0.0, 0.0, 0.0, 0.0, 0.9037412405014038], "frame_18": [0.6305462121963501, 0.3968026340007782, 0.049578942358493805, 0.04891882836818695, 0.0, 0.0, 0.0, 0.0, 0.0852070078253746], "frame_19": [0.6305737495422363, 0.3968067467212677, 0.049634721130132675, 0.04895477369427681, 0.0, 0.0, 0.0, 0.0, 0.14466886222362518], "frame_20": [0.6305988430976868, 0.39683404564857483, 0.04981536790728569, 0.04895837604999542, 0.0, 0.0, 0.0, 0.0, 0.03375478461384773], "frame_21": [0.6306664943695068, 0.3967854082584381, 0.05004861578345299, 0.04904162138700485, 0.3794701397418976, 0.47057998180389404, 0.028077105060219765, 0.03095245361328125, 0.08852596580982208], "frame_22": [0.6306838393211365, 0.3967955708503723, 0.05009901151061058, 0.04897600784897804, 0.37680190801620483, 0.4663701057434082, 0.030408859252929688, 0.032956697046756744, 0.2702879011631012], "frame_23": [0.6306543350219727, 0.3967646360397339, 0.05011032894253731, 0.04884351044893265, 0.375746488571167, 0.464584618806839, 0.03250698372721672, 0.03435774892568588, 0.09415818005800247], "frame_24": [0.6309967637062073, 0.3966725766658783, 0.05019683763384819, 0.04822760820388794, 0.3735470771789551, 0.45912230014801025, 0.030467309057712555, 0.029980596154928207, 0.21919696033000946], "frame_25": [0.6310105919837952, 0.39668673276901245, 0.05025719478726387, 0.04824485629796982, 0.3745724856853485, 0.4528205990791321, 0.03370670601725578, 0.03233451768755913, 0.14030839502811432], "frame_26": [0.631006121635437, 0.3966785967350006, 0.05031700059771538, 0.04823048785328865, 0.3752959668636322, 0.44246795773506165, 0.03285878524184227, 0.034837257117033005, 0.4069879651069641], "frame_27": [0.6310316920280457, 0.3966754972934723, 0.05045297369360924, 0.04816606268286705, 0.37919676303863525, 0.4302208721637726, 0.03344535827636719, 0.03393249586224556, 0.42852354049682617], "frame_28": [0.6309937238693237, 0.3966948986053467, 0.050383251160383224, 0.04821183905005455, 0.384264200925827, 0.4156244993209839, 0.03063320554792881, 0.03627908602356911, 0.5454841256141663], "frame_29": [0.6309914588928223, 0.39673593640327454, 0.050452422350645065, 0.048246342688798904, 0.39138063788414, 0.39431801438331604, 0.03169945627450943, 0.03447333350777626, 0.35237136483192444], "frame_30": [0.6311532855033875, 0.39648938179016113, 0.05055961757898331, 0.04832055792212486, 0.40091314911842346, 0.3725912272930145, 0.029814530164003372, 0.03394881263375282, 0.9459614157676697], "frame_31": [0.6310242414474487, 0.3966056704521179, 0.05050133541226387, 0.04835459217429161, 0.41234996914863586, 0.3527039885520935, 0.028747854754328728, 0.03191613033413887, 0.8366354703903198], "frame_32": [0.6309917569160461, 0.39662328362464905, 0.05042097344994545, 0.04834306612610817, 0.4212183952331543, 0.33612319827079773, 0.030709076672792435, 0.03138256072998047, 0.8607079386711121], "frame_33": [0.631109356880188, 0.39663994312286377, 0.05058640241622925, 0.04838667809963226, 0.4317583739757538, 0.3213079869747162, 0.026848729699850082, 0.02771148644387722, 0.8999950289726257], "frame_34": [0.6311033368110657, 0.39667603373527527, 0.05055300518870354, 0.048343658447265625, 0.440959095954895, 0.307957261800766, 0.029053116217255592, 0.030133819207549095, 0.9738937616348267], "frame_35": [0.6310963034629822, 0.3966354429721832, 0.05047798156738281, 0.04828665032982826, 0.4498848021030426, 0.2968306541442871, 0.028806474059820175, 0.03211413323879242, 0.9331433176994324], "frame_36": [0.6311461329460144, 0.39659959077835083, 0.05055389553308487, 0.04850968345999718, 0.4587039053440094, 0.28555476665496826, 0.02733917161822319, 0.031838756054639816, 0.8789864778518677], "frame_37": [0.6311531662940979, 0.3965800404548645, 0.05060119554400444, 0.04852142184972763, 0.4675944149494171, 0.2765488624572754, 0.029092788696289062, 0.028731156140565872, 0.8607246279716492], "frame_38": [0.6311814785003662, 0.39662230014801025, 0.05060785263776779, 0.04854783043265343, 0.4770645201206207, 0.2707139849662781, 0.026607131585478783, 0.028046989813447, 0.8620437979698181], "frame_39": [0.6311576962471008, 0.39660391211509705, 0.050453778356313705, 0.04858445003628731, 0.4854331910610199, 0.2649170756340027, 0.028358841314911842, 0.03111705742776394, 0.8997400999069214], "frame_40": [0.6311656832695007, 0.3966577351093292, 0.0504014752805233, 0.04856753721833229, 0.4937466084957123, 0.2599472999572754, 0.027037980034947395, 0.029652129858732224, 0.8962548971176147], "frame_41": [0.6311858892440796, 0.3966920077800751, 0.05051002651453018, 0.048745810985565186, 0.5014733076095581, 0.2575048804283142, 0.026985550299286842, 0.027585135772824287, 0.13400286436080933], "frame_42": [0.6311743855476379, 0.3966350853443146, 0.05045280605554581, 0.04876403883099556, 0.5098732709884644, 0.2566584646701813, 0.023778533563017845, 0.025598250329494476, 0.8253042697906494], "frame_43": [0.6311901211738586, 0.39656227827072144, 0.050628069788217545, 0.04865413159132004, 0.5161051154136658, 0.25477340817451477, 0.026397408917546272, 0.02849326655268669, 0.7892970442771912], "frame_44": [0.631203830242157, 0.39667680859565735, 0.05072157084941864, 0.04876958951354027, 0.5230986475944519, 0.2560928463935852, 0.025513669475913048, 0.027487564831972122, 0.7826149463653564], "frame_45": [0.6310852766036987, 0.3967234194278717, 0.050465986132621765, 0.048631709069013596, 0.5301018357276917, 0.2577524781227112, 0.024116134271025658, 0.024156760424375534, 0.8023484349250793],