{"frame_0": [0.6286762952804565, 0.39806869626045227, 0.050614167004823685, 0.048616960644721985, 0.45928099751472473, 0.5535521507263184, 0.023745516315102577, 0.025785615667700768, 0.47928690910339355], "frame_1": [0.628339409828186, 0.3979206383228302, 0.04932365566492081, 0.049018096178770065, 0.46374842524528503, 0.5520320534706116, 0.025708388537168503, 0.02713470533490181, 0.32726287841796875], "frame_2": [0.6283771395683289, 0.39793387055397034, 0.04950103908777237, 0.04906484857201576, 0.46887868642807007, 0.5514302849769592, 0.026189040392637253, 0.027060318738222122, 0.37737637758255005], "frame_3": [0.6284164190292358, 0.39790964126586914, 0.049300216138362885, 0.049217648804187775, 0.4749810993671417, 0.5507579445838928, 0.025672361254692078, 0.028435135260224342, 0.44468915462493896], "frame_4": [0.6283384561538696, 0.3979153037071228, 0.04956084489822388, 0.04898567125201225, 0.4797387719154358, 0.5509711503982544, 0.022357389330863953, 0.025899123400449753, 0.4689313471317291], "frame_5": [0.6283272504806519, 0.397909939289093, 0.04949798434972763, 0.048992156982421875, 0.4797387719154358, 0.5509711503982544, 0.022357389330863953, 0.025899123400449753, 0.44029858708381653], "frame_6": [0.6283388137817383, 0.3978979289531708, 0.04961187392473221, 0.04904128238558769, 0.484516978263855, 0.55779629945755, 0.020798958837985992, 0.028563393279910088, 0.4501468241214752], "frame_7": [0.6284605860710144, 0.3979329466819763, 0.0495595708489418, 0.04908612743020058, 0.48566800355911255, 0.5579643249511719, 0.020704099908471107, 0.028336334973573685, 0.6074286103248596], "frame_8": [0.6285302042961121, 0.397929847240448, 0.049625225365161896, 0.049063872545957565, 0.4863230288028717, 0.5608476996421814, 0.019976256415247917, 0.026387574151158333, 0.6077282428741455], "frame_9": [0.6284986138343811, 0.39795777201652527, 0.04954643175005913, 0.04905035346746445, 0.4863230288028717, 0.5608476996421814, 0.019976256415247917, 0.026387574151158333, 0.639029324054718], "frame_10": [0.6284529566764832, 0.3979380428791046, 0.04948616027832031, 0.04908159002661705, 0.4837646484375, 0.5690346360206604, 0.0170118547976017, 0.02341308631002903, 0.7078019380569458], "frame_11": [0.6284593343734741, 0.39792850613594055, 0.049488067626953125, 0.04905514046549797, 0.4837646484375, 0.5690346360206604, 0.0170118547976017, 0.02341308631002903, 0.7855340242385864], "frame_12": [0.6284116506576538, 0.39784279465675354, 0.049256134778261185, 0.049354638904333115, 0.4837646484375, 0.5690346360206604, 0.0170118547976017, 0.02341308631002903, 0.8560473322868347], "frame_13": [0.6284304857254028, 0.3978112041950226, 0.04924430698156357, 0.04921472445130348, 0.4837646484375, 0.5690346360206604, 0.0170118547976017, 0.02341308631002903, 0.8367528319358826], "frame_14": [0.6284183263778687, 0.39779120683670044, 0.04913435876369476, 0.04933708906173706, 0.4643446207046509, 0.5688203573226929, 0.030861875042319298, 0.030197355896234512, 0.8864942789077759], "frame_15": [0.6283155083656311, 0.39783239364624023, 0.049002837389707565, 0.04941605404019356, 0.46298691630363464, 0.5642513036727905, 0.030794991180300713, 0.028693687170743942, 0.9459574222564697], "frame_16": [0.6282899379730225, 0.3977668881416321, 0.04898050054907799, 0.04929076135158539, 0.46298691630363464, 0.5642513036727905, 0.030794991180300713, 0.028693687170743942, 0.9940276741981506], "frame_17": [0.6283288598060608, 0.3978230655193329, 0.0491170659661293, 0.04922294616699219, 0.46298691630363464, 0.5642513036727905, 0.030794991180300713, 0.028693687170743942, 0.38342785835266113], "frame_18": [0.6283106207847595, 0.3978174030780792, 0.04911528527736664, 0.0492204874753952, 0.46298691630363464, 0.5642513036727905, 0.030794991180300713, 0.028693687170743942, 0.3445999324321747], "frame_19": [0.6283019781112671, 0.3978341817855835, 0.04912702739238739, 0.04923587292432785, 0.46298691630363464, 0.5642513036727905, 0.030794991180300713, 0.028693687170743942, 0.3210250735282898], "frame_20": [0.6283146739006042, 0.39779412746429443, 0.0492706298828125, 0.04931911826133728, 0.46298691630363464, 0.5642513036727905, 0.030794991180300713, 0.028693687170743942, 0.4554824233055115], "frame_21": [0.6282767653465271, 0.39779043197631836, 0.049228668212890625, 0.04934845119714737, 0.46298691630363464, 0.5642513036727905, 0.030794991180300713, 0.028693687170743942, 0.5004017949104309], "frame_22": [0.6282921433448792, 0.39778250455856323, 0.04906531423330307, 0.04926435649394989, 0.46298691630363464, 0.5642513036727905, 0.030794991180300713, 0.028693687170743942, 0.43459612131118774], "frame_23": [0.6283034682273865, 0.39782071113586426, 0.04917411878705025, 0.049202729016542435, 0.46298691630363464, 0.5642513036727905, 0.030794991180300713, 0.028693687170743942, 0.447581022977829], "frame_24": [0.6280728578567505, 0.39801856875419617, 0.04921820014715195, 0.04948090389370918, 0.46298691630363464, 0.5642513036727905, 0.030794991180300713, 0.028693687170743942, 0.467628538608551], "frame_25": [0.6280632019042969, 0.3980058431625366, 0.04924736171960831, 0.049486879259347916, 0.46298691630363464, 0.5642513036727905, 0.030794991180300713, 0.028693687170743942, 0.4886248707771301], "frame_26": [0.6281041502952576, 0.3979998826980591, 0.049388207495212555, 0.049475859850645065, 0.4288250505924225, 0.4404621124267578, 0.029853438958525658, 0.03152906522154808, 0.38863417506217957], "frame_27": [0.6281138062477112, 0.3979847729206085, 0.04942351579666138, 0.04939592257142067, 0.42966148257255554, 0.4334442913532257, 0.026191160082817078, 0.02785186842083931, 0.49357789754867554], "frame_28": [0.6281357407569885, 0.39804527163505554, 0.04945831373333931, 0.04944733530282974, 0.4312132000923157, 0.421310156583786, 0.026837708428502083, 0.028814315795898438, 0.6471831202507019], "frame_29": [0.6281404495239258, 0.39808985590934753, 0.049468994140625, 0.04945678636431694, 0.435812383890152, 0.40582266449928284, 0.025794049724936485, 0.026239480823278427, 0.4993351697921753], "frame_30": [0.6282075643539429, 0.39807769656181335, 0.04953032732009888, 0.04947594553232193, 0.4444553256034851, 0.38839882612228394, 0.027176667004823685, 0.028396310284733772, 0.7791606187820435], "frame_31": [0.628205418586731, 0.3980939984321594, 0.049486372619867325, 0.049517907202243805, 0.45480385422706604, 0.3740604817867279, 0.02531755156815052, 0.026420678943395615, 0.7618992924690247], "frame_32": [0.6281651258468628, 0.39811503887176514, 0.049556560814380646, 0.04948539659380913, 0.4612922668457031, 0.3620454668998718, 0.02588517963886261, 0.027370410040020943, 0.7492408752441406], "frame_33": [0.6281601190567017, 0.3980906307697296, 0.0496046282351017, 0.04950124770402908, 0.4688691794872284, 0.3495869040489197, 0.027036285027861595, 0.02814752794802189, 0.8135108351707458], "frame_34": [0.6281794309616089, 0.3981364071369171, 0.04966757073998451, 0.04955762252211571, 0.47606414556503296, 0.34086671471595764, 0.026936551555991173, 0.027813762426376343, 0.7931771874427795], "frame_35": [0.6281225681304932, 0.39808928966522217, 0.04936332628130913, 0.04952714592218399, 0.48403218388557434, 0.33263230323791504, 0.025148773565888405, 0.02656402625143528, 0.7580427527427673], "frame_36": [0.6281284093856812, 0.39817190170288086, 0.04906921461224556, 0.04952617362141609, 0.49031686782836914, 0.32461056113243103, 0.02711012028157711, 0.029465017840266228, 0.7361618280410767], "frame_37": [0.6281334757804871, 0.39819949865341187, 0.04908943176269531, 0.04956766590476036, 0.49877557158470154, 0.3186740577220917, 0.02430403046309948, 0.02751464769244194, 0.7419966459274292], "frame_38": [0.6281099915504456, 0.3981352150440216, 0.048976898193359375, 0.04954999312758446, 0.5051020383834839, 0.3145602345466614, 0.023515531793236732, 0.026122983545064926, 0.8010750412940979],