{"frame_0": [0.509222149848938, 0.4064922332763672, 0.045995332300662994, 0.04802229255437851, 0.5847020745277405, 0.5098796486854553, 0.022384261712431908, 0.023847579956054688, 0.9551264047622681], "frame_1": [0.5089653730392456, 0.40637147426605225, 0.045749492943286896, 0.04686487093567848, 0.5847020745277405, 0.5098796486854553, 0.022384261712431908, 0.023847579956054688, 0.947237491607666], "frame_2": [0.5088997483253479, 0.40638434886932373, 0.045653533190488815, 0.04650925472378731, 0.5847020745277405, 0.5098796486854553, 0.022384261712431908, 0.023847579956054688, 0.9450638890266418], "frame_3": [0.5089685320854187, 0.4063856303691864, 0.045787811279296875, 0.0465451143682003, 0.5847020745277405, 0.5098796486854553, 0.022384261712431908, 0.023847579956054688, 0.9871653318405151], "frame_4": [0.5089024305343628, 0.40640974044799805, 0.04568939283490181, 0.04655303806066513, 0.5847020745277405, 0.5098796486854553, 0.022384261712431908, 0.023847579956054688, 0.9603105783462524], "frame_5": [0.5088988542556763, 0.40632519125938416, 0.045560073107481, 0.04648386687040329, 0.5847020745277405, 0.5098796486854553, 0.022384261712431908, 0.023847579956054688, 0.9444459080696106], "frame_6": [0.5090228915214539, 0.4063693583011627, 0.04584977775812149, 0.04666900634765625, 0.5847020745277405, 0.5098796486854553, 0.022384261712431908, 0.023847579956054688, 0.8941895961761475], "frame_7": [0.5089007019996643, 0.40637919306755066, 0.04565103352069855, 0.04668540880084038, 0.5847020745277405, 0.5098796486854553, 0.022384261712431908, 0.023847579956054688, 0.8086908459663391], "frame_8": [0.5090118646621704, 0.4064565896987915, 0.045888349413871765, 0.04671686142683029, 0.5847020745277405, 0.5098796486854553, 0.022384261712431908, 0.023847579956054688, 0.7185215950012207], "frame_9": [0.5089927911758423, 0.40640974044799805, 0.04578501358628273, 0.04664459079504013, 0.5847020745277405, 0.5098796486854553, 0.022384261712431908, 0.023847579956054688, 0.6791890859603882], "frame_10": [0.508953869342804, 0.40635156631469727, 0.04576704278588295, 0.04653303325176239, 0.5847020745277405, 0.5098796486854553, 0.022384261712431908, 0.023847579956054688, 0.6194807887077332], "frame_11": [0.5089113116264343, 0.40637901425361633, 0.04578437656164169, 0.04660835117101669, 0.5847020745277405, 0.5098796486854553, 0.022384261712431908, 0.023847579956054688, 0.533592700958252], "frame_12": [0.5091040134429932, 0.4064643085002899, 0.04618966951966286, 0.04651031643152237, 0.5847020745277405, 0.5098796486854553, 0.022384261712431908, 0.023847579956054688, 0.5012359023094177], "frame_13": [0.5089318156242371, 0.4063306152820587, 0.04566938430070877, 0.04665268957614899, 0.5847020745277405, 0.5098796486854553, 0.022384261712431908, 0.023847579956054688, 0.48654478788375854], "frame_14": [0.5087830424308777, 0.4063197672367096, 0.04544800519943237, 0.04662950336933136, 0.5847020745277405, 0.5098796486854553, 0.022384261712431908, 0.023847579956054688, 0.47122693061828613], "frame_15": [0.5087053775787354, 0.40628883242607117, 0.04532432556152344, 0.04653799161314964, 0.5847020745277405, 0.5098796486854553, 0.022384261712431908, 0.023847579956054688, 0.42282357811927795], "frame_16": [0.5087170600891113, 0.4062708616256714, 0.0452745221555233, 0.04655520245432854, 0.3404631018638611, 0.5008484125137329, 0.021215863525867462, 0.02570631168782711, 0.5647112131118774], "frame_17": [0.5088295936584473, 0.4062485694885254, 0.04551582410931587, 0.04655168205499649, 0.33320826292037964, 0.49655163288116455, 0.02161017432808876, 0.021717919036746025, 0.4715254306793213], "frame_18": [0.5089318752288818, 0.40631115436553955, 0.045818030834198, 0.046623144298791885, 0.3281081020832062, 0.4944708049297333, 0.020127106457948685, 0.019099723547697067, 0.6023067235946655], "frame_19": [0.5091027021408081, 0.4063800871372223, 0.04616072028875351, 0.046618904918432236, 0.3228661119937897, 0.49533921480178833, 0.021158790215849876, 0.022099684923887253, 0.4839584231376648], "frame_20": [0.509103536605835, 0.406372606754303, 0.04613189771771431, 0.046566009521484375, 0.3195747435092926, 0.4958305358886719, 0.022153472527861595, 0.0216386578977108, 0.5574559569358826], "frame_21": [0.5089972615242004, 0.4063764214515686, 0.04577691853046417, 0.046630859375, 0.31491413712501526, 0.49573326110839844, 0.021962441504001617, 0.020937178283929825, 0.5972698926925659], "frame_22": [0.508908748626709, 0.40632200241088867, 0.04574250057339668, 0.046608734875917435, 0.31197604537010193, 0.49428147077560425, 0.021766196936368942, 0.021201493218541145, 0.6688876748085022], "frame_23": [0.5089030861854553, 0.40629470348358154, 0.04561424255371094, 0.046882543712854385, 0.30898159742355347, 0.4922181963920593, 0.020176315680146217, 0.021617423743009567, 0.625855028629303], "frame_24": [0.5088616013526917, 0.40593627095222473, 0.04563140869140625, 0.04613736644387245, 0.30813977122306824, 0.489065557718277, 0.021826278418302536, 0.02196400985121727, 0.4891749620437622], "frame_25": [0.508907675743103, 0.40597355365753174, 0.04574907198548317, 0.04622747749090195, 0.30702081322669983, 0.48506519198417664, 0.021311569958925247, 0.02167205885052681, 0.5224949717521667], "frame_26": [0.5089935064315796, 0.40602681040763855, 0.04594472423195839, 0.046221837401390076, 0.3062376081943512, 0.48032882809638977, 0.02145165391266346, 0.02131635881960392, 0.524257481098175], "frame_27": [0.5088986158370972, 0.406057745218277, 0.045802898705005646, 0.04607272520661354, 0.30580854415893555, 0.47565579414367676, 0.02182598039507866, 0.022190602496266365, 0.5210857391357422], "frame_28": [0.5089253187179565, 0.40610021352767944, 0.04586809128522873, 0.04614715650677681, 0.30671629309654236, 0.46968087553977966, 0.021263694390654564, 0.024216080084443092, 0.5975812077522278], "frame_29": [0.5088086128234863, 0.40591251850128174, 0.045789167284965515, 0.04598503187298775, 0.31012821197509766, 0.4609769284725189, 0.021253671497106552, 0.026209810748696327, 0.596628725528717], "frame_30": [0.5088744163513184, 0.4059731364250183, 0.04603063687682152, 0.04605598375201225, 0.3176787793636322, 0.44587981700897217, 0.02100677415728569, 0.021324751898646355, 0.774403989315033], "frame_31": [0.508904755115509, 0.4059629738330841, 0.046112824231386185, 0.04601249843835831, 0.3260941505432129, 0.4339728355407715, 0.020493507385253906, 0.022086333483457565, 0.90796959400177], "frame_32": [0.5088708400726318, 0.4059637188911438, 0.04598138481378555, 0.04586991295218468, 0.33742034435272217, 0.421548455953598, 0.02473636157810688, 0.02532958984375, 0.8311699628829956], "frame_33": [0.5088657140731812, 0.40607962012290955, 0.04598253220319748, 0.04615898057818413, 0.34659042954444885, 0.4094628095626831, 0.02078045718371868, 0.022829437628388405, 0.8453041315078735], "frame_34": [0.5087945461273193, 0.40599533915519714, 0.04584380239248276, 0.046083491295576096, 0.3573152422904968, 0.39763015508651733, 0.02084331586956978, 0.023240957409143448, 0.8413669466972351], "frame_35": [0.5088213682174683, 0.4059855043888092, 0.04590661823749542, 0.04607633128762245, 0.36729463934898376, 0.38817545771598816, 0.020984776318073273, 0.024233754724264145, 0.8454388976097107], "frame_36": [0.5092135071754456, 0.4059921205043793, 0.0467570424079895, 0.046033985912799835, 0.37754762172698975, 0.37851470708847046, 0.020910687744617462, 0.024022886529564857, 0.7802877426147461], "frame_37": [0.5092567205429077, 0.4060085415840149, 0.04681311547756195, 0.04606950655579567, 0.38738974928855896, 0.3712184429168701, 0.02175225131213665, 0.023549269884824753, 0.6781721711158752], "frame_38": [0.5092875361442566, 0.40605974197387695, 0.046714019030332565, 0.04622361809015274, 0.3985165059566498, 0.3649917244911194, 0.02139180526137352, 0.022592926397919655, 0.5715604424476624],