{"frame_0": [0.5079067349433899, 0.40426746010780334, 0.0452711321413517, 0.04611667990684509, 0.21977165341377258, 0.5752845406532288, 0.023989763110876083, 0.02185533381998539, 0.0], "frame_1": [0.5079982280731201, 0.4041573405265808, 0.04585486650466919, 0.04633428901433945, 0.22665786743164062, 0.5762322545051575, 0.025632094591856003, 0.02380065992474556, 0.0], "frame_2": [0.5080386400222778, 0.40425533056259155, 0.04602470248937607, 0.046406470239162445, 0.23623813688755035, 0.5763640403747559, 0.022780906409025192, 0.022267913445830345, 0.0], "frame_3": [0.5080276727676392, 0.4042600095272064, 0.0459136962890625, 0.04636230319738388, 0.24465671181678772, 0.5761505961418152, 0.024852370843291283, 0.022871781140565872, 0.0], "frame_4": [0.508120059967041, 0.40426355600357056, 0.045946501195430756, 0.046321697533130646, 0.2506024241447449, 0.5745040774345398, 0.023446761071681976, 0.02222646027803421, 0.0], "frame_5": [0.5081446170806885, 0.40426212549209595, 0.04604208096861839, 0.04621628671884537, 0.25480860471725464, 0.5742257833480835, 0.023751365020871162, 0.022414397448301315, 0.0], "frame_6": [0.5085599422454834, 0.4043003022670746, 0.04665319621562958, 0.046102821826934814, 0.2600972056388855, 0.5728263258934021, 0.021731842309236526, 0.021254941821098328, 0.0], "frame_7": [0.5084426999092102, 0.40428221225738525, 0.04637908935546875, 0.04620416462421417, 0.2642219662666321, 0.571077823638916, 0.023327551782131195, 0.021360397338867188, 0.0], "frame_8": [0.5084304809570312, 0.4042443037033081, 0.04638709872961044, 0.04620802029967308, 0.2642219662666321, 0.571077823638916, 0.023327551782131195, 0.021360397338867188, 0.0], "frame_9": [0.5085376501083374, 0.40427160263061523, 0.046571265906095505, 0.04626007005572319, 0.2741166651248932, 0.563835620880127, 0.021199459210038185, 0.01843244768679142, 0.0], "frame_10": [0.5084753036499023, 0.4042283892631531, 0.04647161811590195, 0.04620526731014252, 0.2774066925048828, 0.560280442237854, 0.023722542449831963, 0.019606400281190872, 0.0], "frame_11": [0.5084789395332336, 0.4042801856994629, 0.04659576341509819, 0.04627189785242081, 0.2794010043144226, 0.5558726787567139, 0.02103405073285103, 0.021409522742033005, 0.0], "frame_12": [0.508411169052124, 0.4043930768966675, 0.04686622694134712, 0.046814896166324615, 0.28195589780807495, 0.5500804781913757, 0.020467568188905716, 0.019706811755895615, 0.0], "frame_13": [0.5083931088447571, 0.4043380320072174, 0.046820830553770065, 0.04694366455078125, 0.28332558274269104, 0.5440105199813843, 0.021486664190888405, 0.020246971398591995, 0.0], "frame_14": [0.5084254741668701, 0.4043639302253723, 0.0468834787607193, 0.04700872674584389, 0.2840389311313629, 0.5370389223098755, 0.02024943009018898, 0.020632553845643997, 0.0], "frame_15": [0.5085628032684326, 0.40441375970840454, 0.04726219177246094, 0.046947140246629715, 0.2834751009941101, 0.531436562538147, 0.02069023996591568, 0.02225935272872448, 0.0], "frame_16": [0.5086119771003723, 0.4043824076652527, 0.04738654941320419, 0.046888817101716995, 0.2822442650794983, 0.5258010029792786, 0.020191574469208717, 0.022700203582644463, 0.5300182104110718], "frame_17": [0.5085527896881104, 0.4043593406677246, 0.04734018072485924, 0.04677145183086395, 0.27954399585723877, 0.5217369794845581, 0.02025212161242962, 0.023013560101389885, 0.5583091974258423], "frame_18": [0.5085595846176147, 0.40436723828315735, 0.04733429104089737, 0.04674186557531357, 0.27671632170677185, 0.518673300743103, 0.02195080742239952, 0.023014746606349945, 0.6168132424354553], "frame_19": [0.5085840821266174, 0.40435782074928284, 0.04737680405378342, 0.04677331820130348, 0.27473607659339905, 0.5148388147354126, 0.02107272669672966, 0.022436777129769325, 0.0], "frame_20": [0.5085272789001465, 0.4043174386024475, 0.04728372395038605, 0.046713851392269135, 0.2724733054637909, 0.5118694305419922, 0.02198467217385769, 0.021390363574028015, 0.636849045753479], "frame_21": [0.5081360936164856, 0.404244065284729, 0.04646284133195877, 0.04714393615722656, 0.2704766094684601, 0.5110266208648682, 0.025798797607421875, 0.021285545080900192, 0.7364868521690369], "frame_22": [0.5081084966659546, 0.40433022379875183, 0.0465749092400074, 0.04711608961224556, 0.27005594968795776, 0.5098166465759277, 0.02529144287109375, 0.021132109686732292, 0.0], "frame_23": [0.5079861283302307, 0.404223769903183, 0.046376802027225494, 0.046815574169158936, 0.26958876848220825, 0.5088691711425781, 0.02527840994298458, 0.02260538749396801, 0.0], "frame_24": [0.50828617811203, 0.40441906452178955, 0.04635420814156532, 0.047441862523555756, 0.26911917328834534, 0.505615234375, 0.02218981832265854, 0.02182464674115181, 0.9721091985702515], "frame_25": [0.5082642436027527, 0.4043978452682495, 0.046302031725645065, 0.04740070924162865, 0.26949188113212585, 0.5031708478927612, 0.02147914096713066, 0.02161475270986557, 0.6681055426597595], "frame_26": [0.5082647800445557, 0.4043861925601959, 0.04623052850365639, 0.04747212678194046, 0.26924052834510803, 0.49952104687690735, 0.022640716284513474, 0.021660825237631798, 0.6126830577850342], "frame_27": [0.5081961154937744, 0.40437638759613037, 0.0461229532957077, 0.04755210876464844, 0.2700533866882324, 0.49566376209259033, 0.02291596680879593, 0.02196350134909153, 0.7904514670372009], "frame_28": [0.5082098245620728, 0.40434423089027405, 0.04601877182722092, 0.04752824455499649, 0.2711116373538971, 0.4896906614303589, 0.022367287427186966, 0.021404817700386047, 0.8057306408882141], "frame_29": [0.508345365524292, 0.40436214208602905, 0.04627265781164169, 0.0475148931145668, 0.27161353826522827, 0.4829842448234558, 0.022576142102479935, 0.020945146679878235, 0.12431614845991135], "frame_30": [0.5083062052726746, 0.404327392578125, 0.04628600925207138, 0.04736734926700592, 0.27426761388778687, 0.4749714732170105, 0.021113013848662376, 0.021453263238072395, 0.9508448839187622], "frame_31": [0.5082120895385742, 0.40429890155792236, 0.046161651611328125, 0.047360993921756744, 0.27737879753112793, 0.46361207962036133, 0.02037830278277397, 0.02338731475174427, 0.4952124059200287], "frame_32": [0.5081825852394104, 0.40433529019355774, 0.046198103576898575, 0.04737196862697601, 0.2830992639064789, 0.4472882151603699, 0.019200896844267845, 0.021416304633021355, 0.8318886756896973], "frame_33": [0.5082271099090576, 0.4042893350124359, 0.04622993618249893, 0.047503747045993805, 0.2905344069004059, 0.4339330494403839, 0.020655356347560883, 0.02305908128619194, 0.8767817616462708], "frame_34": [0.5082533955574036, 0.4042997658252716, 0.04645661264657974, 0.04758262634277344, 0.2972307503223419, 0.420548677444458, 0.019947094842791557, 0.02279103547334671, 0.8304497599601746], "frame_35": [0.5082398056983948, 0.40421608090400696, 0.046405620872974396, 0.04741783067584038, 0.30441465973854065, 0.4076037108898163, 0.02042187564074993, 0.0213470458984375, 0.8045191168785095], "frame_36": [0.5081710815429688, 0.40398627519607544, 0.04626007005572319, 0.04701538011431694, 0.3121042847633362, 0.3947799801826477, 0.01970840059220791, 0.02070075087249279, 0.7331829071044922], "frame_37": [0.508137583732605, 0.4039197266101837, 0.046238962560892105, 0.04687775671482086, 0.31868183612823486, 0.38352373242378235, 0.01943272538483143, 0.019887415692210197, 0.729596734046936], "frame_38": [0.5081397891044617, 0.40385255217552185, 0.04607391357421875, 0.046831682324409485, 0.32594016194343567, 0.37412211298942566, 0.019102182239294052, 0.021393204107880592, 0.6572599411010742], "frame_39": [0.5080887675285339, 0.4037843346595764, 0.04586906358599663, 0.04696790874004364, 0.33402496576309204, 0.3649619519710541, 0.019886398687958717, 0.02242230251431465, 0.6561983823776245], "frame_40": [0.5080851316452026, 0.4038306474685669, 0.04605912044644356, 0.04698897525668144, 0.3413302004337311, 0.3569975197315216, 0.019166182726621628, 0.020595932379364967, 0.6899242401123047],