{"frame_0": [0.5078814029693604, 0.4054073393344879, 0.046292494982481, 0.046852875500917435, 0.12588107585906982, 0.5682170391082764, 0.020352723076939583, 0.02135637030005455, 0.0], "frame_1": [0.5080075860023499, 0.40525901317596436, 0.04635810852050781, 0.046762678772211075, 0.12588107585906982, 0.5682170391082764, 0.020352723076939583, 0.02135637030005455, 0.0], "frame_2": [0.5080286860466003, 0.4052795469760895, 0.04643880948424339, 0.046814728528261185, 0.140684574842453, 0.5697497129440308, 0.022769471630454063, 0.020192336291074753, 0.0], "frame_3": [0.5080384016036987, 0.40532243251800537, 0.0464002825319767, 0.046872328966856, 0.1472337245941162, 0.5695304274559021, 0.018804222345352173, 0.01990356482565403, 0.0], "frame_4": [0.5081344842910767, 0.4053215980529785, 0.04650438204407692, 0.04669969528913498, 0.15299607813358307, 0.5699052810668945, 0.019441943615674973, 0.019255278632044792, 0.0], "frame_5": [0.5082469582557678, 0.4053906798362732, 0.04688690975308418, 0.04680383577942848, 0.15778186917304993, 0.5695781111717224, 0.019701650366187096, 0.019260406494140625, 0.0], "frame_6": [0.508525550365448, 0.4054117798805237, 0.04721459373831749, 0.04636785760521889, 0.16222922503948212, 0.5684905052185059, 0.018354129046201706, 0.020661713555455208, 0.0], "frame_7": [0.508579432964325, 0.40540653467178345, 0.04740753024816513, 0.04631996154785156, 0.16276250779628754, 0.5757803916931152, 0.016176657751202583, 0.04489385709166527, 0.0], "frame_8": [0.5080141425132751, 0.4054192304611206, 0.04662352800369263, 0.04692531004548073, 0.1683565080165863, 0.5607817769050598, 0.019208908081054688, 0.01839684322476387, 0.0], "frame_9": [0.5080249905586243, 0.4054238200187683, 0.046685196459293365, 0.04696846008300781, 0.17202156782150269, 0.5570249557495117, 0.019186390563845634, 0.018880929797887802, 0.0], "frame_10": [0.5081923007965088, 0.40540772676467896, 0.04698982089757919, 0.046916283667087555, 0.17351795732975006, 0.5507418513298035, 0.020311206579208374, 0.020063400268554688, 0.0], "frame_11": [0.5082738995552063, 0.40538549423217773, 0.04702958092093468, 0.04689301550388336, 0.1750217229127884, 0.5441898107528687, 0.020374754443764687, 0.019350051879882812, 0.6098058819770813], "frame_12": [0.5082044005393982, 0.4052945375442505, 0.04689903184771538, 0.04724498465657234, 0.17636550962924957, 0.5384376645088196, 0.02195737697184086, 0.02224138006567955, 0.6321905851364136], "frame_13": [0.508181095123291, 0.40529099106788635, 0.046891022473573685, 0.04724277928471565, 0.17617811262607574, 0.5328854322433472, 0.02089911513030529, 0.02346055768430233, 0.0], "frame_14": [0.5081356763839722, 0.40526530146598816, 0.046898819506168365, 0.04729042202234268, 0.1755830943584442, 0.5274393558502197, 0.018916362896561623, 0.024596404284238815, 0.0], "frame_15": [0.5081007480621338, 0.40523841977119446, 0.0467657707631588, 0.047299575060606, 0.17394737899303436, 0.5239137411117554, 0.019773408770561218, 0.026247110217809677, 0.0], "frame_16": [0.5080154538154602, 0.40521493554115295, 0.04667472839355469, 0.04728736728429794, 0.17394737899303436, 0.5239137411117554, 0.019773408770561218, 0.026247110217809677, 0.3786700665950775], "frame_17": [0.5079851746559143, 0.40521669387817383, 0.04657003656029701, 0.047295548021793365, 0.17394737899303436, 0.5239137411117554, 0.019773408770561218, 0.026247110217809677, 0.06125055253505707], "frame_18": [0.5079969763755798, 0.4052218198776245, 0.04656427353620529, 0.04729406535625458, 0.17394737899303436, 0.5239137411117554, 0.019773408770561218, 0.026247110217809677, 0.0], "frame_19": [0.5079657435417175, 0.4052053689956665, 0.04655342176556587, 0.04723387956619263, 0.17394737899303436, 0.5239137411117554, 0.019773408770561218, 0.026247110217809677, 0.0], "frame_20": [0.5079640746116638, 0.4052201211452484, 0.04656706750392914, 0.0472412109375, 0.16868266463279724, 0.5114114284515381, 0.02137458510696888, 0.020996475592255592, 0.47929906845092773], "frame_21": [0.508430540561676, 0.4051421284675598, 0.04719199985265732, 0.04689178615808487, 0.16948704421520233, 0.5092287659645081, 0.02163509838283062, 0.019646834582090378, 0.0], "frame_22": [0.5083403587341309, 0.4051129221916199, 0.04706764221191406, 0.046704016625881195, 0.17064355313777924, 0.5081285238265991, 0.022481748834252357, 0.020577620714902878, 0.0], "frame_23": [0.508305549621582, 0.40509605407714844, 0.04703500494360924, 0.04673648253083229, 0.1714220643043518, 0.5059153437614441, 0.022382905706763268, 0.022000588476657867, 0.0], "frame_24": [0.5078480839729309, 0.40494292974472046, 0.04649641364812851, 0.04684571176767349, 0.17317208647727966, 0.5011401772499084, 0.02332392707467079, 0.02312401682138443, 0.6637410521507263], "frame_25": [0.5079522728919983, 0.4049679934978485, 0.04671609774231911, 0.04688665643334389, 0.17505893111228943, 0.4952024817466736, 0.02219773456454277, 0.021544435992836952, 0.7340680956840515], "frame_26": [0.5083945393562317, 0.40499794483184814, 0.04735696688294411, 0.04673254117369652, 0.17713211476802826, 0.48891982436180115, 0.022652000188827515, 0.023183822631835938, 0.8532795906066895], "frame_27": [0.5083433985710144, 0.4049367308616638, 0.047313690185546875, 0.046586524695158005, 0.17945580184459686, 0.47994565963745117, 0.020865578204393387, 0.02212982252240181, 0.799559473991394], "frame_28": [0.5082927346229553, 0.4048958122730255, 0.04708137363195419, 0.046781159937381744, 0.18461613357067108, 0.46820059418678284, 0.020292939618229866, 0.023507477715611458, 0.4224270284175873], "frame_29": [0.5082967281341553, 0.40487366914749146, 0.0470333956182003, 0.04680158942937851, 0.19143541157245636, 0.44990646839141846, 0.020383791998028755, 0.02039794996380806, 0.804797351360321], "frame_30": [0.5082688331604004, 0.4048795998096466, 0.04710608720779419, 0.04676475375890732, 0.20070227980613708, 0.43446242809295654, 0.020358148962259293, 0.020553674548864365, 0.884433925151825], "frame_31": [0.5083061456680298, 0.4049585163593292, 0.047219932079315186, 0.04672406613826752, 0.20983560383319855, 0.4187840223312378, 0.017963219434022903, 0.01910858228802681, 0.8241131901741028], "frame_32": [0.5082866549491882, 0.40491077303886414, 0.047226883471012115, 0.046656884253025055, 0.21761587262153625, 0.404318630695343, 0.018638525158166885, 0.019718678668141365, 0.8485152125358582], "frame_33": [0.5083115696907043, 0.40488290786743164, 0.04731733351945877, 0.04659898579120636, 0.22621849179267883, 0.3913450539112091, 0.020773697644472122, 0.020935693755745888, 0.8504911065101624], "frame_34": [0.5082773566246033, 0.40482980012893677, 0.04713181406259537, 0.046453941613435745, 0.23519505560398102, 0.3788530230522156, 0.01882019080221653, 0.021886911243200302, 0.8268064856529236], "frame_35": [0.5084953904151917, 0.4049166440963745, 0.047508154064416885, 0.04651171341538429, 0.2444942742586136, 0.36622756719589233, 0.020076625049114227, 0.020794210955500603, 0.7847777605056763], "frame_36": [0.5087754130363464, 0.4048738181591034, 0.0478736013174057, 0.04615737125277519, 0.2531793415546417, 0.3568905293941498, 0.020288657397031784, 0.022617297247052193, 0.779943585395813], "frame_37": [0.5088225603103638, 0.4048278033733368, 0.04782884567975998, 0.04623294249176979, 0.2620813846588135, 0.34578195214271545, 0.018349457532167435, 0.020877456292510033, 0.7161259055137634], "frame_38": [0.5087257623672485, 0.40480050444602966, 0.04759559780359268, 0.046485986560583115, 0.27004000544548035, 0.33703261613845825, 0.02051715925335884, 0.02212878316640854, 0.6547556519508362], "frame_39": [0.5081299543380737, 0.4049089252948761, 0.046655867248773575, 0.04683731868863106, 0.27004000544548035, 0.33703261613845825, 0.02051715925335884, 0.02212878316640854, 0.5987052321434021], "frame_40": [0.5085514783859253, 0.40491291880607605, 0.0474158376455307, 0.046881020069122314, 0.2904154360294342, 0.3230699598789215, 0.02072075754404068, 0.02235802635550499, 0.626764178276062],