{"frame_0": [0.6307166218757629, 0.3944037854671478, 0.04996909946203232, 0.050566017627716064, 0.8739005327224731, 0.6685911417007446, 0.022248078137636185, 0.028364945203065872, 0.793178141117096], "frame_1": [0.6309430599212646, 0.39445987343788147, 0.04933692142367363, 0.04997100681066513, 0.8739005327224731, 0.6685911417007446, 0.022248078137636185, 0.028364945203065872, 0.7176653742790222], "frame_2": [0.6309155821800232, 0.39442312717437744, 0.04933556541800499, 0.04993319883942604, 0.8739005327224731, 0.6685911417007446, 0.022248078137636185, 0.028364945203065872, 0.7908779978752136], "frame_3": [0.6309002041816711, 0.3942180573940277, 0.04934098944067955, 0.04952392727136612, 0.8739005327224731, 0.6685911417007446, 0.022248078137636185, 0.028364945203065872, 0.7757595777511597], "frame_4": [0.6309280395507812, 0.39416593313217163, 0.04923468828201294, 0.049463652074337006, 0.88893723487854, 0.6113055348396301, 0.024620480835437775, 0.027475738897919655, 0.632506787776947], "frame_5": [0.630878210067749, 0.39427515864372253, 0.04929161071777344, 0.04954342171549797, 0.8900453448295593, 0.6013388633728027, 0.02146148681640625, 0.022351624444127083, 0.762345016002655], "frame_6": [0.6308258771896362, 0.39427638053894043, 0.04918937757611275, 0.049561139196157455, 0.8900453448295593, 0.6013388633728027, 0.02146148681640625, 0.022351624444127083, 0.7080703973770142], "frame_7": [0.6307910680770874, 0.39427557587623596, 0.049105241894721985, 0.04953320696949959, 0.8900453448295593, 0.6013388633728027, 0.02146148681640625, 0.022351624444127083, 0.6410417556762695], "frame_8": [0.6308086514472961, 0.39428356289863586, 0.049079641699790955, 0.04954024404287338, 0.903272271156311, 0.5693797469139099, 0.02274305559694767, 0.028477011248469353, 0.616774320602417], "frame_9": [0.6308544874191284, 0.3942999839782715, 0.049190349876880646, 0.04954643175005913, 0.9080482721328735, 0.5648834705352783, 0.0242131557315588, 0.0266265869140625, 0.593174934387207], "frame_10": [0.6308648586273193, 0.3943047821521759, 0.04923956096172333, 0.049511805176734924, 0.908876895904541, 0.5623189210891724, 0.02195027656853199, 0.026175308972597122, 0.27032792568206787], "frame_11": [0.6309199929237366, 0.39430686831474304, 0.04928313195705414, 0.04948319494724274, 0.9103283286094666, 0.5610253214836121, 0.022708892822265625, 0.02662675641477108, 0.0], "frame_12": [0.6309711337089539, 0.39451903104782104, 0.04897155612707138, 0.04932454600930214, 0.9117486476898193, 0.5601993203163147, 0.02383694052696228, 0.027843093499541283, 0.0], "frame_13": [0.6309732794761658, 0.3945198953151703, 0.04897727817296982, 0.049341242760419846, 0.9112129211425781, 0.5602660179138184, 0.02402530238032341, 0.02838287316262722, 0.0], "frame_14": [0.6309797763824463, 0.39452895522117615, 0.04900076240301132, 0.049355823546648026, 0.9083511233329773, 0.5594123601913452, 0.02469635009765625, 0.02902069129049778, 0.0], "frame_15": [0.6309938430786133, 0.3945210874080658, 0.049019623547792435, 0.04934052377939224, 0.9051181077957153, 0.5544776916503906, 0.024791548028588295, 0.028374312445521355, 0.5997129082679749], "frame_16": [0.6309914588928223, 0.3945470154285431, 0.049094561487436295, 0.049317847937345505, 0.9051181077957153, 0.5544776916503906, 0.024791548028588295, 0.028374312445521355, 0.6423353552818298], "frame_17": [0.6309968829154968, 0.39454159140586853, 0.04912452772259712, 0.049302078783512115, 0.9021896123886108, 0.5281633734703064, 0.02670135535299778, 0.025963380932807922, 0.8685451149940491], "frame_18": [0.6310179233551025, 0.39455974102020264, 0.04918793588876724, 0.04934137314558029, 0.9021896123886108, 0.5281633734703064, 0.02670135535299778, 0.025963380932807922, 0.0], "frame_19": [0.6310330629348755, 0.39455169439315796, 0.04919081926345825, 0.04934205114841461, 0.9021896123886108, 0.5281633734703064, 0.02670135535299778, 0.025963380932807922, 0.0], "frame_20": [0.6311285495758057, 0.3945746421813965, 0.04936018958687782, 0.04934052377939224, 0.9021896123886108, 0.5281633734703064, 0.02670135535299778, 0.025963380932807922, 0.0], "frame_21": [0.6311208605766296, 0.39457032084465027, 0.04935760423541069, 0.04936248064041138, 0.9021896123886108, 0.5281633734703064, 0.02670135535299778, 0.025963380932807922, 0.0], "frame_22": [0.6311026811599731, 0.39458024501800537, 0.04931449890136719, 0.04935760423541069, 0.9021896123886108, 0.5281633734703064, 0.02670135535299778, 0.025963380932807922, 0.0], "frame_23": [0.6310837864875793, 0.3945675194263458, 0.04926757887005806, 0.04931780323386192, 0.9021896123886108, 0.5281633734703064, 0.02670135535299778, 0.025963380932807922, 0.0], "frame_24": [0.6308372616767883, 0.3944547474384308, 0.048580341041088104, 0.049834441393613815, 0.9021896123886108, 0.5281633734703064, 0.02670135535299778, 0.025963380932807922, 0.0], "frame_25": [0.630832850933075, 0.394453763961792, 0.048566438257694244, 0.04983999580144882, 0.9694035649299622, 0.4476412534713745, 0.026034969836473465, 0.027064895257353783, 0.9312708973884583], "frame_26": [0.6308386325836182, 0.39445987343788147, 0.04854698106646538, 0.04986711964011192, 0.9694035649299622, 0.4476412534713745, 0.026034969836473465, 0.027064895257353783, 0.0], "frame_27": [0.6308193802833557, 0.3944782614707947, 0.048500653356313705, 0.04990594834089279, 0.9694035649299622, 0.4476412534713745, 0.026034969836473465, 0.027064895257353783, 0.0], "frame_28": [0.630888819694519, 0.3944837749004364, 0.04862755537033081, 0.04986212030053139, 0.9694035649299622, 0.4476412534713745, 0.026034969836473465, 0.027064895257353783, 0.0], "frame_29": [0.6308009028434753, 0.3945175111293793, 0.04861437529325485, 0.04987636208534241, 0.9694035649299622, 0.4476412534713745, 0.026034969836473465, 0.027064895257353783, 0.0], "frame_30": [0.6308851838111877, 0.39453285932540894, 0.04883575439453125, 0.04982100427150726, 0.9370837807655334, 0.3936775326728821, 0.02916259691119194, 0.026466835290193558, 0.7989212274551392], "frame_31": [0.6308830976486206, 0.3944880962371826, 0.04882202297449112, 0.0498531349003315, 0.9230700731277466, 0.37802478671073914, 0.02510223351418972, 0.029037093743681908, 0.8028045892715454], "frame_32": [0.6308594346046448, 0.39450642466545105, 0.04868583753705025, 0.04981498792767525, 0.912668764591217, 0.36335232853889465, 0.02492065355181694, 0.02846306748688221, 0.7290086150169373], "frame_33": [0.6308504939079285, 0.3945024311542511, 0.04867727309465408, 0.04981507360935211, 0.9020166397094727, 0.3495701253414154, 0.020843505859375, 0.02639598771929741, 0.6891313195228577], "frame_34": [0.6311219334602356, 0.39453810453414917, 0.04923591762781143, 0.04991306737065315, 0.8895339369773865, 0.3399685025215149, 0.02167358435690403, 0.026615990325808525, 0.7889052629470825], "frame_35": [0.6310872435569763, 0.3945188820362091, 0.049065399914979935, 0.04997037351131439, 0.8762899041175842, 0.32915493845939636, 0.023837873712182045, 0.030349964275956154, 0.848041296005249], "frame_36": [0.6309553384780884, 0.3947797417640686, 0.04880095645785332, 0.0498843714594841, 0.8631181716918945, 0.321239709854126, 0.02502017468214035, 0.029895316809415817, 0.828394889831543], "frame_37": [0.6309043765068054, 0.39477890729904175, 0.0487850196659565, 0.049833595752716064, 0.8631181716918945, 0.321239709854126, 0.02502017468214035, 0.029895316809415817, 0.8418099880218506], "frame_38": [0.6308912634849548, 0.39477548003196716, 0.0487508550286293, 0.0498742014169693, 0.8360193967819214, 0.3070337176322937, 0.026659393683075905, 0.028964318335056305, 0.7963672876358032], "frame_39": [0.6309264898300171, 0.3947490155696869, 0.048607636243104935, 0.04991179704666138, 0.8253233432769775, 0.3024638295173645, 0.026163483038544655, 0.029739486053586006, 0.8348842859268188], "frame_40": [0.631011962890625, 0.39478495717048645, 0.048781756311655045, 0.04990789666771889, 0.8148841261863708, 0.2989490330219269, 0.02293701097369194, 0.028033066540956497, 0.7704175114631653],