{"frame_0": [0.6298556923866272, 0.3975059390068054, 0.05196189880371094, 0.048983849585056305, 0.2929161489009857, 0.6463931798934937, 0.025745688006281853, 0.029375627636909485, 0.9916675686836243], "frame_1": [0.6292921304702759, 0.39744454622268677, 0.05062836408615112, 0.0492994524538517, 0.29093852639198303, 0.6339487433433533, 0.023943668231368065, 0.028847714886069298, 0.9452943205833435], "frame_2": [0.6292867064476013, 0.39745762944221497, 0.0504041463136673, 0.04933976009488106, 0.29024839401245117, 0.6212260723114014, 0.02132973074913025, 0.03156623989343643, 0.8845231533050537], "frame_3": [0.629356861114502, 0.3975157141685486, 0.05029279738664627, 0.04919026792049408, 0.29024839401245117, 0.6212260723114014, 0.02132973074913025, 0.03156623989343643, 0.8790926933288574], "frame_4": [0.6292774081230164, 0.3975261151790619, 0.05004221573472023, 0.04915580898523331, 0.29024839401245117, 0.6212260723114014, 0.02132973074913025, 0.03156623989343643, 0.8197566270828247], "frame_5": [0.6292933821678162, 0.3975696861743927, 0.05019111558794975, 0.04904289171099663, 0.29024839401245117, 0.6212260723114014, 0.02132973074913025, 0.03156623989343643, 0.8216926455497742], "frame_6": [0.6292744278907776, 0.3975876569747925, 0.04963531345129013, 0.04902661591768265, 0.29024839401245117, 0.6212260723114014, 0.02132973074913025, 0.03156623989343643, 0.7855369448661804], "frame_7": [0.6293715834617615, 0.3976098299026489, 0.04962942376732826, 0.0489349365234375, 0.29024839401245117, 0.6212260723114014, 0.02132973074913025, 0.03156623989343643, 0.767955482006073], "frame_8": [0.6293612718582153, 0.3976145386695862, 0.04961853101849556, 0.04892938584089279, 0.29024839401245117, 0.6212260723114014, 0.02132973074913025, 0.03156623989343643, 0.7420063018798828], "frame_9": [0.6293810606002808, 0.39760658144950867, 0.04969656094908714, 0.04893578588962555, 0.29024839401245117, 0.6212260723114014, 0.02132973074913025, 0.03156623989343643, 0.7211260199546814], "frame_10": [0.6294226050376892, 0.39760276675224304, 0.04974411800503731, 0.04889318719506264, 0.29024839401245117, 0.6212260723114014, 0.02132973074913025, 0.03156623989343643, 0.7605412006378174], "frame_11": [0.6295269727706909, 0.39767855405807495, 0.049492646008729935, 0.04882341995835304, 0.29024839401245117, 0.6212260723114014, 0.02132973074913025, 0.03156623989343643, 0.7553876638412476], "frame_12": [0.6293356418609619, 0.3977004885673523, 0.04968655854463577, 0.04925066605210304, 0.29024839401245117, 0.6212260723114014, 0.02132973074913025, 0.03156623989343643, 0.7691218852996826], "frame_13": [0.6293351054191589, 0.3977014422416687, 0.04970838874578476, 0.04925702512264252, 0.29024839401245117, 0.6212260723114014, 0.02132973074913025, 0.03156623989343643, 0.7650594711303711], "frame_14": [0.629317581653595, 0.39771702885627747, 0.04971906915307045, 0.049260713160037994, 0.29024839401245117, 0.6212260723114014, 0.02132973074913025, 0.03156623989343643, 0.7634128332138062], "frame_15": [0.6293179392814636, 0.3977047801017761, 0.049742888659238815, 0.0492485910654068, 0.29024839401245117, 0.6212260723114014, 0.02132973074913025, 0.03156623989343643, 0.8152465224266052], "frame_16": [0.6293079257011414, 0.3977178931236267, 0.049758657813072205, 0.049274273216724396, 0.29024839401245117, 0.6212260723114014, 0.02132973074913025, 0.03156623989343643, 0.8304611444473267], "frame_17": [0.6293068528175354, 0.3977220356464386, 0.049745772033929825, 0.04927168786525726, 0.29024839401245117, 0.6212260723114014, 0.02132973074913025, 0.03156623989343643, 0.8616659641265869], "frame_18": [0.6293995976448059, 0.39763548970222473, 0.04988899081945419, 0.04928474500775337, 0.29024839401245117, 0.6212260723114014, 0.02132973074913025, 0.03156623989343643, 0.8604689836502075], "frame_19": [0.6293852925300598, 0.3975972533226013, 0.04982558265328407, 0.04921654611825943, 0.29024839401245117, 0.6212260723114014, 0.02132973074913025, 0.03156623989343643, 0.8085969686508179], "frame_20": [0.629385769367218, 0.39759624004364014, 0.049822065979242325, 0.04921752214431763, 0.29024839401245117, 0.6212260723114014, 0.02132973074913025, 0.03156623989343643, 0.7728339433670044], "frame_21": [0.629386842250824, 0.3975963890552521, 0.04981803894042969, 0.04921014606952667, 0.2771066129207611, 0.5999948978424072, 0.021003002300858498, 0.020929167047142982, 0.6828844547271729], "frame_22": [0.629459023475647, 0.3976282775402069, 0.04973805695772171, 0.04921315610408783, 0.2771066129207611, 0.5999948978424072, 0.021003002300858498, 0.020929167047142982, 0.6092374324798584], "frame_23": [0.6294589638710022, 0.39763352274894714, 0.04971360042691231, 0.04922362416982651, 0.2825354039669037, 0.5771815776824951, 0.022003937512636185, 0.025392066687345505, 0.6079047322273254], "frame_24": [0.6293445825576782, 0.3977205455303192, 0.049555376172065735, 0.049178823828697205, 0.2825354039669037, 0.5771815776824951, 0.022003937512636185, 0.025392066687345505, 0.5109280347824097], "frame_25": [0.6293463110923767, 0.39772042632102966, 0.04958457872271538, 0.049168989062309265, 0.2825354039669037, 0.5771815776824951, 0.022003937512636185, 0.025392066687345505, 0.4398406744003296], "frame_26": [0.629346489906311, 0.39770957827568054, 0.049588777124881744, 0.0491764061152935, 0.2825354039669037, 0.5771815776824951, 0.022003937512636185, 0.025392066687345505, 0.4337769150733948], "frame_27": [0.6293756365776062, 0.3977106809616089, 0.04963171109557152, 0.049174964427948, 0.2825354039669037, 0.5771815776824951, 0.022003937512636185, 0.025392066687345505, 0.4255416691303253], "frame_28": [0.6293734312057495, 0.39771729707717896, 0.04962264001369476, 0.049170006066560745, 0.2825354039669037, 0.5771815776824951, 0.022003937512636185, 0.025392066687345505, 0.4829072952270508], "frame_29": [0.6293637156486511, 0.39769846200942993, 0.049622513353824615, 0.04916873574256897, 0.2825354039669037, 0.5771815776824951, 0.022003937512636185, 0.025392066687345505, 0.7396520972251892], "frame_30": [0.6294056177139282, 0.3976207673549652, 0.049503497779369354, 0.04923180490732193, 0.29728034138679504, 0.46594807505607605, 0.02650570310652256, 0.026503372937440872, 0.6848205327987671], "frame_31": [0.6294279098510742, 0.39764857292175293, 0.04963035508990288, 0.0492587611079216, 0.3089088499546051, 0.44427910447120667, 0.02518242783844471, 0.027401817962527275, 0.8517769575119019], "frame_32": [0.6293386220932007, 0.397636741399765, 0.049602508544921875, 0.04925888776779175, 0.3213934898376465, 0.4236604571342468, 0.024676747620105743, 0.029933717101812363, 0.8710602521896362], "frame_33": [0.6293537020683289, 0.39763519167900085, 0.049640484154224396, 0.04918975755572319, 0.33332329988479614, 0.40770313143730164, 0.022892188280820847, 0.026755904778838158, 0.8282818794250488], "frame_34": [0.6293240189552307, 0.3976128399372101, 0.04959123581647873, 0.04917182773351669, 0.33332329988479614, 0.40770313143730164, 0.022892188280820847, 0.026755904778838158, 0.7715237736701965], "frame_35": [0.6293628811836243, 0.3976272642612457, 0.04963548481464386, 0.04920722171664238, 0.3576451539993286, 0.37469983100891113, 0.02409191057085991, 0.026886750012636185, 0.708647608757019], "frame_36": [0.6289942264556885, 0.3978789150714874, 0.04892120510339737, 0.049411773681640625, 0.3701298236846924, 0.36099305748939514, 0.023617681115865707, 0.0278201624751091, 0.6947522163391113], "frame_37": [0.6289724707603455, 0.39791929721832275, 0.04905662685632706, 0.04937680438160896, 0.3831979036331177, 0.3484199643135071, 0.02261572889983654, 0.025937652215361595, 0.6709853410720825], "frame_38": [0.6288760900497437, 0.3978271186351776, 0.04952307790517807, 0.04948120191693306, 0.3949839770793915, 0.3378359377384186, 0.023444365710020065, 0.02760043740272522, 0.7470473051071167], "frame_39": [0.6288543939590454, 0.3978201448917389, 0.049357011914253235, 0.049383122473955154, 0.40725457668304443, 0.32764485478401184, 0.02251129224896431, 0.02641616389155388, 0.6857048869132996],