{"frame_0": [0.6288331151008606, 0.39629000425338745, 0.04917869716882706, 0.04895422235131264, 0.6932892203330994, 0.38545456528663635, 0.022907257080078125, 0.027254698798060417, 0.0], "frame_1": [0.6290417313575745, 0.39626753330230713, 0.049748145043849945, 0.0489458292722702, 0.6932892203330994, 0.38545456528663635, 0.022907257080078125, 0.027254698798060417, 0.0], "frame_2": [0.6291724443435669, 0.3961171507835388, 0.04977777227759361, 0.04900750145316124, 0.6932892203330994, 0.38545456528663635, 0.022907257080078125, 0.027254698798060417, 0.0], "frame_3": [0.629252016544342, 0.3961634337902069, 0.05005226284265518, 0.04898626357316971, 0.6932892203330994, 0.38545456528663635, 0.022907257080078125, 0.027254698798060417, 0.0], "frame_4": [0.6292575597763062, 0.39616045355796814, 0.050060272216796875, 0.04897448047995567, 0.6932892203330994, 0.38545456528663635, 0.022907257080078125, 0.027254698798060417, 0.0], "frame_5": [0.6292682886123657, 0.39616793394088745, 0.05010087788105011, 0.04896753281354904, 0.6932892203330994, 0.38545456528663635, 0.022907257080078125, 0.027254698798060417, 0.0], "frame_6": [0.6291120648384094, 0.39619794487953186, 0.04989662021398544, 0.04895490035414696, 0.9861865639686584, 0.5638457536697388, 0.02747192420065403, 0.029396269470453262, 0.0], "frame_7": [0.6291232109069824, 0.39619970321655273, 0.049964141100645065, 0.04890717566013336, 0.9861865639686584, 0.5638457536697388, 0.02747192420065403, 0.029396269470453262, 0.0], "frame_8": [0.6291532516479492, 0.3961879312992096, 0.04989263787865639, 0.04887758940458298, 0.9656202793121338, 0.5742703080177307, 0.032393984496593475, 0.03020765446126461, 0.0], "frame_9": [0.6290499567985535, 0.39624255895614624, 0.04998474195599556, 0.049025725573301315, 0.9597827196121216, 0.5756207704544067, 0.029614003375172615, 0.029445266351103783, 0.0], "frame_10": [0.6290671229362488, 0.3962456285953522, 0.04986398667097092, 0.04894765093922615, 0.9530795812606812, 0.5813266634941101, 0.029471587389707565, 0.03152788057923317, 0.0], "frame_11": [0.6290667653083801, 0.39624321460723877, 0.049899205565452576, 0.04887538403272629, 0.9486784338951111, 0.5853497385978699, 0.02677459642291069, 0.03011644072830677, 0.0], "frame_12": [0.6291233897209167, 0.3963913023471832, 0.04943084716796875, 0.04862895607948303, 0.9461469650268555, 0.5880815386772156, 0.02888030931353569, 0.029758453369140625, 0.0], "frame_13": [0.6291142702102661, 0.3963893949985504, 0.04940223693847656, 0.04863264411687851, 0.9461469650268555, 0.5880815386772156, 0.02888030931353569, 0.029758453369140625, 0.0], "frame_14": [0.6289552450180054, 0.39661476016044617, 0.05010736361145973, 0.0488237589597702, 0.9461469650268555, 0.5880815386772156, 0.02888030931353569, 0.029758453369140625, 0.0], "frame_15": [0.6289504766464233, 0.39661067724227905, 0.050072479993104935, 0.048814307898283005, 0.9461469650268555, 0.5880815386772156, 0.02888030931353569, 0.029758453369140625, 0.0], "frame_16": [0.6291115283966064, 0.39637526869773865, 0.049314625561237335, 0.048625774681568146, 0.9461469650268555, 0.5880815386772156, 0.02888030931353569, 0.029758453369140625, 0.0], "frame_17": [0.6291117072105408, 0.39637142419815063, 0.04932365566492081, 0.048613738268613815, 0.9461469650268555, 0.5880815386772156, 0.02888030931353569, 0.029758453369140625, 0.0], "frame_18": [0.6292088627815247, 0.39637356996536255, 0.049534693360328674, 0.04866209998726845, 0.9109350442886353, 0.5689844489097595, 0.02452545240521431, 0.029075410217046738, 0.0], "frame_19": [0.6292746663093567, 0.3963054120540619, 0.049431610852479935, 0.04870842769742012, 0.903885543346405, 0.5561642646789551, 0.02519836463034153, 0.028893111273646355, 0.0], "frame_20": [0.6292246580123901, 0.3964846432209015, 0.04977522790431976, 0.048777006566524506, 0.903885543346405, 0.5561642646789551, 0.02519836463034153, 0.028893111273646355, 0.0], "frame_21": [0.6293082237243652, 0.39629825949668884, 0.04947225749492645, 0.048607125878334045, 0.9016751050949097, 0.5249074101448059, 0.026889462023973465, 0.026837538927793503, 0.0], "frame_22": [0.6293073296546936, 0.39628592133522034, 0.04955817386507988, 0.048596106469631195, 0.9070824384689331, 0.5081650614738464, 0.02814517542719841, 0.029965803027153015, 0.0], "frame_23": [0.6292977929115295, 0.3962782025337219, 0.04951184615492821, 0.04869024455547333, 0.9070824384689331, 0.5081650614738464, 0.02814517542719841, 0.029965803027153015, 0.0], "frame_24": [0.6294315457344055, 0.39632317423820496, 0.049991779029369354, 0.04848022386431694, 0.9070824384689331, 0.5081650614738464, 0.02814517542719841, 0.029965803027153015, 0.0], "frame_25": [0.6294190287590027, 0.396337628364563, 0.049968890845775604, 0.04850646108388901, 0.9337915182113647, 0.46902987360954285, 0.03240780159831047, 0.036334991455078125, 0.0], "frame_26": [0.6293985247612, 0.3963461220264435, 0.04999504238367081, 0.04844924062490463, 0.934557318687439, 0.4599429965019226, 0.03271671012043953, 0.034905750304460526, 0.0], "frame_27": [0.6293824315071106, 0.3963005840778351, 0.04994163662195206, 0.04838913679122925, 0.934557318687439, 0.4599429965019226, 0.03271671012043953, 0.034905750304460526, 0.0], "frame_28": [0.6294223666191101, 0.39627605676651, 0.049766793847084045, 0.04834001511335373, 0.934557318687439, 0.4599429965019226, 0.03271671012043953, 0.034905750304460526, 0.0], "frame_29": [0.629449725151062, 0.39634132385253906, 0.04991912841796875, 0.04831712692975998, 0.9244055151939392, 0.40930238366127014, 0.02502593956887722, 0.02859480120241642, 0.0], "frame_30": [0.6293067932128906, 0.39663589000701904, 0.05119188129901886, 0.04858415573835373, 0.9122627377510071, 0.3943566083908081, 0.02588314563035965, 0.028364859521389008, 0.0], "frame_31": [0.629396915435791, 0.3964307904243469, 0.05025329440832138, 0.0483965128660202, 0.8987957239151001, 0.38163435459136963, 0.025779129937291145, 0.026485994458198547, 0.0], "frame_32": [0.6294278502464294, 0.3963932991027832, 0.05019035190343857, 0.04840918630361557, 0.887238085269928, 0.3694726824760437, 0.026694657281041145, 0.027765952050685883, 0.7925610542297363], "frame_33": [0.6293967962265015, 0.3963924050331116, 0.050128936767578125, 0.04842330142855644, 0.8748741745948792, 0.35724708437919617, 0.02677273191511631, 0.027821138501167297, 0.8198374509811401], "frame_34": [0.6293545961380005, 0.39630386233329773, 0.04991798475384712, 0.048488955944776535, 0.8634055852890015, 0.34876149892807007, 0.0254330113530159, 0.028378190472722054, 0.8573791980743408], "frame_35": [0.6293787360191345, 0.3963160514831543, 0.049990464001894, 0.048553552478551865, 0.8525894284248352, 0.34120672941207886, 0.02417755126953125, 0.028850428760051727, 0.8396633267402649], "frame_36": [0.6293033957481384, 0.3961586058139801, 0.049859534949064255, 0.04840151593089104, 0.8413457274436951, 0.33325114846229553, 0.025907473638653755, 0.02899409458041191, 0.8417254686355591], "frame_37": [0.6292772889137268, 0.3961527943611145, 0.04977700859308243, 0.048381295055150986, 0.831818163394928, 0.32840120792388916, 0.022395070642232895, 0.0266545619815588, 0.8544820547103882], "frame_38": [0.629313588142395, 0.3961421549320221, 0.049900226294994354, 0.048388585448265076, 0.831818163394928, 0.32840120792388916, 0.022395070642232895, 0.0266545619815588, 0.8707578778266907], "frame_39": [0.6293042302131653, 0.3961581289768219, 0.049936506897211075, 0.04839545488357544, 0.8097161054611206, 0.3216361701488495, 0.02476043626666069, 0.030201001092791557, 0.0], "frame_40": [0.6293174028396606, 0.39616453647613525, 0.04993782192468643, 0.04837781935930252, 0.799805223941803, 0.3210110068321228, 0.02214151993393898, 0.028382999822497368, 0.7834796905517578], "frame_41": [0.629317581653595, 0.3961484134197235, 0.04993828758597374, 0.04831572622060776, 0.7887011766433716, 0.3206784129142761, 0.021487850695848465, 0.026619020849466324, 0.785680890083313],