{"frame_0": [0.6297439932823181, 0.3958396911621094, 0.04892205074429512, 0.04998995363712311, 0.543548583984375, 0.4891180992126465, 0.02325134351849556, 0.02503289096057415, 0.6778953671455383], "frame_1": [0.6296512484550476, 0.3959367573261261, 0.04910668358206749, 0.04957881569862366, 0.543548583984375, 0.4891180992126465, 0.02325134351849556, 0.02503289096057415, 0.5438686013221741], "frame_2": [0.6296454668045044, 0.39589813351631165, 0.049115754663944244, 0.049605391919612885, 0.543548583984375, 0.4891180992126465, 0.02325134351849556, 0.02503289096057415, 0.10958096385002136], "frame_3": [0.6297380924224854, 0.39578256011009216, 0.04913825914263725, 0.04932916536927223, 0.543548583984375, 0.4891180992126465, 0.02325134351849556, 0.02503289096057415, 0.06678681820631027], "frame_4": [0.629798948764801, 0.39579087495803833, 0.04914292320609093, 0.04930775985121727, 0.543548583984375, 0.4891180992126465, 0.02325134351849556, 0.02503289096057415, 0.1167827844619751], "frame_5": [0.6297269463539124, 0.3957994282245636, 0.04900169372558594, 0.04934722185134888, 0.543548583984375, 0.4891180992126465, 0.02325134351849556, 0.02503289096057415, 0.056622397154569626], "frame_6": [0.6297215819358826, 0.39581358432769775, 0.04899406433105469, 0.049354128539562225, 0.543548583984375, 0.4891180992126465, 0.02325134351849556, 0.02503289096057415, 0.6122493147850037], "frame_7": [0.6298179626464844, 0.3959089517593384, 0.04912550002336502, 0.04947496950626373, 0.543548583984375, 0.4891180992126465, 0.02325134351849556, 0.02503289096057415, 0.9320481419563293], "frame_8": [0.6298576593399048, 0.3959083557128906, 0.0492122657597065, 0.04945157468318939, 0.543548583984375, 0.4891180992126465, 0.02325134351849556, 0.02503289096057415, 0.4499228596687317], "frame_9": [0.6298532485961914, 0.39589834213256836, 0.04918861389160156, 0.04943843558430672, 0.543548583984375, 0.4891180992126465, 0.02325134351849556, 0.02503289096057415, 0.5835642218589783], "frame_10": [0.6298661231994629, 0.3958674967288971, 0.049270037561655045, 0.04934302344918251, 0.543548583984375, 0.4891180992126465, 0.02325134351849556, 0.02503289096057415, 0.9636791944503784], "frame_11": [0.6298773884773254, 0.39587947726249695, 0.04933145269751549, 0.04936472699046135, 0.543548583984375, 0.4891180992126465, 0.02325134351849556, 0.02503289096057415, 0.9879618287086487], "frame_12": [0.629923939704895, 0.39604848623275757, 0.04921828210353851, 0.049267664551734924, 0.543548583984375, 0.4891180992126465, 0.02325134351849556, 0.02503289096057415, 0.12106532603502274], "frame_13": [0.6299161911010742, 0.39604127407073975, 0.04917937517166138, 0.0492662638425827, 0.543548583984375, 0.4891180992126465, 0.02325134351849556, 0.02503289096057415, 0.7657598853111267], "frame_14": [0.6299121379852295, 0.39603501558303833, 0.0491512306034565, 0.04927198588848114, 0.543548583984375, 0.4891180992126465, 0.02325134351849556, 0.02503289096057415, 0.5566614270210266], "frame_15": [0.6299442052841187, 0.3960267901420593, 0.04914262518286705, 0.04930314049124718, 0.543548583984375, 0.4891180992126465, 0.02325134351849556, 0.02503289096057415, 0.7651476860046387], "frame_16": [0.6299794316291809, 0.39599376916885376, 0.04914110153913498, 0.049325644969940186, 0.543548583984375, 0.4891180992126465, 0.02325134351849556, 0.02503289096057415, 0.6470566391944885], "frame_17": [0.6299703121185303, 0.39598482847213745, 0.04911452531814575, 0.04932713136076927, 0.543548583984375, 0.4891180992126465, 0.02325134351849556, 0.02503289096057415, 0.6603356599807739], "frame_18": [0.6299770474433899, 0.3959946036338806, 0.04914093017578125, 0.049346838146448135, 0.543548583984375, 0.4891180992126465, 0.02325134351849556, 0.02503289096057415, 0.5042107105255127], "frame_19": [0.6299933791160583, 0.3960207998752594, 0.04925863444805145, 0.049372609704732895, 0.543548583984375, 0.4891180992126465, 0.02325134351849556, 0.02503289096057415, 0.5180172324180603], "frame_20": [0.6300013065338135, 0.3960455060005188, 0.04936731234192848, 0.04935501888394356, 0.543548583984375, 0.4891180992126465, 0.02325134351849556, 0.02503289096057415, 0.4627632796764374], "frame_21": [0.6298171281814575, 0.39599311351776123, 0.04951409250497818, 0.04926317185163498, 0.37996339797973633, 0.48045462369918823, 0.02002563513815403, 0.02025129459798336, 0.5219621062278748], "frame_22": [0.6297356486320496, 0.3959159851074219, 0.04973335191607475, 0.04937659204006195, 0.37996339797973633, 0.48045462369918823, 0.02002563513815403, 0.02025129459798336, 0.5153717994689941], "frame_23": [0.6298896670341492, 0.3959732949733734, 0.049514006823301315, 0.04917822778224945, 0.37996339797973633, 0.48045462369918823, 0.02002563513815403, 0.02025129459798336, 0.48166996240615845], "frame_24": [0.6298087239265442, 0.39589300751686096, 0.04935095086693764, 0.04892734810709953, 0.3634868264198303, 0.45919957756996155, 0.024055078625679016, 0.02772166021168232, 0.5266271829605103], "frame_25": [0.6298202276229858, 0.3958885669708252, 0.04940681532025337, 0.048936206847429276, 0.3633215129375458, 0.45337212085723877, 0.024401919916272163, 0.029986191540956497, 0.579045832157135], "frame_26": [0.62982177734375, 0.39590293169021606, 0.0494062639772892, 0.04893290251493454, 0.3649112582206726, 0.44439393281936646, 0.02563764713704586, 0.029648421332240105, 0.5525904297828674], "frame_27": [0.6298513412475586, 0.3959321677684784, 0.0495191365480423, 0.048987239599227905, 0.3651444613933563, 0.43614256381988525, 0.02494759112596512, 0.029036501422524452, 0.5366197228431702], "frame_28": [0.6299182772636414, 0.395954966545105, 0.04966261237859726, 0.04895172268152237, 0.36961227655410767, 0.42670440673828125, 0.025007333606481552, 0.03116929717361927, 0.621393084526062], "frame_29": [0.6299048662185669, 0.3959501385688782, 0.04958932846784592, 0.04890327528119087, 0.3753655254840851, 0.4119093120098114, 0.025385072454810143, 0.027329212054610252, 0.7649929523468018], "frame_30": [0.6299605369567871, 0.3959748148918152, 0.04973581060767174, 0.04894523695111275, 0.3860202431678772, 0.3956644833087921, 0.025442037731409073, 0.031218847259879112, 0.8195300698280334], "frame_31": [0.6299830079078674, 0.39601194858551025, 0.04963510483503342, 0.04899529367685318, 0.3958512246608734, 0.3782350420951843, 0.027942784130573273, 0.03272463381290436, 0.861940324306488], "frame_32": [0.630023181438446, 0.395782470703125, 0.049723222851753235, 0.048625774681568146, 0.4083196818828583, 0.36667659878730774, 0.025450855493545532, 0.02681598626077175, 0.8678063750267029], "frame_33": [0.6300485134124756, 0.39586296677589417, 0.04990052059292793, 0.048787519335746765, 0.4186629354953766, 0.35528796911239624, 0.025733565911650658, 0.026805030182003975, 0.9268840551376343], "frame_34": [0.6300691366195679, 0.3958337604999542, 0.0499921590089798, 0.048745304346084595, 0.43056249618530273, 0.34412235021591187, 0.022622892633080482, 0.025359343737363815, 0.9786131381988525], "frame_35": [0.6302337646484375, 0.3957732319831848, 0.05015428364276886, 0.04888428747653961, 0.4405072033405304, 0.33382347226142883, 0.023695966228842735, 0.02703380584716797, 0.969722330570221], "frame_36": [0.6298608779907227, 0.3958520293235779, 0.0494069829583168, 0.049187131226062775, 0.45297232270240784, 0.3253895938396454, 0.019888009876012802, 0.02633923478424549, 0.9191718697547913], "frame_37": [0.629875123500824, 0.3958854377269745, 0.049430761486291885, 0.04921654611825943, 0.4641121029853821, 0.3177739083766937, 0.018401335924863815, 0.02533978410065174, 0.7055566310882568], "frame_38": [0.6298432946205139, 0.3958572447299957, 0.04936044663190842, 0.04916449636220932, 0.470162957906723, 0.312215119600296, 0.023128509521484375, 0.02884570136666298, 0.7204282879829407], "frame_39": [0.6298142075538635, 0.3959033489227295, 0.049340058118104935, 0.0491458885371685, 0.47983840107917786, 0.30839741230010986, 0.023210695013403893, 0.02635106071829796, 0.6838678121566772],