{"frame_0": [0.6289384365081787, 0.3953838646411896, 0.04970834404230118, 0.04944877699017525, 0.46934500336647034, 0.397720605134964, 0.020145798102021217, 0.024892129004001617, 0.7781856060028076], "frame_1": [0.6287568211555481, 0.39541739225387573, 0.04894294589757919, 0.048146650195121765, 0.46934500336647034, 0.397720605134964, 0.020145798102021217, 0.024892129004001617, 0.8177315592765808], "frame_2": [0.6287466287612915, 0.39559945464134216, 0.04977124556899071, 0.04813982546329498, 0.46934500336647034, 0.397720605134964, 0.020145798102021217, 0.024892129004001617, 0.8237612247467041], "frame_3": [0.6287572979927063, 0.395572692155838, 0.04981015622615814, 0.04807281494140625, 0.46934500336647034, 0.397720605134964, 0.020145798102021217, 0.024892129004001617, 0.8090702891349792], "frame_4": [0.6288883090019226, 0.3953425884246826, 0.049103714525699615, 0.048163775354623795, 0.46934500336647034, 0.397720605134964, 0.020145798102021217, 0.024892129004001617, 0.817008376121521], "frame_5": [0.6288363933563232, 0.3954385221004486, 0.04920319467782974, 0.048397742211818695, 0.46934500336647034, 0.397720605134964, 0.020145798102021217, 0.024892129004001617, 0.8147295713424683], "frame_6": [0.6288632750511169, 0.39566463232040405, 0.04953642934560776, 0.04820777103304863, 0.46934500336647034, 0.397720605134964, 0.020145798102021217, 0.024892129004001617, 0.810024082660675], "frame_7": [0.6288994550704956, 0.39569491147994995, 0.04960594326257706, 0.048276137560606, 0.46934500336647034, 0.397720605134964, 0.020145798102021217, 0.024892129004001617, 0.7872918248176575], "frame_8": [0.6289130449295044, 0.3956979513168335, 0.04966757073998451, 0.0482679158449173, 0.46934500336647034, 0.397720605134964, 0.020145798102021217, 0.024892129004001617, 0.7709492444992065], "frame_9": [0.6289021372795105, 0.3957170844078064, 0.049677446484565735, 0.04833763837814331, 0.46934500336647034, 0.397720605134964, 0.020145798102021217, 0.024892129004001617, 0.7775533199310303], "frame_10": [0.6288681626319885, 0.39570948481559753, 0.04960937425494194, 0.04839125648140907, 0.46934500336647034, 0.397720605134964, 0.020145798102021217, 0.024892129004001617, 0.7803727984428406], "frame_11": [0.6288884878158569, 0.39575254917144775, 0.04949493333697319, 0.0484388992190361, 0.46934500336647034, 0.397720605134964, 0.020145798102021217, 0.024892129004001617, 0.7458347082138062], "frame_12": [0.6290324926376343, 0.39584189653396606, 0.04911329597234726, 0.04844542592763901, 0.46934500336647034, 0.397720605134964, 0.020145798102021217, 0.024892129004001617, 0.7153834700584412], "frame_13": [0.6290329694747925, 0.3958429992198944, 0.049121007323265076, 0.04844483360648155, 0.46934500336647034, 0.397720605134964, 0.020145798102021217, 0.024892129004001617, 0.7224330306053162], "frame_14": [0.6290391087532043, 0.39584773778915405, 0.04912605136632919, 0.04845500364899635, 0.46934500336647034, 0.397720605134964, 0.020145798102021217, 0.024892129004001617, 0.7122548222541809], "frame_15": [0.6290335059165955, 0.3958272337913513, 0.049083411693573, 0.048429787158966064, 0.46934500336647034, 0.397720605134964, 0.020145798102021217, 0.024892129004001617, 0.7258783578872681], "frame_16": [0.6290314793586731, 0.3958311378955841, 0.04907112196087837, 0.04842669144272804, 0.46934500336647034, 0.397720605134964, 0.020145798102021217, 0.024892129004001617, 0.7297732830047607], "frame_17": [0.6290244460105896, 0.3955904543399811, 0.04856147617101669, 0.04822713881731033, 0.46934500336647034, 0.397720605134964, 0.020145798102021217, 0.024892129004001617, 0.7042627334594727], "frame_18": [0.6289847493171692, 0.39583995938301086, 0.04907857999205589, 0.0484781488776207, 0.46934500336647034, 0.397720605134964, 0.020145798102021217, 0.024892129004001617, 0.6392044425010681], "frame_19": [0.6289224624633789, 0.39584383368492126, 0.04897372052073479, 0.04849086329340935, 0.22981825470924377, 0.5919396877288818, 0.01932540535926819, 0.022068236023187637, 0.6469493508338928], "frame_20": [0.6289142370223999, 0.3958410620689392, 0.04896087571978569, 0.0485018827021122, 0.22981825470924377, 0.5919396877288818, 0.01932540535926819, 0.022068236023187637, 0.6224524974822998], "frame_21": [0.6290594339370728, 0.3958543539047241, 0.04911410063505173, 0.04858029633760452, 0.22981825470924377, 0.5919396877288818, 0.01932540535926819, 0.022068236023187637, 0.538203239440918], "frame_22": [0.6290493607521057, 0.39582040905952454, 0.049110498279333115, 0.048517607152462006, 0.22981825470924377, 0.5919396877288818, 0.01932540535926819, 0.022068236023187637, 0.5438294410705566], "frame_23": [0.6290054321289062, 0.3957606852054596, 0.049031831324100494, 0.04838477075099945, 0.22981825470924377, 0.5919396877288818, 0.01932540535926819, 0.022068236023187637, 0.5220361948013306], "frame_24": [0.6290234923362732, 0.3958858549594879, 0.04900474473834038, 0.048535242676734924, 0.22981825470924377, 0.5919396877288818, 0.01932540535926819, 0.022068236023187637, 0.5217099785804749], "frame_25": [0.6290582418441772, 0.39590978622436523, 0.04911499097943306, 0.04849332198500633, 0.23216693103313446, 0.530492901802063, 0.019807243719697, 0.026535416021943092, 0.5767710208892822], "frame_26": [0.6290522217750549, 0.3959228992462158, 0.04900483042001724, 0.048530831933021545, 0.2332238107919693, 0.5185955166816711, 0.0214686281979084, 0.02647552452981472, 0.38282015919685364], "frame_27": [0.6290542483329773, 0.39590463042259216, 0.0490553118288517, 0.048528291285037994, 0.23879140615463257, 0.5022707581520081, 0.020203208550810814, 0.025114228948950768, 0.4609111547470093], "frame_28": [0.6290850639343262, 0.39588093757629395, 0.049145594239234924, 0.048457589000463486, 0.24908265471458435, 0.4839639365673065, 0.021022478118538857, 0.027294710278511047, 0.6942865252494812], "frame_29": [0.6291032433509827, 0.39589419960975647, 0.04919920861721039, 0.04848984628915787, 0.2632341682910919, 0.46477219462394714, 0.019531631842255592, 0.025771204382181168, 0.8412004113197327], "frame_30": [0.6290523409843445, 0.39587876200675964, 0.049152202904224396, 0.04845339432358742, 0.2795887589454651, 0.44553181529045105, 0.020696215331554413, 0.024287795647978783, 0.8737168312072754], "frame_31": [0.6290622353553772, 0.39597031474113464, 0.049234770238399506, 0.04856300354003906, 0.29542243480682373, 0.4266982078552246, 0.022196579724550247, 0.025188233703374863, 0.8228377103805542], "frame_32": [0.6290022730827332, 0.3959173560142517, 0.04914648085832596, 0.04850713908672333, 0.29542243480682373, 0.4266982078552246, 0.022196579724550247, 0.025188233703374863, 0.8178777694702148], "frame_33": [0.6289675831794739, 0.39562514424324036, 0.04855126142501831, 0.04839159548282623, 0.3281102478504181, 0.39418038725852966, 0.022454388439655304, 0.025574112311005592, 0.7649510502815247], "frame_34": [0.629091203212738, 0.3956829905509949, 0.04860856756567955, 0.04820115864276886, 0.3440409004688263, 0.3803988993167877, 0.023070145398378372, 0.025859154760837555, 0.7820135354995728], "frame_35": [0.6290847063064575, 0.3956660032272339, 0.0487060546875, 0.04824019595980644, 0.36016491055488586, 0.36662375926971436, 0.019406232982873917, 0.02450067736208439, 0.8065503835678101], "frame_36": [0.6290310025215149, 0.3957759439945221, 0.048685964196920395, 0.04843101650476456, 0.3774823844432831, 0.3548663556575775, 0.02242448553442955, 0.025579070672392845, 0.4880863428115845], "frame_37": [0.6290419101715088, 0.3960482180118561, 0.04950887709856033, 0.04875458776950836, 0.3934570848941803, 0.34332016110420227, 0.020336998626589775, 0.02391796186566353, 0.42020127177238464], "frame_38": [0.6290315985679626, 0.3960525393486023, 0.04946776479482651, 0.04873288422822952, 0.40961116552352905, 0.33442988991737366, 0.020357344299554825, 0.024911880493164062, 0.596173107624054],