{"frame_0": [0.6285281777381897, 0.39846643805503845, 0.049529436975717545, 0.049246132373809814, 0.7538908123970032, 0.6846140623092651, 0.027317555621266365, 0.030862130224704742, 0.8653455972671509], "frame_1": [0.6283499598503113, 0.3983595073223114, 0.04882308095693588, 0.04929551109671593, 0.755328893661499, 0.7085739374160767, 0.026129743084311485, 0.030238384380936623, 0.8782784938812256], "frame_2": [0.6283725500106812, 0.39832308888435364, 0.048869915306568146, 0.0493757463991642, 0.7557640671730042, 0.6920210123062134, 0.02700246125459671, 0.031231900677084923, 0.9385833144187927], "frame_3": [0.628368079662323, 0.3983399569988251, 0.04888170212507248, 0.0492706298828125, 0.7567929029464722, 0.6749586462974548, 0.023866526782512665, 0.030189640820026398, 0.9628541469573975], "frame_4": [0.6283334493637085, 0.39836010336875916, 0.04878425598144531, 0.049237653613090515, 0.7578440308570862, 0.6596189737319946, 0.02226850762963295, 0.027282927185297012, 0.9453103542327881], "frame_5": [0.6283234357833862, 0.3983892798423767, 0.04872114211320877, 0.0493089035153389, 0.7578440308570862, 0.6596189737319946, 0.02226850762963295, 0.027282927185297012, 0.8587688207626343], "frame_6": [0.6283286213874817, 0.398370623588562, 0.04869774729013443, 0.04928576201200485, 0.7578440308570862, 0.6596189737319946, 0.02226850762963295, 0.027282927185297012, 0.9631029367446899], "frame_7": [0.6283284425735474, 0.39861106872558594, 0.04896058142185211, 0.04932810366153717, 0.7578440308570862, 0.6596189737319946, 0.02226850762963295, 0.027282927185297012, 0.24764111638069153], "frame_8": [0.6282482147216797, 0.39864781498908997, 0.04891357570886612, 0.049361929297447205, 0.7578440308570862, 0.6596189737319946, 0.02226850762963295, 0.027282927185297012, 0.8375586867332458], "frame_9": [0.6281610131263733, 0.39862900972366333, 0.04893362149596214, 0.04947425052523613, 0.7578440308570862, 0.6596189737319946, 0.02226850762963295, 0.027282927185297012, 0.7559694647789001], "frame_10": [0.6281970739364624, 0.39862796664237976, 0.04890624061226845, 0.04951735585927963, 0.7578440308570862, 0.6596189737319946, 0.02226850762963295, 0.027282927185297012, 0.80357426404953], "frame_11": [0.6282605528831482, 0.39854228496551514, 0.04891404137015343, 0.04947607219219208, 0.7578440308570862, 0.6596189737319946, 0.02226850762963295, 0.027282927185297012, 0.8034522533416748], "frame_12": [0.6285461187362671, 0.3986768126487732, 0.0479261614382267, 0.049495697021484375, 0.7578440308570862, 0.6596189737319946, 0.02226850762963295, 0.027282927185297012, 0.7564052939414978], "frame_13": [0.6286554932594299, 0.3985600769519806, 0.04839057847857475, 0.04933128505945206, 0.7578440308570862, 0.6596189737319946, 0.02226850762963295, 0.027282927185297012, 0.7409921884536743], "frame_14": [0.6286458373069763, 0.3985346853733063, 0.04832496494054794, 0.04938354343175888, 0.7578440308570862, 0.6596189737319946, 0.02226850762963295, 0.027282927185297012, 0.8093658089637756], "frame_15": [0.6287162899971008, 0.39854729175567627, 0.04817674309015274, 0.04934332147240639, 0.7578440308570862, 0.6596189737319946, 0.02226850762963295, 0.027282927185297012, 0.8129330277442932], "frame_16": [0.6286715865135193, 0.3984968066215515, 0.04834861680865288, 0.04933624342083931, 0.7578440308570862, 0.6596189737319946, 0.02226850762963295, 0.027282927185297012, 0.7672734260559082], "frame_17": [0.628656268119812, 0.39849159121513367, 0.04825189337134361, 0.049343958497047424, 0.7578440308570862, 0.6596189737319946, 0.02226850762963295, 0.027282927185297012, 0.79109787940979], "frame_18": [0.6286284327507019, 0.3984474241733551, 0.04835785925388336, 0.049359895288944244, 0.7578440308570862, 0.6596189737319946, 0.02226850762963295, 0.027282927185297012, 0.8617635369300842], "frame_19": [0.6285842061042786, 0.3984789550304413, 0.0481252446770668, 0.04934891685843468, 0.7578440308570862, 0.6596189737319946, 0.02226850762963295, 0.027282927185297012, 0.8635526299476624], "frame_20": [0.6286083459854126, 0.3985646665096283, 0.048133086413145065, 0.04925575107336044, 0.7578440308570862, 0.6596189737319946, 0.02226850762963295, 0.027282927185297012, 0.9104540944099426], "frame_21": [0.6286194920539856, 0.39856427907943726, 0.04811897128820419, 0.04922943189740181, 0.7578440308570862, 0.6596189737319946, 0.02226850762963295, 0.027282927185297012, 0.7101365327835083], "frame_22": [0.6286410093307495, 0.3985680341720581, 0.04820425063371658, 0.04919569194316864, 0.7578440308570862, 0.6596189737319946, 0.02226850762963295, 0.027282927185297012, 0.7172365784645081], "frame_23": [0.6286417841911316, 0.3985368013381958, 0.04812384769320488, 0.04930318146944046, 0.7578440308570862, 0.6596189737319946, 0.02226850762963295, 0.027282927185297012, 0.7711221575737], "frame_24": [0.628488302230835, 0.3984408974647522, 0.048294831067323685, 0.049598779529333115, 0.7578440308570862, 0.6596189737319946, 0.02226850762963295, 0.027282927185297012, 0.06517328321933746], "frame_25": [0.6284721493721008, 0.39846107363700867, 0.048274822533130646, 0.049644555896520615, 0.7578440308570862, 0.6596189737319946, 0.02226850762963295, 0.027282927185297012, 0.060763657093048096], "frame_26": [0.6284748911857605, 0.39846834540367126, 0.048309326171875, 0.04960666224360466, 0.7578440308570862, 0.6596189737319946, 0.02226850762963295, 0.027282927185297012, 0.31357312202453613], "frame_27": [0.6284980773925781, 0.39845818281173706, 0.048438262194395065, 0.04962344840168953, 0.776585042476654, 0.48418349027633667, 0.028145261108875275, 0.02879808284342289, 0.30505648255348206], "frame_28": [0.6285069584846497, 0.3983997702598572, 0.04846344143152237, 0.04992247745394707, 0.776585042476654, 0.48418349027633667, 0.028145261108875275, 0.02879808284342289, 0.4269682466983795], "frame_29": [0.6285721063613892, 0.398462176322937, 0.04868926852941513, 0.049975838512182236, 0.7667453289031982, 0.4403420388698578, 0.024929894134402275, 0.03030531108379364, 0.22449302673339844], "frame_30": [0.6284604072570801, 0.3984592854976654, 0.048508282750844955, 0.05001530051231384, 0.7605438828468323, 0.41881263256073, 0.02592044323682785, 0.02885979600250721, 0.38907966017723083], "frame_31": [0.6283960342407227, 0.39845529198646545, 0.0483882911503315, 0.04958932846784592, 0.7529541850090027, 0.4006998836994171, 0.02628428116440773, 0.03161744028329849, 0.9095746874809265], "frame_32": [0.6285502314567566, 0.3985224962234497, 0.048844147473573685, 0.050002627074718475, 0.7457062005996704, 0.38408762216567993, 0.02783796563744545, 0.030633417889475822, 0.8626447916030884], "frame_33": [0.6284832954406738, 0.3984977602958679, 0.048549823462963104, 0.049670662730932236, 0.7400641441345215, 0.37000003457069397, 0.025953589007258415, 0.026856232434511185, 0.041519735008478165], "frame_34": [0.6284876465797424, 0.39849966764450073, 0.04853647202253342, 0.049654386937618256, 0.7318689227104187, 0.3533279001712799, 0.02490539476275444, 0.032557275146245956, 0.18052008748054504], "frame_35": [0.6284385919570923, 0.3985627591609955, 0.04858466237783432, 0.04999847337603569, 0.7262316346168518, 0.3431195914745331, 0.02594774030148983, 0.02823674865067005, 0.33453062176704407], "frame_36": [0.6283661127090454, 0.3987765908241272, 0.048882123082876205, 0.05008934810757637, 0.719921886920929, 0.3314290940761566, 0.025878820568323135, 0.02899017371237278, 0.3064664900302887], "frame_37": [0.6284217238426208, 0.39878642559051514, 0.04908599704504013, 0.05010075122117996, 0.7146584391593933, 0.32180458307266235, 0.025593185797333717, 0.028524208813905716, 0.48607751727104187], "frame_38": [0.6284440755844116, 0.39881888031959534, 0.04887085035443306, 0.05006073787808418, 0.7096254229545593, 0.31483954191207886, 0.025680076330900192, 0.027689658105373383, 0.0], "frame_39": [0.6284122467041016, 0.39872658252716064, 0.048778533935546875, 0.049960579723119736, 0.7048729062080383, 0.3081625998020172, 0.02530025877058506, 0.02801189385354519, 0.3503093719482422],