{"frame_0": [0.6308507323265076, 0.3950033485889435, 0.0507938377559185, 0.05022239685058594, 0.4366287291049957, 0.5438836216926575, 0.030706193298101425, 0.030162429437041283, 0.5412625074386597], "frame_1": [0.6307563781738281, 0.39514949917793274, 0.05022163316607475, 0.04926355183124542, 0.4366287291049957, 0.5438836216926575, 0.030706193298101425, 0.030162429437041283, 0.5040345191955566], "frame_2": [0.6308487057685852, 0.39516177773475647, 0.05051155015826225, 0.04935569688677788, 0.430649071931839, 0.5516155958175659, 0.030499733984470367, 0.03879529982805252, 0.5216125845909119], "frame_3": [0.6308489441871643, 0.3951667845249176, 0.05038032680749893, 0.04929322004318237, 0.42712169885635376, 0.5506119132041931, 0.03007575124502182, 0.03186730295419693, 0.5211296081542969], "frame_4": [0.6308303475379944, 0.39517512917518616, 0.05037621408700943, 0.049313269555568695, 0.42712169885635376, 0.5506119132041931, 0.03007575124502182, 0.03186730295419693, 0.4467844069004059], "frame_5": [0.6308446526527405, 0.39507538080215454, 0.05018891394138336, 0.0493326410651207, 0.42712169885635376, 0.5506119132041931, 0.03007575124502182, 0.03186730295419693, 0.4681457281112671], "frame_6": [0.6309637427330017, 0.39511215686798096, 0.05034370347857475, 0.04943389818072319, 0.42712169885635376, 0.5506119132041931, 0.03007575124502182, 0.03186730295419693, 0.48918813467025757], "frame_7": [0.6309384107589722, 0.39509955048561096, 0.05021057277917862, 0.04943275451660156, 0.42712169885635376, 0.5506119132041931, 0.03007575124502182, 0.03186730295419693, 0.6017199754714966], "frame_8": [0.6309146285057068, 0.39508116245269775, 0.05024460703134537, 0.04939604923129082, 0.42712169885635376, 0.5506119132041931, 0.03007575124502182, 0.03186730295419693, 0.7326661944389343], "frame_9": [0.6309138536453247, 0.39509835839271545, 0.050266437232494354, 0.04938778281211853, 0.42712169885635376, 0.5506119132041931, 0.03007575124502182, 0.03186730295419693, 0.7938384413719177], "frame_10": [0.6308996677398682, 0.3951258361339569, 0.05035345256328583, 0.04935323819518089, 0.42712169885635376, 0.5506119132041931, 0.03007575124502182, 0.03186730295419693, 0.7981409430503845], "frame_11": [0.6310125589370728, 0.39502036571502686, 0.05068338289856911, 0.049347009509801865, 0.42712169885635376, 0.5506119132041931, 0.03007575124502182, 0.03186730295419693, 0.7750484943389893], "frame_12": [0.6313498616218567, 0.3951139748096466, 0.0501650907099247, 0.049128297716379166, 0.42712169885635376, 0.5506119132041931, 0.03007575124502182, 0.03186730295419693, 0.7638755440711975], "frame_13": [0.6313424110412598, 0.395113468170166, 0.05014275386929512, 0.04912376403808594, 0.42712169885635376, 0.5506119132041931, 0.03007575124502182, 0.03186730295419693, 0.7549185752868652], "frame_14": [0.6313450932502747, 0.39513877034187317, 0.05015716701745987, 0.049096763134002686, 0.42712169885635376, 0.5506119132041931, 0.03007575124502182, 0.03186730295419693, 0.6874666213989258], "frame_15": [0.6313402652740479, 0.39513927698135376, 0.05015907436609268, 0.049106426537036896, 0.42712169885635376, 0.5506119132041931, 0.03007575124502182, 0.03186730295419693, 0.45903903245925903], "frame_16": [0.6313443183898926, 0.3951299786567688, 0.05016191303730011, 0.04909468814730644, 0.42712169885635376, 0.5506119132041931, 0.03007575124502182, 0.03186730295419693, 0.05222312733530998], "frame_17": [0.63123619556427, 0.39511582255363464, 0.04997732490301132, 0.04907188564538956, 0.42712169885635376, 0.5506119132041931, 0.03007575124502182, 0.03186730295419693, 0.03000383824110031], "frame_18": [0.6312682032585144, 0.3951142132282257, 0.0500640869140625, 0.04910553991794586, 0.42712169885635376, 0.5506119132041931, 0.03007575124502182, 0.03186730295419693, 0.14785534143447876], "frame_19": [0.6312761306762695, 0.3951035439968109, 0.05001623183488846, 0.04907001927495003, 0.42712169885635376, 0.5506119132041931, 0.03007575124502182, 0.03186730295419693, 0.43392056226730347], "frame_20": [0.6313384175300598, 0.3950870931148529, 0.05000818148255348, 0.04905018210411072, 0.42712169885635376, 0.5506119132041931, 0.03007575124502182, 0.03186730295419693, 0.34185194969177246], "frame_21": [0.6313618421554565, 0.3950994610786438, 0.049928028136491776, 0.04900271072983742, 0.4163180887699127, 0.46962493658065796, 0.03382682800292969, 0.03504608944058418, 0.3363077640533447], "frame_22": [0.6313225626945496, 0.39508625864982605, 0.0498783104121685, 0.049065567553043365, 0.41459983587265015, 0.4633327126502991, 0.036609821021556854, 0.04173774644732475, 0.6918279528617859], "frame_23": [0.6313612461090088, 0.3951154053211212, 0.04993536323308945, 0.04909629747271538, 0.4115884602069855, 0.45852532982826233, 0.03444167226552963, 0.03778021037578583, 0.528338611125946], "frame_24": [0.63139808177948, 0.3950062096118927, 0.050115883350372314, 0.04903772100806236, 0.4092309772968292, 0.45287230610847473, 0.03362787142395973, 0.03491266071796417, 0.5544249415397644], "frame_25": [0.6313884258270264, 0.39498642086982727, 0.05020188167691231, 0.04898308590054512, 0.40780869126319885, 0.4433905780315399, 0.031528811901807785, 0.03571319580078125, 0.7097070813179016], "frame_26": [0.6313616633415222, 0.3950183391571045, 0.050232697278261185, 0.04898295924067497, 0.40929514169692993, 0.43271687626838684, 0.03208160400390625, 0.03307952731847763, 0.7786051034927368], "frame_27": [0.6313322186470032, 0.3950544595718384, 0.05018823593854904, 0.04891878738999367, 0.41108840703964233, 0.41837531328201294, 0.03419820964336395, 0.03489816561341286, 0.5382645726203918], "frame_28": [0.6313394904136658, 0.3950752317905426, 0.05021264776587486, 0.0489172600209713, 0.417615681886673, 0.4005817770957947, 0.03314340487122536, 0.03435279056429863, 0.6306654810905457], "frame_29": [0.6314015984535217, 0.39507701992988586, 0.05037413537502289, 0.04897541552782059, 0.42445671558380127, 0.37854084372520447, 0.03204977139830589, 0.035243310034275055, 0.7324197292327881], "frame_30": [0.6313890218734741, 0.3950985372066498, 0.05036065727472305, 0.049002159386873245, 0.4339675009250641, 0.3565216064453125, 0.02811584435403347, 0.03214113414287567, 0.7901887893676758], "frame_31": [0.6314211487770081, 0.39512601494789124, 0.05057525634765625, 0.048983000218868256, 0.44220972061157227, 0.33734050393104553, 0.030204391106963158, 0.028878211975097656, 0.7561753988265991], "frame_32": [0.6313511729240417, 0.3950824737548828, 0.050201501697301865, 0.04889475554227829, 0.4505695402622223, 0.3200661242008209, 0.03055403009057045, 0.03134986013174057, 0.715889036655426], "frame_33": [0.6313524842262268, 0.3950675129890442, 0.05022468417882919, 0.04886597394943237, 0.4573087990283966, 0.3043349087238312, 0.03197754919528961, 0.031522031873464584, 0.752886176109314], "frame_34": [0.6313893795013428, 0.3950422406196594, 0.05048103258013725, 0.04887140169739723, 0.4677792489528656, 0.2906592786312103, 0.03044111467897892, 0.03032703325152397, 0.8124381303787231], "frame_35": [0.6313386559486389, 0.39499685168266296, 0.05035553127527237, 0.048826176673173904, 0.4740876853466034, 0.27922141551971436, 0.030875608325004578, 0.031903646886348724, 0.8413164019584656], "frame_36": [0.6312678456306458, 0.39533641934394836, 0.050158776342868805, 0.048915524035692215, 0.4817216694355011, 0.2670672535896301, 0.03182199224829674, 0.031120406463742256, 0.8569582104682922], "frame_37": [0.6312786936759949, 0.3953453004360199, 0.05012359470129013, 0.04894913733005524, 0.4908897280693054, 0.25752609968185425, 0.02808736078441143, 0.028592491522431374, 0.8579288125038147], "frame_38": [0.6312981247901917, 0.39531272649765015, 0.050127409398555756, 0.04894765093922615, 0.4970809817314148, 0.2518123686313629, 0.02955678291618824, 0.032072871923446655, 0.8933600187301636], "frame_39": [0.6312798261642456, 0.3952830135822296, 0.050123002380132675, 0.04901067912578583, 0.5042847394943237, 0.24471312761306763, 0.02813093364238739, 0.030769284814596176, 0.8882538080215454],