{"frame_0": [0.6284727454185486, 0.3980850577354431, 0.05005378648638725, 0.04899376630783081, 0.985380232334137, 0.6287922859191895, 0.028876494616270065, 0.03880072757601738, 0.0], "frame_1": [0.6283279061317444, 0.39815062284469604, 0.04919060692191124, 0.04896252974867821, 0.983416736125946, 0.6188613772392273, 0.03266601637005806, 0.034577179700136185, 0.0], "frame_2": [0.6283392906188965, 0.3981148600578308, 0.04935332387685776, 0.04904128238558769, 0.983416736125946, 0.6188613772392273, 0.03266601637005806, 0.034577179700136185, 0.0], "frame_3": [0.6282542943954468, 0.3982670307159424, 0.04943644255399704, 0.04922570288181305, 0.983416736125946, 0.6188613772392273, 0.03266601637005806, 0.034577179700136185, 0.0], "frame_4": [0.6282555460929871, 0.39834466576576233, 0.049483489245176315, 0.04937612637877464, 0.983416736125946, 0.6188613772392273, 0.03266601637005806, 0.034577179700136185, 0.0], "frame_5": [0.6282569169998169, 0.3982730507850647, 0.04937400668859482, 0.04937239736318588, 0.983416736125946, 0.6188613772392273, 0.03266601637005806, 0.034577179700136185, 0.0], "frame_6": [0.6282639503479004, 0.3983277976512909, 0.049511127173900604, 0.04932517930865288, 0.9890100359916687, 0.5966278910636902, 0.02187381312251091, 0.032328881323337555, 0.0], "frame_7": [0.6283294558525085, 0.39822709560394287, 0.049182720482349396, 0.04919098690152168, 0.989575207233429, 0.5952052474021912, 0.02068023756146431, 0.027108171954751015, 0.0], "frame_8": [0.628345251083374, 0.3982113003730774, 0.049254607409238815, 0.04909311980009079, 0.9902718663215637, 0.5966516137123108, 0.019456228241324425, 0.02658233605325222, 0.0], "frame_9": [0.62841796875, 0.3982260823249817, 0.04941406100988388, 0.04902627691626549, 0.9902248978614807, 0.5963827967643738, 0.019550153985619545, 0.03442077711224556, 0.0], "frame_10": [0.6282835006713867, 0.398162841796875, 0.04916131868958473, 0.04913843050599098, 0.9896498918533325, 0.5945860743522644, 0.02070024237036705, 0.035397425293922424, 0.0], "frame_11": [0.6283539533615112, 0.39814138412475586, 0.04914160817861557, 0.04912262037396431, 0.9896498918533325, 0.5945860743522644, 0.02070024237036705, 0.035397425293922424, 0.0], "frame_12": [0.6281880736351013, 0.3981061279773712, 0.04887436702847481, 0.04940079525113106, 0.9896498918533325, 0.5945860743522644, 0.02070024237036705, 0.035397425293922424, 0.0], "frame_13": [0.6281746625900269, 0.39807310700416565, 0.0488460548222065, 0.049382783472537994, 0.9896498918533325, 0.5945860743522644, 0.02070024237036705, 0.035397425293922424, 0.0], "frame_14": [0.6282079815864563, 0.39806708693504333, 0.0488019734621048, 0.04938371479511261, 0.9896498918533325, 0.5945860743522644, 0.02070024237036705, 0.035397425293922424, 0.0], "frame_15": [0.6281076073646545, 0.39810940623283386, 0.048658836632966995, 0.04938981682062149, 0.9896498918533325, 0.5945860743522644, 0.02070024237036705, 0.035397425293922424, 0.0], "frame_16": [0.6281846761703491, 0.3981265723705292, 0.04878518730401993, 0.049308013170957565, 0.9896498918533325, 0.5945860743522644, 0.02070024237036705, 0.035397425293922424, 0.0], "frame_17": [0.6281306147575378, 0.3981078267097473, 0.0487222895026207, 0.04921082407236099, 0.9896498918533325, 0.5945860743522644, 0.02070024237036705, 0.035397425293922424, 0.0], "frame_18": [0.6281195878982544, 0.3980870544910431, 0.04869193956255913, 0.04919501394033432, 0.9896498918533325, 0.5945860743522644, 0.02070024237036705, 0.035397425293922424, 0.0], "frame_19": [0.628079891204834, 0.3980914354324341, 0.04865667596459389, 0.04924231767654419, 0.9424846172332764, 0.5276501178741455, 0.03657989576458931, 0.031119918450713158, 0.0], "frame_20": [0.6280813217163086, 0.3981127440929413, 0.04865701496601105, 0.04932912066578865, 0.9409745931625366, 0.5027111172676086, 0.032379150390625, 0.03419189527630806, 0.0], "frame_21": [0.628061830997467, 0.39816564321517944, 0.04861412197351456, 0.04934662580490112, 0.9481123089790344, 0.4818651080131531, 0.04015808179974556, 0.03743112459778786, 0.0], "frame_22": [0.6280922889709473, 0.3981208801269531, 0.04859941452741623, 0.04927821829915047, 0.9590912461280823, 0.46609124541282654, 0.03268127515912056, 0.03707275539636612, 0.0], "frame_23": [0.6279681324958801, 0.3981119692325592, 0.048351287841796875, 0.04928923770785332, 0.9670729041099548, 0.4543793499469757, 0.032256655395030975, 0.036606766283512115, 0.0], "frame_24": [0.6280031204223633, 0.3980531394481659, 0.04883880540728569, 0.04923078790307045, 0.9709218144416809, 0.4427551329135895, 0.036125607788562775, 0.036537934094667435, 0.0], "frame_25": [0.6279445290565491, 0.3980247378349304, 0.04877662658691406, 0.049277327954769135, 0.972687304019928, 0.43457192182540894, 0.035788726061582565, 0.034762486815452576, 0.0], "frame_26": [0.6279642581939697, 0.398017555475235, 0.04877929762005806, 0.049275971949100494, 0.9727016687393188, 0.42874664068222046, 0.035168204456567764, 0.03672311455011368, 0.0], "frame_27": [0.6279853582382202, 0.3980529010295868, 0.048864152282476425, 0.049161531031131744, 0.9699723720550537, 0.422124445438385, 0.03335418552160263, 0.035822294652462006, 0.0], "frame_28": [0.627926230430603, 0.39807265996932983, 0.04872182384133339, 0.04921675845980644, 0.9649491906166077, 0.41602328419685364, 0.03551211953163147, 0.035719383507966995, 0.0], "frame_29": [0.6278850436210632, 0.3980550169944763, 0.048703595995903015, 0.04924362897872925, 0.9586563110351562, 0.40651974081993103, 0.038471221923828125, 0.037341561168432236, 0.0], "frame_30": [0.627916693687439, 0.39804697036743164, 0.04874420166015625, 0.04922447353601456, 0.9497531652450562, 0.3930525779724121, 0.035933684557676315, 0.03719291836023331, 0.0], "frame_31": [0.6279836893081665, 0.3981015086174011, 0.04888131842017174, 0.049179840832948685, 0.938187837600708, 0.3701566159725189, 0.031285859644412994, 0.03344273194670677, 0.8368324041366577], "frame_32": [0.6279787421226501, 0.39808663725852966, 0.04907188564538956, 0.04914245754480362, 0.9211875796318054, 0.35099533200263977, 0.03016170859336853, 0.03502977266907692, 0.8978486061096191], "frame_33": [0.6279330849647522, 0.3981211483478546, 0.0489061139523983, 0.04923278093338013, 0.907927930355072, 0.3342619240283966, 0.028148820623755455, 0.03138381242752075, 0.8372649550437927], "frame_34": [0.6279894709587097, 0.3981631100177765, 0.04889916256070137, 0.04920925572514534, 0.8929719924926758, 0.31800228357315063, 0.03008728101849556, 0.030410490930080414, 0.7639226317405701], "frame_35": [0.6280388832092285, 0.39817580580711365, 0.04884986951947212, 0.04938032478094101, 0.8798617720603943, 0.30439266562461853, 0.027778200805187225, 0.030894767493009567, 0.8597469329833984], "frame_36": [0.6280357241630554, 0.39802077412605286, 0.048226166516542435, 0.04926202446222305, 0.8798617720603943, 0.30439266562461853, 0.027778200805187225, 0.030894767493009567, 0.8367275595664978], "frame_37": [0.628059446811676, 0.39802518486976624, 0.0482533760368824, 0.04927177354693413, 0.8506327271461487, 0.2804337739944458, 0.028692202642560005, 0.0327238067984581, 0.8302929401397705], "frame_38": [0.6280485391616821, 0.3980329632759094, 0.04818933457136154, 0.04927431792020798, 0.8437367677688599, 0.27295637130737305, 0.022359805181622505, 0.030272673815488815, 0.7455464601516724], "frame_39": [0.6280790567398071, 0.3980291485786438, 0.04819755628705025, 0.04927855730056763, 0.8294140100479126, 0.2652340233325958, 0.022777726873755455, 0.02860126458108425, 0.5918498635292053], "frame_40": [0.628074586391449, 0.39799949526786804, 0.04823799058794975, 0.04925109073519707, 0.8141270875930786, 0.25920945405960083, 0.027582889422774315, 0.029026709496974945, 0.5390328168869019], "frame_41": [0.6281070709228516, 0.3980150818824768, 0.04838867112994194, 0.04929415509104729, 0.803693413734436, 0.25461187958717346, 0.02514088898897171, 0.027975400909781456, 0.34884801506996155],