{"frame_0": [0.6298085451126099, 0.3980262875556946, 0.05038803815841675, 0.048993512988090515, 0.3694062829017639, 0.5563110113143921, 0.021409310400485992, 0.02218848280608654, 0.6144843101501465], "frame_1": [0.629475474357605, 0.39808112382888794, 0.049777984619140625, 0.04908722639083862, 0.3725699484348297, 0.558753490447998, 0.021620560437440872, 0.023970793932676315, 0.6136682033538818], "frame_2": [0.6294283270835876, 0.39801719784736633, 0.0496358647942543, 0.04921858012676239, 0.3766230642795563, 0.5614213943481445, 0.02051696740090847, 0.02378540113568306, 0.5929075479507446], "frame_3": [0.6293433308601379, 0.39806416630744934, 0.04987640306353569, 0.04904306307435036, 0.38004928827285767, 0.5640262365341187, 0.016713501885533333, 0.022002240642905235, 0.5795692205429077], "frame_4": [0.6293916702270508, 0.39796414971351624, 0.04939994961023331, 0.04916534572839737, 0.38174134492874146, 0.5648208856582642, 0.017137570306658745, 0.022789383307099342, 0.5806779265403748], "frame_5": [0.6293215155601501, 0.39803001284599304, 0.04940588027238846, 0.04896795377135277, 0.38436535000801086, 0.5663278102874756, 0.017458470538258553, 0.022571563720703125, 0.6128625869750977], "frame_6": [0.6291424632072449, 0.3979564607143402, 0.049671001732349396, 0.049039460718631744, 0.3864760100841522, 0.5659242272377014, 0.01857605017721653, 0.022412236779928207, 0.6237082481384277], "frame_7": [0.6293180584907532, 0.397896945476532, 0.04960585758090019, 0.04907599464058876, 0.39017754793167114, 0.5647032856941223, 0.018099382519721985, 0.022257698699831963, 0.6673778891563416], "frame_8": [0.6293115019798279, 0.397896409034729, 0.049591064453125, 0.049089644104242325, 0.39418458938598633, 0.5629547238349915, 0.01713884063065052, 0.02046356163918972, 0.6626399159431458], "frame_9": [0.6292709708213806, 0.3979027271270752, 0.049576397985219955, 0.049063365906476974, 0.39641207456588745, 0.5595601201057434, 0.016470719128847122, 0.0193159319460392, 0.6032007336616516], "frame_10": [0.6292724609375, 0.39790090918540955, 0.0495012067258358, 0.04900330305099487, 0.3999405801296234, 0.5539079308509827, 0.018363909795880318, 0.020787132903933525, 0.7092161774635315], "frame_11": [0.6293874382972717, 0.3979412913322449, 0.04971466213464737, 0.048980712890625, 0.40547317266464233, 0.5475295782089233, 0.020136388018727303, 0.020241038873791695, 0.6917988657951355], "frame_12": [0.6293678283691406, 0.3978539705276489, 0.049048613756895065, 0.049327339977025986, 0.40766432881355286, 0.537835955619812, 0.020044326782226562, 0.019256379455327988, 0.6713570356369019], "frame_13": [0.6293718814849854, 0.39784952998161316, 0.04908905178308487, 0.04932187497615814, 0.40766432881355286, 0.537835955619812, 0.020044326782226562, 0.019256379455327988, 0.7264276742935181], "frame_14": [0.6293866038322449, 0.39785242080688477, 0.049037083983421326, 0.049335308372974396, 0.40766432881355286, 0.537835955619812, 0.020044326782226562, 0.019256379455327988, 0.7438017129898071], "frame_15": [0.6293947100639343, 0.39784935116767883, 0.04910926893353462, 0.04931788891553879, 0.40766432881355286, 0.537835955619812, 0.020044326782226562, 0.019256379455327988, 0.7768079042434692], "frame_16": [0.6293955445289612, 0.39786583185195923, 0.04912393540143967, 0.049339719116687775, 0.40766432881355286, 0.537835955619812, 0.020044326782226562, 0.019256379455327988, 0.9028961658477783], "frame_17": [0.6293905377388, 0.39786297082901, 0.04905297979712486, 0.04931776225566864, 0.40766432881355286, 0.537835955619812, 0.020044326782226562, 0.019256379455327988, 0.8786322474479675], "frame_18": [0.6293739080429077, 0.3978506326675415, 0.048886489123106, 0.04928677901625633, 0.40766432881355286, 0.537835955619812, 0.020044326782226562, 0.019256379455327988, 0.8853747844696045], "frame_19": [0.6293610334396362, 0.3978489339351654, 0.04885932058095932, 0.04925473406910896, 0.40766432881355286, 0.537835955619812, 0.020044326782226562, 0.019256379455327988, 0.5870273113250732], "frame_20": [0.6293982863426208, 0.3978379964828491, 0.04897270351648331, 0.04923040419816971, 0.40766432881355286, 0.537835955619812, 0.020044326782226562, 0.019256379455327988, 0.39298397302627563], "frame_21": [0.6293269991874695, 0.3978324830532074, 0.04897410050034523, 0.04913868382573128, 0.40766432881355286, 0.537835955619812, 0.020044326782226562, 0.019256379455327988, 0.4019533097743988], "frame_22": [0.6293187737464905, 0.39781299233436584, 0.04896583408117294, 0.049135588109493256, 0.40766432881355286, 0.537835955619812, 0.020044326782226562, 0.019256379455327988, 0.7285872101783752], "frame_23": [0.6293395757675171, 0.3977769613265991, 0.048912640661001205, 0.04923082888126373, 0.40766432881355286, 0.537835955619812, 0.020044326782226562, 0.019256379455327988, 0.715097188949585], "frame_24": [0.6292212009429932, 0.3978877663612366, 0.04903009161353111, 0.04927914962172508, 0.40766432881355286, 0.537835955619812, 0.020044326782226562, 0.019256379455327988, 0.7578648924827576], "frame_25": [0.6292344927787781, 0.39789479970932007, 0.04910621792078018, 0.04925622045993805, 0.40766432881355286, 0.537835955619812, 0.020044326782226562, 0.019256379455327988, 0.8308026790618896], "frame_26": [0.6292130947113037, 0.397909939289093, 0.04910409823060036, 0.049265120178461075, 0.40766432881355286, 0.537835955619812, 0.020044326782226562, 0.019256379455327988, 0.9590209126472473], "frame_27": [0.6291539072990417, 0.39802229404449463, 0.04870368167757988, 0.04954389110207558, 0.4109524190425873, 0.4072381854057312, 0.01690622977912426, 0.020143764093518257, 0.8479362726211548], "frame_28": [0.6290817856788635, 0.3979519009590149, 0.04900800809264183, 0.049491290003061295, 0.4109524190425873, 0.4072381854057312, 0.01690622977912426, 0.020143764093518257, 0.8768211603164673], "frame_29": [0.6290547251701355, 0.3978114724159241, 0.048993851989507675, 0.04932797700166702, 0.4109524190425873, 0.4072381854057312, 0.01690622977912426, 0.020143764093518257, 0.9170012474060059], "frame_30": [0.628974974155426, 0.3978155255317688, 0.049001481384038925, 0.04931890591979027, 0.43573111295700073, 0.3734205365180969, 0.017215898260474205, 0.020143339410424232, 0.9463824033737183], "frame_31": [0.6289052963256836, 0.3977627754211426, 0.048903655260801315, 0.049303267151117325, 0.43573111295700073, 0.3734205365180969, 0.017215898260474205, 0.020143339410424232, 0.9830604791641235], "frame_32": [0.6289570927619934, 0.3978238105773926, 0.049063026905059814, 0.04938134178519249, 0.4542621076107025, 0.3549470603466034, 0.01990644633769989, 0.02333390899002552, 0.861661970615387], "frame_33": [0.6288445591926575, 0.3978917896747589, 0.04899274930357933, 0.049434490501880646, 0.461423397064209, 0.3485461175441742, 0.019790735095739365, 0.025292586535215378, 0.8419223427772522], "frame_34": [0.6288223266601562, 0.3978317975997925, 0.04889411851763725, 0.0493842214345932, 0.461423397064209, 0.3485461175441742, 0.019790735095739365, 0.025292586535215378, 0.8539686799049377], "frame_35": [0.6288963556289673, 0.3978215157985687, 0.048288218677043915, 0.049497392028570175, 0.48038098216056824, 0.33403027057647705, 0.01758727990090847, 0.022855568677186966, 0.8824934363365173], "frame_36": [0.6288011074066162, 0.3979037404060364, 0.048959266394376755, 0.04934166744351387, 0.4883657693862915, 0.3283047378063202, 0.019815953448414803, 0.023656506091356277, 0.9678511619567871], "frame_37": [0.6288141012191772, 0.39792150259017944, 0.04909104108810425, 0.04938757047057152, 0.4973037838935852, 0.3251930773258209, 0.02088470384478569, 0.024237442761659622, 0.9915316700935364], "frame_38": [0.6288477778434753, 0.39792871475219727, 0.04909782484173775, 0.04939642921090126, 0.5072943568229675, 0.32061904668807983, 0.019404221326112747, 0.022047339007258415, 0.981221079826355],