{"frame_0": [0.6304469704627991, 0.3979997932910919, 0.05140342563390732, 0.04895070567727089, 0.3967045545578003, 0.6380097270011902, 0.020321061834692955, 0.021471787244081497, 0.8826983571052551], "frame_1": [0.6298039555549622, 0.3979385793209076, 0.05052947998046875, 0.049431100487709045, 0.39483991265296936, 0.6321461796760559, 0.01994255930185318, 0.022432709112763405, 0.8371630907058716], "frame_2": [0.629785418510437, 0.39797261357307434, 0.05050104111433029, 0.0495699979364872, 0.3932925760746002, 0.6270723938941956, 0.01920166052877903, 0.023926332592964172, 0.9053139090538025], "frame_3": [0.6296236515045166, 0.39786872267723083, 0.04944267123937607, 0.049211036413908005, 0.3913887143135071, 0.6235091090202332, 0.019274817779660225, 0.023954009637236595, 0.9219857454299927], "frame_4": [0.629534125328064, 0.3978767395019531, 0.049350909888744354, 0.049168650060892105, 0.38945016264915466, 0.6221283674240112, 0.019396210089325905, 0.022984694689512253, 0.8615813851356506], "frame_5": [0.629543125629425, 0.39791420102119446, 0.04937036335468292, 0.049255456775426865, 0.3893182575702667, 0.6220673322677612, 0.019568845629692078, 0.02227189764380455, 0.8608497381210327], "frame_6": [0.629588782787323, 0.39788615703582764, 0.04938066378235817, 0.04936027526855469, 0.38754764199256897, 0.6217238903045654, 0.016911400482058525, 0.0229966901242733, 0.8765847086906433], "frame_7": [0.6296176314353943, 0.3979516625404358, 0.04945717006921768, 0.04948022589087486, 0.38897112011909485, 0.6211168766021729, 0.016723081469535828, 0.022963417693972588, 0.9207483530044556], "frame_8": [0.6296759843826294, 0.39797109365463257, 0.04918348416686058, 0.04950633645057678, 0.38897112011909485, 0.6211168766021729, 0.016723081469535828, 0.022963417693972588, 0.8798092603683472], "frame_9": [0.6297643184661865, 0.3978961408138275, 0.049083031713962555, 0.04946598410606384, 0.38897112011909485, 0.6211168766021729, 0.016723081469535828, 0.022963417693972588, 0.8561803102493286], "frame_10": [0.6297720074653625, 0.3979191184043884, 0.04916292801499367, 0.04946814477443695, 0.38897112011909485, 0.6211168766021729, 0.016723081469535828, 0.022963417693972588, 0.8860129117965698], "frame_11": [0.6299751400947571, 0.3978574872016907, 0.04923756793141365, 0.04934171214699745, 0.38897112011909485, 0.6211168766021729, 0.016723081469535828, 0.022963417693972588, 0.8740010857582092], "frame_12": [0.630066990852356, 0.39802780747413635, 0.04931487888097763, 0.049953971058130264, 0.38897112011909485, 0.6211168766021729, 0.016723081469535828, 0.022963417693972588, 0.8497595191001892], "frame_13": [0.6300472617149353, 0.398030161857605, 0.049269698560237885, 0.04993468523025513, 0.4238702654838562, 0.5811687111854553, 0.018693754449486732, 0.022384261712431908, 0.8316680788993835], "frame_14": [0.6300466060638428, 0.3980226218700409, 0.04931708425283432, 0.049929428845644, 0.4310705363750458, 0.5667425990104675, 0.018019655719399452, 0.023001650348305702, 0.7929162979125977], "frame_15": [0.630023181438446, 0.39799928665161133, 0.04924354702234268, 0.04989641159772873, 0.4310705363750458, 0.5667425990104675, 0.018019655719399452, 0.023001650348305702, 0.7173536419868469], "frame_16": [0.6300398111343384, 0.3979960083961487, 0.04924676567316055, 0.04994163662195206, 0.4310705363750458, 0.5667425990104675, 0.018019655719399452, 0.023001650348305702, 0.7107014656066895], "frame_17": [0.6300057768821716, 0.39800262451171875, 0.049156103283166885, 0.04994964599609375, 0.4310705363750458, 0.5667425990104675, 0.018019655719399452, 0.023001650348305702, 0.7396637797355652], "frame_18": [0.6300449371337891, 0.3980211913585663, 0.049196455627679825, 0.049836475402116776, 0.4310705363750458, 0.5667425990104675, 0.018019655719399452, 0.023001650348305702, 0.6720314025878906], "frame_19": [0.6299967169761658, 0.3980068564414978, 0.04916954040527344, 0.04987025633454323, 0.4310705363750458, 0.5667425990104675, 0.018019655719399452, 0.023001650348305702, 0.7224542498588562], "frame_20": [0.6299536228179932, 0.39799830317497253, 0.04893684387207031, 0.04988611117005348, 0.4310705363750458, 0.5667425990104675, 0.018019655719399452, 0.023001650348305702, 0.5544723272323608], "frame_21": [0.6299506425857544, 0.39797911047935486, 0.04888971149921417, 0.04989556223154068, 0.4310705363750458, 0.5667425990104675, 0.018019655719399452, 0.023001650348305702, 0.6550653576850891], "frame_22": [0.6299446821212769, 0.39793193340301514, 0.04893646389245987, 0.04984313249588013, 0.4310705363750458, 0.5667425990104675, 0.018019655719399452, 0.023001650348305702, 0.641315221786499], "frame_23": [0.6299499273300171, 0.39791369438171387, 0.04896765947341919, 0.049832534044981, 0.4310705363750458, 0.5667425990104675, 0.018019655719399452, 0.023001650348305702, 0.6215423941612244], "frame_24": [0.6298080682754517, 0.39803463220596313, 0.049591150134801865, 0.049766115844249725, 0.4310705363750458, 0.5667425990104675, 0.018019655719399452, 0.023001650348305702, 0.5988300442695618], "frame_25": [0.6298220157623291, 0.3980564475059509, 0.04960305988788605, 0.04975437745451927, 0.4310705363750458, 0.5667425990104675, 0.018019655719399452, 0.023001650348305702, 0.6579384803771973], "frame_26": [0.6298544406890869, 0.39801520109176636, 0.04958585277199745, 0.04985504224896431, 0.4310705363750458, 0.5667425990104675, 0.018019655719399452, 0.023001650348305702, 0.6930813789367676], "frame_27": [0.6298217177391052, 0.3979823589324951, 0.049556054174900055, 0.04984096810221672, 0.4310705363750458, 0.5667425990104675, 0.018019655719399452, 0.023001650348305702, 0.7413623929023743], "frame_28": [0.6298602819442749, 0.3979676067829132, 0.04975145310163498, 0.04977196455001831, 0.4310705363750458, 0.5667425990104675, 0.018019655719399452, 0.023001650348305702, 0.7545952200889587], "frame_29": [0.6298559308052063, 0.39797744154930115, 0.04975615441799164, 0.049817487597465515, 0.4310705363750458, 0.5667425990104675, 0.018019655719399452, 0.023001650348305702, 0.8627403378486633], "frame_30": [0.6298381090164185, 0.3980315029621124, 0.04970436170697212, 0.049842242151498795, 0.4310705363750458, 0.5667425990104675, 0.018019655719399452, 0.023001650348305702, 0.8811302185058594], "frame_31": [0.6298680901527405, 0.3980247378349304, 0.049860380589962006, 0.049841564148664474, 0.4310705363750458, 0.5667425990104675, 0.018019655719399452, 0.023001650348305702, 0.8073108196258545], "frame_32": [0.6298267841339111, 0.39804622530937195, 0.04969736561179161, 0.04985233023762703, 0.4310705363750458, 0.5667425990104675, 0.018019655719399452, 0.023001650348305702, 0.7108179926872253], "frame_33": [0.629822850227356, 0.3980698585510254, 0.049715805798769, 0.049882590770721436, 0.4310705363750458, 0.5667425990104675, 0.018019655719399452, 0.023001650348305702, 0.7091277241706848], "frame_34": [0.6297821998596191, 0.3980620801448822, 0.04961412400007248, 0.049847498536109924, 0.4310705363750458, 0.5667425990104675, 0.018019655719399452, 0.023001650348305702, 0.7431401610374451], "frame_35": [0.6297491192817688, 0.3981035053730011, 0.04962950944900513, 0.049919720739126205, 0.5023382306098938, 0.35358932614326477, 0.024289490655064583, 0.025884415954351425, 0.8211758136749268], "frame_36": [0.6300504207611084, 0.3982674777507782, 0.04885796457529068, 0.050099097192287445, 0.5160863995552063, 0.3482331335544586, 0.021741697564721107, 0.022970624268054962, 0.9051033854484558], "frame_37": [0.6300512552261353, 0.39833077788352966, 0.04897897690534592, 0.05013669282197952, 0.5253839492797852, 0.34584900736808777, 0.023281097412109375, 0.028927506878972054, 0.8853746652603149], "frame_38": [0.630059540271759, 0.3982822299003601, 0.048897381871938705, 0.050150468945503235, 0.5390055179595947, 0.34323784708976746, 0.024393463507294655, 0.025690417736768723, 0.9191363453865051],