{"frame_0": [0.6291303634643555, 0.39986729621887207, 0.05069427564740181, 0.047894202172756195, 0.3029516339302063, 0.5625399947166443, 0.03337220102548599, 0.03286658227443695, 0.2777310609817505], "frame_1": [0.6287400722503662, 0.39963430166244507, 0.04935179650783539, 0.04823146387934685, 0.3029516339302063, 0.5625399947166443, 0.03337220102548599, 0.03286658227443695, 0.36694836616516113], "frame_2": [0.6287546753883362, 0.3996204435825348, 0.049373626708984375, 0.048119354993104935, 0.3012898862361908, 0.5666519403457642, 0.030550574883818626, 0.03735313564538956, 0.40016937255859375], "frame_3": [0.6287169456481934, 0.399614542722702, 0.04927406460046768, 0.04797045513987541, 0.3018742501735687, 0.5692078471183777, 0.02988792024552822, 0.034302521497011185, 0.38925907015800476], "frame_4": [0.6287146806716919, 0.39960089325904846, 0.04942665249109268, 0.04800131171941757, 0.3048933446407318, 0.5707542300224304, 0.02878044918179512, 0.03110945038497448, 0.4044734537601471], "frame_5": [0.6287729740142822, 0.3996026813983917, 0.04953193664550781, 0.04791925102472305, 0.3033686876296997, 0.5741429328918457, 0.033588726073503494, 0.030591582879424095, 0.46894571185112], "frame_6": [0.6288561820983887, 0.3996593952178955, 0.04954138770699501, 0.047873858362436295, 0.3039235472679138, 0.5762487053871155, 0.030833709985017776, 0.031236479058861732, 0.442372590303421], "frame_7": [0.6288213133811951, 0.39968839287757874, 0.04949798434972763, 0.047951675951480865, 0.304463267326355, 0.5783336162567139, 0.029656028375029564, 0.03158378601074219, 0.5241172313690186], "frame_8": [0.6288430094718933, 0.39964818954467773, 0.049678124487400055, 0.04796600341796875, 0.30432865023612976, 0.5813044905662537, 0.028262052685022354, 0.030385207384824753, 0.53643798828125], "frame_9": [0.6287516355514526, 0.3996866047382355, 0.04900415241718292, 0.04793819785118103, 0.3035992980003357, 0.5829804539680481, 0.02739632874727249, 0.03025970421731472, 0.5879431962966919], "frame_10": [0.6287695169448853, 0.39968934655189514, 0.04904798045754433, 0.047958798706531525, 0.3008551597595215, 0.584377646446228, 0.028421783819794655, 0.030529700219631195, 0.6494804620742798], "frame_11": [0.6287544965744019, 0.3996731638908386, 0.04898262023925781, 0.047880638390779495, 0.2986423969268799, 0.5846801996231079, 0.02877129428088665, 0.03034820593893528, 0.7382217645645142], "frame_12": [0.6293233036994934, 0.39973196387290955, 0.0490664578974247, 0.047746360301971436, 0.2952307462692261, 0.5851068496704102, 0.031144332140684128, 0.029617691412568092, 0.8086156249046326], "frame_13": [0.6293339133262634, 0.39972764253616333, 0.049103036522865295, 0.0477125383913517, 0.2952307462692261, 0.5851068496704102, 0.031144332140684128, 0.029617691412568092, 0.8854861259460449], "frame_14": [0.6293352842330933, 0.39971163868904114, 0.049100112169981, 0.047719743102788925, 0.2952307462692261, 0.5851068496704102, 0.031144332140684128, 0.029617691412568092, 0.9420899152755737], "frame_15": [0.6293441653251648, 0.3996465802192688, 0.048966217786073685, 0.04780786484479904, 0.2952307462692261, 0.5851068496704102, 0.031144332140684128, 0.029617691412568092, 0.940768837928772], "frame_16": [0.6292911171913147, 0.39965787529945374, 0.048851776868104935, 0.04788949713110924, 0.2952307462692261, 0.5851068496704102, 0.031144332140684128, 0.029617691412568092, 0.827678382396698], "frame_17": [0.6292712092399597, 0.39965057373046875, 0.04881028085947037, 0.04789424315094948, 0.2952307462692261, 0.5851068496704102, 0.031144332140684128, 0.029617691412568092, 0.8538377285003662], "frame_18": [0.6292539238929749, 0.39966121315956116, 0.04879913479089737, 0.047885045409202576, 0.2952307462692261, 0.5851068496704102, 0.031144332140684128, 0.029617691412568092, 0.7004207968711853], "frame_19": [0.6293588280677795, 0.3996858298778534, 0.049108125269412994, 0.04791051894426346, 0.2952307462692261, 0.5851068496704102, 0.031144332140684128, 0.029617691412568092, 0.5974690318107605], "frame_20": [0.6293724775314331, 0.39969271421432495, 0.04930352047085762, 0.047870635986328125, 0.2952307462692261, 0.5851068496704102, 0.031144332140684128, 0.029617691412568092, 0.5706048011779785], "frame_21": [0.6293730735778809, 0.39969542622566223, 0.04929296672344208, 0.04788720980286598, 0.26952892541885376, 0.4902794659137726, 0.027979936450719833, 0.030019082129001617, 0.5746005177497864], "frame_22": [0.6294269561767578, 0.39960139989852905, 0.049306657165288925, 0.047911155968904495, 0.2569248676300049, 0.479585736989975, 0.02768469974398613, 0.031121911481022835, 0.4533524811267853], "frame_23": [0.6293907165527344, 0.3996208608150482, 0.049314286559820175, 0.047946251928806305, 0.24822519719600677, 0.4725576639175415, 0.030213017016649246, 0.029856745153665543, 0.5406047701835632], "frame_24": [0.6290313005447388, 0.39986005425453186, 0.04931975528597832, 0.048225488513708115, 0.2419177144765854, 0.4652874767780304, 0.030199622735381126, 0.027105119079351425, 0.5061789155006409], "frame_25": [0.6290291547775269, 0.3998641073703766, 0.0493147112429142, 0.04821624606847763, 0.2419177144765854, 0.4652874767780304, 0.030199622735381126, 0.027105119079351425, 0.5080673098564148], "frame_26": [0.6290470361709595, 0.3998531401157379, 0.049331579357385635, 0.048208363354206085, 0.2419177144765854, 0.4652874767780304, 0.030199622735381126, 0.027105119079351425, 0.5230090022087097], "frame_27": [0.6290242075920105, 0.39985769987106323, 0.049350567162036896, 0.048216503113508224, 0.2419177144765854, 0.4652874767780304, 0.030199622735381126, 0.027105119079351425, 0.5007380247116089], "frame_28": [0.6290740370750427, 0.3998402953147888, 0.049450598657131195, 0.04814805090427399, 0.2419177144765854, 0.4652874767780304, 0.030199622735381126, 0.027105119079351425, 0.634852945804596], "frame_29": [0.6290537714958191, 0.3998476564884186, 0.04938392713665962, 0.04815118759870529, 0.2419177144765854, 0.4652874767780304, 0.030199622735381126, 0.027105119079351425, 0.6829887628555298], "frame_30": [0.6290329098701477, 0.3998647928237915, 0.049422286450862885, 0.04821408540010452, 0.26850783824920654, 0.38718754053115845, 0.029754066839814186, 0.028501128777861595, 0.6552442312240601], "frame_31": [0.6290094256401062, 0.3998035490512848, 0.04938401281833649, 0.048246171325445175, 0.28543713688850403, 0.3690171241760254, 0.0255148783326149, 0.02945842780172825, 0.9695441722869873], "frame_32": [0.6289807558059692, 0.3998236060142517, 0.04934166744351387, 0.04842058941721916, 0.3022964596748352, 0.3519446551799774, 0.027688894420862198, 0.029956838116049767, 0.7018955945968628], "frame_33": [0.6290479302406311, 0.39982908964157104, 0.04948463290929794, 0.048342131078243256, 0.3169002830982208, 0.33679327368736267, 0.028591452166438103, 0.02876334637403488, 0.6861918568611145], "frame_34": [0.6290634274482727, 0.39980655908584595, 0.04949171096086502, 0.04828173294663429, 0.33334288001060486, 0.3242892026901245, 0.026060380041599274, 0.02976360358297825, 0.725877583026886], "frame_35": [0.6293052434921265, 0.3998202383518219, 0.04944932833313942, 0.0482550710439682, 0.34675079584121704, 0.31165575981140137, 0.026623832061886787, 0.02855769172310829, 0.7258427143096924], "frame_36": [0.6291718482971191, 0.3998866677284241, 0.04931076988577843, 0.048077479004859924, 0.36200058460235596, 0.3003413677215576, 0.02716202288866043, 0.028721045702695847, 0.7073386907577515], "frame_37": [0.6291579604148865, 0.3998856544494629, 0.049313269555568695, 0.04806488752365112, 0.3764004111289978, 0.2914404273033142, 0.025460263714194298, 0.026728736236691475, 0.7047585248947144], "frame_38": [0.62913578748703, 0.39988085627555847, 0.049301911145448685, 0.048062898218631744, 0.3894476890563965, 0.2841278910636902, 0.026874246075749397, 0.028810394927859306, 0.6826453804969788],