{"frame_0": [0.6299326419830322, 0.39524298906326294, 0.049618910998106, 0.05038498714566231, 0.6183921694755554, 0.37492382526397705, 0.02195264957845211, 0.024889374151825905, 0.802034318447113], "frame_1": [0.6300643682479858, 0.395153671503067, 0.0497894287109375, 0.049203068017959595, 0.6183921694755554, 0.37492382526397705, 0.02195264957845211, 0.024889374151825905, 0.8204074501991272], "frame_2": [0.6300013065338135, 0.3950727581977844, 0.04974157363176346, 0.04909943416714668, 0.6183921694755554, 0.37492382526397705, 0.02195264957845211, 0.024889374151825905, 0.8116891980171204], "frame_3": [0.6299795508384705, 0.39507803320884705, 0.04972979053854942, 0.04909973219037056, 0.6183921694755554, 0.37492382526397705, 0.02195264957845211, 0.024889374151825905, 0.8367200493812561], "frame_4": [0.6300367712974548, 0.39511632919311523, 0.04977785795927048, 0.04903746768832207, 0.6183921694755554, 0.37492382526397705, 0.02195264957845211, 0.024889374151825905, 0.8787358999252319], "frame_5": [0.6300498843193054, 0.3951168954372406, 0.04977760463953018, 0.04895240068435669, 0.6183921694755554, 0.37492382526397705, 0.02195264957845211, 0.024889374151825905, 0.8790404796600342], "frame_6": [0.6300650835037231, 0.39512574672698975, 0.04983643442392349, 0.04896117374300957, 0.6183921694755554, 0.37492382526397705, 0.02195264957845211, 0.024889374151825905, 0.8392711877822876], "frame_7": [0.6301699280738831, 0.395154744386673, 0.04961874336004257, 0.04899474233388901, 0.6183921694755554, 0.37492382526397705, 0.02195264957845211, 0.024889374151825905, 0.8505420684814453], "frame_8": [0.6301133036613464, 0.395171195268631, 0.04963836818933487, 0.049008559435606, 0.6183921694755554, 0.37492382526397705, 0.02195264957845211, 0.024889374151825905, 0.3421424627304077], "frame_9": [0.6301265954971313, 0.3951781392097473, 0.049436189234256744, 0.04888572543859482, 0.6183921694755554, 0.37492382526397705, 0.02195264957845211, 0.024889374151825905, 0.15672606229782104], "frame_10": [0.6301038265228271, 0.39522191882133484, 0.04959259182214737, 0.04885847121477127, 0.6183921694755554, 0.37492382526397705, 0.02195264957845211, 0.024889374151825905, 0.21447910368442535], "frame_11": [0.63006192445755, 0.39521485567092896, 0.04962823539972305, 0.048870597034692764, 0.6183921694755554, 0.37492382526397705, 0.02195264957845211, 0.024889374151825905, 0.23494023084640503], "frame_12": [0.6301225423812866, 0.3954457640647888, 0.04931772127747536, 0.04859521612524986, 0.6183921694755554, 0.37492382526397705, 0.02195264957845211, 0.024889374151825905, 0.2076202630996704], "frame_13": [0.6301437616348267, 0.39543211460113525, 0.049352265894412994, 0.04858970642089844, 0.6183921694755554, 0.37492382526397705, 0.02195264957845211, 0.024889374151825905, 0.21575555205345154], "frame_14": [0.6301781535148621, 0.3954475522041321, 0.04946861416101456, 0.048614416271448135, 0.41733238101005554, 0.5091699957847595, 0.022407617419958115, 0.027230707928538322, 0.1609734743833542], "frame_15": [0.630207896232605, 0.39544856548309326, 0.04950391873717308, 0.04853612929582596, 0.4151802957057953, 0.5039846897125244, 0.020064543932676315, 0.026758108288049698, 0.2206578552722931], "frame_16": [0.6302680373191833, 0.39547044038772583, 0.04966485872864723, 0.04848378524184227, 0.4116276204586029, 0.49957960844039917, 0.02008972130715847, 0.025811385363340378, 0.2085188925266266], "frame_17": [0.6303735375404358, 0.39539217948913574, 0.04988076910376549, 0.04833335801959038, 0.40654128789901733, 0.49742406606674194, 0.026912985369563103, 0.027348412200808525, 0.22527162730693817], "frame_18": [0.6303126215934753, 0.3954668641090393, 0.04975463077425957, 0.04846237972378731, 0.4043285846710205, 0.4957771599292755, 0.02811957523226738, 0.02754448726773262, 0.23576538264751434], "frame_19": [0.6303700804710388, 0.39549458026885986, 0.04983236640691757, 0.048493873327970505, 0.4031786620616913, 0.49547919631004333, 0.027463743463158607, 0.02834794856607914, 0.32623329758644104], "frame_20": [0.6304208636283875, 0.3955063223838806, 0.04989907890558243, 0.048498451709747314, 0.4032502770423889, 0.4936026632785797, 0.026630105450749397, 0.028893280774354935, 0.37755468487739563], "frame_21": [0.6304114460945129, 0.3954724073410034, 0.04987602308392525, 0.048514727503061295, 0.4028407633304596, 0.49071645736694336, 0.026599587872624397, 0.027364136651158333, 0.4906923174858093], "frame_22": [0.6303653120994568, 0.39546874165534973, 0.04979926347732544, 0.0485052727162838, 0.40236636996269226, 0.48727789521217346, 0.027965841814875603, 0.027605904266238213, 0.462415486574173], "frame_23": [0.6303682923316956, 0.39550262689590454, 0.04981252923607826, 0.04854757338762283, 0.4017990231513977, 0.4824818968772888, 0.029009925201535225, 0.029913881793618202, 0.45599767565727234], "frame_24": [0.6305161118507385, 0.3954494893550873, 0.049496840685606, 0.04831475019454956, 0.40211379528045654, 0.47588014602661133, 0.02949066087603569, 0.029786597937345505, 0.5389200448989868], "frame_25": [0.6305108070373535, 0.3954591453075409, 0.049490951001644135, 0.04830148443579674, 0.4035446047782898, 0.46780717372894287, 0.02865125797688961, 0.03368987888097763, 0.550815224647522], "frame_26": [0.6304457187652588, 0.39548593759536743, 0.04950904846191406, 0.04828919470310211, 0.4066336750984192, 0.45581376552581787, 0.026119019836187363, 0.03238394111394882, 0.557594895362854], "frame_27": [0.6304606199264526, 0.3955262005329132, 0.04962586238980293, 0.04837684705853462, 0.41038161516189575, 0.4426073729991913, 0.025273047387599945, 0.029824532568454742, 0.6295291185379028], "frame_28": [0.63050377368927, 0.3955822288990021, 0.04982795566320419, 0.04837087169289589, 0.41520172357559204, 0.4252224266529083, 0.026354683563113213, 0.030717086046934128, 0.7724660634994507], "frame_29": [0.6304982304573059, 0.3956141173839569, 0.0499555803835392, 0.04832488298416138, 0.4254111349582672, 0.4045516848564148, 0.027394484728574753, 0.032525040209293365, 0.8250304460525513], "frame_30": [0.6303974390029907, 0.3956318795681, 0.04980078712105751, 0.04842529445886612, 0.4325731098651886, 0.3838058114051819, 0.029580391943454742, 0.031194983050227165, 0.8484938144683838], "frame_31": [0.6304113864898682, 0.3956195116043091, 0.0497816726565361, 0.048431396484375, 0.44154849648475647, 0.36446622014045715, 0.028501510620117188, 0.029915619641542435, 0.8593171834945679], "frame_32": [0.630517840385437, 0.39558711647987366, 0.0500447154045105, 0.0484771728515625, 0.45268648862838745, 0.3479011654853821, 0.028357146307826042, 0.029962878674268723, 0.8993704319000244], "frame_33": [0.6305102705955505, 0.395652174949646, 0.04987030103802681, 0.04836175590753555, 0.45981645584106445, 0.3330260217189789, 0.029029082506895065, 0.029976272955536842, 0.8766857981681824], "frame_34": [0.6303978562355042, 0.39543506503105164, 0.049822233617305756, 0.04777344688773155, 0.46991124749183655, 0.3201194405555725, 0.027538977563381195, 0.028858184814453125, 0.7821372747421265], "frame_35": [0.630389392375946, 0.3954054117202759, 0.04989509657025337, 0.04779523238539696, 0.47827285528182983, 0.30830150842666626, 0.026469124481081963, 0.03153572231531143, 0.8535500764846802], "frame_36": [0.6303428411483765, 0.3953358232975006, 0.04978523403406143, 0.047935739159584045, 0.48668569326400757, 0.2968488931655884, 0.027515029534697533, 0.029544025659561157, 0.6934550404548645], "frame_37": [0.6303452253341675, 0.3953384459018707, 0.04976234585046768, 0.047913528978824615, 0.4943872094154358, 0.2885858416557312, 0.03145501762628555, 0.03149604797363281, 0.40579426288604736], "frame_38": [0.6303702592849731, 0.3954072594642639, 0.04986763000488281, 0.047905731946229935, 0.5035211443901062, 0.27995967864990234, 0.025668716058135033, 0.027284326031804085, 0.34247303009033203],