{"frame_0": [0.6287240982055664, 0.3956889808177948, 0.04969079792499542, 0.04967977851629257, 0.12276612222194672, 0.5565400719642639, 0.01915590465068817, 0.022661039605736732, 0.5598333477973938], "frame_1": [0.6289381384849548, 0.3958778381347656, 0.04940249025821686, 0.04916555434465408, 0.12276612222194672, 0.5565400719642639, 0.01915590465068817, 0.022661039605736732, 0.6176430583000183], "frame_2": [0.6290572881698608, 0.3959205746650696, 0.049532487988471985, 0.04920247569680214, 0.14583994448184967, 0.5631065964698792, 0.022945648059248924, 0.024044036865234375, 0.5600276589393616], "frame_3": [0.6290460228919983, 0.395905464887619, 0.04943305253982544, 0.0492306612432003, 0.15483051538467407, 0.5654623508453369, 0.02119419351220131, 0.023558257147669792, 0.6190548539161682], "frame_4": [0.6290484666824341, 0.3959049582481384, 0.04944411292672157, 0.04922892153263092, 0.1608397662639618, 0.5662640929222107, 0.021358277648687363, 0.024240493774414062, 0.6723293662071228], "frame_5": [0.629076361656189, 0.39589792490005493, 0.04947102814912796, 0.04919963330030441, 0.16583620011806488, 0.5676105618476868, 0.019927289336919785, 0.02340647391974926, 0.7345064878463745], "frame_6": [0.6290563941001892, 0.39586910605430603, 0.04929551109671593, 0.04915754497051239, 0.17117413878440857, 0.5683400630950928, 0.019476117566227913, 0.022415712475776672, 0.7577517628669739], "frame_7": [0.6290602684020996, 0.39587199687957764, 0.04930572584271431, 0.04915521293878555, 0.17447906732559204, 0.5678878426551819, 0.0197548009455204, 0.02244025282561779, 0.7933757305145264], "frame_8": [0.6290867924690247, 0.3959287405014038, 0.04903687536716461, 0.049096085131168365, 0.1797633320093155, 0.5686754584312439, 0.01910991594195366, 0.022752847522497177, 0.8271551728248596], "frame_9": [0.6290830373764038, 0.3959271013736725, 0.04903106763958931, 0.049095068126916885, 0.18392953276634216, 0.5684748291969299, 0.01993965543806553, 0.022635862231254578, 0.821727991104126], "frame_10": [0.6290959119796753, 0.39591360092163086, 0.04906819760799408, 0.049081675708293915, 0.18798543512821198, 0.5667016506195068, 0.021412096917629242, 0.022346200421452522, 0.812856137752533], "frame_11": [0.6289550065994263, 0.39591798186302185, 0.04915199428796768, 0.04901275783777237, 0.19377101957798004, 0.5661830902099609, 0.02028637006878853, 0.021743519231677055, 0.8115728497505188], "frame_12": [0.6295474767684937, 0.3960317075252533, 0.05009964853525162, 0.04863471910357475, 0.19928313791751862, 0.5638388991355896, 0.021068891510367393, 0.022198867052793503, 0.771538257598877], "frame_13": [0.6294851303100586, 0.3959369361400604, 0.04995672404766083, 0.04853061959147453, 0.20504949986934662, 0.5603840947151184, 0.021551089361310005, 0.021506499499082565, 0.7094438076019287], "frame_14": [0.6296095848083496, 0.3959922790527344, 0.050090789794921875, 0.048635948449373245, 0.21069812774658203, 0.5560312867164612, 0.02132025733590126, 0.021795442327857018, 0.7752015590667725], "frame_15": [0.6296185255050659, 0.39599335193634033, 0.05010697990655899, 0.048632048070430756, 0.21818305552005768, 0.5489927530288696, 0.02085963264107704, 0.020559310913085938, 0.766776442527771], "frame_16": [0.6296181678771973, 0.3959693908691406, 0.05009888485074043, 0.04858076199889183, 0.22329068183898926, 0.5417180061340332, 0.021216964349150658, 0.022985924035310745, 0.7793243527412415], "frame_17": [0.6295475959777832, 0.3959973156452179, 0.05007341131567955, 0.0487196184694767, 0.22705836594104767, 0.5301609635353088, 0.021944046020507812, 0.02288343571126461, 0.747860848903656], "frame_18": [0.6295400261878967, 0.3960645794868469, 0.05009405314922333, 0.04869863763451576, 0.22723636031150818, 0.517749011516571, 0.023116640746593475, 0.02560441754758358, 0.7037208676338196], "frame_19": [0.6295198202133179, 0.3960663676261902, 0.05002615228295326, 0.04869736731052399, 0.22723636031150818, 0.517749011516571, 0.023116640746593475, 0.02560441754758358, 0.7478896379470825], "frame_20": [0.6296123266220093, 0.39606231451034546, 0.05009795352816582, 0.04866879805922508, 0.21490634977817535, 0.49360236525535583, 0.021363448351621628, 0.023261090740561485, 0.7991109490394592], "frame_21": [0.6296975016593933, 0.39607611298561096, 0.050229262560606, 0.048669517040252686, 0.21490634977817535, 0.49360236525535583, 0.021363448351621628, 0.023261090740561485, 0.8264724612236023], "frame_22": [0.6296983361244202, 0.39609062671661377, 0.05011236295104027, 0.0485798716545105, 0.21490634977817535, 0.49360236525535583, 0.021363448351621628, 0.023261090740561485, 0.8502471446990967], "frame_23": [0.6297266483306885, 0.39612630009651184, 0.05013542249798775, 0.0486154779791832, 0.21490634977817535, 0.49360236525535583, 0.021363448351621628, 0.023261090740561485, 0.7557685375213623], "frame_24": [0.6293997764587402, 0.3959670960903168, 0.04946623742580414, 0.04854410141706467, 0.21490634977817535, 0.49360236525535583, 0.021363448351621628, 0.023261090740561485, 0.7325130105018616], "frame_25": [0.629378616809845, 0.3959529399871826, 0.04946000874042511, 0.0485374890267849, 0.21490634977817535, 0.49360236525535583, 0.021363448351621628, 0.023261090740561485, 0.5281055569648743], "frame_26": [0.6293680667877197, 0.3959340453147888, 0.04936943203210831, 0.04851722717285156, 0.21490634977817535, 0.49360236525535583, 0.021363448351621628, 0.023261090740561485, 0.563980221748352], "frame_27": [0.6293985843658447, 0.3959214985370636, 0.04944063723087311, 0.04849984869360924, 0.21490634977817535, 0.49360236525535583, 0.021363448351621628, 0.023261090740561485, 0.5826613903045654], "frame_28": [0.6294112205505371, 0.3959592282772064, 0.04944055527448654, 0.048592377454042435, 0.21490634977817535, 0.49360236525535583, 0.021363448351621628, 0.023261090740561485, 0.7271539568901062], "frame_29": [0.6294435858726501, 0.3959331214427948, 0.04915868863463402, 0.04836340993642807, 0.21490634977817535, 0.49360236525535583, 0.021363448351621628, 0.023261090740561485, 0.7841628789901733], "frame_30": [0.6294257044792175, 0.39593708515167236, 0.04912414401769638, 0.0483693853020668, 0.21751761436462402, 0.4077916443347931, 0.019513363018631935, 0.020054159685969353, 0.8159240484237671], "frame_31": [0.6294126510620117, 0.3959242105484009, 0.04909680783748627, 0.04833920672535896, 0.21751761436462402, 0.4077916443347931, 0.019513363018631935, 0.020054159685969353, 0.7592546939849854], "frame_32": [0.6294390559196472, 0.395927757024765, 0.0491441935300827, 0.04834480211138725, 0.21751761436462402, 0.4077916443347931, 0.019513363018631935, 0.020054159685969353, 0.7639970779418945], "frame_33": [0.6294535994529724, 0.3959101736545563, 0.04915733262896538, 0.048319920897483826, 0.21751761436462402, 0.4077916443347931, 0.019513363018631935, 0.020054159685969353, 0.748500406742096], "frame_34": [0.629490852355957, 0.3959372639656067, 0.049233246594667435, 0.0483354777097702, 0.21751761436462402, 0.4077916443347931, 0.019513363018631935, 0.020054159685969353, 0.8428332805633545], "frame_35": [0.6295500993728638, 0.3959295451641083, 0.049356162548065186, 0.04830004274845123, 0.21751761436462402, 0.4077916443347931, 0.019513363018631935, 0.020054159685969353, 0.8375214338302612], "frame_36": [0.629418671131134, 0.3958180248737335, 0.048735808581113815, 0.048413850367069244, 0.30932146310806274, 0.3292611837387085, 0.02172260358929634, 0.02437606453895569, 0.8090129494667053], "frame_37": [0.6294224858283997, 0.3958265483379364, 0.04875738173723221, 0.04841321334242821, 0.32473301887512207, 0.3189535439014435, 0.02032250352203846, 0.02408142015337944, 0.8336403369903564], "frame_38": [0.6294588446617126, 0.3958251178264618, 0.04885656386613846, 0.04843618720769882, 0.33979374170303345, 0.309099942445755, 0.021937666460871696, 0.0236629918217659, 0.8324568867683411],