{"frame_0": [0.6308043003082275, 0.3961389362812042, 0.04916038364171982, 0.05081545561552048, 0.7944376468658447, 0.5486419796943665, 0.03334198147058487, 0.040617965161800385, 0.5831728577613831], "frame_1": [0.6304805278778076, 0.3962944746017456, 0.04912147670984268, 0.05033921077847481, 0.7944376468658447, 0.5486419796943665, 0.03334198147058487, 0.040617965161800385, 0.2933743894100189], "frame_2": [0.6305854320526123, 0.396439790725708, 0.04905683547258377, 0.050452593713998795, 0.7329776287078857, 0.25207000970840454, 0.02250179648399353, 0.026182470843195915, 0.3110242784023285], "frame_3": [0.6306352615356445, 0.3964096009731293, 0.04902322590351105, 0.05040601268410683, 0.7329776287078857, 0.25207000970840454, 0.02250179648399353, 0.026182470843195915, 0.32693928480148315], "frame_4": [0.6306461095809937, 0.3964492678642273, 0.04909180477261543, 0.05040113627910614, 0.716367244720459, 0.2506234049797058, 0.024881362915039062, 0.027646446600556374, 0.0], "frame_5": [0.6306281089782715, 0.3964247703552246, 0.04903848469257355, 0.05039168521761894, 0.7099400162696838, 0.25039809942245483, 0.026297209784388542, 0.025653542950749397, 0.3129054605960846], "frame_6": [0.6305371522903442, 0.3964085578918457, 0.049066923558712006, 0.050360191613435745, 0.7024805545806885, 0.2516331970691681, 0.02611372247338295, 0.02409428544342518, 0.9010873436927795], "frame_7": [0.6304754614830017, 0.3963797688484192, 0.0489627830684185, 0.05029334872961044, 0.6957005858421326, 0.2549590766429901, 0.023593055084347725, 0.024646569043397903, 0.2564082145690918], "frame_8": [0.63041752576828, 0.39636409282684326, 0.04879561439156532, 0.05029046908020973, 0.6957005858421326, 0.2549590766429901, 0.023593055084347725, 0.024646569043397903, 0.25180336833000183], "frame_9": [0.6305052638053894, 0.3962460458278656, 0.04876348748803139, 0.050147078931331635, 0.6957005858421326, 0.2549590766429901, 0.023593055084347725, 0.024646569043397903, 0.866563618183136], "frame_10": [0.6304889917373657, 0.3962840735912323, 0.048770226538181305, 0.05019853264093399, 0.6957005858421326, 0.2549590766429901, 0.023593055084347725, 0.024646569043397903, 0.9149096608161926], "frame_11": [0.630466639995575, 0.396315336227417, 0.04878484830260277, 0.05032514035701752, 0.6957005858421326, 0.2549590766429901, 0.023593055084347725, 0.024646569043397903, 0.938927948474884], "frame_12": [0.6308053731918335, 0.3962076008319855, 0.04873635992407799, 0.04940478131175041, 0.6663223505020142, 0.2853330373764038, 0.01931779645383358, 0.024419870227575302, 0.9204014539718628], "frame_13": [0.6308230757713318, 0.3962565064430237, 0.04872046411037445, 0.04957593232393265, 0.6589486598968506, 0.2938867509365082, 0.02164154127240181, 0.02656860277056694, 0.9354848861694336], "frame_14": [0.6308267116546631, 0.39627549052238464, 0.04875373840332031, 0.04954812675714493, 0.6522347331047058, 0.3042985796928406, 0.022327804937958717, 0.025453757494688034, 0.9052303433418274], "frame_15": [0.6308841109275818, 0.39615029096603394, 0.048950958997011185, 0.0493544265627861, 0.6472748517990112, 0.31456005573272705, 0.022542741149663925, 0.025418706238269806, 0.8620546460151672], "frame_16": [0.6308784484863281, 0.3962363302707672, 0.04905395582318306, 0.04949980974197388, 0.6415293216705322, 0.326551228761673, 0.023344973102211952, 0.02641010284423828, 0.8676996827125549], "frame_17": [0.6310296654701233, 0.3965551555156708, 0.04923468828201294, 0.04933874309062958, 0.6359884738922119, 0.338887482881546, 0.022681893780827522, 0.025622325018048286, 0.8310681581497192], "frame_18": [0.6309173703193665, 0.3966255187988281, 0.049183402210474014, 0.05014271289110184, 0.6304448246955872, 0.35146021842956543, 0.023164749145507812, 0.025129614397883415, 0.8408074378967285], "frame_19": [0.6317569613456726, 0.39770370721817017, 0.04897172749042511, 0.0479353591799736, 0.6244697570800781, 0.3649687170982361, 0.024787139147520065, 0.023426352068781853, 0.836799144744873], "frame_20": [0.6313197612762451, 0.3967871069908142, 0.04980964586138725, 0.05004170909523964, 0.6258476376533508, 0.35795584321022034, 0.023887252435088158, 0.025793161243200302, 0.7789887189865112], "frame_21": [0.6307248473167419, 0.3961370587348938, 0.04968231916427612, 0.04929924011230469, 0.6274468302726746, 0.3459542989730835, 0.0231645368039608, 0.0254669189453125, 0.0], "frame_22": [0.6309770345687866, 0.3961314857006073, 0.04969079792499542, 0.04902178421616554, 0.6289106607437134, 0.333922803401947, 0.023012416437268257, 0.025004493072628975, 0.0], "frame_23": [0.6308953762054443, 0.39612847566604614, 0.04922599717974663, 0.049605730921030045, 0.6309922337532043, 0.32438185811042786, 0.023642899468541145, 0.02568884938955307, 0.0], "frame_24": [0.6308491826057434, 0.396170049905777, 0.0493604876101017, 0.04944051057100296, 0.6328941583633423, 0.31418105959892273, 0.02236328087747097, 0.0237897876650095, 0.8241435885429382], "frame_25": [0.6309352517127991, 0.3961597979068756, 0.0495120994746685, 0.04986017197370529, 0.6339261531829834, 0.3059265911579132, 0.021632682532072067, 0.023124080151319504, 0.6296396255493164], "frame_26": [0.6310961246490479, 0.3961244225502014, 0.04973191022872925, 0.04973161593079567, 0.6352376937866211, 0.29875195026397705, 0.021053187549114227, 0.02307940647006035, 0.8671357035636902], "frame_27": [0.6310129761695862, 0.39611685276031494, 0.04969283193349838, 0.0497487373650074, 0.6365503668785095, 0.2920611798763275, 0.018321778625249863, 0.023273086175322533, 0.8493000268936157], "frame_28": [0.6310498714447021, 0.39612120389938354, 0.049771204590797424, 0.049614716321229935, 0.6365503668785095, 0.2920611798763275, 0.018321778625249863, 0.023273086175322533, 0.881049394607544], "frame_29": [0.6310603022575378, 0.3961586058139801, 0.04974886402487755, 0.04960789158940315, 0.6365503668785095, 0.2920611798763275, 0.018321778625249863, 0.023273086175322533, 0.8408290147781372], "frame_30": [0.6309650540351868, 0.39618101716041565, 0.049600981175899506, 0.04957970604300499, 0.6365503668785095, 0.2920611798763275, 0.018321778625249863, 0.023273086175322533, 0.6900851130485535], "frame_31": [0.6308405995368958, 0.39627373218536377, 0.049543000757694244, 0.04961772635579109, 0.6365503668785095, 0.2920611798763275, 0.018321778625249863, 0.023273086175322533, 0.8047594428062439], "frame_32": [0.6307165622711182, 0.3964552879333496, 0.04912706837058067, 0.04988500848412514, 0.6365503668785095, 0.2920611798763275, 0.018321778625249863, 0.023273086175322533, 0.7945627570152283], "frame_33": [0.6308510899543762, 0.39638787508010864, 0.04950828477740288, 0.049780018627643585, 0.6365503668785095, 0.2920611798763275, 0.018321778625249863, 0.023273086175322533, 0.32793059945106506], "frame_34": [0.6308543086051941, 0.396281361579895, 0.04932161793112755, 0.04962391406297684, 0.6365503668785095, 0.2920611798763275, 0.018321778625249863, 0.023273086175322533, 0.704715371131897], "frame_35": [0.6309570074081421, 0.3963022828102112, 0.049483660608530045, 0.0495561808347702, 0.6365503668785095, 0.2920611798763275, 0.018321778625249863, 0.023273086175322533, 0.7130458950996399], "frame_36": [0.6309431195259094, 0.39649391174316406, 0.04865353927016258, 0.050039079040288925, 0.6365503668785095, 0.2920611798763275, 0.018321778625249863, 0.023273086175322533, 0.8460336923599243], "frame_37": [0.6309338212013245, 0.39641961455345154, 0.048614248633384705, 0.04992544278502464, 0.6365503668785095, 0.2920611798763275, 0.018321778625249863, 0.023273086175322533, 0.874180018901825], "frame_38": [0.6309053897857666, 0.3964178264141083, 0.049191664904356, 0.05000190809369087, 0.6534236669540405, 0.2882503867149353, 0.02088029682636261, 0.024316363036632538, 0.89890456199646], "frame_39": [0.63096022605896, 0.3964514434337616, 0.0493289940059185, 0.05006832629442215, 0.6551702618598938, 0.29530757665634155, 0.021373283118009567, 0.02416144497692585, 0.9378528594970703],