{"frame_0": [0.5074101090431213, 0.40507447719573975, 0.04615800827741623, 0.04685952886939049, 0.23237934708595276, 0.5696957111358643, 0.0175450649112463, 0.020762380212545395, 0.0], "frame_1": [0.5072758793830872, 0.404982328414917, 0.04602241516113281, 0.04652794823050499, 0.23225338757038116, 0.5704749226570129, 0.01720210164785385, 0.018635008484125137, 0.0], "frame_2": [0.5073120594024658, 0.40498098731040955, 0.04593031108379364, 0.04653807729482651, 0.23279154300689697, 0.5738083124160767, 0.018615595996379852, 0.020534006878733635, 0.0], "frame_3": [0.5073274970054626, 0.40497344732284546, 0.045834731310606, 0.04660351946949959, 0.2326241433620453, 0.5758540034294128, 0.01887073554098606, 0.021257231011986732, 0.0], "frame_4": [0.5073487758636475, 0.4049709439277649, 0.04583930969238281, 0.046509720385074615, 0.23430176079273224, 0.5776726603507996, 0.018338479101657867, 0.02275407500565052, 0.0], "frame_5": [0.5073391795158386, 0.40491020679473877, 0.04583130031824112, 0.046387482434511185, 0.23509563505649567, 0.5784198045730591, 0.018027115613222122, 0.023501206189393997, 0.0], "frame_6": [0.5071917176246643, 0.4048845171928406, 0.04552154615521431, 0.046379681676626205, 0.23509563505649567, 0.5784198045730591, 0.018027115613222122, 0.023501206189393997, 0.0], "frame_7": [0.5071916580200195, 0.4049057066440582, 0.04559805244207382, 0.04634348675608635, 0.2377222627401352, 0.5747923851013184, 0.017714839428663254, 0.022089174017310143, 0.0], "frame_8": [0.50726318359375, 0.40494129061698914, 0.04575233533978462, 0.04644601792097092, 0.23913519084453583, 0.5706056356430054, 0.018413670361042023, 0.020097563043236732, 0.0], "frame_9": [0.5072632431983948, 0.40494227409362793, 0.045715585350990295, 0.04645979031920433, 0.242436021566391, 0.567073404788971, 0.01961280032992363, 0.020335007458925247, 0.0], "frame_10": [0.5072354078292847, 0.4049305021762848, 0.045739151537418365, 0.04646928608417511, 0.24448055028915405, 0.5602089762687683, 0.020607376471161842, 0.01906263642013073, 0.0], "frame_11": [0.5072326064109802, 0.4050212502479553, 0.045769501477479935, 0.0465097650885582, 0.24660809338092804, 0.555092453956604, 0.01960044354200363, 0.019917085766792297, 0.0], "frame_12": [0.5072211623191833, 0.40485504269599915, 0.04580328240990639, 0.04601152241230011, 0.246490940451622, 0.5456424951553345, 0.02005748823285103, 0.018851639702916145, 0.6347494125366211], "frame_13": [0.5072301030158997, 0.4048534035682678, 0.045873090624809265, 0.045997533947229385, 0.24460449814796448, 0.538873016834259, 0.020817184820771217, 0.02036590501666069, 0.6043990850448608], "frame_14": [0.5072582364082336, 0.4047883450984955, 0.045801714062690735, 0.045970916748046875, 0.24073752760887146, 0.5322068929672241, 0.020780477672815323, 0.021513918414711952, 0.0], "frame_15": [0.5072119235992432, 0.4047713875770569, 0.04571486636996269, 0.045903608202934265, 0.23666280508041382, 0.5264020562171936, 0.019510459154844284, 0.023614883422851562, 0.0], "frame_16": [0.5072503685951233, 0.404786080121994, 0.04587440565228462, 0.045899201184511185, 0.23275044560432434, 0.5217809081077576, 0.02060985565185547, 0.023041153326630592, 0.0], "frame_17": [0.5072352886199951, 0.4047717750072479, 0.04584541171789169, 0.045847490429878235, 0.22768990695476532, 0.5179859399795532, 0.020193396136164665, 0.02357042022049427, 0.0], "frame_18": [0.5071790218353271, 0.40476635098457336, 0.045830536633729935, 0.04596273601055145, 0.22768990695476532, 0.5179859399795532, 0.020193396136164665, 0.02357042022049427, 0.0], "frame_19": [0.5071547031402588, 0.40478333830833435, 0.04577352851629257, 0.045988380908966064, 0.21850338578224182, 0.5134952664375305, 0.02281036414206028, 0.0225677490234375, 0.0], "frame_20": [0.5071260333061218, 0.40475261211395264, 0.04569986090064049, 0.04596002399921417, 0.21490885317325592, 0.513347864151001, 0.02360091730952263, 0.024582969024777412, 0.0], "frame_21": [0.5071420669555664, 0.40474972128868103, 0.04573211818933487, 0.04596197232604027, 0.21294187009334564, 0.5120053291320801, 0.023989487439393997, 0.024297332391142845, 0.0], "frame_22": [0.5071650147438049, 0.40475142002105713, 0.04575157165527344, 0.04597833380103111, 0.21184378862380981, 0.5103569626808167, 0.02268543280661106, 0.02319657988846302, 0.0], "frame_23": [0.5071977972984314, 0.40476566553115845, 0.0458315946161747, 0.045999739319086075, 0.21064594388008118, 0.5086196660995483, 0.02330152690410614, 0.02202928252518177, 0.0], "frame_24": [0.5078144669532776, 0.40470367670059204, 0.047308944165706635, 0.04597002640366554, 0.2097214162349701, 0.50506991147995, 0.023413043469190598, 0.021793916821479797, 0.0], "frame_25": [0.5078181624412537, 0.4047045409679413, 0.04731864854693413, 0.04596790671348572, 0.2092331200838089, 0.5010130405426025, 0.023082859814167023, 0.021497132256627083, 0.8371429443359375], "frame_26": [0.5078337788581848, 0.4046887755393982, 0.04735849052667618, 0.0459805391728878, 0.2094886153936386, 0.4962812662124634, 0.023362647742033005, 0.022127065807580948, 0.32667484879493713], "frame_27": [0.5078270435333252, 0.4046994149684906, 0.047340307384729385, 0.045970916748046875, 0.21050067245960236, 0.49023550748825073, 0.021603966131806374, 0.02283952571451664, 0.3638552725315094], "frame_28": [0.5078099370002747, 0.40475794672966003, 0.0474107526242733, 0.0459417961537838, 0.2116042673587799, 0.4812956154346466, 0.020754432305693626, 0.023542573675513268, 0.3486602008342743], "frame_29": [0.5078462958335876, 0.40476006269454956, 0.0473201759159565, 0.04607221856713295, 0.21422165632247925, 0.4687192142009735, 0.02070073038339615, 0.023870382457971573, 0.4073522686958313], "frame_30": [0.5078440308570862, 0.404776930809021, 0.04738731309771538, 0.0460432693362236, 0.2215956151485443, 0.4530026614665985, 0.021349631249904633, 0.021680153906345367, 0.5070664286613464], "frame_31": [0.5077953934669495, 0.40475040674209595, 0.04747657850384712, 0.046060774475336075, 0.23088544607162476, 0.43626320362091064, 0.020391952246427536, 0.020766448229551315, 0.9385724663734436], "frame_32": [0.5077462196350098, 0.4047153890132904, 0.04745063930749893, 0.046079423278570175, 0.23809559643268585, 0.421686053276062, 0.019051361829042435, 0.021868260577321053, 0.9171220660209656], "frame_33": [0.5077400803565979, 0.4046858847141266, 0.047369979321956635, 0.04607013985514641, 0.24828018248081207, 0.4079694449901581, 0.020295249298214912, 0.02083892747759819, 0.910728394985199], "frame_34": [0.5077053308486938, 0.4046776592731476, 0.04734361544251442, 0.04602678120136261, 0.25635868310928345, 0.39505675435066223, 0.02296772040426731, 0.021411430090665817, 0.8948977589607239], "frame_35": [0.507481575012207, 0.404657781124115, 0.04702330753207207, 0.0459136962890625, 0.26526397466659546, 0.3818834125995636, 0.020833630114793777, 0.021037759259343147, 0.9181238412857056], "frame_36": [0.5071106553077698, 0.40470191836357117, 0.04579145461320877, 0.0458194725215435, 0.27451494336128235, 0.37040039896965027, 0.020154381170868874, 0.021444320678710938, 0.8360323905944824], "frame_37": [0.507161021232605, 0.40473267436027527, 0.04590165987610817, 0.04587304964661598, 0.28335410356521606, 0.3591608703136444, 0.02109478786587715, 0.021365059539675713, 0.8232199549674988], "frame_38": [0.5071550011634827, 0.40467479825019836, 0.04586202651262283, 0.04582430422306061, 0.29244640469551086, 0.34778159856796265, 0.019624710083007812, 0.02314590848982334, 0.5906454920768738], "frame_39": [0.507148802280426, 0.40467962622642517, 0.04586774855852127, 0.04584693908691406, 0.3005237281322479, 0.3399507403373718, 0.0216535571962595, 0.024322213605046272, 0.42551881074905396], "frame_40": [0.507139265537262, 0.40470191836357117, 0.045848846435546875, 0.045823585242033005, 0.3101177513599396, 0.3329644501209259, 0.02207355573773384, 0.02369637042284012, 0.7562073469161987],