{"frame_0": [0.6284634470939636, 0.3964179456233978, 0.049555204808712006, 0.05001203715801239, 0.5372284650802612, 0.5440950989723206, 0.018676375970244408, 0.021225187927484512, 0.7691811919212341], "frame_1": [0.6286272406578064, 0.3962399661540985, 0.04864590987563133, 0.04951667785644531, 0.5335089564323425, 0.5657236576080322, 0.019504165276885033, 0.020488526672124863, 0.7521007657051086], "frame_2": [0.6286777853965759, 0.39609676599502563, 0.04858436435461044, 0.049208153039216995, 0.5335089564323425, 0.5657236576080322, 0.019504165276885033, 0.020488526672124863, 0.7575756311416626], "frame_3": [0.6285812258720398, 0.3959476351737976, 0.04854774475097656, 0.04905649647116661, 0.5335089564323425, 0.5657236576080322, 0.019504165276885033, 0.020488526672124863, 0.7527310252189636], "frame_4": [0.6284011006355286, 0.39624714851379395, 0.04905128479003906, 0.049279190599918365, 0.5335089564323425, 0.5657236576080322, 0.019504165276885033, 0.020488526672124863, 0.7526945471763611], "frame_5": [0.628521203994751, 0.396415114402771, 0.04947547987103462, 0.04936319962143898, 0.5229774713516235, 0.6530774235725403, 0.018564224243164062, 0.022417450323700905, 0.7182412147521973], "frame_6": [0.6289601922035217, 0.3958863914012909, 0.04903869703412056, 0.04896676912903786, 0.5205903053283691, 0.6493242979049683, 0.020735550671815872, 0.020555581897497177, 0.7176714539527893], "frame_7": [0.6290744543075562, 0.395904541015625, 0.04893340915441513, 0.04892972484230995, 0.5181781649589539, 0.6311225891113281, 0.01978098601102829, 0.021808115765452385, 0.6697919368743896], "frame_8": [0.628952145576477, 0.3959689736366272, 0.04873436689376831, 0.04892052710056305, 0.5155193209648132, 0.6132144927978516, 0.017793020233511925, 0.020784251391887665, 0.6307323575019836], "frame_9": [0.6289268732070923, 0.39605745673179626, 0.048562876880168915, 0.04920090734958649, 0.5155193209648132, 0.6132144927978516, 0.017793020233511925, 0.020784251391887665, 0.5977808237075806], "frame_10": [0.6288372874259949, 0.39599770307540894, 0.04837018996477127, 0.049007244408130646, 0.5155193209648132, 0.6132144927978516, 0.017793020233511925, 0.020784251391887665, 0.6497911810874939], "frame_11": [0.6287340521812439, 0.39603662490844727, 0.04865819960832596, 0.04908943176269531, 0.502888023853302, 0.5706619024276733, 0.01950225792825222, 0.02131500281393528, 0.6213098168373108], "frame_12": [0.6286420226097107, 0.39602231979370117, 0.04883011803030968, 0.047895729541778564, 0.49989140033721924, 0.5578866600990295, 0.018993929028511047, 0.020442580804228783, 0.7553801536560059], "frame_13": [0.628528356552124, 0.3959636390209198, 0.04883986711502075, 0.04781303554773331, 0.49630388617515564, 0.5456046462059021, 0.020115958526730537, 0.02147369459271431, 0.7500127553939819], "frame_14": [0.6285603642463684, 0.39616668224334717, 0.049869708716869354, 0.047938451170921326, 0.4907267391681671, 0.5355294942855835, 0.024178694933652878, 0.0232696533203125, 0.6856865882873535], "frame_15": [0.6287418603897095, 0.39631274342536926, 0.05016004666686058, 0.04799804836511612, 0.49196353554725647, 0.5254363417625427, 0.023360824212431908, 0.024365615099668503, 0.6558519601821899], "frame_16": [0.628851056098938, 0.3962860107421875, 0.05011337995529175, 0.04805217310786247, 0.4927932024002075, 0.514945387840271, 0.024031449109315872, 0.02414092980325222, 0.5722714066505432], "frame_17": [0.6289363503456116, 0.3963342308998108, 0.04985741525888443, 0.04828643798828125, 0.49258917570114136, 0.5047429203987122, 0.022811125963926315, 0.026340484619140625, 0.5629206895828247], "frame_18": [0.6290388107299805, 0.39635157585144043, 0.05026350915431976, 0.048338234424591064, 0.4920310974121094, 0.49738913774490356, 0.02260843850672245, 0.026433097198605537, 0.783837616443634], "frame_19": [0.6291229128837585, 0.3961387276649475, 0.04964027553796768, 0.04800042137503624, 0.49089133739471436, 0.488533616065979, 0.02213575504720211, 0.025185775011777878, 0.841812014579773], "frame_20": [0.6289688348770142, 0.39617839455604553, 0.050035178661346436, 0.04808349534869194, 0.49089133739471436, 0.488533616065979, 0.02213575504720211, 0.025185775011777878, 0.5003523826599121], "frame_21": [0.6285653710365295, 0.39619094133377075, 0.04977624863386154, 0.048048317432403564, 0.4896812438964844, 0.4749143719673157, 0.02341020293533802, 0.023506715893745422, 0.6636652946472168], "frame_22": [0.628418505191803, 0.3962966501712799, 0.05011405795812607, 0.0479804128408432, 0.49062806367874146, 0.46553751826286316, 0.020353317260742188, 0.023861905559897423, 0.9558635354042053], "frame_23": [0.6284506916999817, 0.39618030190467834, 0.05015619099140167, 0.04788415879011154, 0.49062806367874146, 0.46553751826286316, 0.020353317260742188, 0.023861905559897423, 0.9976640343666077], "frame_24": [0.6288945078849792, 0.3966190218925476, 0.050302717834711075, 0.04859703779220581, 0.49062806367874146, 0.46553751826286316, 0.020353317260742188, 0.023861905559897423, 0.9318539500236511], "frame_25": [0.6291293501853943, 0.3965164124965668, 0.05001869052648544, 0.048665620386600494, 0.5004351139068604, 0.423501580953598, 0.023134825751185417, 0.025793839246034622, 0.9667503237724304], "frame_26": [0.6291275024414062, 0.3966813385486603, 0.050173569470644, 0.04894358292222023, 0.5074654221534729, 0.4108271300792694, 0.022153090685606003, 0.025011062622070312, 0.9775452613830566], "frame_27": [0.6286057233810425, 0.3968796730041504, 0.0494205467402935, 0.04913940280675888, 0.5145493149757385, 0.3972392678260803, 0.021163176745176315, 0.025147417560219765, 0.900601863861084], "frame_28": [0.6287148594856262, 0.3969493508338928, 0.04986555129289627, 0.04900322109460831, 0.5219202041625977, 0.3858129680156708, 0.020235147327184677, 0.02610999159514904, 0.8420562148094177], "frame_29": [0.6287908554077148, 0.39677801728248596, 0.0498104952275753, 0.04881926625967026, 0.5268384218215942, 0.37417298555374146, 0.021609878167510033, 0.025778282433748245, 0.7863271832466125], "frame_30": [0.6287713050842285, 0.3965380787849426, 0.049616411328315735, 0.04869028553366661, 0.5343502163887024, 0.3620481789112091, 0.02039354108273983, 0.023158730939030647, 0.7665377855300903], "frame_31": [0.6286556124687195, 0.3966561555862427, 0.049748994410037994, 0.04870826005935669, 0.5392699241638184, 0.35321545600891113, 0.02076263353228569, 0.023686980828642845, 0.7352671027183533], "frame_32": [0.628690779209137, 0.39650171995162964, 0.04945814236998558, 0.0486043281853199, 0.5464333295822144, 0.34902727603912354, 0.02945471927523613, 0.021804513409733772, 0.713797926902771], "frame_33": [0.628714919090271, 0.3965891897678375, 0.04973602294921875, 0.04861077293753624, 0.5538665056228638, 0.3405887484550476, 0.021832572296261787, 0.027296151965856552, 0.4189995229244232], "frame_34": [0.6288378238677979, 0.39671769738197327, 0.04956931993365288, 0.048741575330495834, 0.5538665056228638, 0.3405887484550476, 0.021832572296261787, 0.027296151965856552, 0.562441885471344], "frame_35": [0.6288339495658875, 0.39679744839668274, 0.04919929429888725, 0.04887470602989197, 0.5538665056228638, 0.3405887484550476, 0.021832572296261787, 0.027296151965856552, 0.37456512451171875], "frame_36": [0.6290408968925476, 0.39644843339920044, 0.048745132982730865, 0.0484900139272213, 0.5538665056228638, 0.3405887484550476, 0.021832572296261787, 0.027296151965856552, 0.4524688124656677], "frame_37": [0.6290389895439148, 0.39649564027786255, 0.0490095354616642, 0.04847348481416702, 0.5538665056228638, 0.3405887484550476, 0.021832572296261787, 0.027296151965856552, 0.43564215302467346], "frame_38": [0.6289138793945312, 0.39639362692832947, 0.04869499057531357, 0.04842512309551239, 0.5538665056228638, 0.3405887484550476, 0.021832572296261787, 0.027296151965856552, 0.5791223049163818],