{"frame_0": [0.5083982944488525, 0.4039704203605652, 0.04628410190343857, 0.04547064006328583, 0.2127954512834549, 0.5837543606758118, 0.023668374866247177, 0.027474213391542435, 0.8345137238502502], "frame_1": [0.5083378553390503, 0.40430471301078796, 0.046305082738399506, 0.04559800773859024, 0.21098539233207703, 0.5832076072692871, 0.02200213447213173, 0.026920869946479797, 0.8016206622123718], "frame_2": [0.5083315372467041, 0.404275119304657, 0.04634276404976845, 0.045752886682748795, 0.20951220393180847, 0.5823946595191956, 0.0207095667719841, 0.025326749309897423, 0.8152432441711426], "frame_3": [0.5082939267158508, 0.4042675793170929, 0.046231672167778015, 0.04583451896905899, 0.2086445689201355, 0.5828426480293274, 0.02150809019804001, 0.02551133930683136, 0.7963745594024658], "frame_4": [0.5083622336387634, 0.40429747104644775, 0.04636281356215477, 0.04579412564635277, 0.2077377587556839, 0.5832363963127136, 0.021995458751916885, 0.02436302974820137, 0.7994892597198486], "frame_5": [0.5087382197380066, 0.40423470735549927, 0.04710943251848221, 0.045541465282440186, 0.2066417932510376, 0.5832481384277344, 0.022511249408125877, 0.02450239472091198, 0.7655358910560608], "frame_6": [0.5086997747421265, 0.40417924523353577, 0.04716746136546135, 0.04551544040441513, 0.2054283618927002, 0.5824600458145142, 0.02200080081820488, 0.02392798475921154, 0.7576782703399658], "frame_7": [0.5085750222206116, 0.40411871671676636, 0.04689445346593857, 0.04539930447936058, 0.20462074875831604, 0.5814600586891174, 0.022571902722120285, 0.024511167779564857, 0.7527583241462708], "frame_8": [0.5086711049079895, 0.4041328728199005, 0.047040559351444244, 0.045424651354551315, 0.20518440008163452, 0.5801805257797241, 0.022672567516565323, 0.024457931518554688, 0.7384603023529053], "frame_9": [0.5082722902297974, 0.4042065143585205, 0.04647789150476456, 0.04572855681180954, 0.20623643696308136, 0.5778360366821289, 0.02304096147418022, 0.024126900359988213, 0.7188554406166077], "frame_10": [0.5082483291625977, 0.4042235016822815, 0.04642465338110924, 0.045653365552425385, 0.20769017934799194, 0.5735476016998291, 0.02272644080221653, 0.023427708074450493, 0.6333409547805786], "frame_11": [0.5079487562179565, 0.40418463945388794, 0.04573279619216919, 0.04566324129700661, 0.2092936635017395, 0.5671422481536865, 0.019291792064905167, 0.020810021087527275, 0.5844482779502869], "frame_12": [0.5080982446670532, 0.403971403837204, 0.045979902148246765, 0.04521399736404419, 0.21106094121932983, 0.5619146823883057, 0.023002158850431442, 0.024209382012486458, 0.5391945242881775], "frame_13": [0.5081208944320679, 0.40401512384414673, 0.046041108667850494, 0.045282576233148575, 0.21169114112854004, 0.554189920425415, 0.023684268817305565, 0.022515572607517242, 0.49796050786972046], "frame_14": [0.5081177949905396, 0.40394672751426697, 0.045825108885765076, 0.04529927670955658, 0.21339496970176697, 0.5461432337760925, 0.022072304040193558, 0.02430046908557415, 0.5549317598342896], "frame_15": [0.5081512331962585, 0.4038398861885071, 0.04583604633808136, 0.04515478387475014, 0.21328629553318024, 0.5376299619674683, 0.02446223422884941, 0.024363411590456963, 0.539490282535553], "frame_16": [0.5082100033760071, 0.40385758876800537, 0.04604644700884819, 0.04539307579398155, 0.2110004425048828, 0.5292168259620667, 0.02287769317626953, 0.02518310584127903, 0.5275620818138123], "frame_17": [0.5081576108932495, 0.40379688143730164, 0.04599282890558243, 0.04531813785433769, 0.20696517825126648, 0.5216568112373352, 0.024758126586675644, 0.025005510076880455, 0.5664824843406677], "frame_18": [0.5081008672714233, 0.403786838054657, 0.045993633568286896, 0.045229509472846985, 0.20236904919147491, 0.5155363082885742, 0.02416769601404667, 0.025068283081054688, 0.46690821647644043], "frame_19": [0.5080668926239014, 0.4037858843803406, 0.04605390876531601, 0.045198481529951096, 0.19781771302223206, 0.5108690857887268, 0.024192597717046738, 0.025667104870080948, 0.4980960190296173], "frame_20": [0.5081881284713745, 0.4037638306617737, 0.04621764272451401, 0.04505043104290962, 0.1941772699356079, 0.5071196556091309, 0.023918194696307182, 0.024135207757353783, 0.3938688635826111], "frame_21": [0.508171021938324, 0.4038211405277252, 0.04612867534160614, 0.045232221484184265, 0.19073256850242615, 0.5050472021102905, 0.02391543984413147, 0.02418382465839386, 0.4207971692085266], "frame_22": [0.5081858038902283, 0.4037571847438812, 0.04614092409610748, 0.04508039727807045, 0.1885852813720703, 0.5027194023132324, 0.02338346838951111, 0.02360144630074501, 0.531627357006073], "frame_23": [0.5081764459609985, 0.4037453234195709, 0.046069081872701645, 0.04507971927523613, 0.1859738677740097, 0.5009912252426147, 0.022336971014738083, 0.022849401459097862, 0.4824138879776001], "frame_24": [0.5082688927650452, 0.40370118618011475, 0.046269141137599945, 0.04436446353793144, 0.1837948113679886, 0.49904394149780273, 0.0219743512570858, 0.022842958569526672, 0.39142346382141113], "frame_25": [0.5082021951675415, 0.403656929731369, 0.04615745693445206, 0.04428138583898544, 0.1826423853635788, 0.49695414304733276, 0.02212388813495636, 0.02434081956744194, 0.46277862787246704], "frame_26": [0.5081431269645691, 0.4038130044937134, 0.04563653841614723, 0.04451620206236839, 0.1821642369031906, 0.49391743540763855, 0.022762881591916084, 0.025622092187404633, 0.4704500138759613], "frame_27": [0.5080309510231018, 0.4038134217262268, 0.04583930969238281, 0.0446024164557457, 0.18218150734901428, 0.48864567279815674, 0.022376855835318565, 0.025038613006472588, 0.5067804455757141], "frame_28": [0.5081102252006531, 0.40380480885505676, 0.04601148143410683, 0.04454108327627182, 0.18252067267894745, 0.482266902923584, 0.023525185883045197, 0.025839615613222122, 0.4631178379058838], "frame_29": [0.5079779028892517, 0.4038950502872467, 0.04658716171979904, 0.04456926882266998, 0.183623269200325, 0.4751359224319458, 0.022493118420243263, 0.0263815987855196, 0.6017181277275085], "frame_30": [0.5080743432044983, 0.4038504660129547, 0.04600351303815842, 0.04454765468835831, 0.1860531121492386, 0.46722111105918884, 0.021761661395430565, 0.025777943432331085, 0.5292466878890991], "frame_31": [0.5079927444458008, 0.40386834740638733, 0.045853424817323685, 0.04447992146015167, 0.18986862897872925, 0.45624133944511414, 0.022071944549679756, 0.024589326232671738, 0.6949774026870728], "frame_32": [0.5079202651977539, 0.4038802981376648, 0.04574105888605118, 0.04457482323050499, 0.19653061032295227, 0.44223082065582275, 0.02236432023346424, 0.027147037908434868, 0.7633131742477417], "frame_33": [0.5079754590988159, 0.4038904011249542, 0.04577111080288887, 0.04465675354003906, 0.20750431716442108, 0.4250686764717102, 0.022393714636564255, 0.025197982788085938, 0.8643762469291687], "frame_34": [0.508005678653717, 0.40394970774650574, 0.04584282636642456, 0.04476538673043251, 0.21771171689033508, 0.4088656008243561, 0.020121002569794655, 0.02392273023724556, 0.8144761323928833], "frame_35": [0.508052408695221, 0.40401461720466614, 0.04597282409667969, 0.044856175780296326, 0.22934295237064362, 0.394645094871521, 0.021737098693847656, 0.024792861193418503, 0.9093726277351379], "frame_36": [0.5082775950431824, 0.40426355600357056, 0.046492937952280045, 0.045476533472537994, 0.2408338487148285, 0.3810334801673889, 0.023513497784733772, 0.024774637073278427, 0.8915339708328247], "frame_37": [0.5082485675811768, 0.4042309522628784, 0.046436309814453125, 0.045464493334293365, 0.2530061900615692, 0.36893224716186523, 0.022481875494122505, 0.024836264550685883, 0.7934898734092712], "frame_38": [0.5082017779350281, 0.4042240083217621, 0.04629258066415787, 0.045410409569740295, 0.26381978392601013, 0.35805684328079224, 0.022940825670957565, 0.027015941217541695, 0.7471806406974792],