{"frame_0": [0.5069074034690857, 0.4050857424736023, 0.0448465570807457, 0.047037675976753235, 0.7662767171859741, 0.579003632068634, 0.024840205907821655, 0.024332597851753235, 0.7238636016845703], "frame_1": [0.5068821310997009, 0.40502917766571045, 0.04509057104587555, 0.04680328443646431, 0.7640533447265625, 0.5809907913208008, 0.02535620704293251, 0.025349637493491173, 0.6597884893417358], "frame_2": [0.5069266557693481, 0.4049954414367676, 0.04505212604999542, 0.046750642359256744, 0.757987380027771, 0.5843427181243896, 0.02867279015481472, 0.025162972509860992, 0.6407588124275208], "frame_3": [0.5068467855453491, 0.40492358803749084, 0.04487283527851105, 0.04675110802054405, 0.7524018883705139, 0.5868574380874634, 0.02928432822227478, 0.027342859655618668, 0.6966328024864197], "frame_4": [0.5068678259849548, 0.4049548804759979, 0.04494980722665787, 0.0468309186398983, 0.7456560134887695, 0.586936891078949, 0.027188194915652275, 0.026088163256645203, 0.6941812038421631], "frame_5": [0.5069809556007385, 0.4050014913082123, 0.045095741748809814, 0.04676399379968643, 0.7411083579063416, 0.5877231955528259, 0.026281991973519325, 0.028250714763998985, 0.7416385412216187], "frame_6": [0.5069133639335632, 0.40498751401901245, 0.04507599025964737, 0.046743012964725494, 0.735019326210022, 0.5858500003814697, 0.02495795302093029, 0.027030562981963158, 0.7002654671669006], "frame_7": [0.5067976117134094, 0.4049684405326843, 0.04496362432837486, 0.04672219976782799, 0.7296227216720581, 0.5819247961044312, 0.026019202545285225, 0.028325652703642845, 0.6386852264404297], "frame_8": [0.5068182349205017, 0.40497419238090515, 0.04497947543859482, 0.046767596155405045, 0.7221294641494751, 0.5746391415596008, 0.027351804077625275, 0.028307512402534485, 0.6417428851127625], "frame_9": [0.5068174600601196, 0.4050150513648987, 0.0450175404548645, 0.04686109721660614, 0.7163271307945251, 0.5655145645141602, 0.026554403826594353, 0.024377992376685143, 0.637028694152832], "frame_10": [0.5068509578704834, 0.4049540162086487, 0.045066069811582565, 0.0467844232916832, 0.7138850092887878, 0.554799497127533, 0.027793841436505318, 0.026579072698950768, 0.802241325378418], "frame_11": [0.5068551898002625, 0.4049068093299866, 0.045124053955078125, 0.04668036475777626, 0.7093967199325562, 0.5436174869537354, 0.02575293555855751, 0.026136228814721107, 0.11603109538555145], "frame_12": [0.5068399906158447, 0.404807448387146, 0.04502677917480469, 0.04681332781910896, 0.7108152508735657, 0.5336989760398865, 0.028365792706608772, 0.028866196051239967, 0.29525548219680786], "frame_13": [0.5068420171737671, 0.40479737520217896, 0.0450286865234375, 0.046802692115306854, 0.7132744789123535, 0.5221866369247437, 0.027044253423810005, 0.02655944786965847, 0.4689421057701111], "frame_14": [0.5068173408508301, 0.40476831793785095, 0.045078277587890625, 0.04673326388001442, 0.7132744789123535, 0.5221866369247437, 0.027044253423810005, 0.02655944786965847, 0.45896777510643005], "frame_15": [0.5072778463363647, 0.4046441912651062, 0.045819856226444244, 0.04664811119437218, 0.7132744789123535, 0.5221866369247437, 0.027044253423810005, 0.02655944786965847, 0.5002735257148743], "frame_16": [0.506909966468811, 0.40482351183891296, 0.04510498046875, 0.04684312641620636, 0.7132744789123535, 0.5221866369247437, 0.027044253423810005, 0.02655944786965847, 0.5641026496887207], "frame_17": [0.5068920850753784, 0.40480634570121765, 0.044995881617069244, 0.04680858179926872, 0.7132744789123535, 0.5221866369247437, 0.027044253423810005, 0.02655944786965847, 0.4867111146450043], "frame_18": [0.506865382194519, 0.4046924114227295, 0.04501580074429512, 0.0466553159058094, 0.7431129217147827, 0.4951518476009369, 0.02597639337182045, 0.025817574933171272, 0.34702256321907043], "frame_19": [0.5068545341491699, 0.4046937823295593, 0.045030973851680756, 0.04662039130926132, 0.7431129217147827, 0.4951518476009369, 0.02597639337182045, 0.025817574933171272, 0.5466347932815552], "frame_20": [0.5068610310554504, 0.4048415422439575, 0.045044708997011185, 0.0469452328979969, 0.7431129217147827, 0.4951518476009369, 0.02597639337182045, 0.025817574933171272, 0.928354799747467], "frame_21": [0.5067386627197266, 0.4047744870185852, 0.04501444473862648, 0.046777427196502686, 0.7431129217147827, 0.4951518476009369, 0.02597639337182045, 0.025817574933171272, 0.614126443862915], "frame_22": [0.506805419921875, 0.40474531054496765, 0.04505729675292969, 0.04678298160433769, 0.7431129217147827, 0.4951518476009369, 0.02597639337182045, 0.025817574933171272, 0.8132997155189514], "frame_23": [0.5066594481468201, 0.40470802783966064, 0.04489860683679581, 0.04691077396273613, 0.7698424458503723, 0.47873610258102417, 0.02084740623831749, 0.02419908344745636, 0.5692867636680603], "frame_24": [0.5068696737289429, 0.40491247177124023, 0.04476983845233917, 0.046909332275390625, 0.7697535157203674, 0.4737764000892639, 0.023813799023628235, 0.023888947442173958, 0.563789963722229], "frame_25": [0.506927490234375, 0.40492141246795654, 0.044742755591869354, 0.04687517136335373, 0.7704118490219116, 0.4680790305137634, 0.024606917053461075, 0.026571400463581085, 0.6004741787910461], "frame_26": [0.50700843334198, 0.4048968553543091, 0.04483778029680252, 0.04685601219534874, 0.7704290747642517, 0.4602508842945099, 0.02564375102519989, 0.02626020647585392, 0.993703305721283], "frame_27": [0.5070425868034363, 0.404931902885437, 0.04508247226476669, 0.046875592321157455, 0.7699044346809387, 0.4523199200630188, 0.02552998811006546, 0.027983305975794792, 0.0], "frame_28": [0.506996214389801, 0.405023455619812, 0.04519331082701683, 0.04685842618346214, 0.7684438824653625, 0.44057875871658325, 0.02596062608063221, 0.028633881360292435, 0.9091839790344238], "frame_29": [0.5069756507873535, 0.4050287902355194, 0.045102309435606, 0.04696091637015343, 0.7600023746490479, 0.4235778748989105, 0.02501305565237999, 0.026102829724550247, 0.7650572061538696], "frame_30": [0.5069931149482727, 0.405009925365448, 0.04510498046875, 0.04702606052160263, 0.749598503112793, 0.4065834581851959, 0.024400923401117325, 0.024917347356677055, 0.8599633574485779], "frame_31": [0.506980836391449, 0.40500608086586, 0.04510070011019707, 0.04705946147441864, 0.739422082901001, 0.3900455832481384, 0.023299407213926315, 0.025379689410328865, 0.8877774477005005], "frame_32": [0.5069816708564758, 0.4050229489803314, 0.04509124904870987, 0.04699812829494476, 0.7276665568351746, 0.37528932094573975, 0.02571241557598114, 0.025347519665956497, 0.9258880019187927], "frame_33": [0.5070239305496216, 0.4050278663635254, 0.04509925842285156, 0.04700910672545433, 0.7163102030754089, 0.3612408936023712, 0.02375674806535244, 0.026347223669290543, 0.8652406334877014], "frame_34": [0.50701904296875, 0.40503278374671936, 0.04509430006146431, 0.04704856872558594, 0.7060971260070801, 0.34887436032295227, 0.024370914325118065, 0.026183487847447395, 0.8405115604400635], "frame_35": [0.5069913864135742, 0.4050351083278656, 0.04506988450884819, 0.047057174146175385, 0.6958616375923157, 0.3380303382873535, 0.024534394964575768, 0.026516828685998917, 0.7811048030853271], "frame_36": [0.507108211517334, 0.4050774574279785, 0.04534628242254257, 0.04691886901855469, 0.6858918070793152, 0.3276747763156891, 0.024978255853056908, 0.026380645111203194, 0.8079859614372253], "frame_37": [0.5069291591644287, 0.40505388379096985, 0.04523743689060211, 0.04702737554907799, 0.6760071516036987, 0.31943279504776, 0.024961471557617188, 0.02618885040283203, 0.7583726644515991], "frame_38": [0.5069323778152466, 0.40504276752471924, 0.04525727033615112, 0.04696464538574219, 0.6657640933990479, 0.3123818337917328, 0.024835417047142982, 0.02618512138724327, 0.6941303610801697], "frame_39": [0.5070303082466125, 0.40507635474205017, 0.04555702209472656, 0.04698227718472481, 0.6563271284103394, 0.3062550723552704, 0.024249648675322533, 0.02584429830312729, 0.6534626483917236],