{"frame_0": [0.6288025975227356, 0.3992460072040558, 0.05025291442871094, 0.048286013305187225, 0.46656838059425354, 0.41990533471107483, 0.023623064160346985, 0.023869873955845833, 0.8740190863609314], "frame_1": [0.6291905045509338, 0.3991762399673462, 0.049652099609375, 0.048436399549245834, 0.46656838059425354, 0.41990533471107483, 0.023623064160346985, 0.023869873955845833, 0.8516687154769897], "frame_2": [0.6289529800415039, 0.39916643500328064, 0.049391936510801315, 0.04839515686035156, 0.46656838059425354, 0.41990533471107483, 0.023623064160346985, 0.023869873955845833, 0.7951317429542542], "frame_3": [0.6289711594581604, 0.39919623732566833, 0.04927948862314224, 0.048398420214653015, 0.46656838059425354, 0.41990533471107483, 0.023623064160346985, 0.023869873955845833, 0.7564226388931274], "frame_4": [0.6289507746696472, 0.3991990089416504, 0.04923684895038605, 0.04830886051058769, 0.46656838059425354, 0.41990533471107483, 0.023623064160346985, 0.023869873955845833, 0.7581394910812378], "frame_5": [0.6290154457092285, 0.3991941809654236, 0.04937303438782692, 0.04826562851667404, 0.46656838059425354, 0.41990533471107483, 0.023623064160346985, 0.023869873955845833, 0.7710782885551453], "frame_6": [0.6289978623390198, 0.3992265462875366, 0.04913482815027237, 0.04827575758099556, 0.46656838059425354, 0.41990533471107483, 0.023623064160346985, 0.023869873955845833, 0.7648988962173462], "frame_7": [0.6287514567375183, 0.39924222230911255, 0.04907379299402237, 0.04831674322485924, 0.46656838059425354, 0.41990533471107483, 0.023623064160346985, 0.023869873955845833, 0.7230656743049622], "frame_8": [0.6287368535995483, 0.39929500222206116, 0.04911956936120987, 0.048193275928497314, 0.46656838059425354, 0.41990533471107483, 0.023623064160346985, 0.023869873955845833, 0.7256395220756531], "frame_9": [0.6288347244262695, 0.3992758095264435, 0.049205780029296875, 0.04823095351457596, 0.46656838059425354, 0.41990533471107483, 0.023623064160346985, 0.023869873955845833, 0.7141678929328918], "frame_10": [0.6288365125656128, 0.3993123471736908, 0.049078453332185745, 0.048318397253751755, 0.46656838059425354, 0.41990533471107483, 0.023623064160346985, 0.023869873955845833, 0.6983284950256348], "frame_11": [0.6288896203041077, 0.3993239402770996, 0.04912177100777626, 0.04840965196490288, 0.46656838059425354, 0.41990533471107483, 0.023623064160346985, 0.023869873955845833, 0.7188198566436768], "frame_12": [0.6289137005805969, 0.3992224931716919, 0.04895532503724098, 0.048201750963926315, 0.46656838059425354, 0.41990533471107483, 0.023623064160346985, 0.023869873955845833, 0.7557049989700317], "frame_13": [0.6289253830909729, 0.3992471396923065, 0.048944685608148575, 0.04817839711904526, 0.46656838059425354, 0.41990533471107483, 0.023623064160346985, 0.023869873955845833, 0.7621535658836365], "frame_14": [0.6288664937019348, 0.3992435932159424, 0.04879417270421982, 0.04819721728563309, 0.7644988894462585, 0.5885164737701416, 0.02826656773686409, 0.028683599084615707, 0.5711427927017212], "frame_15": [0.6287829279899597, 0.399269700050354, 0.04861517995595932, 0.04823553189635277, 0.7627424597740173, 0.5825633406639099, 0.027139198035001755, 0.027892302721738815, 0.6663700938224792], "frame_16": [0.6287886500358582, 0.399271696805954, 0.0486907958984375, 0.04823082685470581, 0.7580656409263611, 0.5736623406410217, 0.029996659606695175, 0.029006661847233772, 0.7048359513282776], "frame_17": [0.6287224888801575, 0.39930224418640137, 0.048732757568359375, 0.04823680594563484, 0.7580656409263611, 0.5736623406410217, 0.029996659606695175, 0.029006661847233772, 0.7412903904914856], "frame_18": [0.6287274360656738, 0.39927414059638977, 0.048745132982730865, 0.048161230981349945, 0.7580656409263611, 0.5736623406410217, 0.029996659606695175, 0.029006661847233772, 0.7937860488891602], "frame_19": [0.6287291049957275, 0.3992290794849396, 0.04878256097435951, 0.04819874092936516, 0.7580656409263611, 0.5736623406410217, 0.029996659606695175, 0.029006661847233772, 0.7782038450241089], "frame_20": [0.6287958025932312, 0.3991937041282654, 0.04897711053490639, 0.04840002954006195, 0.7580656409263611, 0.5736623406410217, 0.029996659606695175, 0.029006661847233772, 0.8001152276992798], "frame_21": [0.6289215683937073, 0.39921119809150696, 0.049128130078315735, 0.04822235181927681, 0.7580656409263611, 0.5736623406410217, 0.029996659606695175, 0.029006661847233772, 0.7685000896453857], "frame_22": [0.6289727091789246, 0.39928174018859863, 0.049308184534311295, 0.04825757443904877, 0.7580656409263611, 0.5736623406410217, 0.029996659606695175, 0.029006661847233772, 0.7103613615036011], "frame_23": [0.6290132999420166, 0.3992835581302643, 0.04942893981933594, 0.04825812578201294, 0.765285074710846, 0.4804205298423767, 0.028219180181622505, 0.0326680913567543, 0.6360893249511719], "frame_24": [0.6288592219352722, 0.39922842383384705, 0.048793792724609375, 0.04841236397624016, 0.7731109857559204, 0.47284385561943054, 0.033743370324373245, 0.03624449670314789, 0.6869967579841614], "frame_25": [0.6288446187973022, 0.3992038369178772, 0.048725426197052, 0.04838032275438309, 0.784693717956543, 0.46884438395500183, 0.037049610167741776, 0.038208771497011185, 0.7673746943473816], "frame_26": [0.6288521885871887, 0.39921629428863525, 0.048788536339998245, 0.04841601103544235, 0.7939544916152954, 0.4647408425807953, 0.028487903997302055, 0.0335066057741642, 0.7731255888938904], "frame_27": [0.6288678646087646, 0.39924156665802, 0.0487881563603878, 0.048470307141542435, 0.7978612184524536, 0.4587932229042053, 0.02838134765625, 0.03284187242388725, 0.6681126952171326], "frame_28": [0.6290408372879028, 0.3992640972137451, 0.04929695278406143, 0.04846365004777908, 0.8002862930297852, 0.4497205913066864, 0.02654707245528698, 0.0332445353269577, 0.724588930606842], "frame_29": [0.6290513873100281, 0.3992396891117096, 0.04934408515691757, 0.04843618720769882, 0.7971816062927246, 0.44101011753082275, 0.03213365375995636, 0.03845100477337837, 0.7378527522087097], "frame_30": [0.6290984153747559, 0.39919203519821167, 0.0494038462638855, 0.04839392751455307, 0.7960060238838196, 0.4275742471218109, 0.02893218956887722, 0.03698539733886719, 0.6786060929298401], "frame_31": [0.6290732622146606, 0.39919111132621765, 0.04947454482316971, 0.04836438596248627, 0.7898403406143188, 0.41210395097732544, 0.033906299620866776, 0.03815099969506264, 0.6509208083152771], "frame_32": [0.6289519667625427, 0.3991400897502899, 0.04921378940343857, 0.04856139421463013, 0.7886018753051758, 0.390605092048645, 0.026014115661382675, 0.03081885352730751, 0.8314623832702637], "frame_33": [0.6292468309402466, 0.39912694692611694, 0.050136566162109375, 0.0490017794072628, 0.7820941209793091, 0.3696140646934509, 0.028435856103897095, 0.028530756011605263, 0.9353689551353455], "frame_34": [0.6291921138763428, 0.3991135358810425, 0.05007896572351456, 0.04908095300197601, 0.7740870118141174, 0.35186055302619934, 0.028138140216469765, 0.03191140666604042, 0.9721133708953857], "frame_35": [0.6289803981781006, 0.39915257692337036, 0.04938392713665962, 0.048498112708330154, 0.7666023969650269, 0.33554866909980774, 0.02925211563706398, 0.03067913092672825, 0.9334150552749634], "frame_36": [0.6294409036636353, 0.3990911841392517, 0.05029851943254471, 0.04911638796329498, 0.7617707252502441, 0.32154878973960876, 0.02765079028904438, 0.03020511195063591, 0.892322301864624], "frame_37": [0.6291727423667908, 0.39917024970054626, 0.04965417832136154, 0.0486186146736145, 0.7530637383460999, 0.30792680382728577, 0.02997894212603569, 0.03551792725920677, 0.8895130753517151], "frame_38": [0.6295011639595032, 0.3990987241268158, 0.05020010098814964, 0.049137115478515625, 0.7493757605552673, 0.29903143644332886, 0.025420548394322395, 0.031011708080768585, 0.9383656978607178],