{"frame_0": [0.6317708492279053, 0.39922988414764404, 0.05182037502527237, 0.04847174882888794, 0.5558937788009644, 0.46374833583831787, 0.021401893347501755, 0.027472220361232758, 0.301984041929245], "frame_1": [0.6314850449562073, 0.39900028705596924, 0.05076171085238457, 0.04880286380648613, 0.5558937788009644, 0.46374833583831787, 0.021401893347501755, 0.027472220361232758, 0.639623761177063], "frame_2": [0.6313962936401367, 0.3989908993244171, 0.05065260827541351, 0.048700205981731415, 0.5558937788009644, 0.46374833583831787, 0.021401893347501755, 0.027472220361232758, 0.24601568281650543], "frame_3": [0.6313615441322327, 0.39897987246513367, 0.05062616243958473, 0.04869011789560318, 0.5558937788009644, 0.46374833583831787, 0.021401893347501755, 0.027472220361232758, 0.4604208767414093], "frame_4": [0.6313576698303223, 0.39898553490638733, 0.05064069852232933, 0.04869083687663078, 0.5558937788009644, 0.46374833583831787, 0.021401893347501755, 0.027472220361232758, 0.43708696961402893], "frame_5": [0.6312912702560425, 0.39894628524780273, 0.050891198217868805, 0.04850463941693306, 0.5558937788009644, 0.46374833583831787, 0.021401893347501755, 0.027472220361232758, 0.11139974743127823], "frame_6": [0.6314583420753479, 0.3989377021789551, 0.05119306594133377, 0.04850294440984726, 0.5558937788009644, 0.46374833583831787, 0.021401893347501755, 0.027472220361232758, 0.2274211347103119], "frame_7": [0.6314249634742737, 0.39893534779548645, 0.051028061658144, 0.04852553457021713, 0.5558937788009644, 0.46374833583831787, 0.021401893347501755, 0.027472220361232758, 0.354856014251709], "frame_8": [0.6314256191253662, 0.39893704652786255, 0.05102882534265518, 0.04852934926748276, 0.5558937788009644, 0.46374833583831787, 0.021401893347501755, 0.027472220361232758, 0.8030887842178345], "frame_9": [0.6314089298248291, 0.3989470303058624, 0.05099771171808243, 0.048508621752262115, 0.5558937788009644, 0.46374833583831787, 0.021401893347501755, 0.027472220361232758, 0.9075784087181091], "frame_10": [0.6314250826835632, 0.39895927906036377, 0.05113678053021431, 0.04850281774997711, 0.5558937788009644, 0.46374833583831787, 0.021401893347501755, 0.027472220361232758, 0.8863943219184875], "frame_11": [0.6314358711242676, 0.39894065260887146, 0.05114763230085373, 0.048520490527153015, 0.5558937788009644, 0.46374833583831787, 0.021401893347501755, 0.027472220361232758, 0.8954611420631409], "frame_12": [0.630573570728302, 0.39891326427459717, 0.050550080835819244, 0.04856550320982933, 0.5558937788009644, 0.46374833583831787, 0.021401893347501755, 0.027472220361232758, 0.9317800998687744], "frame_13": [0.6305900812149048, 0.39890459179878235, 0.050622642040252686, 0.04865294694900513, 0.5558937788009644, 0.46374833583831787, 0.021401893347501755, 0.027472220361232758, 0.9469277262687683], "frame_14": [0.6305989027023315, 0.39894425868988037, 0.05066108703613281, 0.04872771352529526, 0.5558937788009644, 0.46374833583831787, 0.021401893347501755, 0.027472220361232758, 0.940798282623291], "frame_15": [0.6306203007698059, 0.39888814091682434, 0.05062103271484375, 0.048622895032167435, 0.5558937788009644, 0.46374833583831787, 0.021401893347501755, 0.027472220361232758, 0.8796620965003967], "frame_16": [0.6306149959564209, 0.3988417685031891, 0.05069732666015625, 0.048609498888254166, 0.5558937788009644, 0.46374833583831787, 0.021401893347501755, 0.027472220361232758, 0.8184992671012878], "frame_17": [0.6305736303329468, 0.3989097476005554, 0.050604842603206635, 0.048711225390434265, 0.5558937788009644, 0.46374833583831787, 0.021401893347501755, 0.027472220361232758, 0.7436560988426208], "frame_18": [0.6305389404296875, 0.3989410400390625, 0.050511933863162994, 0.04874776303768158, 0.5558937788009644, 0.46374833583831787, 0.021401893347501755, 0.027472220361232758, 0.6608198285102844], "frame_19": [0.6305422186851501, 0.3989478349685669, 0.05052214860916138, 0.04876068979501724, 0.5558937788009644, 0.46374833583831787, 0.021401893347501755, 0.027472220361232758, 0.5515724420547485], "frame_20": [0.6305657625198364, 0.3989832103252411, 0.05058983713388443, 0.04873725026845932, 0.5558937788009644, 0.46374833583831787, 0.021401893347501755, 0.027472220361232758, 0.4857020974159241], "frame_21": [0.6305166482925415, 0.3989724814891815, 0.05045797675848007, 0.04866049066185951, 0.22193893790245056, 0.4779141843318939, 0.026457637548446655, 0.031235292553901672, 0.44453901052474976], "frame_22": [0.6305506229400635, 0.3989406228065491, 0.05054766312241554, 0.04863649979233742, 0.2131352722644806, 0.47499144077301025, 0.02661609649658203, 0.029881497845053673, 0.43651115894317627], "frame_23": [0.6305303573608398, 0.3988814949989319, 0.05044881999492645, 0.04871537908911705, 0.20715920627117157, 0.4706483483314514, 0.026003943756222725, 0.027921846136450768, 0.43524816632270813], "frame_24": [0.6305959224700928, 0.3985084593296051, 0.05049476772546768, 0.04858703538775444, 0.20333118736743927, 0.46720486879348755, 0.027142375707626343, 0.027483155950903893, 0.4244117736816406], "frame_25": [0.6306564211845398, 0.39862141013145447, 0.05026588588953018, 0.04845207929611206, 0.20312252640724182, 0.46073395013809204, 0.026778580620884895, 0.027359390631318092, 0.4183998107910156], "frame_26": [0.6306652426719666, 0.39862072467803955, 0.050291359424591064, 0.048528291285037994, 0.20453448593616486, 0.450674831867218, 0.02734936587512493, 0.028215790167450905, 0.45593884587287903], "frame_27": [0.6306262612342834, 0.39866214990615845, 0.05031242221593857, 0.04856635257601738, 0.20453448593616486, 0.450674831867218, 0.02734936587512493, 0.028215790167450905, 0.5612497329711914], "frame_28": [0.6306861042976379, 0.3986510932445526, 0.050438690930604935, 0.04855956882238388, 0.21927696466445923, 0.4222511351108551, 0.026325564831495285, 0.02750684879720211, 0.6579533219337463], "frame_29": [0.6306837201118469, 0.39877209067344666, 0.05027122423052788, 0.04862874373793602, 0.23359917104244232, 0.40227600932121277, 0.024482959881424904, 0.026585599407553673, 0.7938610911369324], "frame_30": [0.6306537985801697, 0.3987587094306946, 0.050275251269340515, 0.04867570847272873, 0.25111380219459534, 0.384506493806839, 0.026177024468779564, 0.027407540008425713, 0.7701573371887207], "frame_31": [0.6306799054145813, 0.39876267313957214, 0.05022002384066582, 0.04865514859557152, 0.26765283942222595, 0.3670103847980499, 0.024698829278349876, 0.02790612168610096, 0.7576615810394287], "frame_32": [0.6305629014968872, 0.3987676799297333, 0.050074003636837006, 0.048588138073682785, 0.2839607298374176, 0.3500164747238159, 0.025879288092255592, 0.030716536566615105, 0.7782725691795349], "frame_33": [0.6306069493293762, 0.39878687262535095, 0.05011749267578125, 0.04874708503484726, 0.2999800741672516, 0.3366125822067261, 0.024991925805807114, 0.028280682861804962, 0.7764305472373962], "frame_34": [0.6305975317955017, 0.3987882733345032, 0.05007226765155792, 0.04870965704321861, 0.3147331774234772, 0.3248472511768341, 0.027930747717618942, 0.028007041662931442, 0.7233379483222961], "frame_35": [0.630641758441925, 0.39871132373809814, 0.05012457072734833, 0.048674773424863815, 0.33168017864227295, 0.3127213716506958, 0.02636008709669113, 0.026861466467380524, 0.7286849617958069], "frame_36": [0.6306858658790588, 0.3987985849380493, 0.05007561668753624, 0.04861399158835411, 0.3460865318775177, 0.30350783467292786, 0.027765167877078056, 0.03016442246735096, 0.8297807574272156], "frame_37": [0.6306967735290527, 0.3987538516521454, 0.05016356706619263, 0.04853621497750282, 0.36298608779907227, 0.29594749212265015, 0.02552454173564911, 0.029579628258943558, 0.8479708433151245], "frame_38": [0.6306797862052917, 0.39880770444869995, 0.05011596530675888, 0.04851434379816055, 0.37712833285331726, 0.28730854392051697, 0.025648582726716995, 0.026792144402861595, 0.8044505715370178],