{"frame_0": [0.5081309080123901, 0.4046422243118286, 0.04663391038775444, 0.04553718492388725, 0.11893053352832794, 0.5798217058181763, 0.021522648632526398, 0.022394349798560143, 0.7953367233276367], "frame_1": [0.5087066292762756, 0.40475761890411377, 0.047419652342796326, 0.04542045667767525, 0.12134083360433578, 0.5830672383308411, 0.020730113610625267, 0.025187894701957703, 0.7698249220848083], "frame_2": [0.5082178115844727, 0.404725044965744, 0.04682265222072601, 0.04552192613482475, 0.12497066706418991, 0.5848571062088013, 0.01992332749068737, 0.02443237230181694, 0.7448817491531372], "frame_3": [0.5081642866134644, 0.4046858549118042, 0.046648576855659485, 0.04546203464269638, 0.12826524674892426, 0.5884168744087219, 0.019465351477265358, 0.022774886339902878, 0.7652471661567688], "frame_4": [0.5082261562347412, 0.4046759605407715, 0.04665184020996094, 0.04549522325396538, 0.1307346522808075, 0.5907437205314636, 0.020368237048387527, 0.02440032921731472, 0.7795594334602356], "frame_5": [0.5083714127540588, 0.4048319458961487, 0.046915605664253235, 0.04576318711042404, 0.1307346522808075, 0.5907437205314636, 0.020368237048387527, 0.02440032921731472, 0.8356092572212219], "frame_6": [0.5083696246147156, 0.40484559535980225, 0.04695074260234833, 0.04580650478601456, 0.13715772330760956, 0.5894120335578918, 0.017898941412568092, 0.02318708598613739, 0.81235671043396], "frame_7": [0.5085103511810303, 0.4048088788986206, 0.04709815979003906, 0.045814428478479385, 0.14027538895606995, 0.5869239568710327, 0.01936136931180954, 0.025026872754096985, 0.8027896285057068], "frame_8": [0.5088049173355103, 0.40466299653053284, 0.04736433923244476, 0.04578111320734024, 0.14459861814975739, 0.5796788334846497, 0.019271500408649445, 0.02425859309732914, 0.7892835736274719], "frame_9": [0.5085134506225586, 0.404754638671875, 0.04712393134832382, 0.045882925391197205, 0.1483604907989502, 0.5742533206939697, 0.022141531109809875, 0.023946931585669518, 0.7261357307434082], "frame_10": [0.5083003640174866, 0.404746413230896, 0.046722412109375, 0.045929718762636185, 0.1525435447692871, 0.5670178532600403, 0.024249987676739693, 0.0237867571413517, 0.6908186674118042], "frame_11": [0.5079383254051208, 0.40487417578697205, 0.045971594750881195, 0.04625468701124191, 0.15601150691509247, 0.5588659048080444, 0.02684836834669113, 0.02505340613424778, 0.6239640116691589], "frame_12": [0.5079264044761658, 0.40510228276252747, 0.04614126309752464, 0.046664342284202576, 0.15890812873840332, 0.547978401184082, 0.024032264947891235, 0.023191960528492928, 0.618415892124176], "frame_13": [0.5079244375228882, 0.40510958433151245, 0.046100616455078125, 0.04663234204053879, 0.15864810347557068, 0.5372521877288818, 0.022972721606492996, 0.023267576470971107, 0.5639349222183228], "frame_14": [0.5079811215400696, 0.4050906002521515, 0.04617903009057045, 0.04664726182818413, 0.15635517239570618, 0.5276457667350769, 0.023827023804187775, 0.0252982247620821, 0.5678167343139648], "frame_15": [0.5079160332679749, 0.4050065875053406, 0.0460551381111145, 0.04649009555578232, 0.15199188888072968, 0.5201302170753479, 0.022719118744134903, 0.024911116808652878, 0.5259659886360168], "frame_16": [0.5079136490821838, 0.4050380289554596, 0.04604322463274002, 0.046543292701244354, 0.1476697325706482, 0.5145883560180664, 0.021834511309862137, 0.025315094739198685, 0.520659863948822], "frame_17": [0.5079029202461243, 0.40504947304725647, 0.045985497534275055, 0.04658927768468857, 0.1435346007347107, 0.5098896026611328, 0.02333669736981392, 0.02646026574075222, 0.5195496082305908], "frame_18": [0.5078072547912598, 0.4049825370311737, 0.04579132795333862, 0.046479035168886185, 0.13912008702754974, 0.5070317387580872, 0.02410564385354519, 0.025413047522306442, 0.4779418110847473], "frame_19": [0.5078611373901367, 0.4050218462944031, 0.04587304964661598, 0.04650518670678139, 0.13659684360027313, 0.5048410296440125, 0.024958938360214233, 0.02604980394244194, 0.4885670244693756], "frame_20": [0.5077803134918213, 0.40497466921806335, 0.04569969326257706, 0.04642028734087944, 0.13395293056964874, 0.502231240272522, 0.02490701712667942, 0.02610914409160614, 0.48090776801109314], "frame_21": [0.5083309412002563, 0.4050717353820801, 0.04664205014705658, 0.04624176025390625, 0.1328982561826706, 0.500816285610199, 0.025733714923262596, 0.026839066296815872, 0.44528985023498535], "frame_22": [0.5082849860191345, 0.4050534665584564, 0.04658088833093643, 0.04625451937317848, 0.13220429420471191, 0.4987666606903076, 0.025851154699921608, 0.026335906237363815, 0.4704289138317108], "frame_23": [0.5082445740699768, 0.40509918332099915, 0.04662835970520973, 0.04626329243183136, 0.13229233026504517, 0.4954374432563782, 0.02660277672111988, 0.027206039056181908, 0.4147963225841522], "frame_24": [0.5083250999450684, 0.4051952660083771, 0.04656350985169411, 0.04610748216509819, 0.13310572504997253, 0.4908510744571686, 0.02641388587653637, 0.027780702337622643, 0.5154501795768738], "frame_25": [0.5083357095718384, 0.4052060544490814, 0.04655435308814049, 0.04610633850097656, 0.13475778698921204, 0.4849051535129547, 0.025493334978818893, 0.027973175048828125, 0.5438721179962158], "frame_26": [0.5083333253860474, 0.4052669107913971, 0.04653680697083473, 0.0461740717291832, 0.1372137814760208, 0.478237122297287, 0.02495420165359974, 0.028145430609583855, 0.6453142166137695], "frame_27": [0.5078492760658264, 0.4051873981952667, 0.045729827135801315, 0.04647865146398544, 0.13994936645030975, 0.4676615297794342, 0.02441692352294922, 0.025820625945925713, 0.5269020199775696], "frame_28": [0.5082146525382996, 0.4052302837371826, 0.04637107998132706, 0.04619856923818588, 0.1449129432439804, 0.4572748839855194, 0.02667238377034664, 0.028917482122778893, 0.713001012802124], "frame_29": [0.5081808567047119, 0.40517473220825195, 0.04660682752728462, 0.046031951904296875, 0.15550117194652557, 0.43881890177726746, 0.027353286743164062, 0.026909638196229935, 0.7838833332061768], "frame_30": [0.5080850124359131, 0.4051623046398163, 0.04640557989478111, 0.04601334407925606, 0.16861304640769958, 0.42051759362220764, 0.024387402459979057, 0.025606537237763405, 0.8356969952583313], "frame_31": [0.5080766677856445, 0.40510880947113037, 0.0464162603020668, 0.04595315828919411, 0.18238887190818787, 0.40327581763267517, 0.025913715362548828, 0.02561035193502903, 0.8447055220603943], "frame_32": [0.5082371234893799, 0.40518638491630554, 0.04658317565917969, 0.04608819633722305, 0.19594021141529083, 0.3879510760307312, 0.025435935705900192, 0.025587167590856552, 0.8454711437225342], "frame_33": [0.508576512336731, 0.405246764421463, 0.04672813415527344, 0.04603712260723114, 0.20964352786540985, 0.37247738242149353, 0.022817611694335938, 0.024044545367360115, 0.8263106942176819], "frame_34": [0.508009672164917, 0.4052082896232605, 0.04611625522375107, 0.046393584460020065, 0.2227659672498703, 0.36046960949897766, 0.023853598162531853, 0.025498855859041214, 0.8054237365722656], "frame_35": [0.5081068873405457, 0.40519753098487854, 0.04617517441511154, 0.04641588032245636, 0.23657676577568054, 0.3484201729297638, 0.022709082812070847, 0.025126393884420395, 0.9227902889251709], "frame_36": [0.5084313154220581, 0.40510737895965576, 0.0467546246945858, 0.04640888795256615, 0.24950771033763885, 0.3373951017856598, 0.021631155163049698, 0.024423513561487198, 0.8444042801856995], "frame_37": [0.5084734559059143, 0.4050743877887726, 0.0468641072511673, 0.04646331071853638, 0.26268625259399414, 0.3291861116886139, 0.02135957032442093, 0.02568492852151394, 0.8593270778656006], "frame_38": [0.5085123777389526, 0.4050728380680084, 0.04695854336023331, 0.046478185802698135, 0.27740585803985596, 0.3198243975639343, 0.019867515191435814, 0.02464599534869194, 0.7412974834442139],