{"frame_0": [0.5074936151504517, 0.4045456647872925, 0.04517364501953125, 0.04674835130572319, 0.4657660722732544, 0.48038992285728455, 0.020925352349877357, 0.020841512829065323, 0.7700673341751099], "frame_1": [0.5070903897285461, 0.4045698046684265, 0.04481862485408783, 0.04686889797449112, 0.4657660722732544, 0.48038992285728455, 0.020925352349877357, 0.020841512829065323, 0.9229774475097656], "frame_2": [0.5069495439529419, 0.40455958247184753, 0.04448263347148895, 0.04692251235246658, 0.3758567273616791, 0.5826757550239563, 0.01844261959195137, 0.022738097235560417, 0.9384794235229492], "frame_3": [0.5070945024490356, 0.4046994149684906, 0.04448564350605011, 0.046766746789216995, 0.3758567273616791, 0.5826757550239563, 0.01844261959195137, 0.022738097235560417, 0.9499983191490173], "frame_4": [0.5071083307266235, 0.40475210547447205, 0.04446343332529068, 0.04689665883779526, 0.3758567273616791, 0.5826757550239563, 0.01844261959195137, 0.022738097235560417, 0.9388667345046997], "frame_5": [0.507148802280426, 0.40477126836776733, 0.04451989009976387, 0.04680442810058594, 0.3758567273616791, 0.5826757550239563, 0.01844261959195137, 0.022738097235560417, 0.9420283436775208], "frame_6": [0.50722736120224, 0.40481218695640564, 0.044631194323301315, 0.04686347022652626, 0.3758567273616791, 0.5826757550239563, 0.01844261959195137, 0.022738097235560417, 0.9556909799575806], "frame_7": [0.5073806643486023, 0.4048261046409607, 0.044815827161073685, 0.04691734164953232, 0.3758567273616791, 0.5826757550239563, 0.01844261959195137, 0.022738097235560417, 0.9524263739585876], "frame_8": [0.5073435306549072, 0.4049169719219208, 0.04484112933278084, 0.047169029712677, 0.3758567273616791, 0.5826757550239563, 0.01844261959195137, 0.022738097235560417, 0.9439436197280884], "frame_9": [0.5073590874671936, 0.40487831830978394, 0.04475898668169975, 0.047090232372283936, 0.3758567273616791, 0.5826757550239563, 0.01844261959195137, 0.022738097235560417, 0.913526177406311], "frame_10": [0.5073656439781189, 0.4048822224140167, 0.04457664489746094, 0.04716334864497185, 0.38971465826034546, 0.5685039162635803, 0.018294228240847588, 0.020041825249791145, 0.8696596026420593], "frame_11": [0.507395327091217, 0.4048195779323578, 0.0446767583489418, 0.04707179591059685, 0.38971465826034546, 0.5685039162635803, 0.018294228240847588, 0.020041825249791145, 0.7692821025848389], "frame_12": [0.5073391199111938, 0.40461722016334534, 0.04427998885512352, 0.04711524024605751, 0.3919275999069214, 0.5522547364234924, 0.022600851953029633, 0.020273378118872643, 0.7421140670776367], "frame_13": [0.5073295831680298, 0.40458381175994873, 0.044235821813344955, 0.047033097594976425, 0.3919275999069214, 0.5522547364234924, 0.022600851953029633, 0.020273378118872643, 0.539962887763977], "frame_14": [0.5072931051254272, 0.40461432933807373, 0.04422950744628906, 0.04705505445599556, 0.3904377520084381, 0.5334987640380859, 0.023930443450808525, 0.021915266290307045, 0.47845587134361267], "frame_15": [0.5073316693305969, 0.40464258193969727, 0.04426239803433418, 0.04710917919874191, 0.3904377520084381, 0.5334987640380859, 0.023930443450808525, 0.021915266290307045, 0.432684063911438], "frame_16": [0.5073216557502747, 0.4045902192592621, 0.044177159667015076, 0.04700147733092308, 0.3861978352069855, 0.515244722366333, 0.018662642687559128, 0.02423502691090107, 0.3960346281528473], "frame_17": [0.5073235034942627, 0.4047102630138397, 0.044138167053461075, 0.04718000441789627, 0.3812922239303589, 0.5101960897445679, 0.018543539568781853, 0.022821256890892982, 0.2872806787490845], "frame_18": [0.5074196457862854, 0.4046507179737091, 0.044484712183475494, 0.0470903180539608, 0.3812922239303589, 0.5101960897445679, 0.018543539568781853, 0.022821256890892982, 0.5924539566040039], "frame_19": [0.5074040293693542, 0.40464380383491516, 0.044385697692632675, 0.04705810546875, 0.3717210590839386, 0.5022452473640442, 0.022313985973596573, 0.023865042254328728, 0.4687853753566742], "frame_20": [0.5074670314788818, 0.4046882092952728, 0.04447644576430321, 0.047099389135837555, 0.3679924011230469, 0.49967706203460693, 0.023312123492360115, 0.022037506103515625, 0.4017831087112427], "frame_21": [0.5074577331542969, 0.4046763479709625, 0.044417742639780045, 0.04706047847867012, 0.3647356629371643, 0.49716541171073914, 0.022346114739775658, 0.019871817901730537, 0.45623746514320374], "frame_22": [0.5073257684707642, 0.40452492237091064, 0.04425392299890518, 0.04676060006022453, 0.3607836067676544, 0.4963538348674774, 0.020945845171809196, 0.021646499633789062, 0.4724609851837158], "frame_23": [0.5072550773620605, 0.40448418259620667, 0.04412078857421875, 0.046651627868413925, 0.35871073603630066, 0.4956654906272888, 0.021273253485560417, 0.021199416369199753, 0.4359492361545563], "frame_24": [0.5077468156814575, 0.4041178524494171, 0.04523184150457382, 0.04605407640337944, 0.35602569580078125, 0.49354299902915955, 0.022441186010837555, 0.021093282848596573, 0.48738014698028564], "frame_25": [0.5078255534172058, 0.4041588604450226, 0.04540998488664627, 0.0460941307246685, 0.3542657792568207, 0.4919540286064148, 0.022936461493372917, 0.02152693085372448, 0.49359050393104553], "frame_26": [0.5078628659248352, 0.4041595160961151, 0.045497722923755646, 0.046104516834020615, 0.3524104058742523, 0.4881271719932556, 0.021970748901367188, 0.02116004005074501, 0.41068384051322937], "frame_27": [0.5077105760574341, 0.40400296449661255, 0.045294106006622314, 0.04581319913268089, 0.35204917192459106, 0.48466986417770386, 0.0230046808719635, 0.022035980597138405, 0.3828611373901367], "frame_28": [0.5076701641082764, 0.40411376953125, 0.04542151466012001, 0.04603199288249016, 0.35197848081588745, 0.48022302985191345, 0.022208023816347122, 0.02278611995279789, 0.3118138909339905], "frame_29": [0.5076011419296265, 0.4040561616420746, 0.04542151466012001, 0.045981429517269135, 0.35231417417526245, 0.47584813833236694, 0.021641751751303673, 0.023150254040956497, 0.25711244344711304], "frame_30": [0.5075317621231079, 0.404024600982666, 0.0452897809445858, 0.045909032225608826, 0.3543510437011719, 0.4687976837158203, 0.02181532047688961, 0.022643109783530235, 0.5416526794433594], "frame_31": [0.5075655579566956, 0.4039154052734375, 0.0453922264277935, 0.04572058841586113, 0.35930705070495605, 0.46085846424102783, 0.02053900808095932, 0.02326354943215847, 0.5748562812805176], "frame_32": [0.507636308670044, 0.4038851857185364, 0.04555901512503624, 0.04571397602558136, 0.3675433397293091, 0.44526392221450806, 0.02134941890835762, 0.022817442193627357, 0.8769146800041199], "frame_33": [0.507713258266449, 0.4039097726345062, 0.04581107944250107, 0.045729827135801315, 0.3783174157142639, 0.43341243267059326, 0.021729575470089912, 0.022631455212831497, 0.8646938800811768], "frame_34": [0.5078350305557251, 0.4039636254310608, 0.045969899743795395, 0.04580650478601456, 0.3889628052711487, 0.4199222922325134, 0.022478697821497917, 0.02465888112783432, 0.8303298354148865], "frame_35": [0.507838785648346, 0.40398678183555603, 0.04584159702062607, 0.045929040759801865, 0.3990318179130554, 0.4098625183105469, 0.02100151963531971, 0.022234387695789337, 0.8245688676834106], "frame_36": [0.5078369379043579, 0.4041496217250824, 0.04587232694029808, 0.04618920385837555, 0.4107843041419983, 0.39956367015838623, 0.021539518609642982, 0.022853681817650795, 0.8014532327651978], "frame_37": [0.5077733993530273, 0.4041258990764618, 0.04573877155780792, 0.04618186876177788, 0.4205997586250305, 0.389892578125, 0.02127821184694767, 0.023345395922660828, 0.6939613223075867], "frame_38": [0.5077498555183411, 0.404085636138916, 0.04567146301269531, 0.04615804925560951, 0.43019425868988037, 0.38121822476387024, 0.020907295867800713, 0.023415671661496162, 0.7383006811141968],