{"frame_0": [0.6288644671440125, 0.39766401052474976, 0.05155304819345474, 0.049059972167015076, 0.5045700669288635, 0.6391785740852356, 0.024714279919862747, 0.02605285681784153, 0.761930525302887], "frame_1": [0.6287602782249451, 0.3973563313484192, 0.05028953403234482, 0.04954660311341286, 0.4997299909591675, 0.6654475331306458, 0.0238037109375, 0.026342688128352165, 0.7590180039405823], "frame_2": [0.6286894679069519, 0.39738085865974426, 0.05010795593261719, 0.04962938278913498, 0.4949042499065399, 0.6816355586051941, 0.023892126977443695, 0.02650604210793972, 0.7709318399429321], "frame_3": [0.6286476850509644, 0.3973851501941681, 0.04999275133013725, 0.0496072992682457, 0.4915466606616974, 0.6611252427101135, 0.02338765375316143, 0.025149917230010033, 0.7736970782279968], "frame_4": [0.6285750269889832, 0.3975759744644165, 0.04968147352337837, 0.04927253723144531, 0.4897908568382263, 0.6416258811950684, 0.025123978033661842, 0.026460647583007812, 0.7858840823173523], "frame_5": [0.6285772323608398, 0.39757809042930603, 0.04965553432703018, 0.04932907968759537, 0.4874066114425659, 0.6220178604125977, 0.024202559143304825, 0.025019455701112747, 0.8006484508514404], "frame_6": [0.6285719871520996, 0.3974820375442505, 0.049900054931640625, 0.0494140200316906, 0.48474884033203125, 0.6045254468917847, 0.023793410509824753, 0.02622680738568306, 0.7767408490180969], "frame_7": [0.6285087466239929, 0.3974696695804596, 0.05011139065027237, 0.04943368583917618, 0.4838077425956726, 0.5896614193916321, 0.02382049523293972, 0.027387406677007675, 0.7224065065383911], "frame_8": [0.6286388635635376, 0.39743372797966003, 0.05007951706647873, 0.04948747530579567, 0.4862716794013977, 0.5805317163467407, 0.02343004010617733, 0.02846086211502552, 0.6726998686790466], "frame_9": [0.6286312341690063, 0.39745813608169556, 0.050088245421648026, 0.0495741106569767, 0.48797470331192017, 0.5750496983528137, 0.024074936285614967, 0.02695770189166069, 0.585787832736969], "frame_10": [0.6285785436630249, 0.39740410447120667, 0.050066545605659485, 0.049628280103206635, 0.4909345507621765, 0.5725404024124146, 0.023819733411073685, 0.02552117221057415, 0.5637891292572021], "frame_11": [0.6286223530769348, 0.3974224925041199, 0.05009328946471214, 0.049630142748355865, 0.49468713998794556, 0.5710434317588806, 0.023727713152766228, 0.024823760613799095, 0.5877822637557983], "frame_12": [0.6284977197647095, 0.39747947454452515, 0.04970894008874893, 0.04966176301240921, 0.4989972710609436, 0.5699858069419861, 0.02306060865521431, 0.024204550310969353, 0.5769248604774475], "frame_13": [0.6285673379898071, 0.3975774645805359, 0.04966799542307854, 0.04965667799115181, 0.5020608901977539, 0.5700711607933044, 0.022885343059897423, 0.023957442492246628, 0.6107866168022156], "frame_14": [0.6285149455070496, 0.3975556790828705, 0.049579448997974396, 0.049726784229278564, 0.5057672262191772, 0.5707463622093201, 0.01925964280962944, 0.022790908813476562, 0.6395650506019592], "frame_15": [0.6285673379898071, 0.39753079414367676, 0.04951354116201401, 0.04970720037817955, 0.5070741176605225, 0.5715452432632446, 0.018328772857785225, 0.022813627496361732, 0.6936576962471008], "frame_16": [0.6285591125488281, 0.3975130617618561, 0.04945848137140274, 0.04968443885445595, 0.5078451037406921, 0.5732676386833191, 0.016071319580078125, 0.021976005285978317, 0.7460339069366455], "frame_17": [0.6285458207130432, 0.397508829832077, 0.049376510083675385, 0.04970190301537514, 0.5067568421363831, 0.5750318169593811, 0.020727327093482018, 0.02073516882956028, 0.758003294467926], "frame_18": [0.6285209059715271, 0.397492378950119, 0.04924795404076576, 0.04962196201086044, 0.5067568421363831, 0.5750318169593811, 0.020727327093482018, 0.02073516882956028, 0.8389421105384827], "frame_19": [0.6284778714179993, 0.39728304743766785, 0.0493028424680233, 0.049607425928115845, 0.5067568421363831, 0.5750318169593811, 0.020727327093482018, 0.02073516882956028, 0.7993362545967102], "frame_20": [0.6284517645835876, 0.39744484424591064, 0.04944648593664169, 0.0496005155146122, 0.5067568421363831, 0.5750318169593811, 0.020727327093482018, 0.02073516882956028, 0.7288538217544556], "frame_21": [0.6284112334251404, 0.3975111246109009, 0.04950561374425888, 0.04963188245892525, 0.5067568421363831, 0.5750318169593811, 0.020727327093482018, 0.02073516882956028, 0.5894109010696411], "frame_22": [0.6284651160240173, 0.3975480794906616, 0.04967553913593292, 0.0496395118534565, 0.5067568421363831, 0.5750318169593811, 0.020727327093482018, 0.02073516882956028, 0.46580034494400024], "frame_23": [0.6284819841384888, 0.39753594994544983, 0.04961683601140976, 0.049605391919612885, 0.5067568421363831, 0.5750318169593811, 0.020727327093482018, 0.02073516882956028, 0.5315720438957214], "frame_24": [0.6284180283546448, 0.39738065004348755, 0.0495656318962574, 0.04959195479750633, 0.5067568421363831, 0.5750318169593811, 0.020727327093482018, 0.02073516882956028, 0.5120730996131897], "frame_25": [0.6283844113349915, 0.3973373472690582, 0.049491118639707565, 0.04954499006271362, 0.5067568421363831, 0.5750318169593811, 0.020727327093482018, 0.02073516882956028, 0.5156398415565491], "frame_26": [0.628376305103302, 0.3973226845264435, 0.049481287598609924, 0.04956376925110817, 0.5067568421363831, 0.5750318169593811, 0.020727327093482018, 0.02073516882956028, 0.47062361240386963], "frame_27": [0.6284557580947876, 0.3973541259765625, 0.04969634860754013, 0.049488238990306854, 0.5067568421363831, 0.5750318169593811, 0.020727327093482018, 0.02073516882956028, 0.5882437229156494], "frame_28": [0.6284754276275635, 0.39749374985694885, 0.05006446689367294, 0.04963294044137001, 0.5026254653930664, 0.4258577227592468, 0.02012939378619194, 0.02609100379049778, 0.7430382966995239], "frame_29": [0.6283973455429077, 0.39745664596557617, 0.04981859028339386, 0.049666933715343475, 0.5069573521614075, 0.41219931840896606, 0.024342048913240433, 0.028595183044672012, 0.8999888896942139], "frame_30": [0.6284959316253662, 0.3975040018558502, 0.05006353557109833, 0.04971809312701225, 0.5154802203178406, 0.39852845668792725, 0.024788284674286842, 0.027959737926721573, 0.9388889074325562], "frame_31": [0.628350019454956, 0.39757007360458374, 0.04924299567937851, 0.049585044384002686, 0.5222568511962891, 0.3873039186000824, 0.0235443115234375, 0.02690904401242733, 0.856203556060791], "frame_32": [0.6283079385757446, 0.39723384380340576, 0.04908731207251549, 0.04951193183660507, 0.5311227440834045, 0.3741553723812103, 0.023866822943091393, 0.029396142810583115, 0.8422824144363403], "frame_33": [0.6283400654792786, 0.3972320258617401, 0.049015045166015625, 0.04959750548005104, 0.539724588394165, 0.3627272844314575, 0.023791631683707237, 0.027511384338140488, 0.8531631827354431], "frame_34": [0.6283467411994934, 0.3973049223423004, 0.04909345880150795, 0.049669817090034485, 0.5455588698387146, 0.35466572642326355, 0.025279024615883827, 0.024811385199427605, 0.81207275390625], "frame_35": [0.628379225730896, 0.39740756154060364, 0.04944411292672157, 0.049731697887182236, 0.552862286567688, 0.3482109606266022, 0.02558508887887001, 0.02743358537554741, 0.7789778709411621], "frame_36": [0.6282501816749573, 0.3975716829299927, 0.04981333389878273, 0.049488067626953125, 0.5602838397026062, 0.34209853410720825, 0.024229049682617188, 0.02614036202430725, 0.7794803380966187], "frame_37": [0.6282516717910767, 0.39743882417678833, 0.049503326416015625, 0.04937960207462311, 0.5662935972213745, 0.33805206418037415, 0.023623107001185417, 0.027038531377911568, 0.7637247443199158], "frame_38": [0.6282334923744202, 0.3974452614784241, 0.04949302598834038, 0.04930686950683594, 0.5662935972213745, 0.33805206418037415, 0.023623107001185417, 0.027038531377911568, 0.5532564520835876], "frame_39": [0.6283085942268372, 0.3974595069885254, 0.04938782751560211, 0.04919471591711044, 0.5662935972213745, 0.33805206418037415, 0.023623107001185417, 0.027038531377911568, 0.4941299259662628],