{"frame_0": [0.5083377361297607, 0.40639105439186096, 0.047496795654296875, 0.04839269816875458, 0.3086702227592468, 0.489550918340683, 0.020888816565275192, 0.02225952222943306, 0.6904573440551758], "frame_1": [0.5077294707298279, 0.40575316548347473, 0.046527184545993805, 0.04707696661353111, 0.3086702227592468, 0.489550918340683, 0.020888816565275192, 0.02225952222943306, 0.6610559225082397], "frame_2": [0.5075693130493164, 0.40571847558021545, 0.04622459411621094, 0.04719708859920502, 0.3086702227592468, 0.489550918340683, 0.020888816565275192, 0.02225952222943306, 0.6378623843193054], "frame_3": [0.5075995326042175, 0.40567949414253235, 0.04626808315515518, 0.04707086458802223, 0.3086702227592468, 0.489550918340683, 0.020888816565275192, 0.02225952222943306, 0.6807941794395447], "frame_4": [0.5076643824577332, 0.4056815207004547, 0.04629058763384819, 0.04715292155742645, 0.3086702227592468, 0.489550918340683, 0.020888816565275192, 0.02225952222943306, 0.9888706803321838], "frame_5": [0.5079871416091919, 0.40570661425590515, 0.04655418545007706, 0.04701254144310951, 0.3086702227592468, 0.489550918340683, 0.020888816565275192, 0.02225952222943306, 0.9944033026695251], "frame_6": [0.5079929232597351, 0.40571272373199463, 0.046650443226099014, 0.04707484692335129, 0.3086702227592468, 0.489550918340683, 0.020888816565275192, 0.02225952222943306, 0.9705630540847778], "frame_7": [0.5079888105392456, 0.4057219624519348, 0.04662305861711502, 0.04727041348814964, 0.3086702227592468, 0.489550918340683, 0.020888816565275192, 0.02225952222943306, 0.871596097946167], "frame_8": [0.5080555081367493, 0.40575850009918213, 0.04678361862897873, 0.04728525131940842, 0.3086702227592468, 0.489550918340683, 0.020888816565275192, 0.02225952222943306, 0.867275595664978], "frame_9": [0.5081430077552795, 0.40571561455726624, 0.04677340015769005, 0.047245025634765625, 0.3086702227592468, 0.489550918340683, 0.020888816565275192, 0.02225952222943306, 0.1831776350736618], "frame_10": [0.5081290602684021, 0.4057396650314331, 0.046697236597537994, 0.04727766290307045, 0.3086702227592468, 0.489550918340683, 0.020888816565275192, 0.02225952222943306, 0.10474952310323715], "frame_11": [0.5081056952476501, 0.40568482875823975, 0.0467214360833168, 0.04717513173818588, 0.3086702227592468, 0.489550918340683, 0.020888816565275192, 0.02225952222943306, 0.2576878070831299], "frame_12": [0.5081146955490112, 0.40546008944511414, 0.04653608426451683, 0.04679162800312042, 0.3086702227592468, 0.489550918340683, 0.020888816565275192, 0.02225952222943306, 0.30454736948013306], "frame_13": [0.5081413984298706, 0.4054702818393707, 0.046671293675899506, 0.0467766672372818, 0.3086702227592468, 0.489550918340683, 0.020888816565275192, 0.02225952222943306, 0.32801270484924316], "frame_14": [0.5081056356430054, 0.4054633378982544, 0.04674415662884712, 0.04673584923148155, 0.3086702227592468, 0.489550918340683, 0.020888816565275192, 0.02225952222943306, 0.33983877301216125], "frame_15": [0.5080274939537048, 0.4054567217826843, 0.04666175693273544, 0.04677442088723183, 0.24490505456924438, 0.5057064294815063, 0.024171171709895134, 0.029329851269721985, 0.309120774269104], "frame_16": [0.5080468058586121, 0.4054294526576996, 0.046591781079769135, 0.04669884592294693, 0.2398170530796051, 0.5010032653808594, 0.02543114498257637, 0.027614763006567955, 0.2438463419675827], "frame_17": [0.5078774690628052, 0.40534183382987976, 0.04631568118929863, 0.04657334089279175, 0.23356768488883972, 0.498122900724411, 0.02547016181051731, 0.027693642303347588, 0.23592758178710938], "frame_18": [0.5079957842826843, 0.4054148495197296, 0.04659860581159592, 0.04656418785452843, 0.22775603830814362, 0.4959624409675598, 0.02647639438509941, 0.026498794555664062, 0.2781427800655365], "frame_19": [0.5079129338264465, 0.40537771582603455, 0.04644792526960373, 0.04654994606971741, 0.2219773679971695, 0.49388301372528076, 0.02608051337301731, 0.026023229584097862, 0.3024403154850006], "frame_20": [0.5080556273460388, 0.4054275453090668, 0.04673949256539345, 0.046715546399354935, 0.21702255308628082, 0.49246087670326233, 0.026831138879060745, 0.025238249450922012, 0.34847864508628845], "frame_21": [0.5080671310424805, 0.40541645884513855, 0.04676055908203125, 0.04676780849695206, 0.2123337686061859, 0.49195367097854614, 0.024294471368193626, 0.025835249572992325, 0.3496999442577362], "frame_22": [0.5080569982528687, 0.4054316282272339, 0.04674818366765976, 0.0468062087893486, 0.20817692577838898, 0.4903234839439392, 0.02515748329460621, 0.026453187689185143, 0.3507837653160095], "frame_23": [0.5080046653747559, 0.40540212392807007, 0.04669134318828583, 0.04674864932894707, 0.20551422238349915, 0.48672568798065186, 0.025907792150974274, 0.02697075717151165, 0.42216041684150696], "frame_24": [0.5081427097320557, 0.40512025356292725, 0.04671304672956467, 0.04633912071585655, 0.20345869660377502, 0.4817172586917877, 0.02564782090485096, 0.02616424486041069, 0.5635674595832825], "frame_25": [0.508094847202301, 0.4050849974155426, 0.04666459932923317, 0.046302203088998795, 0.20215080678462982, 0.47558143734931946, 0.027028974145650864, 0.028255080804228783, 0.5113478302955627], "frame_26": [0.5080732703208923, 0.4050695598125458, 0.04664039611816406, 0.046274736523628235, 0.201475128531456, 0.46778348088264465, 0.025696182623505592, 0.026874542236328125, 0.5171293020248413], "frame_27": [0.5080907940864563, 0.40511685609817505, 0.04664412513375282, 0.04627062380313873, 0.20183822512626648, 0.45939746499061584, 0.02694806084036827, 0.027279281988739967, 0.47474056482315063], "frame_28": [0.508175253868103, 0.4051222801208496, 0.04678649827837944, 0.046326447278261185, 0.2065161019563675, 0.44735366106033325, 0.0277226772159338, 0.029571618884801865, 0.5039710998535156], "frame_29": [0.5081892013549805, 0.40514835715293884, 0.04691717401146889, 0.04634534940123558, 0.21548372507095337, 0.4276457130908966, 0.02482162043452263, 0.026447847485542297, 0.6500027179718018], "frame_30": [0.5081405639648438, 0.40512508153915405, 0.04686126857995987, 0.046419523656368256, 0.22751058638095856, 0.40979287028312683, 0.0244576558470726, 0.02581142820417881, 0.9370648264884949], "frame_31": [0.5080751180648804, 0.40513691306114197, 0.04676153510808945, 0.046387989073991776, 0.23931342363357544, 0.3923717439174652, 0.02387917786836624, 0.02546827495098114, 0.8736416697502136], "frame_32": [0.5080746412277222, 0.40512144565582275, 0.04689466580748558, 0.04627181217074394, 0.2507908046245575, 0.3768831789493561, 0.02501492016017437, 0.025736872106790543, 0.8701290488243103], "frame_33": [0.5080733299255371, 0.4051596224308014, 0.04657173156738281, 0.046413421630859375, 0.261441171169281, 0.36410167813301086, 0.02363232523202896, 0.025067541748285294, 0.7153410911560059], "frame_34": [0.5080347657203674, 0.4051470458507538, 0.04662742465734482, 0.04644177854061127, 0.27339446544647217, 0.3515765368938446, 0.02508530020713806, 0.0254830252379179, 0.6809321641921997], "frame_35": [0.5080904364585876, 0.40514466166496277, 0.04680230841040611, 0.04637133330106735, 0.28340718150138855, 0.3411107361316681, 0.023322677239775658, 0.027022870257496834, 0.6013494729995728], "frame_36": [0.5081768035888672, 0.40578269958496094, 0.046946629881858826, 0.047472380101680756, 0.29604220390319824, 0.33060532808303833, 0.026300154626369476, 0.02807074598968029, 0.6067923903465271], "frame_37": [0.5081915855407715, 0.40577995777130127, 0.04684486240148544, 0.04745759069919586, 0.30828964710235596, 0.32152658700942993, 0.024339400231838226, 0.027099037542939186, 0.5904331803321838], "frame_38": [0.5081606507301331, 0.40581104159355164, 0.04682833328843117, 0.04744843393564224, 0.3192048966884613, 0.3137429654598236, 0.025603951886296272, 0.026575278490781784, 0.6018182039260864],