{"frame_0": [0.6300047039985657, 0.3976743817329407, 0.05043754726648331, 0.04969596862792969, 0.6712608337402344, 0.3758567273616791, 0.021900007501244545, 0.02539079450070858, 0.8675962090492249], "frame_1": [0.6294593811035156, 0.39752981066703796, 0.04932725802063942, 0.04964633658528328, 0.6712608337402344, 0.3758567273616791, 0.021900007501244545, 0.02539079450070858, 0.8972041010856628], "frame_2": [0.6294276118278503, 0.3975488841533661, 0.04929635673761368, 0.04956291988492012, 0.6712608337402344, 0.3758567273616791, 0.021900007501244545, 0.02539079450070858, 0.9413650035858154], "frame_3": [0.629406213760376, 0.3975720703601837, 0.04944877699017525, 0.04964146018028259, 0.6712608337402344, 0.3758567273616791, 0.021900007501244545, 0.02539079450070858, 0.9248995184898376], "frame_4": [0.6294194459915161, 0.39755430817604065, 0.049449920654296875, 0.049607086926698685, 0.6712608337402344, 0.3758567273616791, 0.021900007501244545, 0.02539079450070858, 0.9075402617454529], "frame_5": [0.629449725151062, 0.3975566327571869, 0.04960992559790611, 0.04965294897556305, 0.6712608337402344, 0.3758567273616791, 0.021900007501244545, 0.02539079450070858, 0.7296192049980164], "frame_6": [0.6294041275978088, 0.3975539207458496, 0.049653880298137665, 0.04973555728793144, 0.6712608337402344, 0.3758567273616791, 0.021900007501244545, 0.02539079450070858, 0.4422844350337982], "frame_7": [0.629400372505188, 0.3975720703601837, 0.04952277988195419, 0.0495409220457077, 0.6712608337402344, 0.3758567273616791, 0.021900007501244545, 0.02539079450070858, 0.4677973687648773], "frame_8": [0.629291832447052, 0.3975318968296051, 0.049707792699337006, 0.049656592309474945, 0.6712608337402344, 0.3758567273616791, 0.021900007501244545, 0.02539079450070858, 0.1885695457458496], "frame_9": [0.6292853355407715, 0.3975949287414551, 0.049706269055604935, 0.04958733543753624, 0.6712608337402344, 0.3758567273616791, 0.021900007501244545, 0.02539079450070858, 0.21428696811199188], "frame_10": [0.6292781233787537, 0.39760497212409973, 0.04970664903521538, 0.04960653558373451, 0.6712608337402344, 0.3758567273616791, 0.021900007501244545, 0.02539079450070858, 0.07672745734453201], "frame_11": [0.629244327545166, 0.3976035714149475, 0.04959525913000107, 0.04953274130821228, 0.6712608337402344, 0.3758567273616791, 0.021900007501244545, 0.02539079450070858, 0.12004995346069336], "frame_12": [0.6293262243270874, 0.39762741327285767, 0.04880477115511894, 0.04938680678606033, 0.6712608337402344, 0.3758567273616791, 0.021900007501244545, 0.02539079450070858, 0.3537561595439911], "frame_13": [0.6292592883110046, 0.39766812324523926, 0.048726655542850494, 0.04925321042537689, 0.6712608337402344, 0.3758567273616791, 0.021900007501244545, 0.02539079450070858, 0.01977948285639286], "frame_14": [0.6294013857841492, 0.39763256907463074, 0.04888441413640976, 0.04924096167087555, 0.6712608337402344, 0.3758567273616791, 0.021900007501244545, 0.02539079450070858, 0.8744281530380249], "frame_15": [0.6293817162513733, 0.397659033536911, 0.04888038709759712, 0.04925066605210304, 0.5876585841178894, 0.4922594726085663, 0.03199746832251549, 0.027237489819526672, 0.6215258836746216], "frame_16": [0.62935471534729, 0.3976515829563141, 0.04873907193541527, 0.049195438623428345, 0.5876222252845764, 0.49029022455215454, 0.03212403133511543, 0.025763321667909622, 0.9807617664337158], "frame_17": [0.6293678879737854, 0.3976561725139618, 0.04879286140203476, 0.04923447594046593, 0.5873968601226807, 0.48993605375289917, 0.03251897916197777, 0.02672288753092289, 0.9692636132240295], "frame_18": [0.6293626427650452, 0.3976585268974304, 0.04876594617962837, 0.049236807972192764, 0.5869795680046082, 0.4896162152290344, 0.0323360450565815, 0.028080452233552933, 0.8865882754325867], "frame_19": [0.6293417811393738, 0.3976699113845825, 0.0487406849861145, 0.04925486072897911, 0.5871602296829224, 0.48882025480270386, 0.031989287585020065, 0.027925703674554825, 0.926839292049408], "frame_20": [0.6294390559196472, 0.3977593183517456, 0.04884452745318413, 0.049405671656131744, 0.5870025753974915, 0.48782050609588623, 0.031890276819467545, 0.028728315606713295, 0.9013720154762268], "frame_21": [0.6294265389442444, 0.3977923095226288, 0.048856522887945175, 0.04945420101284981, 0.5875368118286133, 0.4860598146915436, 0.03131082281470299, 0.028972413390874863, 0.9425264596939087], "frame_22": [0.629406213760376, 0.39776912331581116, 0.04874170199036598, 0.04945237934589386, 0.5892289280891418, 0.4827859699726105, 0.028894424438476562, 0.031199773773550987, 0.8861449956893921], "frame_23": [0.6293429136276245, 0.3978385627269745, 0.04872381314635277, 0.04954511672258377, 0.5902093648910522, 0.47686976194381714, 0.029264535754919052, 0.031896211206912994, 0.7662124037742615], "frame_24": [0.629275918006897, 0.3979959189891815, 0.0487823486328125, 0.04934578016400337, 0.5908658504486084, 0.47025060653686523, 0.027852630242705345, 0.031233597546815872, 0.5228254199028015], "frame_25": [0.6293414831161499, 0.3979128897190094, 0.04873627424240112, 0.049340564757585526, 0.5915011763572693, 0.4621451497077942, 0.027962494641542435, 0.03172607347369194, 0.5272060632705688], "frame_26": [0.6293563842773438, 0.3979879915714264, 0.04856889694929123, 0.04947797954082489, 0.5925440788269043, 0.449094295501709, 0.029386816546320915, 0.03319702297449112, 0.33909690380096436], "frame_27": [0.6293781995773315, 0.39772263169288635, 0.048700712621212006, 0.04872419685125351, 0.5927423238754272, 0.43277662992477417, 0.030128860846161842, 0.03286285325884819, 0.4152783751487732], "frame_28": [0.6295934319496155, 0.397561639547348, 0.04765985161066055, 0.04875997081398964, 0.5940541625022888, 0.419244647026062, 0.027879418805241585, 0.046773530542850494, 0.9454594254493713], "frame_29": [0.6280890703201294, 0.3977767527103424, 0.05216730013489723, 0.049211036413908005, 0.5940541625022888, 0.419244647026062, 0.027879418805241585, 0.046773530542850494, 0.9397656321525574], "frame_30": [0.6293335556983948, 0.39829254150390625, 0.04967956617474556, 0.049009110778570175, 0.5988420844078064, 0.37150031328201294, 0.024306699633598328, 0.030312644317746162, 0.9881406426429749], "frame_31": [0.6290327310562134, 0.39808374643325806, 0.0498361811041832, 0.049401260912418365, 0.60064297914505, 0.3540714681148529, 0.025841649621725082, 0.030306413769721985, 0.9330780506134033], "frame_32": [0.6289020776748657, 0.3978465497493744, 0.04989539086818695, 0.04934348911046982, 0.6019644737243652, 0.3384547829627991, 0.025875557214021683, 0.029984284192323685, 0.9435358047485352], "frame_33": [0.6291040778160095, 0.3978000283241272, 0.04952277988195419, 0.04931221157312393, 0.6032514572143555, 0.3243110775947571, 0.02630767785012722, 0.029271401464939117, 0.7303010821342468], "frame_34": [0.6292564272880554, 0.39779070019721985, 0.04930403083562851, 0.04935332387685776, 0.6048387885093689, 0.31177833676338196, 0.028081724420189857, 0.02952323481440544, 0.7198810577392578], "frame_35": [0.6293215751647949, 0.39774495363235474, 0.049168482422828674, 0.049365147948265076, 0.6069836616516113, 0.30117425322532654, 0.026372358202934265, 0.02685341238975525, 0.39568692445755005], "frame_36": [0.6292182803153992, 0.39773261547088623, 0.048256173729896545, 0.04936476796865463, 0.6069836616516113, 0.30117425322532654, 0.026372358202934265, 0.02685341238975525, 0.5379340052604675], "frame_37": [0.6292306780815125, 0.3979789614677429, 0.04797257483005524, 0.04917038977146149, 0.6069836616516113, 0.30117425322532654, 0.026372358202934265, 0.02685341238975525, 0.316511869430542], "frame_38": [0.6292463541030884, 0.3977770507335663, 0.04807031527161598, 0.04943207651376724, 0.610521674156189, 0.2760177552700043, 0.025156021118164062, 0.03058861568570137, 0.26440632343292236], "frame_39": [0.6294286847114563, 0.39771220088005066, 0.0479406975209713, 0.04942597448825836, 0.6142603754997253, 0.2691689729690552, 0.023945236578583717, 0.028372298926115036, 0.2319774329662323],