{"frame_0": [0.6302013993263245, 0.3946435749530792, 0.050618913024663925, 0.05047077685594559, 0.5320778489112854, 0.3480221629142761, 0.019524384289979935, 0.023084916174411774, 0.8478960990905762], "frame_1": [0.6302691102027893, 0.3946884870529175, 0.04996927082538605, 0.04961585998535156, 0.5320778489112854, 0.3480221629142761, 0.019524384289979935, 0.023084916174411774, 0.9958096742630005], "frame_2": [0.6302341222763062, 0.3946800231933594, 0.04994155094027519, 0.04962645471096039, 0.5320778489112854, 0.3480221629142761, 0.019524384289979935, 0.023084916174411774, 0.39061740040779114], "frame_3": [0.6302289962768555, 0.39467790722846985, 0.04995604604482651, 0.049619294703006744, 0.5320778489112854, 0.3480221629142761, 0.019524384289979935, 0.023084916174411774, 0.6205387711524963], "frame_4": [0.6301422715187073, 0.39474213123321533, 0.04990929365158081, 0.04978756234049797, 0.5320778489112854, 0.3480221629142761, 0.019524384289979935, 0.023084916174411774, 0.7050297856330872], "frame_5": [0.6301314234733582, 0.39472657442092896, 0.04994256794452667, 0.04973890632390976, 0.5320778489112854, 0.3480221629142761, 0.019524384289979935, 0.023084916174411774, 0.7970175743103027], "frame_6": [0.6301348209381104, 0.3947314918041229, 0.04999444633722305, 0.04974530637264252, 0.5320778489112854, 0.3480221629142761, 0.019524384289979935, 0.023084916174411774, 0.6801324486732483], "frame_7": [0.6301364898681641, 0.3947736620903015, 0.050011273473501205, 0.049736447632312775, 0.5320778489112854, 0.3480221629142761, 0.019524384289979935, 0.023084916174411774, 0.6203189492225647], "frame_8": [0.6302962303161621, 0.39474546909332275, 0.05033531039953232, 0.04967257007956505, 0.5320778489112854, 0.3480221629142761, 0.019524384289979935, 0.023084916174411774, 0.6035609841346741], "frame_9": [0.630270779132843, 0.39474114775657654, 0.050276439636945724, 0.049655575305223465, 0.5320778489112854, 0.3480221629142761, 0.019524384289979935, 0.023084916174411774, 0.5961409211158752], "frame_10": [0.6302506327629089, 0.39473605155944824, 0.05015411227941513, 0.04967714846134186, 0.5320778489112854, 0.3480221629142761, 0.019524384289979935, 0.023084916174411774, 0.652972936630249], "frame_11": [0.6302509307861328, 0.3947661519050598, 0.050115033984184265, 0.049674734473228455, 0.44167178869247437, 0.5562166571617126, 0.020544178783893585, 0.024204635992646217, 0.7125935554504395], "frame_12": [0.6301164627075195, 0.39462628960609436, 0.0491899698972702, 0.049687109887599945, 0.44167178869247437, 0.5562166571617126, 0.020544178783893585, 0.024204635992646217, 0.7546672224998474], "frame_13": [0.6301845908164978, 0.39461880922317505, 0.04921739548444748, 0.04966799542307854, 0.44167178869247437, 0.5562166571617126, 0.020544178783893585, 0.024204635992646217, 0.8599436283111572], "frame_14": [0.6301249861717224, 0.39464226365089417, 0.049208831042051315, 0.04973975196480751, 0.44167178869247437, 0.5562166571617126, 0.020544178783893585, 0.024204635992646217, 0.8687988519668579], "frame_15": [0.630163848400116, 0.39460042119026184, 0.04920980706810951, 0.04977158457040787, 0.44167178869247437, 0.5562166571617126, 0.020544178783893585, 0.024204635992646217, 0.8679220676422119], "frame_16": [0.6302153468132019, 0.39468827843666077, 0.04919259995222092, 0.049707792699337006, 0.44167178869247437, 0.5562166571617126, 0.020544178783893585, 0.024204635992646217, 0.7695820927619934], "frame_17": [0.6302847862243652, 0.39469224214553833, 0.04938239976763725, 0.049673717468976974, 0.44167178869247437, 0.5562166571617126, 0.020544178783893585, 0.024204635992646217, 0.5975311398506165], "frame_18": [0.6302629113197327, 0.394669771194458, 0.04936324059963226, 0.04961632564663887, 0.44167178869247437, 0.5562166571617126, 0.020544178783893585, 0.024204635992646217, 0.5562458038330078], "frame_19": [0.6302383542060852, 0.39467358589172363, 0.04932708665728569, 0.04964078217744827, 0.44167178869247437, 0.5562166571617126, 0.020544178783893585, 0.024204635992646217, 0.6431052088737488], "frame_20": [0.6302301287651062, 0.39466407895088196, 0.04927194491028786, 0.04962221905589104, 0.44167178869247437, 0.5562166571617126, 0.020544178783893585, 0.024204635992646217, 0.584791362285614], "frame_21": [0.6301763653755188, 0.394633948802948, 0.04911986365914345, 0.049600135535001755, 0.44167178869247437, 0.5562166571617126, 0.020544178783893585, 0.024204635992646217, 0.5247169733047485], "frame_22": [0.6301775574684143, 0.3946281969547272, 0.04920141398906708, 0.04963666945695877, 0.44167178869247437, 0.5562166571617126, 0.020544178783893585, 0.024204635992646217, 0.526975691318512], "frame_23": [0.630173921585083, 0.39461949467658997, 0.049177296459674835, 0.04962531104683876, 0.44167178869247437, 0.5562166571617126, 0.020544178783893585, 0.024204635992646217, 0.5348678231239319], "frame_24": [0.6300884485244751, 0.3944292366504669, 0.04891853407025337, 0.049623530358076096, 0.44012153148651123, 0.4481557309627533, 0.021382056176662445, 0.026656638830900192, 0.5600296854972839], "frame_25": [0.6301804184913635, 0.3945034444332123, 0.04915953800082207, 0.0495893694460392, 0.4421583414077759, 0.4437994956970215, 0.023764928802847862, 0.028833389282226562, 0.5513888001441956], "frame_26": [0.6301050782203674, 0.39446157217025757, 0.04902280122041702, 0.049607932567596436, 0.4423961639404297, 0.4411941468715668, 0.02258741669356823, 0.027352312579751015, 0.6038556098937988], "frame_27": [0.6301640272140503, 0.3944653868675232, 0.049117110669612885, 0.0495259165763855, 0.4430970847606659, 0.4369775652885437, 0.022665617987513542, 0.027339383959770203, 0.6199805736541748], "frame_28": [0.6303333044052124, 0.39450958371162415, 0.0495079904794693, 0.04931623488664627, 0.4459984302520752, 0.4341158866882324, 0.02285088412463665, 0.02504119835793972, 0.5692782998085022], "frame_29": [0.6302908062934875, 0.3945111632347107, 0.04939553886651993, 0.04942580312490463, 0.4459984302520752, 0.4341158866882324, 0.02285088412463665, 0.02504119835793972, 0.6816934943199158], "frame_30": [0.6302907466888428, 0.394503116607666, 0.04937744140625, 0.04943712055683136, 0.4459984302520752, 0.4341158866882324, 0.02285088412463665, 0.02504119835793972, 0.7421669363975525], "frame_31": [0.6302915215492249, 0.39448434114456177, 0.04932509362697601, 0.0494554303586483, 0.4459984302520752, 0.4341158866882324, 0.02285088412463665, 0.02504119835793972, 0.76205974817276], "frame_32": [0.6302627325057983, 0.3945543169975281, 0.049329545348882675, 0.04957173764705658, 0.4883457124233246, 0.3866814970970154, 0.02556593157351017, 0.027931468561291695, 0.7726532220840454], "frame_33": [0.6303238868713379, 0.3946104347705841, 0.04951019212603569, 0.04955923184752464, 0.4883457124233246, 0.3866814970970154, 0.02556593157351017, 0.027931468561291695, 0.7640365362167358], "frame_34": [0.6303160190582275, 0.39461636543273926, 0.0495157465338707, 0.04961263760924339, 0.5083256959915161, 0.366696834564209, 0.022143639624118805, 0.02598300576210022, 0.7706940770149231], "frame_35": [0.6302921772003174, 0.39462703466415405, 0.04953748732805252, 0.04966943711042404, 0.5209594964981079, 0.359660804271698, 0.020451948046684265, 0.024006377905607224, 0.834502637386322], "frame_36": [0.6302465796470642, 0.3947380483150482, 0.04949073866009712, 0.04993760958313942, 0.5304808020591736, 0.3526390790939331, 0.021949555724859238, 0.022873327136039734, 0.813809335231781], "frame_37": [0.6302639245986938, 0.3946952819824219, 0.049490951001644135, 0.04991289600729942, 0.5304808020591736, 0.3526390790939331, 0.021949555724859238, 0.022873327136039734, 0.9134279489517212], "frame_38": [0.6302255392074585, 0.3946807086467743, 0.04937629774212837, 0.04988763481378555, 0.5513588786125183, 0.34472212195396423, 0.02238074317574501, 0.02445458248257637, 0.7948976159095764],