{"frame_0": [0.6294659376144409, 0.39661791920661926, 0.04912262037396431, 0.04983283206820488, 0.6542733311653137, 0.46559256315231323, 0.02403581328690052, 0.02705451101064682, 0.2854090631008148], "frame_1": [0.629343569278717, 0.39670535922050476, 0.04909570515155792, 0.049189671874046326, 0.6542733311653137, 0.46559256315231323, 0.02403581328690052, 0.02705451101064682, 0.31615573167800903], "frame_2": [0.6294265985488892, 0.3964962363243103, 0.04896342009305954, 0.048900432884693146, 0.6542733311653137, 0.46559256315231323, 0.02403581328690052, 0.02705451101064682, 0.49706730246543884], "frame_3": [0.6294756531715393, 0.3965751528739929, 0.04903246462345123, 0.04902805760502815, 0.6542733311653137, 0.46559256315231323, 0.02403581328690052, 0.02705451101064682, 0.6122094392776489], "frame_4": [0.6294220685958862, 0.3966251015663147, 0.04896736145019531, 0.04914055019617081, 0.6542733311653137, 0.46559256315231323, 0.02403581328690052, 0.02705451101064682, 0.6507803797721863], "frame_5": [0.6293575763702393, 0.39671868085861206, 0.048822954297065735, 0.04916369169950485, 0.6542733311653137, 0.46559256315231323, 0.02403581328690052, 0.02705451101064682, 0.5354563593864441], "frame_6": [0.6293277144432068, 0.3966207802295685, 0.04883384704589844, 0.04909494146704674, 0.6542733311653137, 0.46559256315231323, 0.02403581328690052, 0.02705451101064682, 0.5122032761573792], "frame_7": [0.6293384432792664, 0.39662986993789673, 0.048874832689762115, 0.04913211241364479, 0.6542733311653137, 0.46559256315231323, 0.02403581328690052, 0.02705451101064682, 0.7446977496147156], "frame_8": [0.6293598413467407, 0.3965875506401062, 0.048795487731695175, 0.04905891418457031, 0.6542733311653137, 0.46559256315231323, 0.02403581328690052, 0.02705451101064682, 0.6628433465957642], "frame_9": [0.6293659806251526, 0.39656007289886475, 0.048687152564525604, 0.04900042340159416, 0.6542733311653137, 0.46559256315231323, 0.02403581328690052, 0.02705451101064682, 0.4896199703216553], "frame_10": [0.6293242573738098, 0.3965565264225006, 0.04862022399902344, 0.04901987686753273, 0.6542733311653137, 0.46559256315231323, 0.02403581328690052, 0.02705451101064682, 0.3101676404476166], "frame_11": [0.6293541193008423, 0.3965721130371094, 0.04866655170917511, 0.04903924837708473, 0.6542733311653137, 0.46559256315231323, 0.02403581328690052, 0.02705451101064682, 0.35093870759010315], "frame_12": [0.6293225884437561, 0.3963751196861267, 0.04935035854578018, 0.04838524013757706, 0.6542733311653137, 0.46559256315231323, 0.02403581328690052, 0.02705451101064682, 0.35976576805114746], "frame_13": [0.6293765306472778, 0.3964349925518036, 0.0494757741689682, 0.04846276342868805, 0.6542733311653137, 0.46559256315231323, 0.02403581328690052, 0.02705451101064682, 0.3974328637123108], "frame_14": [0.6293550133705139, 0.39640867710113525, 0.04940270259976387, 0.04842262342572212, 0.6542733311653137, 0.46559256315231323, 0.02403581328690052, 0.02705451101064682, 0.4359734058380127], "frame_15": [0.6294244527816772, 0.39663535356521606, 0.05002013221383095, 0.04900563508272171, 0.6542733311653137, 0.46559256315231323, 0.02403581328690052, 0.02705451101064682, 0.45189276337623596], "frame_16": [0.6293939352035522, 0.3966548442840576, 0.05002386122941971, 0.04911075159907341, 0.6542733311653137, 0.46559256315231323, 0.02403581328690052, 0.02705451101064682, 0.5712248086929321], "frame_17": [0.6293805241584778, 0.3966522216796875, 0.049968719482421875, 0.04907429963350296, 0.6542733311653137, 0.46559256315231323, 0.02403581328690052, 0.02705451101064682, 0.5354369282722473], "frame_18": [0.6293708086013794, 0.3966512978076935, 0.05000487342476845, 0.0490763783454895, 0.6542733311653137, 0.46559256315231323, 0.02403581328690052, 0.02705451101064682, 0.702637791633606], "frame_19": [0.6293993592262268, 0.3965719938278198, 0.04967011511325836, 0.04871368408203125, 0.6542733311653137, 0.46559256315231323, 0.02403581328690052, 0.02705451101064682, 0.7963058352470398], "frame_20": [0.629396915435791, 0.3965908885002136, 0.04961683601140976, 0.048734452575445175, 0.6542733311653137, 0.46559256315231323, 0.02403581328690052, 0.02705451101064682, 0.6846171617507935], "frame_21": [0.6294126510620117, 0.39676886796951294, 0.05017602816224098, 0.04921192675828934, 0.6542733311653137, 0.46559256315231323, 0.02403581328690052, 0.02705451101064682, 0.689075767993927], "frame_22": [0.6294222474098206, 0.39672842621803284, 0.05017950385808945, 0.04917123541235924, 0.6542733311653137, 0.46559256315231323, 0.02403581328690052, 0.02705451101064682, 0.7684535980224609], "frame_23": [0.6294732093811035, 0.3965453803539276, 0.049822065979242325, 0.04870842769742012, 0.6542733311653137, 0.46559256315231323, 0.02403581328690052, 0.02705451101064682, 0.7080897688865662], "frame_24": [0.6294512152671814, 0.39661991596221924, 0.04996392875909805, 0.04899635165929794, 0.8346132040023804, 0.4876028299331665, 0.0361480712890625, 0.029114659875631332, 0.5925522446632385], "frame_25": [0.6294723749160767, 0.39662161469459534, 0.050031110644340515, 0.04902686923742294, 0.8333472609519958, 0.4836755394935608, 0.033522795885801315, 0.03332193195819855, 0.5228853821754456], "frame_26": [0.6294705271720886, 0.39662298560142517, 0.050008393824100494, 0.04903136193752289, 0.832209587097168, 0.4797239601612091, 0.032661013305187225, 0.03401239216327667, 0.0], "frame_27": [0.6295140385627747, 0.3966342508792877, 0.05015699565410614, 0.049024201929569244, 0.8320872783660889, 0.4716383218765259, 0.0329437255859375, 0.03724166005849838, 0.5743696689605713], "frame_28": [0.6294814348220825, 0.39662742614746094, 0.05012834444642067, 0.049036405980587006, 0.8308884501457214, 0.46119430661201477, 0.03200039267539978, 0.039190758019685745, 0.6431134939193726], "frame_29": [0.6294808983802795, 0.3966458737850189, 0.05016059800982475, 0.049070484936237335, 0.830127477645874, 0.44779297709465027, 0.031227875500917435, 0.04050780460238457, 0.6848612427711487], "frame_30": [0.6294483542442322, 0.3965833783149719, 0.0500098317861557, 0.04891853407025337, 0.8262132406234741, 0.4277299642562866, 0.03270992636680603, 0.0430646687746048, 0.7385358214378357], "frame_31": [0.6294352412223816, 0.39699772000312805, 0.0507243275642395, 0.049606747925281525, 0.8214536905288696, 0.40154504776000977, 0.03201751783490181, 0.03862876817584038, 0.7329217195510864], "frame_32": [0.629457950592041, 0.3967423439025879, 0.05000457912683487, 0.049128808081150055, 0.8165725469589233, 0.37173575162887573, 0.026746368035674095, 0.034082792699337006, 0.8712479472160339], "frame_33": [0.6295081377029419, 0.3967539370059967, 0.05011465400457382, 0.049147967249155045, 0.804656982421875, 0.3461425304412842, 0.03320888802409172, 0.03663739189505577, 0.8217121958732605], "frame_34": [0.6294705271720886, 0.39666748046875, 0.04998457059264183, 0.049034032970666885, 0.7957994341850281, 0.3242114186286926, 0.035368263721466064, 0.03722163289785385, 0.9269334077835083], "frame_35": [0.6295448541641235, 0.39671799540519714, 0.05005815252661705, 0.04904043301939964, 0.7884409427642822, 0.3013959228992462, 0.031090546399354935, 0.03198566287755966, 0.9502004384994507], "frame_36": [0.6296631693840027, 0.3969380557537079, 0.050106219947338104, 0.0489569753408432, 0.7804843187332153, 0.2809898257255554, 0.032313112169504166, 0.030800161883234978, 0.870246946811676], "frame_37": [0.6296650171279907, 0.3969869017601013, 0.05008087307214737, 0.04898931831121445, 0.7728373408317566, 0.26347100734710693, 0.034163497388362885, 0.0325433723628521, 0.8802807927131653], "frame_38": [0.629648745059967, 0.39699897170066833, 0.05011986568570137, 0.0489705391228199, 0.7670841813087463, 0.24915795028209686, 0.03405795618891716, 0.03735656663775444, 0.7066252827644348], "frame_39": [0.6296185851097107, 0.39708882570266724, 0.0500003807246685, 0.048964861780405045, 0.7609223127365112, 0.23316985368728638, 0.03000640869140625, 0.03401228412985802, 0.6526334285736084],