{"frame_0": [0.6291834712028503, 0.39708465337753296, 0.04956414923071861, 0.04904467239975929, 0.3721861243247986, 0.6001240015029907, 0.0322435162961483, 0.035320453345775604, 0.5939720273017883], "frame_1": [0.6285839676856995, 0.39735379815101624, 0.04926605150103569, 0.04935929924249649, 0.36971867084503174, 0.5916609764099121, 0.03216351568698883, 0.03507822006940842, 0.10240482538938522], "frame_2": [0.6285910606384277, 0.397318959236145, 0.04964086785912514, 0.0493038184940815, 0.36767396330833435, 0.5857961773872375, 0.03072490729391575, 0.0334651954472065, 0.013631624169647694], "frame_3": [0.628577709197998, 0.3972807228565216, 0.049742043018341064, 0.04937867075204849, 0.3665485680103302, 0.581474244594574, 0.030922021716833115, 0.03384208679199219, 0.5229495167732239], "frame_4": [0.6285526156425476, 0.3972618579864502, 0.049699485301971436, 0.049342431128025055, 0.36550936102867126, 0.5785307884216309, 0.029603492468595505, 0.032001495361328125, 0.5597413778305054], "frame_5": [0.628511905670166, 0.39727503061294556, 0.05004052072763443, 0.04926948621869087, 0.3658101260662079, 0.5772565007209778, 0.02954374998807907, 0.03157026320695877, 0.5423649549484253], "frame_6": [0.6285021305084229, 0.3972676694393158, 0.04998800531029701, 0.049319077283144, 0.3658101260662079, 0.5772565007209778, 0.02954374998807907, 0.03157026320695877, 0.5767337679862976], "frame_7": [0.6285438537597656, 0.3973170816898346, 0.04996757581830025, 0.04926371946930885, 0.3658101260662079, 0.5772565007209778, 0.02954374998807907, 0.03157026320695877, 0.3958222568035126], "frame_8": [0.6285344958305359, 0.39734265208244324, 0.0499267578125, 0.04927147924900055, 0.3658101260662079, 0.5772565007209778, 0.02954374998807907, 0.03157026320695877, 0.3121531009674072], "frame_9": [0.6285906434059143, 0.39732682704925537, 0.05000478774309158, 0.049304962158203125, 0.3658101260662079, 0.5772565007209778, 0.02954374998807907, 0.03157026320695877, 0.3773975670337677], "frame_10": [0.6286197900772095, 0.39739227294921875, 0.05000559613108635, 0.049298688769340515, 0.3658101260662079, 0.5772565007209778, 0.02954374998807907, 0.03157026320695877, 0.6389561891555786], "frame_11": [0.6285409927368164, 0.3974100649356842, 0.05003929138183594, 0.04922370985150337, 0.3658101260662079, 0.5772565007209778, 0.02954374998807907, 0.03157026320695877, 0.7011330723762512], "frame_12": [0.6292171478271484, 0.3974314332008362, 0.04967498779296875, 0.04911927133798599, 0.3658101260662079, 0.5772565007209778, 0.02954374998807907, 0.03157026320695877, 0.7228816151618958], "frame_13": [0.6292135715484619, 0.39742687344551086, 0.04964883625507355, 0.04910451918840408, 0.3658101260662079, 0.5772565007209778, 0.02954374998807907, 0.03157026320695877, 0.5294471383094788], "frame_14": [0.6292179822921753, 0.39741837978363037, 0.04966413602232933, 0.04913122206926346, 0.3658101260662079, 0.5772565007209778, 0.02954374998807907, 0.03157026320695877, 0.5884860157966614], "frame_15": [0.6291710734367371, 0.39752671122550964, 0.049258336424827576, 0.0489020012319088, 0.3658101260662079, 0.5772565007209778, 0.02954374998807907, 0.03157026320695877, 0.665930986404419], "frame_16": [0.6292020082473755, 0.39744535088539124, 0.04932441562414169, 0.04889208450913429, 0.3658101260662079, 0.5772565007209778, 0.02954374998807907, 0.03157026320695877, 0.6253433227539062], "frame_17": [0.6291338801383972, 0.39743587374687195, 0.04915877431631088, 0.04888695478439331, 0.3658101260662079, 0.5772565007209778, 0.02954374998807907, 0.03157026320695877, 0.6529698967933655], "frame_18": [0.6291519999504089, 0.3974195718765259, 0.04916517436504364, 0.04893896356225014, 0.3658101260662079, 0.5772565007209778, 0.02954374998807907, 0.03157026320695877, 0.6693817973136902], "frame_19": [0.6291046738624573, 0.3972114622592926, 0.04914398118853569, 0.049072265625, 0.3658101260662079, 0.5772565007209778, 0.02954374998807907, 0.03157026320695877, 0.690030038356781], "frame_20": [0.6291356682777405, 0.39736515283584595, 0.04921472445130348, 0.0489661730825901, 0.3658101260662079, 0.5772565007209778, 0.02954374998807907, 0.03157026320695877, 0.6377342343330383], "frame_21": [0.6291744112968445, 0.3973376750946045, 0.04923994094133377, 0.04904954880475998, 0.3658101260662079, 0.5772565007209778, 0.02954374998807907, 0.03157026320695877, 0.2553325593471527], "frame_22": [0.6292233467102051, 0.39735549688339233, 0.049278851598501205, 0.04899970069527626, 0.3658101260662079, 0.5772565007209778, 0.02954374998807907, 0.03157026320695877, 0.09015095233917236], "frame_23": [0.6291403770446777, 0.39735451340675354, 0.04924566298723221, 0.048967573791742325, 0.3658101260662079, 0.5772565007209778, 0.02954374998807907, 0.03157026320695877, 0.12034308165311813], "frame_24": [0.6290038824081421, 0.3976154625415802, 0.049880217760801315, 0.049059126526117325, 0.3658101260662079, 0.5772565007209778, 0.02954374998807907, 0.03157026320695877, 0.24260316789150238], "frame_25": [0.6290262937545776, 0.39764487743377686, 0.04974928870797157, 0.04900936409831047, 0.3658101260662079, 0.5772565007209778, 0.02954374998807907, 0.03157026320695877, 0.3495364785194397], "frame_26": [0.6291032433509827, 0.3977032005786896, 0.04984626919031143, 0.04905976355075836, 0.420024037361145, 0.4667823016643524, 0.031037351116538048, 0.030657408758997917, 0.23099768161773682], "frame_27": [0.6290809512138367, 0.3977348208427429, 0.04980163648724556, 0.04907209426164627, 0.420024037361145, 0.4667823016643524, 0.031037351116538048, 0.030657408758997917, 0.07191857695579529], "frame_28": [0.62909996509552, 0.3977776765823364, 0.05010320991277695, 0.049059972167015076, 0.417475163936615, 0.4411960542201996, 0.03226403146982193, 0.034642621874809265, 0.34003105759620667], "frame_29": [0.6291535496711731, 0.3978218138217926, 0.050549909472465515, 0.049130503088235855, 0.4200492799282074, 0.4216383099555969, 0.030390167608857155, 0.0347147211432457, 0.5317735075950623], "frame_30": [0.6292197108268738, 0.39779943227767944, 0.05085640028119087, 0.04910308122634888, 0.4278152585029602, 0.40092647075653076, 0.03146599605679512, 0.03350995481014252, 0.6656662225723267], "frame_31": [0.6291899085044861, 0.3977636694908142, 0.05065812170505524, 0.049044545739889145, 0.437339186668396, 0.37934410572052, 0.03173578158020973, 0.032966699451208115, 0.7074503302574158], "frame_32": [0.6291983127593994, 0.39772355556488037, 0.05055876821279526, 0.0490298792719841, 0.4467019736766815, 0.3580542802810669, 0.029323026537895203, 0.030142784118652344, 0.7330682873725891], "frame_33": [0.6292240023612976, 0.39765867590904236, 0.05043080821633339, 0.04902750626206398, 0.45668792724609375, 0.3393498659133911, 0.028972243890166283, 0.03092564456164837, 0.7185909748077393], "frame_34": [0.6293138861656189, 0.39772406220436096, 0.05072195082902908, 0.04907188564538956, 0.4656864106655121, 0.32407787442207336, 0.028288861736655235, 0.03159556910395622, 0.7167026400566101], "frame_35": [0.6293395161628723, 0.3976256847381592, 0.05065040662884712, 0.049184080213308334, 0.47682464122772217, 0.30800962448120117, 0.02355499193072319, 0.03076695278286934, 0.7172409892082214], "frame_36": [0.6289507746696472, 0.39770469069480896, 0.05028953403234482, 0.049138642847537994, 0.4836892783641815, 0.29562729597091675, 0.027696523815393448, 0.030912887305021286, 0.6338506937026978], "frame_37": [0.6289376020431519, 0.3976792097091675, 0.05013749748468399, 0.04909926652908325, 0.49259278178215027, 0.28498348593711853, 0.028576109558343887, 0.033602524548769, 0.6268985271453857], "frame_38": [0.6289458870887756, 0.39768362045288086, 0.050111982971429825, 0.0491427518427372, 0.5002401471138, 0.27378857135772705, 0.027920912951231003, 0.029855621978640556, 0.6732468008995056], "frame_39": [0.6289239525794983, 0.39768490195274353, 0.05004119873046875, 0.04915495961904526, 0.5102537274360657, 0.2656526565551758, 0.024712074548006058, 0.028688134625554085, 0.5799508094787598],