{"frame_0": [0.6298571825027466, 0.3957902193069458, 0.05004539340734482, 0.05031382292509079, 0.8299504518508911, 0.540668249130249, 0.034429509192705154, 0.030662832781672478, 0.8809693455696106], "frame_1": [0.6300680041313171, 0.39607757329940796, 0.0503082275390625, 0.04982181265950203, 0.832327127456665, 0.5425000786781311, 0.032408565282821655, 0.03441772609949112, 0.9161176681518555], "frame_2": [0.6300349235534668, 0.3960821330547333, 0.050294410437345505, 0.04973335191607475, 0.8342532515525818, 0.5435138940811157, 0.029935793951153755, 0.03574388474225998, 0.9851799607276917], "frame_3": [0.6300771832466125, 0.395986944437027, 0.05022833123803139, 0.049755267798900604, 0.8303261399269104, 0.5437287092208862, 0.03241068497300148, 0.03295440599322319, 0.9006122946739197], "frame_4": [0.6301291584968567, 0.39599812030792236, 0.05033598840236664, 0.04977404326200485, 0.8237473368644714, 0.5450102090835571, 0.0321044921875, 0.029672453179955482, 0.9874873757362366], "frame_5": [0.6300583481788635, 0.39595887064933777, 0.05021684616804123, 0.05000487342476845, 0.8237473368644714, 0.5450102090835571, 0.0321044921875, 0.029672453179955482, 0.3713189363479614], "frame_6": [0.6300917863845825, 0.3960046172142029, 0.05031242221593857, 0.049983128905296326, 0.8237473368644714, 0.5450102090835571, 0.0321044921875, 0.029672453179955482, 0.47174039483070374], "frame_7": [0.6300473809242249, 0.39600756764411926, 0.05015343427658081, 0.04998558759689331, 0.7959664463996887, 0.5612481236457825, 0.02888132818043232, 0.032283611595630646, 0.7894763946533203], "frame_8": [0.630003035068512, 0.39600130915641785, 0.050055526196956635, 0.050012800842523575, 0.7903395891189575, 0.5663010478019714, 0.02878536656498909, 0.02901390939950943, 0.8174458742141724], "frame_9": [0.6300617456436157, 0.3960433602333069, 0.05006713792681694, 0.050216082483530045, 0.7845144271850586, 0.5719900131225586, 0.02554609440267086, 0.029663212597370148, 0.8486343026161194], "frame_10": [0.6300933957099915, 0.3960552513599396, 0.050168439745903015, 0.05012274906039238, 0.7822126746177673, 0.5782366394996643, 0.026685332879424095, 0.029037857428193092, 0.8044863343238831], "frame_11": [0.6300680637359619, 0.39606645703315735, 0.05008523911237717, 0.050096891820430756, 0.779787003993988, 0.5839295387268066, 0.02734002098441124, 0.02841169573366642, 0.7671741843223572], "frame_12": [0.6305344700813293, 0.3962206542491913, 0.049342259764671326, 0.04964849725365639, 0.7782357931137085, 0.585935652256012, 0.02610592357814312, 0.02824723906815052, 0.6555885672569275], "frame_13": [0.6305481195449829, 0.39621978998184204, 0.04941711574792862, 0.04965663328766823, 0.7769067287445068, 0.5859552025794983, 0.02601030096411705, 0.027309121564030647, 0.8111795783042908], "frame_14": [0.6305498480796814, 0.396220326423645, 0.04944352060556412, 0.049628447741270065, 0.77308589220047, 0.5818606615066528, 0.02794596366584301, 0.030433272942900658, 0.8520396947860718], "frame_15": [0.6305541396141052, 0.39622750878334045, 0.04949014633893967, 0.04962493106722832, 0.769199013710022, 0.5754128098487854, 0.02532518096268177, 0.03102349117398262, 0.8587551712989807], "frame_16": [0.6305700540542603, 0.396232932806015, 0.04953015595674515, 0.04960975795984268, 0.7661778926849365, 0.5670150518417358, 0.022578515112400055, 0.027650069445371628, 0.8584415912628174], "frame_17": [0.6306511163711548, 0.3962865173816681, 0.04978315532207489, 0.04968944191932678, 0.7661778926849365, 0.5670150518417358, 0.022578515112400055, 0.027650069445371628, 0.8630337715148926], "frame_18": [0.6306102871894836, 0.3962792158126831, 0.049634721130132675, 0.04964858293533325, 0.7661778926849365, 0.5670150518417358, 0.022578515112400055, 0.027650069445371628, 0.877420961856842], "frame_19": [0.6306379437446594, 0.3962877094745636, 0.04972648620605469, 0.04965036362409592, 0.7661778926849365, 0.5670150518417358, 0.022578515112400055, 0.027650069445371628, 0.9607048034667969], "frame_20": [0.6306835412979126, 0.39647209644317627, 0.05045471340417862, 0.04963713884353638, 0.7661778926849365, 0.5670150518417358, 0.022578515112400055, 0.027650069445371628, 0.9476528167724609], "frame_21": [0.6306172013282776, 0.39625659584999084, 0.04965837299823761, 0.04955329746007919, 0.8097549676895142, 0.4774993062019348, 0.028185272589325905, 0.03435689955949783, 0.910751461982727], "frame_22": [0.6305482387542725, 0.39626023173332214, 0.04952545091509819, 0.04951591417193413, 0.8269693851470947, 0.46906721591949463, 0.029802873730659485, 0.03434944152832031, 0.887844979763031], "frame_23": [0.6305001378059387, 0.39626169204711914, 0.049756452441215515, 0.04952218756079674, 0.8360597491264343, 0.46242964267730713, 0.03212263435125351, 0.03548333793878555, 0.6147541999816895], "frame_24": [0.6304669976234436, 0.396349161863327, 0.05009392648935318, 0.04955651983618736, 0.8451414108276367, 0.456830769777298, 0.031891632825136185, 0.03149282559752464, 0.6692892909049988], "frame_25": [0.6304510235786438, 0.39629065990448, 0.05003784969449043, 0.04940494894981384, 0.8506203293800354, 0.4504067301750183, 0.03261379525065422, 0.030898453667759895, 0.7159708142280579], "frame_26": [0.630473256111145, 0.39629465341567993, 0.05016344040632248, 0.04941223934292793, 0.8536767959594727, 0.44373923540115356, 0.0334659144282341, 0.03389456123113632, 0.45251941680908203], "frame_27": [0.6304600834846497, 0.3962804973125458, 0.05011329799890518, 0.04939943924546242, 0.8538100123405457, 0.43677663803100586, 0.0364803746342659, 0.03759744390845299, 0.24300292134284973], "frame_28": [0.6304934620857239, 0.39623332023620605, 0.05007714033126831, 0.04940948635339737, 0.854905366897583, 0.4252449572086334, 0.033136408776044846, 0.037121497094631195, 0.16609713435173035], "frame_29": [0.6304276585578918, 0.39623117446899414, 0.049929216504096985, 0.04941999539732933, 0.85527104139328, 0.410733699798584, 0.0249057337641716, 0.03216552734375, 0.7533780932426453], "frame_30": [0.6303427815437317, 0.39621275663375854, 0.04961967468261719, 0.049378033727407455, 0.8488742113113403, 0.39132800698280334, 0.025143008679151535, 0.03128768131136894, 0.8740973472595215], "frame_31": [0.630399227142334, 0.3962450325489044, 0.04982659965753555, 0.04943135753273964, 0.8382612466812134, 0.3729771077632904, 0.027353329584002495, 0.028921762481331825, 0.9470394849777222], "frame_32": [0.630406379699707, 0.3962669372558594, 0.0498647466301918, 0.04946492612361908, 0.8294252157211304, 0.35544532537460327, 0.02602844312787056, 0.029133331030607224, 0.8748082518577576], "frame_33": [0.6305001974105835, 0.3962819278240204, 0.05017852783203125, 0.04954070970416069, 0.8208234906196594, 0.34011638164520264, 0.025354936718940735, 0.029831696301698685, 0.9751689434051514], "frame_34": [0.6305274963378906, 0.3962974548339844, 0.05022735521197319, 0.04952074587345123, 0.811369001865387, 0.32407528162002563, 0.025539059191942215, 0.0273789931088686, 0.9825479388237], "frame_35": [0.6305921077728271, 0.39628008008003235, 0.05038329213857651, 0.04946623742580414, 0.8038867712020874, 0.31443673372268677, 0.025890689343214035, 0.028936196118593216, 0.895948052406311], "frame_36": [0.6305094957351685, 0.3961140811443329, 0.04922943189740181, 0.049223411828279495, 0.7938722968101501, 0.3029181957244873, 0.02736511267721653, 0.030531205236911774, 0.7238749861717224], "frame_37": [0.6305654644966125, 0.39639461040496826, 0.05000750347971916, 0.04932047426700592, 0.7873518466949463, 0.2936910092830658, 0.02364518865942955, 0.02941027656197548, 0.7156464457511902], "frame_38": [0.6305307745933533, 0.39647114276885986, 0.04998732730746269, 0.049278512597084045, 0.7796946167945862, 0.2847953736782074, 0.025292376056313515, 0.028617773205041885, 0.7850672602653503], "frame_39": [0.6303964257240295, 0.39659035205841064, 0.05006133019924164, 0.049304284155368805, 0.7702195644378662, 0.27971306443214417, 0.02546590194106102, 0.030291663482785225, 0.8186542987823486],