{"frame_0": [0.6293356418609619, 0.39800915122032166, 0.04882325232028961, 0.04895099997520447, 0.40137583017349243, 0.4974348247051239, 0.024531343951821327, 0.026838133111596107, 0.7247090339660645], "frame_1": [0.6293941140174866, 0.3979853391647339, 0.048607636243104935, 0.04961348697543144, 0.28236860036849976, 0.570027232170105, 0.01699081063270569, 0.021544646471738815, 0.7349721789360046], "frame_2": [0.6291536092758179, 0.3979489207267761, 0.048596955835819244, 0.0494316965341568, 0.28287094831466675, 0.5711722373962402, 0.01660919189453125, 0.021525785326957703, 0.7518071532249451], "frame_3": [0.629260778427124, 0.39792972803115845, 0.04882240295410156, 0.049344252794981, 0.283993124961853, 0.5721538662910461, 0.018240271136164665, 0.021605851128697395, 0.756584882736206], "frame_4": [0.6292764544487, 0.3979438841342926, 0.048717498779296875, 0.049329884350299835, 0.28534623980522156, 0.5718823075294495, 0.018808450549840927, 0.022165002301335335, 0.759546160697937], "frame_5": [0.6292784214019775, 0.39798495173454285, 0.04870397597551346, 0.049411602318286896, 0.28683987259864807, 0.5711784958839417, 0.01976691372692585, 0.020941924303770065, 0.7876318097114563], "frame_6": [0.6293925642967224, 0.397940993309021, 0.04860886558890343, 0.04946615546941757, 0.28683987259864807, 0.5711784958839417, 0.01976691372692585, 0.020941924303770065, 0.807042121887207], "frame_7": [0.6293906569480896, 0.39795807003974915, 0.048655785620212555, 0.049484167248010635, 0.28683987259864807, 0.5711784958839417, 0.01976691372692585, 0.020941924303770065, 0.7965890765190125], "frame_8": [0.6292871832847595, 0.3979218304157257, 0.04917623847723007, 0.049333274364471436, 0.2985294461250305, 0.5647313594818115, 0.019342336803674698, 0.019919205456972122, 0.765173077583313], "frame_9": [0.6293590068817139, 0.39792561531066895, 0.04908408969640732, 0.049282584339380264, 0.3020729124546051, 0.5591211915016174, 0.021038055419921875, 0.021032502874732018, 0.7563831806182861], "frame_10": [0.6294291019439697, 0.39790236949920654, 0.0491495355963707, 0.04920366033911705, 0.30449408292770386, 0.5533376932144165, 0.019364632666110992, 0.018718084320425987, 0.7277183532714844], "frame_11": [0.629332959651947, 0.39788198471069336, 0.04883367568254471, 0.0492001436650753, 0.3061677813529968, 0.5469871759414673, 0.020780818536877632, 0.018405914306640625, 0.7062665820121765], "frame_12": [0.6297585368156433, 0.3980063498020172, 0.04877777025103569, 0.048946041613817215, 0.30747365951538086, 0.5388303995132446, 0.01862587407231331, 0.020157411694526672, 0.6487383246421814], "frame_13": [0.6297413110733032, 0.39799779653549194, 0.04880201444029808, 0.04893951490521431, 0.30747365951538086, 0.5388303995132446, 0.01862587407231331, 0.020157411694526672, 0.5560247898101807], "frame_14": [0.6296997666358948, 0.3980126976966858, 0.04879320040345192, 0.04893608018755913, 0.30747365951538086, 0.5388303995132446, 0.01862587407231331, 0.020157411694526672, 0.4937380254268646], "frame_15": [0.6297227740287781, 0.39800846576690674, 0.0488409660756588, 0.04890785366296768, 0.30747365951538086, 0.5388303995132446, 0.01862587407231331, 0.020157411694526672, 0.5518651604652405], "frame_16": [0.6297107338905334, 0.3980110287666321, 0.048845503479242325, 0.04893989488482475, 0.30747365951538086, 0.5388303995132446, 0.01862587407231331, 0.020157411694526672, 0.5689384937286377], "frame_17": [0.6295062899589539, 0.39805731177330017, 0.048580341041088104, 0.04892395809292793, 0.30747365951538086, 0.5388303995132446, 0.01862587407231331, 0.020157411694526672, 0.6114786267280579], "frame_18": [0.6295454502105713, 0.39795151352882385, 0.04892311245203018, 0.04888242110610008, 0.30747365951538086, 0.5388303995132446, 0.01862587407231331, 0.020157411694526672, 0.6101934909820557], "frame_19": [0.6296025514602661, 0.3979201316833496, 0.048706140369176865, 0.04903411865234375, 0.30747365951538086, 0.5388303995132446, 0.01862587407231331, 0.020157411694526672, 0.6507726311683655], "frame_20": [0.6297317743301392, 0.39800897240638733, 0.04886169359087944, 0.04922379553318024, 0.30747365951538086, 0.5388303995132446, 0.01862587407231331, 0.020157411694526672, 0.6400758624076843], "frame_21": [0.6297248601913452, 0.3980174958705902, 0.048892464488744736, 0.04925282672047615, 0.30747365951538086, 0.5388303995132446, 0.01862587407231331, 0.020157411694526672, 0.5590397715568542], "frame_22": [0.629766583442688, 0.39801549911499023, 0.04886207729578018, 0.0491909459233284, 0.30747365951538086, 0.5388303995132446, 0.01862587407231331, 0.020157411694526672, 0.5715912580490112], "frame_23": [0.629736065864563, 0.3979737162590027, 0.048800278455019, 0.0491580106317997, 0.30747365951538086, 0.5388303995132446, 0.01862587407231331, 0.020157411694526672, 0.5861175060272217], "frame_24": [0.6294342875480652, 0.3978423774242401, 0.04884224012494087, 0.04897596687078476, 0.30747365951538086, 0.5388303995132446, 0.01862587407231331, 0.020157411694526672, 0.5223429799079895], "frame_25": [0.6294341087341309, 0.39784079790115356, 0.04883728176355362, 0.04898948594927788, 0.30747365951538086, 0.5388303995132446, 0.01862587407231331, 0.020157411694526672, 0.6231490969657898], "frame_26": [0.629365861415863, 0.3978383243083954, 0.048746488988399506, 0.04896821081638336, 0.30747365951538086, 0.5388303995132446, 0.01862587407231331, 0.020157411694526672, 0.6880612969398499], "frame_27": [0.6295096278190613, 0.3976213335990906, 0.049193572252988815, 0.04866896569728851, 0.30747365951538086, 0.5388303995132446, 0.01862587407231331, 0.020157411694526672, 0.7818974852561951], "frame_28": [0.6294629573822021, 0.3976197838783264, 0.04911071062088013, 0.04867066442966461, 0.30747365951538086, 0.5388303995132446, 0.01862587407231331, 0.020157411694526672, 0.7905325293540955], "frame_29": [0.6294645667076111, 0.39764463901519775, 0.04906493425369263, 0.048638660460710526, 0.30747365951538086, 0.5388303995132446, 0.01862587407231331, 0.020157411694526672, 0.5882658958435059], "frame_30": [0.6294493675231934, 0.39763301610946655, 0.048983849585056305, 0.0486680343747139, 0.30333566665649414, 0.458771675825119, 0.02144688554108143, 0.022817781195044518, 0.8272939324378967], "frame_31": [0.6293856501579285, 0.39769092202186584, 0.048731908202171326, 0.04878662899136543, 0.3130585551261902, 0.4420424699783325, 0.021205034106969833, 0.023606659844517708, 0.8138391375541687], "frame_32": [0.6293641924858093, 0.3977155089378357, 0.04877569526433945, 0.04879129305481911, 0.3225365877151489, 0.4246388375759125, 0.022466765716671944, 0.025215912610292435, 0.8529192209243774], "frame_33": [0.6294828653335571, 0.3977704346179962, 0.04905654117465019, 0.04868388548493385, 0.3225365877151489, 0.4246388375759125, 0.022466765716671944, 0.025215912610292435, 0.8376153111457825], "frame_34": [0.6296581029891968, 0.39772462844848633, 0.049178484827280045, 0.048638153821229935, 0.3225365877151489, 0.4246388375759125, 0.022466765716671944, 0.025215912610292435, 0.8135474920272827], "frame_35": [0.6295995116233826, 0.3976745903491974, 0.048976898193359375, 0.04865926131606102, 0.3225365877151489, 0.4246388375759125, 0.022466765716671944, 0.025215912610292435, 0.8444753885269165], "frame_36": [0.6294726133346558, 0.3976037800312042, 0.04904212802648544, 0.04884418845176697, 0.3225365877151489, 0.4246388375759125, 0.022466765716671944, 0.025215912610292435, 0.7791872024536133], "frame_37": [0.6294726729393005, 0.39758291840553284, 0.0489681251347065, 0.04879951477050781, 0.3225365877151489, 0.4246388375759125, 0.022466765716671944, 0.025215912610292435, 0.7470572590827942], "frame_38": [0.6294482946395874, 0.39758604764938354, 0.04861755296587944, 0.04901161044836044, 0.3225365877151489, 0.4246388375759125, 0.022466765716671944, 0.025215912610292435, 0.7595139145851135],