{"frame_0": [0.6296164393424988, 0.39759406447410583, 0.05081901699304581, 0.048935700207948685, 0.20054607093334198, 0.5866647362709045, 0.02081332728266716, 0.022120116278529167, 0.7274484038352966], "frame_1": [0.6294454336166382, 0.39703938364982605, 0.050406645983457565, 0.048920609056949615, 0.20205266773700714, 0.5866822004318237, 0.019335895776748657, 0.020708974450826645, 0.7269501090049744], "frame_2": [0.6293405890464783, 0.3970486521720886, 0.05028402432799339, 0.04883863776922226, 0.2028634399175644, 0.5867319107055664, 0.01852385140955448, 0.019820870831608772, 0.700181782245636], "frame_3": [0.6293201446533203, 0.3970297574996948, 0.050247956067323685, 0.04886016994714737, 0.2028634399175644, 0.5867319107055664, 0.01852385140955448, 0.019820870831608772, 0.7136220932006836], "frame_4": [0.6292863488197327, 0.39703139662742615, 0.050038911402225494, 0.04875623807311058, 0.2030031830072403, 0.58575439453125, 0.019446562975645065, 0.021251296624541283, 0.7353731989860535], "frame_5": [0.6292579770088196, 0.3970068097114563, 0.0500352643430233, 0.04877493157982826, 0.2030031830072403, 0.58575439453125, 0.019446562975645065, 0.021251296624541283, 0.7522615790367126], "frame_6": [0.6292557716369629, 0.39700716733932495, 0.050041791051626205, 0.04878196865320206, 0.20113547146320343, 0.5828056335449219, 0.021926794201135635, 0.0244598388671875, 0.7495160102844238], "frame_7": [0.6291627883911133, 0.39701002836227417, 0.049932099878787994, 0.048902131617069244, 0.20079094171524048, 0.5818323493003845, 0.022498320788145065, 0.025107108056545258, 0.7447836399078369], "frame_8": [0.6292650103569031, 0.396947979927063, 0.05004598945379257, 0.04871033504605293, 0.2007237821817398, 0.5817595720291138, 0.02177410200238228, 0.024345949292182922, 0.7179800271987915], "frame_9": [0.629371702671051, 0.39702317118644714, 0.049965836107730865, 0.04889221116900444, 0.2007237821817398, 0.5817595720291138, 0.02177410200238228, 0.024345949292182922, 0.7250401973724365], "frame_10": [0.6294037103652954, 0.39699968695640564, 0.049858007580041885, 0.04889564588665962, 0.2007237821817398, 0.5817595720291138, 0.02177410200238228, 0.024345949292182922, 0.7214441895484924], "frame_11": [0.6293627619743347, 0.3969816565513611, 0.04987945407629013, 0.04891480505466461, 0.2007237821817398, 0.5817595720291138, 0.02177410200238228, 0.024345949292182922, 0.7379816770553589], "frame_12": [0.6294368505477905, 0.3972512483596802, 0.049433134496212006, 0.049096763134002686, 0.2007237821817398, 0.5817595720291138, 0.02177410200238228, 0.024345949292182922, 0.7147481441497803], "frame_13": [0.6294382810592651, 0.39723238348960876, 0.04947073012590408, 0.04911570996046066, 0.20371216535568237, 0.5916134715080261, 0.020219527184963226, 0.02416246198117733, 0.6814039945602417], "frame_14": [0.6294622421264648, 0.39726004004478455, 0.04948404058814049, 0.04911469295620918, 0.20371216535568237, 0.5916134715080261, 0.020219527184963226, 0.02416246198117733, 0.6966073513031006], "frame_15": [0.6294353008270264, 0.3972603678703308, 0.0494452565908432, 0.04910409823060036, 0.20710749924182892, 0.5960233211517334, 0.02285289764404297, 0.02642517164349556, 0.6592210531234741], "frame_16": [0.6294348239898682, 0.3972751200199127, 0.04942885413765907, 0.04913054406642914, 0.21143104135990143, 0.5970916748046875, 0.02247180975973606, 0.025706101208925247, 0.6449260711669922], "frame_17": [0.6294406056404114, 0.3972776532173157, 0.04941168799996376, 0.04912757873535156, 0.21405357122421265, 0.5954660177230835, 0.022723812609910965, 0.025467300787568092, 0.6391939520835876], "frame_18": [0.6294543147087097, 0.39729854464530945, 0.04943953454494476, 0.049177635461091995, 0.2178906798362732, 0.5909446477890015, 0.02263609506189823, 0.022667864337563515, 0.5602270364761353], "frame_19": [0.6294622421264648, 0.39729782938957214, 0.04945844039320946, 0.04917352646589279, 0.22106075286865234, 0.5825257301330566, 0.022235488519072533, 0.022896407172083855, 0.5318789482116699], "frame_20": [0.6294654607772827, 0.39730265736579895, 0.04957902804017067, 0.04911782965064049, 0.22198401391506195, 0.571727991104126, 0.02229413017630577, 0.022960111498832703, 0.5966159105300903], "frame_21": [0.6294593214988708, 0.3972977101802826, 0.0495758056640625, 0.04912346601486206, 0.22177471220493317, 0.5606135129928589, 0.022644339129328728, 0.025049209594726562, 0.5958614945411682], "frame_22": [0.6295015811920166, 0.39730384945869446, 0.04971521347761154, 0.04915377125144005, 0.22177471220493317, 0.5606135129928589, 0.022644339129328728, 0.025049209594726562, 0.44376516342163086], "frame_23": [0.6293972730636597, 0.3972838521003723, 0.04967956617474556, 0.04912978410720825, 0.21784184873104095, 0.5362563133239746, 0.02041979879140854, 0.024394776672124863, 0.37593212723731995], "frame_24": [0.6294114589691162, 0.39696624875068665, 0.04970215633511543, 0.04915330559015274, 0.21607890725135803, 0.5234144330024719, 0.020715225487947464, 0.023960748687386513, 0.4205036163330078], "frame_25": [0.629298210144043, 0.3972008228302002, 0.04993917793035507, 0.049207307398319244, 0.2160106897354126, 0.5141334533691406, 0.019992785528302193, 0.02348022535443306, 0.6276885867118835], "frame_26": [0.6292185187339783, 0.3971964418888092, 0.04977569729089737, 0.04918954521417618, 0.2160106897354126, 0.5141334533691406, 0.019992785528302193, 0.02348022535443306, 0.6431812644004822], "frame_27": [0.6291974186897278, 0.3972109854221344, 0.049791548401117325, 0.04916076734662056, 0.2291763722896576, 0.4768563210964203, 0.021990500390529633, 0.02553185448050499, 0.7702376842498779], "frame_28": [0.6292009949684143, 0.39720508456230164, 0.04973793029785156, 0.04917335510253906, 0.2392600178718567, 0.45921432971954346, 0.021097373217344284, 0.024842072278261185, 0.8790175914764404], "frame_29": [0.6292972564697266, 0.39725053310394287, 0.0498402900993824, 0.04918251186609268, 0.2392600178718567, 0.45921432971954346, 0.021097373217344284, 0.024842072278261185, 0.813845694065094], "frame_30": [0.6293008327484131, 0.3972459137439728, 0.04984541982412338, 0.049184419214725494, 0.2392600178718567, 0.45921432971954346, 0.021097373217344284, 0.024842072278261185, 0.7554977536201477], "frame_31": [0.6292604804039001, 0.397237092256546, 0.04981821030378342, 0.049147795885801315, 0.2770981192588806, 0.40505337715148926, 0.021552784368395805, 0.025648286566138268, 0.8303635120391846], "frame_32": [0.6292534470558167, 0.39722341299057007, 0.04979570209980011, 0.04914139583706856, 0.2770981192588806, 0.40505337715148926, 0.021552784368395805, 0.025648286566138268, 0.7767578959465027], "frame_33": [0.629258394241333, 0.39721205830574036, 0.049842748790979385, 0.04912283271551132, 0.3035880923271179, 0.37448620796203613, 0.020984522998332977, 0.02537027932703495, 0.7039009928703308], "frame_34": [0.6292582750320435, 0.39718687534332275, 0.04979896545410156, 0.0491238497197628, 0.3035880923271179, 0.37448620796203613, 0.020984522998332977, 0.02537027932703495, 0.7474368214607239], "frame_35": [0.629349410533905, 0.3971572518348694, 0.04996358975768089, 0.049143388867378235, 0.3293137848377228, 0.34915927052497864, 0.02173629403114319, 0.023719873279333115, 0.7607319355010986], "frame_36": [0.6294180154800415, 0.3970026671886444, 0.05041982978582382, 0.0490206815302372, 0.3420705199241638, 0.338143527507782, 0.021737607195973396, 0.024480946362018585, 0.8614586591720581], "frame_37": [0.6293402910232544, 0.3971449136734009, 0.05018060654401779, 0.04906264320015907, 0.35430148243904114, 0.3295455873012543, 0.021120749413967133, 0.02198638953268528, 0.801333487033844], "frame_38": [0.6294878721237183, 0.3971017599105835, 0.05010261386632919, 0.0491374135017395, 0.367424339056015, 0.3218863010406494, 0.019933700561523438, 0.023566478863358498, 0.6945644617080688],