{"frame_0": [0.6296727061271667, 0.3957401216030121, 0.05015546828508377, 0.049707114696502686, 0.7112345099449158, 0.46816155314445496, 0.016808150336146355, 0.02287597581744194, 0.19083113968372345], "frame_1": [0.6294335126876831, 0.3959276080131531, 0.04939842224121094, 0.0493055135011673, 0.7112345099449158, 0.46816155314445496, 0.016808150336146355, 0.02287597581744194, 0.8367252349853516], "frame_2": [0.6293560266494751, 0.39592230319976807, 0.04914228618144989, 0.049284785985946655, 0.7112345099449158, 0.46816155314445496, 0.016808150336146355, 0.02287597581744194, 0.818160355091095], "frame_3": [0.6293272972106934, 0.39593368768692017, 0.04913664981722832, 0.04931318387389183, 0.7112345099449158, 0.46816155314445496, 0.016808150336146355, 0.02287597581744194, 0.7989828586578369], "frame_4": [0.6293419599533081, 0.39589327573776245, 0.04912244901061058, 0.04927503690123558, 0.7112345099449158, 0.46816155314445496, 0.016808150336146355, 0.02287597581744194, 0.7375335693359375], "frame_5": [0.6294148564338684, 0.3958469033241272, 0.04916936904191971, 0.04924316331744194, 0.7112345099449158, 0.46816155314445496, 0.016808150336146355, 0.02287597581744194, 0.7296912670135498], "frame_6": [0.6294742822647095, 0.39584240317344666, 0.049164749681949615, 0.04922078549861908, 0.7112345099449158, 0.46816155314445496, 0.016808150336146355, 0.02287597581744194, 0.7602466940879822], "frame_7": [0.6295032501220703, 0.3958697021007538, 0.049263931810855865, 0.04915987700223923, 0.7112345099449158, 0.46816155314445496, 0.016808150336146355, 0.02287597581744194, 0.7506304979324341], "frame_8": [0.6295188665390015, 0.39585447311401367, 0.0492960624396801, 0.04917500913143158, 0.7112345099449158, 0.46816155314445496, 0.016808150336146355, 0.02287597581744194, 0.7895069122314453], "frame_9": [0.6295750737190247, 0.39580854773521423, 0.04934137314558029, 0.04924587532877922, 0.7112345099449158, 0.46816155314445496, 0.016808150336146355, 0.02287597581744194, 0.7711469531059265], "frame_10": [0.6293359398841858, 0.395783007144928, 0.04889886826276779, 0.049326155334711075, 0.7112345099449158, 0.46816155314445496, 0.016808150336146355, 0.02287597581744194, 0.7211886048316956], "frame_11": [0.6293099522590637, 0.39576196670532227, 0.04887207970023155, 0.049259357154369354, 0.7112345099449158, 0.46816155314445496, 0.016808150336146355, 0.02287597581744194, 0.6761622428894043], "frame_12": [0.629298985004425, 0.3958362936973572, 0.04825867712497711, 0.04890259727835655, 0.7112345099449158, 0.46816155314445496, 0.016808150336146355, 0.02287597581744194, 0.7676573991775513], "frame_13": [0.6293004155158997, 0.3958413898944855, 0.048243798315525055, 0.04890136793255806, 0.7112345099449158, 0.46816155314445496, 0.016808150336146355, 0.02287597581744194, 0.7909290790557861], "frame_14": [0.6293391585350037, 0.3959474265575409, 0.048511505126953125, 0.04872627183794975, 0.7112345099449158, 0.46816155314445496, 0.016808150336146355, 0.02287597581744194, 0.7384330630302429], "frame_15": [0.6293481588363647, 0.39582061767578125, 0.04831674322485924, 0.04884206876158714, 0.7112345099449158, 0.46816155314445496, 0.016808150336146355, 0.02287597581744194, 0.6920357346534729], "frame_16": [0.629248321056366, 0.3958981931209564, 0.0482679158449173, 0.04883198067545891, 0.7112345099449158, 0.46816155314445496, 0.016808150336146355, 0.02287597581744194, 0.7750460505485535], "frame_17": [0.6294810771942139, 0.3958507478237152, 0.04856232553720474, 0.04884880781173706, 0.7112345099449158, 0.46816155314445496, 0.016808150336146355, 0.02287597581744194, 0.8410935401916504], "frame_18": [0.629523754119873, 0.3958848714828491, 0.04869995266199112, 0.04888267442584038, 0.7112345099449158, 0.46816155314445496, 0.016808150336146355, 0.02287597581744194, 0.9530016779899597], "frame_19": [0.6295311450958252, 0.39588624238967896, 0.048705123364925385, 0.04886436462402344, 0.7112345099449158, 0.46816155314445496, 0.016808150336146355, 0.02287597581744194, 0.876751720905304], "frame_20": [0.6295114159584045, 0.3959459066390991, 0.048672866076231, 0.049003176391124725, 0.7112345099449158, 0.46816155314445496, 0.016808150336146355, 0.02287597581744194, 0.9125645756721497], "frame_21": [0.629420816898346, 0.39597955346107483, 0.04862861707806587, 0.0489237904548645, 0.7112345099449158, 0.46816155314445496, 0.016808150336146355, 0.02287597581744194, 0.9332181811332703], "frame_22": [0.6294103264808655, 0.3959863483905792, 0.04868660122156143, 0.0489664301276207, 0.7112345099449158, 0.46816155314445496, 0.016808150336146355, 0.02287597581744194, 0.9877391457557678], "frame_23": [0.6294381618499756, 0.3959653973579407, 0.04867761582136154, 0.04899542033672333, 0.7112345099449158, 0.46816155314445496, 0.016808150336146355, 0.02287597581744194, 0.8035643696784973], "frame_24": [0.6296694278717041, 0.3959393799304962, 0.04882926866412163, 0.04914665222167969, 0.7112345099449158, 0.46816155314445496, 0.016808150336146355, 0.02287597581744194, 0.1585949808359146], "frame_25": [0.6296607851982117, 0.39593276381492615, 0.04882965236902237, 0.04921582713723183, 0.7112345099449158, 0.46816155314445496, 0.016808150336146355, 0.02287597581744194, 0.26021990180015564], "frame_26": [0.6296676397323608, 0.3959153890609741, 0.048824310302734375, 0.04921608045697212, 0.7112345099449158, 0.46816155314445496, 0.016808150336146355, 0.02287597581744194, 0.1153506189584732], "frame_27": [0.6297364830970764, 0.39591124653816223, 0.04906255751848221, 0.04918920621275902, 0.7112345099449158, 0.46816155314445496, 0.016808150336146355, 0.02287597581744194, 0.6485961675643921], "frame_28": [0.6297199130058289, 0.39592504501342773, 0.049031998962163925, 0.04920387268066406, 0.7439500689506531, 0.47854089736938477, 0.03699561208486557, 0.02760026790201664, 0.712429940700531], "frame_29": [0.6296908259391785, 0.3959871828556061, 0.04916784539818764, 0.049164410680532455, 0.7408167719841003, 0.4600389301776886, 0.034514617174863815, 0.044187165796756744, 0.7848345637321472], "frame_30": [0.6296260952949524, 0.39599958062171936, 0.048983678221702576, 0.04912367835640907, 0.739154040813446, 0.43775150179862976, 0.023403167724609375, 0.027417372912168503, 0.6730301976203918], "frame_31": [0.6296623349189758, 0.39603501558303833, 0.04908379539847374, 0.04905993118882179, 0.739154040813446, 0.43775150179862976, 0.023403167724609375, 0.027417372912168503, 0.2994946241378784], "frame_32": [0.6296992301940918, 0.39607101678848267, 0.049129486083984375, 0.04905450716614723, 0.7313145995140076, 0.4020252525806427, 0.022139569744467735, 0.02845069020986557, 0.3506423830986023], "frame_33": [0.6297690272331238, 0.3960462212562561, 0.04926278814673424, 0.04913584515452385, 0.7261442542076111, 0.3904462158679962, 0.024668969213962555, 0.029185527935624123, 0.15264420211315155], "frame_34": [0.6297895908355713, 0.3961615562438965, 0.04925032705068588, 0.04937371239066124, 0.7198086977005005, 0.3785301744937897, 0.026167340576648712, 0.033677928149700165, 0.5662597417831421], "frame_35": [0.6297260522842407, 0.3961617350578308, 0.049159325659275055, 0.04935332387685776, 0.7143478393554688, 0.3652791380882263, 0.02575836144387722, 0.027990341186523438, 0.09985595941543579], "frame_36": [0.629665195941925, 0.3960147500038147, 0.04913164675235748, 0.04909595847129822, 0.7091633677482605, 0.35466545820236206, 0.024105241522192955, 0.02656061388552189, 0.18852047622203827], "frame_37": [0.629629373550415, 0.3959405720233917, 0.0490732416510582, 0.04896837845444679, 0.7050662040710449, 0.34607547521591187, 0.023735471069812775, 0.026645660400390625, 0.21762384474277496], "frame_38": [0.6296730041503906, 0.3959469199180603, 0.04904899746179581, 0.049021996557712555, 0.7007445693016052, 0.33864209055900574, 0.023418044671416283, 0.026503711938858032, 0.19656698405742645],