{"frame_0": [0.5082386136054993, 0.40566566586494446, 0.046881698071956635, 0.04756999388337135, 0.41289177536964417, 0.5846840143203735, 0.02543335035443306, 0.028200531378388405, 0.8646129369735718], "frame_1": [0.5077047348022461, 0.40556225180625916, 0.04617669805884361, 0.04693887382745743, 0.4036663770675659, 0.585500955581665, 0.02770809642970562, 0.028049850836396217, 0.8580266833305359], "frame_2": [0.5075979232788086, 0.4055582582950592, 0.0459957979619503, 0.04688530042767525, 0.39579078555107117, 0.5864450931549072, 0.025587676092982292, 0.026755990460515022, 0.8256792426109314], "frame_3": [0.5076531171798706, 0.40554848313331604, 0.04620971530675888, 0.046959687024354935, 0.38935309648513794, 0.587626576423645, 0.02566257119178772, 0.026755990460515022, 0.7618210911750793], "frame_4": [0.5075882077217102, 0.405591756105423, 0.046237774193286896, 0.0472259521484375, 0.3828527629375458, 0.5891838669776917, 0.025205781683325768, 0.026897599920630455, 0.7164559960365295], "frame_5": [0.5076101422309875, 0.4056238830089569, 0.04634115472435951, 0.04721319302916527, 0.3762440085411072, 0.5890503525733948, 0.024293135851621628, 0.02603522315621376, 0.6787083745002747], "frame_6": [0.5074132084846497, 0.40555471181869507, 0.045980073511600494, 0.04710884019732475, 0.36949536204338074, 0.5861868262290955, 0.02251722477376461, 0.023702707141637802, 0.6611260771751404], "frame_7": [0.5073908567428589, 0.4055725932121277, 0.04616720229387283, 0.04706992954015732, 0.36350488662719727, 0.5822006464004517, 0.020619668066501617, 0.02424163743853569, 0.6499072909355164], "frame_8": [0.5072782635688782, 0.4055471122264862, 0.04605047404766083, 0.04698791354894638, 0.356765478849411, 0.5767539143562317, 0.01952970214188099, 0.023353025317192078, 0.5792899131774902], "frame_9": [0.5073158144950867, 0.4055171608924866, 0.04609205573797226, 0.04712104797363281, 0.356765478849411, 0.5767539143562317, 0.01952970214188099, 0.023353025317192078, 0.620353639125824], "frame_10": [0.5073114037513733, 0.4054633378982544, 0.04616491496562958, 0.04707493260502815, 0.34660422801971436, 0.5612383484840393, 0.021833885461091995, 0.027351930737495422, 0.5717189908027649], "frame_11": [0.507225513458252, 0.4053051471710205, 0.04594556987285614, 0.046745892614126205, 0.34660422801971436, 0.5612383484840393, 0.021833885461091995, 0.027351930737495422, 0.578779935836792], "frame_12": [0.5075151920318604, 0.4053754210472107, 0.04596460238099098, 0.04692192003130913, 0.3450430631637573, 0.5374489426612854, 0.028314590454101562, 0.024047087877988815, 0.5104349255561829], "frame_13": [0.5074105858802795, 0.4053231179714203, 0.04573211818933487, 0.046841517090797424, 0.3419129252433777, 0.5276959538459778, 0.026263808831572533, 0.02634887769818306, 0.5845668315887451], "frame_14": [0.5074081420898438, 0.40525543689727783, 0.04575347900390625, 0.046769119799137115, 0.3402107357978821, 0.5187854170799255, 0.0250410083681345, 0.027636634185910225, 0.551378607749939], "frame_15": [0.5073418617248535, 0.405281662940979, 0.04572584480047226, 0.04682223126292229, 0.34050601720809937, 0.5095051527023315, 0.026304159313440323, 0.02699415385723114, 0.5476794838905334], "frame_16": [0.5073270797729492, 0.40528395771980286, 0.04573995620012283, 0.04688072204589844, 0.34027907252311707, 0.5009732246398926, 0.02439388632774353, 0.024184416979551315, 0.5353707671165466], "frame_17": [0.5073954463005066, 0.40531861782073975, 0.045832060277462006, 0.04687537997961044, 0.3399328589439392, 0.4965195655822754, 0.025993919000029564, 0.025118255987763405, 0.551232099533081], "frame_18": [0.5072871446609497, 0.4052808880805969, 0.04589233547449112, 0.04697532579302788, 0.34096208214759827, 0.4926828145980835, 0.02550334855914116, 0.023577118292450905, 0.5716755986213684], "frame_19": [0.507366418838501, 0.4053094685077667, 0.04607429355382919, 0.04690259322524071, 0.3398967683315277, 0.4917755424976349, 0.026707373559474945, 0.02555830217897892, 0.6212289333343506], "frame_20": [0.5074484348297119, 0.4050648510456085, 0.04643677547574043, 0.04639282077550888, 0.33901843428611755, 0.48856040835380554, 0.026436742395162582, 0.024089431390166283, 0.0], "frame_21": [0.5072827935218811, 0.40501081943511963, 0.04610710218548775, 0.0461910255253315, 0.3369480073451996, 0.4863929748535156, 0.027796469628810883, 0.023427199572324753, 0.13033121824264526], "frame_22": [0.5073375701904297, 0.4050394594669342, 0.046421222388744354, 0.04615423455834389, 0.3359646797180176, 0.48508861660957336, 0.028977859765291214, 0.024602126330137253, 0.0], "frame_23": [0.5073298215866089, 0.40500226616859436, 0.04631826654076576, 0.046132829040288925, 0.3343067467212677, 0.48331934213638306, 0.030197778716683388, 0.027102449908852577, 0.7189525961875916], "frame_24": [0.5074964761734009, 0.4051083028316498, 0.0465688481926918, 0.04655588045716286, 0.33318600058555603, 0.47982358932495117, 0.030069775879383087, 0.02793273888528347, 0.06349557638168335], "frame_25": [0.5074892044067383, 0.40508338809013367, 0.04656181484460831, 0.04655418545007706, 0.3324851989746094, 0.47264811396598816, 0.026932334527373314, 0.026079347357153893, 0.09137478470802307], "frame_26": [0.507482647895813, 0.4050559103488922, 0.04642973840236664, 0.046550452709198, 0.3315253257751465, 0.46518638730049133, 0.027587318792939186, 0.027063073590397835, 0.1968643069267273], "frame_27": [0.5075631141662598, 0.4051554501056671, 0.046629928052425385, 0.04651128873229027, 0.33020836114883423, 0.45709025859832764, 0.02939929999411106, 0.02773742750287056, 0.010105769149959087], "frame_28": [0.5076584219932556, 0.4051995873451233, 0.046974267810583115, 0.04657842963933945, 0.33009517192840576, 0.4471176862716675, 0.02809806354343891, 0.029527664184570312, 0.4730713367462158], "frame_29": [0.5075532793998718, 0.40512725710868835, 0.04694879427552223, 0.04640672355890274, 0.33334189653396606, 0.4313320219516754, 0.02611064910888672, 0.02616594173014164, 0.6578585505485535], "frame_30": [0.5074911117553711, 0.4051000773906708, 0.04676873981952667, 0.04643813148140907, 0.3392256498336792, 0.41313785314559937, 0.026136059314012527, 0.027165476232767105, 0.7129423022270203], "frame_31": [0.5075070858001709, 0.4051467180252075, 0.04677886888384819, 0.04653214290738106, 0.34614163637161255, 0.39545559883117676, 0.025540372356772423, 0.026392152532935143, 0.8040182590484619], "frame_32": [0.5075592398643494, 0.4051445722579956, 0.046127233654260635, 0.04651230573654175, 0.3545874059200287, 0.3798249661922455, 0.026870261877775192, 0.0269173514097929, 0.7894967198371887], "frame_33": [0.5073269605636597, 0.40505075454711914, 0.04583723098039627, 0.0465267188847065, 0.3624051511287689, 0.36404556035995483, 0.02568427100777626, 0.027480866760015488, 0.7190059423446655], "frame_34": [0.5073995590209961, 0.40505290031433105, 0.04589322581887245, 0.046491410583257675, 0.3691096007823944, 0.35046759247779846, 0.026984702795743942, 0.02811366133391857, 0.6744745373725891], "frame_35": [0.5074443221092224, 0.4050208330154419, 0.046100616455078125, 0.04650171101093292, 0.3767233192920685, 0.3378013074398041, 0.026367822661995888, 0.027927016839385033, 0.7255611419677734], "frame_36": [0.5073471069335938, 0.4051602780818939, 0.04602373018860817, 0.0467376708984375, 0.3833748698234558, 0.32870346307754517, 0.025614844635128975, 0.027301449328660965, 0.7997644543647766], "frame_37": [0.5073582530021667, 0.4052142798900604, 0.04598541185259819, 0.04684410244226456, 0.3901664614677429, 0.3202955424785614, 0.02501508966088295, 0.024960454553365707, 0.7279535531997681], "frame_38": [0.5073149800300598, 0.4051850140094757, 0.04578191787004471, 0.04676327109336853, 0.3979802429676056, 0.3140512704849243, 0.025937356054782867, 0.025725683197379112, 0.6108890175819397], "frame_39": [0.5072969794273376, 0.40517526865005493, 0.04567620903253555, 0.046709273010492325, 0.40241342782974243, 0.3068374693393707, 0.026010682806372643, 0.02984127402305603, 0.5605297088623047],