{"frame_0": [0.6294752955436707, 0.39824286103248596, 0.050341032445430756, 0.04776208847761154, 0.06436280906200409, 0.594073474407196, 0.024675941094756126, 0.02798224613070488, 0.7588942050933838], "frame_1": [0.6290825605392456, 0.3980908691883087, 0.04949989169836044, 0.04872627183794975, 0.06835302710533142, 0.5936611890792847, 0.021416330710053444, 0.02663981169462204, 0.7614100575447083], "frame_2": [0.6290357708930969, 0.398127019405365, 0.04961187392473221, 0.048767175525426865, 0.07012322545051575, 0.5937066078186035, 0.02388472482562065, 0.027907731011509895, 0.7621861696243286], "frame_3": [0.629037618637085, 0.39799728989601135, 0.04950769245624542, 0.04859364777803421, 0.07254154235124588, 0.5947367548942566, 0.024460013955831528, 0.027710426598787308, 0.8252080082893372], "frame_4": [0.6290336847305298, 0.397996187210083, 0.04951239749789238, 0.048579998314380646, 0.07602328062057495, 0.5942158699035645, 0.02567053958773613, 0.02809838205575943, 0.7573369741439819], "frame_5": [0.6291593909263611, 0.3980061113834381, 0.04908239468932152, 0.048545245081186295, 0.0821860134601593, 0.5936654210090637, 0.022760609164834023, 0.02698686346411705, 0.7623857855796814], "frame_6": [0.6292211413383484, 0.39796948432922363, 0.04919738695025444, 0.04859614744782448, 0.0881294533610344, 0.590461790561676, 0.02468779869377613, 0.02744903601706028, 0.752314031124115], "frame_7": [0.6291793584823608, 0.39775919914245605, 0.048985544592142105, 0.048918914049863815, 0.0881294533610344, 0.590461790561676, 0.02468779869377613, 0.02744903601706028, 0.7441965341567993], "frame_8": [0.6292581558227539, 0.3976912498474121, 0.04904632642865181, 0.04872144013643265, 0.10097122937440872, 0.5799293518066406, 0.025719404220581055, 0.02577650360763073, 0.7385933995246887], "frame_9": [0.6291840672492981, 0.3976970613002777, 0.048946551978588104, 0.048687491565942764, 0.10717597603797913, 0.5725637674331665, 0.026460319757461548, 0.026922820135951042, 0.6720166206359863], "frame_10": [0.6292813420295715, 0.3976243734359741, 0.04905090481042862, 0.04856393486261368, 0.11418075859546661, 0.5620599389076233, 0.02534627914428711, 0.027668550610542297, 0.6350417733192444], "frame_11": [0.6293817162513733, 0.39763733744621277, 0.04878942668437958, 0.04864302650094032, 0.11730198562145233, 0.5512990355491638, 0.026519203558564186, 0.026810836046934128, 0.6036533117294312], "frame_12": [0.6293811798095703, 0.3976273536682129, 0.047975752502679825, 0.04842270910739899, 0.11612596362829208, 0.540657103061676, 0.03150687739253044, 0.02970224991440773, 0.584937334060669], "frame_13": [0.6293601989746094, 0.3976396322250366, 0.047943878918886185, 0.04840261489152908, 0.11686225235462189, 0.5300279259681702, 0.029702473431825638, 0.029586240649223328, 0.460114061832428], "frame_14": [0.6293713450431824, 0.39748162031173706, 0.0484907366335392, 0.04851392284035683, 0.11254970729351044, 0.5194419622421265, 0.030164549127221107, 0.02931196428835392, 0.5381772518157959], "frame_15": [0.6293513178825378, 0.3974834382534027, 0.04839269816875458, 0.04855906218290329, 0.11037670820951462, 0.5122019648551941, 0.029227595776319504, 0.02899322472512722, 0.5579453110694885], "frame_16": [0.6293504238128662, 0.397475928068161, 0.04840719327330589, 0.04856007918715477, 0.10877573490142822, 0.506330132484436, 0.025589296594262123, 0.02819417230784893, 0.5528354048728943], "frame_17": [0.6293460726737976, 0.3974544405937195, 0.04839952290058136, 0.04860788956284523, 0.10443685203790665, 0.5021048784255981, 0.027451133355498314, 0.029008271172642708, 0.44369828701019287], "frame_18": [0.6293821334838867, 0.3974260985851288, 0.04839159548282623, 0.04855393245816231, 0.10240821540355682, 0.49957388639450073, 0.026392947882413864, 0.027399444952607155, 0.6170139312744141], "frame_19": [0.6293880343437195, 0.39744246006011963, 0.048381976783275604, 0.04855690151453018, 0.10201727598905563, 0.4983612895011902, 0.02579033188521862, 0.027664948254823685, 0.5792920589447021], "frame_20": [0.6293587684631348, 0.39758211374282837, 0.048337724059820175, 0.048569656908512115, 0.10199584811925888, 0.4977445900440216, 0.026127221062779427, 0.028397919610142708, 0.682033896446228], "frame_21": [0.6294082403182983, 0.39748522639274597, 0.048355016857385635, 0.048584237694740295, 0.10256779938936234, 0.4963637590408325, 0.026282787322998047, 0.028523635119199753, 0.6938204169273376], "frame_22": [0.6293891668319702, 0.3974764943122864, 0.04842783510684967, 0.04863332211971283, 0.10319080203771591, 0.49441128969192505, 0.02720598690211773, 0.028849411755800247, 0.6702717542648315], "frame_23": [0.6293951869010925, 0.39750152826309204, 0.04847458750009537, 0.04864218086004257, 0.10454481095075607, 0.49094703793525696, 0.028037261217832565, 0.029485702514648438, 0.4145393669605255], "frame_24": [0.6294055581092834, 0.39757317304611206, 0.04925049841403961, 0.048905011266469955, 0.10602112859487534, 0.48661795258522034, 0.027365833520889282, 0.030049514025449753, 0.342107892036438], "frame_25": [0.6294872760772705, 0.3976670205593109, 0.0488789863884449, 0.04894069954752922, 0.10798673331737518, 0.4804702699184418, 0.02754177525639534, 0.030417632311582565, 0.3915060758590698], "frame_26": [0.6293880343437195, 0.39756742119789124, 0.04935590922832489, 0.0490129254758358, 0.11161437630653381, 0.47099441289901733, 0.02789890579879284, 0.030996322631835938, 0.414999783039093], "frame_27": [0.6294043064117432, 0.3975479006767273, 0.04944496229290962, 0.04894718527793884, 0.11582808941602707, 0.4601762592792511, 0.029079532250761986, 0.030907440930604935, 0.7578081488609314], "frame_28": [0.6293765902519226, 0.3975317180156708, 0.049401771277189255, 0.04893972724676132, 0.12206980586051941, 0.4451484978199005, 0.02771764248609543, 0.02967512421309948, 0.5752030611038208], "frame_29": [0.6293856501579285, 0.3975655138492584, 0.04931335523724556, 0.04899393767118454, 0.12206980586051941, 0.4451484978199005, 0.02771764248609543, 0.02967512421309948, 0.7239364981651306], "frame_30": [0.6294804215431213, 0.397596150636673, 0.049813248217105865, 0.048985544592142105, 0.14900271594524384, 0.4034595787525177, 0.025591902434825897, 0.028685759752988815, 0.7896389365196228], "frame_31": [0.6294902563095093, 0.39764416217803955, 0.049608103930950165, 0.0489349365234375, 0.14900271594524384, 0.4034595787525177, 0.025591902434825897, 0.028685759752988815, 0.843104362487793], "frame_32": [0.6294575333595276, 0.39769411087036133, 0.049634721130132675, 0.04896358773112297, 0.1809837371110916, 0.36506080627441406, 0.023798370733857155, 0.02646164409816265, 0.8340954184532166], "frame_33": [0.629467785358429, 0.3976874053478241, 0.049678973853588104, 0.048939090222120285, 0.1983957141637802, 0.3484150767326355, 0.0243954136967659, 0.02806919999420643, 0.7609047889709473], "frame_34": [0.6294913291931152, 0.3976246416568756, 0.04955491051077843, 0.04903615266084671, 0.21381226181983948, 0.3327470123767853, 0.023725127801299095, 0.02621779963374138, 0.7005050778388977], "frame_35": [0.629433810710907, 0.3976162374019623, 0.04949900135397911, 0.0490291602909565, 0.22978195548057556, 0.31788432598114014, 0.023724662140011787, 0.027544021606445312, 0.7385310530662537], "frame_36": [0.6294213533401489, 0.39759963750839233, 0.04952460527420044, 0.04874017462134361, 0.22978195548057556, 0.31788432598114014, 0.023724662140011787, 0.027544021606445312, 0.6764723658561707], "frame_37": [0.6294183731079102, 0.39759907126426697, 0.04953557997941971, 0.048742931336164474, 0.22978195548057556, 0.31788432598114014, 0.023724662140011787, 0.027544021606445312, 0.725238561630249], "frame_38": [0.629399299621582, 0.397607684135437, 0.049452971667051315, 0.048764292150735855, 0.2767731845378876, 0.2814493477344513, 0.02442866377532482, 0.030538177117705345, 0.716698944568634],