{"frame_0": [0.5077915191650391, 0.4051625430583954, 0.045017242431640625, 0.0474633127450943, 0.3440519869327545, 0.48745980858802795, 0.020135201513767242, 0.020795907825231552, 0.0], "frame_1": [0.5075774788856506, 0.405072957277298, 0.04473181813955307, 0.04714639484882355, 0.2076324224472046, 0.5767233371734619, 0.02201232872903347, 0.020464876666665077, 0.0], "frame_2": [0.5076227188110352, 0.4050520062446594, 0.04482850059866905, 0.04713020473718643, 0.2076324224472046, 0.5767233371734619, 0.02201232872903347, 0.020464876666665077, 0.0], "frame_3": [0.5081060528755188, 0.4049663543701172, 0.04575767368078232, 0.04698774591088295, 0.21167518198490143, 0.5782631039619446, 0.020521651953458786, 0.02032419852912426, 0.0], "frame_4": [0.5080161094665527, 0.4050096273422241, 0.0456041544675827, 0.04680010303854942, 0.21360519528388977, 0.577329695224762, 0.020801354199647903, 0.021538713946938515, 0.0], "frame_5": [0.5081560611724854, 0.4050331115722656, 0.04595434293150902, 0.046979352831840515, 0.21580736339092255, 0.5756433010101318, 0.021446948871016502, 0.019790437072515488, 0.0], "frame_6": [0.508216142654419, 0.40502315759658813, 0.046159446239471436, 0.046973250806331635, 0.2180032879114151, 0.5727277994155884, 0.021438684314489365, 0.018204031512141228, 0.0], "frame_7": [0.5082124471664429, 0.40506353974342346, 0.04627062380313873, 0.04683689400553703, 0.2207643687725067, 0.5705254077911377, 0.019042672589421272, 0.018813831731677055, 0.0], "frame_8": [0.5082077383995056, 0.4050547182559967, 0.04630635678768158, 0.04669608920812607, 0.22131122648715973, 0.5680308938026428, 0.01985187456011772, 0.020869065076112747, 0.0], "frame_9": [0.5081688165664673, 0.4050944149494171, 0.04608934372663498, 0.04668685048818588, 0.22289076447486877, 0.5620797276496887, 0.01981944963335991, 0.018979262560606003, 0.0], "frame_10": [0.5082007646560669, 0.4051074981689453, 0.04616500064730644, 0.046756234019994736, 0.22360052168369293, 0.5577701330184937, 0.020151032134890556, 0.019060347229242325, 0.0], "frame_11": [0.5078830718994141, 0.4050975441932678, 0.04556562751531601, 0.04681379348039627, 0.22635677456855774, 0.5526345372200012, 0.01896057091653347, 0.019954299554228783, 0.0], "frame_12": [0.5083239674568176, 0.40518248081207275, 0.046212006360292435, 0.04683587700128555, 0.22565540671348572, 0.5461329221725464, 0.01995258405804634, 0.020999612286686897, 0.0], "frame_13": [0.5083500742912292, 0.4051539897918701, 0.046264056116342545, 0.04690399020910263, 0.22488811612129211, 0.5398041009902954, 0.020209884271025658, 0.02063598670065403, 0.0], "frame_14": [0.5083551406860352, 0.4051673114299774, 0.04622476547956467, 0.04693624749779701, 0.22338947653770447, 0.5329610705375671, 0.018667135387659073, 0.021152496337890625, 0.0], "frame_15": [0.50835120677948, 0.405170738697052, 0.046193696558475494, 0.046935949474573135, 0.2222142517566681, 0.5284899473190308, 0.02013140730559826, 0.023990249261260033, 0.0], "frame_16": [0.5083926916122437, 0.4051591753959656, 0.04632856696844101, 0.04690564423799515, 0.21922166645526886, 0.5243744850158691, 0.021018367260694504, 0.025001822039484978, 0.0], "frame_17": [0.5080176591873169, 0.4051654040813446, 0.04566802829504013, 0.046975791454315186, 0.21427740156650543, 0.5210593938827515, 0.0234735906124115, 0.021412065252661705, 0.0], "frame_18": [0.5084809064865112, 0.40522316098213196, 0.04656410217285156, 0.04691361263394356, 0.21182051301002502, 0.5181539058685303, 0.022309685125947, 0.023592080920934677, 0.0], "frame_19": [0.5083528161048889, 0.4051017761230469, 0.04622247442603111, 0.04684007540345192, 0.21182051301002502, 0.5181539058685303, 0.022309685125947, 0.023592080920934677, 0.0], "frame_20": [0.5078638792037964, 0.4051450192928314, 0.04520997032523155, 0.04691437631845474, 0.20781521499156952, 0.5128377079963684, 0.020387692376971245, 0.020109642297029495, 0.0], "frame_21": [0.5078653693199158, 0.40516501665115356, 0.0452517606317997, 0.04692047834396362, 0.20641104876995087, 0.5121604204177856, 0.02050052210688591, 0.019324112683534622, 0.0], "frame_22": [0.5078516006469727, 0.4051426351070404, 0.04528350755572319, 0.04687995836138725, 0.20558010041713715, 0.5119741559028625, 0.020905112847685814, 0.019595125690102577, 0.0], "frame_23": [0.5082191228866577, 0.4051995277404785, 0.04599189758300781, 0.046668242663145065, 0.20502115786075592, 0.510722279548645, 0.020549625158309937, 0.018727492541074753, 0.0], "frame_24": [0.5082073211669922, 0.40490829944610596, 0.046157073229551315, 0.046488188207149506, 0.20502115786075592, 0.510722279548645, 0.020549625158309937, 0.018727492541074753, 0.0], "frame_25": [0.5081727504730225, 0.40486234426498413, 0.04605310410261154, 0.04652031883597374, 0.2040492743253708, 0.5079746842384338, 0.022304916754364967, 0.019528960809111595, 0.0], "frame_26": [0.5081527233123779, 0.4048689007759094, 0.046011436730623245, 0.04649365693330765, 0.20449241995811462, 0.5066686272621155, 0.022194672375917435, 0.021034155040979385, 0.0], "frame_27": [0.5081117153167725, 0.4049321413040161, 0.04591924697160721, 0.04661369323730469, 0.2038414180278778, 0.5029570460319519, 0.023204507306218147, 0.021874787285923958, 0.0], "frame_28": [0.5081402063369751, 0.4049334228038788, 0.04570142924785614, 0.04653426259756088, 0.20524631440639496, 0.49933603405952454, 0.02335665002465248, 0.021587371826171875, 0.0], "frame_29": [0.5081221461296082, 0.4050002992153168, 0.04577963054180145, 0.046622637659311295, 0.2066599577665329, 0.49367600679397583, 0.02339627966284752, 0.023219045251607895, 0.4057914912700653], "frame_30": [0.5080133080482483, 0.40503793954849243, 0.04565832391381264, 0.04646729305386543, 0.20746518671512604, 0.48539626598358154, 0.020473098382353783, 0.022202132269740105, 0.4183471202850342], "frame_31": [0.5079721808433533, 0.40508514642715454, 0.04556092247366905, 0.04664048179984093, 0.21052788197994232, 0.47422105073928833, 0.018943022936582565, 0.020594703033566475, 0.0], "frame_32": [0.5076181888580322, 0.40511244535446167, 0.04477670416235924, 0.046870674937963486, 0.21665450930595398, 0.4589976966381073, 0.020083045586943626, 0.02073449082672596, 0.960593581199646], "frame_33": [0.5076280236244202, 0.4051405191421509, 0.04483697563409805, 0.04698346555233002, 0.22499355673789978, 0.44313138723373413, 0.020048988983035088, 0.020899200811982155, 0.8778655529022217], "frame_34": [0.5076579451560974, 0.40511754155158997, 0.04487847164273262, 0.046933364123106, 0.23316539824008942, 0.4294818937778473, 0.019895467907190323, 0.021485138684511185, 0.8466053605079651], "frame_35": [0.5075768232345581, 0.4050742983818054, 0.04479942470788956, 0.04688665643334389, 0.2420397251844406, 0.4153975546360016, 0.020356835797429085, 0.021187802776694298, 0.9455529451370239], "frame_36": [0.5075888633728027, 0.40519192814826965, 0.044849395751953125, 0.046917811036109924, 0.25075000524520874, 0.40260085463523865, 0.017716895788908005, 0.02046220563352108, 0.9302531480789185], "frame_37": [0.507547914981842, 0.405199259519577, 0.044754792004823685, 0.04688428342342377, 0.25820207595825195, 0.390715628862381, 0.01995529606938362, 0.021739324554800987, 0.8434368371963501], "frame_38": [0.5076533555984497, 0.4051940143108368, 0.04493340477347374, 0.04692264273762703, 0.26748961210250854, 0.379650741815567, 0.020109981298446655, 0.020993804559111595, 0.8787240386009216], "frame_39": [0.5075181722640991, 0.4051574170589447, 0.04465124383568764, 0.04690704494714737, 0.276327520608902, 0.3688260316848755, 0.019594764336943626, 0.01983235590159893, 0.8274154663085938], "frame_40": [0.5076311826705933, 0.40516284108161926, 0.04474754258990288, 0.04695841297507286, 0.2850605845451355, 0.3588169515132904, 0.01955971121788025, 0.021205902099609375, 0.7204741835594177], "frame_41": [0.5075890421867371, 0.4051600992679596, 0.04458177462220192, 0.04692870378494263, 0.2935505509376526, 0.34967294335365295, 0.020211834460496902, 0.021782366558909416, 0.7473222017288208],