{"frame_0": [0.6306403875350952, 0.3941056430339813, 0.05045793205499649, 0.04980689287185669, 0.5377870202064514, 0.4563003480434418, 0.022563299164175987, 0.02258605882525444, 0.948189914226532], "frame_1": [0.6306904554367065, 0.3940574526786804, 0.04988420382142067, 0.04896405711770058, 0.5377870202064514, 0.4563003480434418, 0.022563299164175987, 0.02258605882525444, 0.9650332927703857], "frame_2": [0.6306162476539612, 0.39400702714920044, 0.04960042983293533, 0.04889395087957382, 0.5377870202064514, 0.4563003480434418, 0.022563299164175987, 0.02258605882525444, 0.961445152759552], "frame_3": [0.6306089758872986, 0.39401447772979736, 0.04958661273121834, 0.04886046424508095, 0.5377870202064514, 0.4563003480434418, 0.022563299164175987, 0.02258605882525444, 0.9599098563194275], "frame_4": [0.6307544112205505, 0.39417287707328796, 0.04991607740521431, 0.049014195799827576, 0.5377870202064514, 0.4563003480434418, 0.022563299164175987, 0.02258605882525444, 0.9639888405799866], "frame_5": [0.6305707097053528, 0.39407095313072205, 0.049347855150699615, 0.04893425852060318, 0.5377870202064514, 0.4563003480434418, 0.022563299164175987, 0.02258605882525444, 0.9896280765533447], "frame_6": [0.6305955052375793, 0.39406174421310425, 0.04935264587402344, 0.04892120510339737, 0.5377870202064514, 0.4563003480434418, 0.022563299164175987, 0.02258605882525444, 0.9388200044631958], "frame_7": [0.6305937767028809, 0.3940626382827759, 0.04933526739478111, 0.048936717212200165, 0.5377870202064514, 0.4563003480434418, 0.022563299164175987, 0.02258605882525444, 0.9163715243339539], "frame_8": [0.6305729746818542, 0.39398694038391113, 0.049297504127025604, 0.04879709705710411, 0.5377870202064514, 0.4563003480434418, 0.022563299164175987, 0.02258605882525444, 0.925032913684845], "frame_9": [0.6305028200149536, 0.3939584493637085, 0.04914771020412445, 0.048703383654356, 0.5377870202064514, 0.4563003480434418, 0.022563299164175987, 0.02258605882525444, 0.9231337904930115], "frame_10": [0.6305026412010193, 0.3940395712852478, 0.04915046691894531, 0.048858556896448135, 0.3582148551940918, 0.5906467437744141, 0.022193633019924164, 0.02111494354903698, 0.9090362191200256], "frame_11": [0.6305217146873474, 0.3940427601337433, 0.049135420471429825, 0.04891170933842659, 0.36038902401924133, 0.5835028886795044, 0.023828210309147835, 0.021714230999350548, 0.8803046345710754], "frame_12": [0.6305556297302246, 0.3939264118671417, 0.0489933006465435, 0.048713259398937225, 0.36038902401924133, 0.5835028886795044, 0.023828210309147835, 0.021714230999350548, 0.7694591879844666], "frame_13": [0.6305509805679321, 0.3939204812049866, 0.04897871986031532, 0.04871915280818939, 0.36038902401924133, 0.5835028886795044, 0.023828210309147835, 0.021714230999350548, 0.7616103887557983], "frame_14": [0.6305789947509766, 0.39392292499542236, 0.049017928540706635, 0.04870796203613281, 0.36038902401924133, 0.5835028886795044, 0.023828210309147835, 0.021714230999350548, 0.757394552230835], "frame_15": [0.6305900812149048, 0.39394035935401917, 0.04906044155359268, 0.048749543726444244, 0.36038902401924133, 0.5835028886795044, 0.023828210309147835, 0.021714230999350548, 0.7570605874061584], "frame_16": [0.6305956244468689, 0.3939237892627716, 0.04910469055175781, 0.048744287341833115, 0.36038902401924133, 0.5835028886795044, 0.023828210309147835, 0.021714230999350548, 0.7009336948394775], "frame_17": [0.6305732131004333, 0.39388307929039, 0.04919738695025444, 0.04871300607919693, 0.36038902401924133, 0.5835028886795044, 0.023828210309147835, 0.021714230999350548, 0.7272348403930664], "frame_18": [0.6305834650993347, 0.3938731849193573, 0.04925787076354027, 0.048662565648555756, 0.36038902401924133, 0.5835028886795044, 0.023828210309147835, 0.021714230999350548, 0.7316588163375854], "frame_19": [0.630601167678833, 0.39387860894203186, 0.049253761768341064, 0.04863404110074043, 0.36038902401924133, 0.5835028886795044, 0.023828210309147835, 0.021714230999350548, 0.6768923997879028], "frame_20": [0.6306085586547852, 0.3938773274421692, 0.04925384372472763, 0.04862573370337486, 0.36038902401924133, 0.5835028886795044, 0.023828210309147835, 0.021714230999350548, 0.5710789561271667], "frame_21": [0.6305887699127197, 0.3938591480255127, 0.04920633137226105, 0.048626456409692764, 0.36038902401924133, 0.5835028886795044, 0.023828210309147835, 0.021714230999350548, 0.7045656442642212], "frame_22": [0.630628228187561, 0.39384040236473083, 0.04922163113951683, 0.048591699451208115, 0.36038902401924133, 0.5835028886795044, 0.023828210309147835, 0.021714230999350548, 0.7313361763954163], "frame_23": [0.6306213140487671, 0.39384934306144714, 0.04923439025878906, 0.04862590506672859, 0.36038902401924133, 0.5835028886795044, 0.023828210309147835, 0.021714230999350548, 0.7960679531097412], "frame_24": [0.6308581233024597, 0.39397919178009033, 0.04942682012915611, 0.04899817705154419, 0.36038902401924133, 0.5835028886795044, 0.023828210309147835, 0.021714230999350548, 0.7897123098373413], "frame_25": [0.6308625340461731, 0.3939686119556427, 0.04944135993719101, 0.049006566405296326, 0.36038902401924133, 0.5835028886795044, 0.023828210309147835, 0.021714230999350548, 0.8466314673423767], "frame_26": [0.6308900713920593, 0.3939776122570038, 0.04951727017760277, 0.04901101812720299, 0.31977391242980957, 0.4481174349784851, 0.024816088378429413, 0.026773834601044655, 0.7956364154815674], "frame_27": [0.6308620572090149, 0.39396920800209045, 0.04950273409485817, 0.04900271072983742, 0.3222176134586334, 0.4384844899177551, 0.023179711773991585, 0.02825775183737278, 0.5843366384506226], "frame_28": [0.6308768391609192, 0.3939647674560547, 0.04951193183660507, 0.049007415771484375, 0.3222176134586334, 0.4384844899177551, 0.023179711773991585, 0.02825775183737278, 0.6785204410552979], "frame_29": [0.630877673625946, 0.3939732313156128, 0.049603186547756195, 0.048985715955495834, 0.3411129117012024, 0.41413742303848267, 0.02165289968252182, 0.024285253137350082, 0.629497230052948], "frame_30": [0.6308732628822327, 0.3939855694770813, 0.049505531787872314, 0.04904276505112648, 0.35354915261268616, 0.39984750747680664, 0.02385425567626953, 0.02645890973508358, 0.7501842379570007], "frame_31": [0.630886971950531, 0.39399728178977966, 0.04953087866306305, 0.04906196519732475, 0.35354915261268616, 0.39984750747680664, 0.02385425567626953, 0.02645890973508358, 0.7428876757621765], "frame_32": [0.6308560371398926, 0.3939986228942871, 0.049445174634456635, 0.049045562744140625, 0.35354915261268616, 0.39984750747680664, 0.02385425567626953, 0.02645890973508358, 0.750888466835022], "frame_33": [0.6309120059013367, 0.39403411746025085, 0.04957021027803421, 0.04908667504787445, 0.35354915261268616, 0.39984750747680664, 0.02385425567626953, 0.02645890973508358, 0.7483112812042236], "frame_34": [0.6309897303581238, 0.39413782954216003, 0.049730680882930756, 0.04915894567966461, 0.35354915261268616, 0.39984750747680664, 0.02385425567626953, 0.02645890973508358, 0.7332915663719177], "frame_35": [0.6310329437255859, 0.3940736651420593, 0.04983503371477127, 0.0491122342646122, 0.41442668437957764, 0.34913817048072815, 0.025844786316156387, 0.027230771258473396, 0.7498252391815186], "frame_36": [0.6307684183120728, 0.3941415548324585, 0.04968316853046417, 0.04916733503341675, 0.42687687277793884, 0.3425118029117584, 0.02504425123333931, 0.02587451972067356, 0.8243576884269714], "frame_37": [0.630759596824646, 0.39413121342658997, 0.04964141920208931, 0.04914597421884537, 0.42687687277793884, 0.3425118029117584, 0.02504425123333931, 0.02587451972067356, 0.7041997313499451], "frame_38": [0.6307706832885742, 0.39415252208709717, 0.0495479591190815, 0.04907836765050888, 0.42687687277793884, 0.3425118029117584, 0.02504425123333931, 0.02587451972067356, 0.7055572867393494],