{"frame_0": [0.6291183233261108, 0.3952963054180145, 0.049584366381168365, 0.0502396896481514, 0.7386184930801392, 0.4712327718734741, 0.02165408618748188, 0.028735648840665817, 0.8433374166488647], "frame_1": [0.6292714476585388, 0.39535972476005554, 0.04998694360256195, 0.048832617700099945, 0.7386184930801392, 0.4712327718734741, 0.02165408618748188, 0.028735648840665817, 0.8819752335548401], "frame_2": [0.6292307376861572, 0.39541497826576233, 0.0499393455684185, 0.04891853407025337, 0.7386184930801392, 0.4712327718734741, 0.02165408618748188, 0.028735648840665817, 0.8795116543769836], "frame_3": [0.6292232275009155, 0.3953815996646881, 0.049935150891542435, 0.04884037375450134, 0.7386184930801392, 0.4712327718734741, 0.02165408618748188, 0.028735648840665817, 0.8851092457771301], "frame_4": [0.6292276382446289, 0.3953821063041687, 0.049957275390625, 0.04885232821106911, 0.7386184930801392, 0.4712327718734741, 0.02165408618748188, 0.028735648840665817, 0.9144099354743958], "frame_5": [0.6292327642440796, 0.3953823447227478, 0.04991014301776886, 0.04867329075932503, 0.7386184930801392, 0.4712327718734741, 0.02165408618748188, 0.028735648840665817, 0.9566739797592163], "frame_6": [0.6291544437408447, 0.3954046368598938, 0.04978523403406143, 0.04867574945092201, 0.7386184930801392, 0.4712327718734741, 0.02165408618748188, 0.028735648840665817, 0.9461115002632141], "frame_7": [0.6292076706886292, 0.3954620361328125, 0.049841903150081635, 0.048728857189416885, 0.7386184930801392, 0.4712327718734741, 0.02165408618748188, 0.028735648840665817, 0.9443665146827698], "frame_8": [0.6292508244514465, 0.3954646587371826, 0.049830034375190735, 0.048701561987400055, 0.7386184930801392, 0.4712327718734741, 0.02165408618748188, 0.028735648840665817, 0.9220370054244995], "frame_9": [0.6292629837989807, 0.39546024799346924, 0.049880050122737885, 0.048674095422029495, 0.7386184930801392, 0.4712327718734741, 0.02165408618748188, 0.028735648840665817, 0.6247214078903198], "frame_10": [0.6293558478355408, 0.3955124616622925, 0.05014076083898544, 0.04870067164301872, 0.7386184930801392, 0.4712327718734741, 0.02165408618748188, 0.028735648840665817, 0.39676547050476074], "frame_11": [0.6293416023254395, 0.3955206871032715, 0.05018904060125351, 0.0487239845097065, 0.7386184930801392, 0.4712327718734741, 0.02165408618748188, 0.028735648840665817, 0.30670976638793945], "frame_12": [0.6298720240592957, 0.3952562212944031, 0.049483489245176315, 0.04779913276433945, 0.7386184930801392, 0.4712327718734741, 0.02165408618748188, 0.028735648840665817, 0.25387680530548096], "frame_13": [0.6298632025718689, 0.3952426016330719, 0.04947022348642349, 0.047794342041015625, 0.7386184930801392, 0.4712327718734741, 0.02165408618748188, 0.028735648840665817, 0.27349144220352173], "frame_14": [0.6298306584358215, 0.3952002227306366, 0.049498748034238815, 0.047756705433130264, 0.7386184930801392, 0.4712327718734741, 0.02165408618748188, 0.028735648840665817, 0.28988444805145264], "frame_15": [0.6298550367355347, 0.395230770111084, 0.049543000757694244, 0.04780532047152519, 0.7386184930801392, 0.4712327718734741, 0.02165408618748188, 0.028735648840665817, 0.24738535284996033], "frame_16": [0.629849910736084, 0.3952435851097107, 0.04953032732009888, 0.04782134294509888, 0.7386184930801392, 0.4712327718734741, 0.02165408618748188, 0.028735648840665817, 0.2805764973163605], "frame_17": [0.629819929599762, 0.3953356444835663, 0.04951002448797226, 0.04795671999454498, 0.7386184930801392, 0.4712327718734741, 0.02165408618748188, 0.028735648840665817, 0.45864513516426086], "frame_18": [0.6298710107803345, 0.39536887407302856, 0.049570463597774506, 0.04802089184522629, 0.7386184930801392, 0.4712327718734741, 0.02165408618748188, 0.028735648840665817, 0.3314845860004425], "frame_19": [0.6298940777778625, 0.39535945653915405, 0.04967613145709038, 0.04801563546061516, 0.7386184930801392, 0.4712327718734741, 0.02165408618748188, 0.028735648840665817, 0.4280243217945099], "frame_20": [0.6299613118171692, 0.39531901478767395, 0.04979074373841286, 0.04795316234230995, 0.7386184930801392, 0.4712327718734741, 0.02165408618748188, 0.028735648840665817, 0.38484588265419006], "frame_21": [0.6300075650215149, 0.3953157067298889, 0.049684736877679825, 0.04790094122290611, 0.7386184930801392, 0.4712327718734741, 0.02165408618748188, 0.028735648840665817, 0.4477974474430084], "frame_22": [0.6300168633460999, 0.3952827453613281, 0.04966773837804794, 0.0478651262819767, 0.3158237934112549, 0.49168357253074646, 0.023171614855527878, 0.02681867778301239, 0.4143514931201935], "frame_23": [0.6300215721130371, 0.39528486132621765, 0.049684904515743256, 0.04786313325166702, 0.31629273295402527, 0.4883916676044464, 0.022803349420428276, 0.025833893567323685, 0.5112288594245911], "frame_24": [0.630057156085968, 0.39562538266181946, 0.04964429885149002, 0.048675622791051865, 0.3174080550670624, 0.482552707195282, 0.024478107690811157, 0.027937909588217735, 0.5172263383865356], "frame_25": [0.6300687789916992, 0.39563438296318054, 0.04972174018621445, 0.04869728162884712, 0.3203176259994507, 0.47565048933029175, 0.0267935860902071, 0.030031416565179825, 0.525265097618103], "frame_26": [0.6300790309906006, 0.3956158459186554, 0.04968901723623276, 0.048621367663145065, 0.3231288492679596, 0.46590885519981384, 0.026054276153445244, 0.03090413473546505, 0.5415918827056885], "frame_27": [0.630069375038147, 0.3956408202648163, 0.04967803880572319, 0.048625946044921875, 0.32808318734169006, 0.4544590711593628, 0.025798797607421875, 0.02995368093252182, 0.5567018389701843], "frame_28": [0.6300778985023499, 0.3956530690193176, 0.04972479119896889, 0.048632726073265076, 0.3333752453327179, 0.4394436776638031, 0.02595657855272293, 0.029698943719267845, 0.5799513459205627], "frame_29": [0.6299033164978027, 0.3960173726081848, 0.05051782354712486, 0.04855986684560776, 0.34456393122673035, 0.4182766079902649, 0.02403494529426098, 0.028442976996302605, 0.7937783598899841], "frame_30": [0.6300703287124634, 0.39567628502845764, 0.04975301772356033, 0.04868011549115181, 0.35706934332847595, 0.39872241020202637, 0.02315942943096161, 0.02881554514169693, 0.8505573272705078], "frame_31": [0.6300476789474487, 0.3956298530101776, 0.04958801344037056, 0.048611536622047424, 0.37031224370002747, 0.38211143016815186, 0.028635364025831223, 0.03122168593108654, 0.8705905079841614], "frame_32": [0.6299670934677124, 0.39579421281814575, 0.050086889415979385, 0.04847157746553421, 0.37031224370002747, 0.38211143016815186, 0.028635364025831223, 0.03122168593108654, 0.8202661275863647], "frame_33": [0.6301157474517822, 0.3956766724586487, 0.04974318668246269, 0.04861852899193764, 0.3965332508087158, 0.34794744849205017, 0.02568613737821579, 0.029304886236786842, 0.8137167692184448], "frame_34": [0.6301225423812866, 0.3956315219402313, 0.04963400214910507, 0.048574745655059814, 0.4110541343688965, 0.3333975076675415, 0.023659048601984978, 0.02779979631304741, 0.8440021872520447], "frame_35": [0.6301791667938232, 0.3956160545349121, 0.04965019226074219, 0.048525914549827576, 0.42284223437309265, 0.3216822147369385, 0.023005465045571327, 0.026848305016756058, 0.6532577276229858], "frame_36": [0.6300992965698242, 0.39565688371658325, 0.04945581406354904, 0.048624757677316666, 0.43464046716690063, 0.3117717206478119, 0.022228410467505455, 0.028694385662674904, 0.6237465143203735], "frame_37": [0.6301010251045227, 0.3956451416015625, 0.049479421228170395, 0.048635948449373245, 0.445279598236084, 0.300950288772583, 0.02317199669778347, 0.02631530724465847, 0.553227424621582], "frame_38": [0.6301184892654419, 0.3956880271434784, 0.04955575615167618, 0.048700712621212006, 0.45569169521331787, 0.2950326204299927, 0.026289580389857292, 0.02732257917523384, 0.5660009384155273],