{"frame_0": [0.6293545961380005, 0.39553171396255493, 0.04957084730267525, 0.04874288663268089, 0.5237367153167725, 0.49046608805656433, 0.027428647503256798, 0.03078155592083931, 0.7149249911308289], "frame_1": [0.62892085313797, 0.3953148424625397, 0.049236297607421875, 0.04799448698759079, 0.5237367153167725, 0.49046608805656433, 0.027428647503256798, 0.03078155592083931, 0.8064607381820679], "frame_2": [0.628911018371582, 0.39530420303344727, 0.04922658950090408, 0.048050519078969955, 0.5237367153167725, 0.49046608805656433, 0.027428647503256798, 0.03078155592083931, 0.801795482635498], "frame_3": [0.628913938999176, 0.3953166902065277, 0.049248334020376205, 0.04805602878332138, 0.20416034758090973, 0.5947890281677246, 0.018907736986875534, 0.024131478741765022, 0.803324818611145], "frame_4": [0.6289178729057312, 0.395359069108963, 0.049207307398319244, 0.04803687334060669, 0.2038736194372177, 0.5950159430503845, 0.01850605010986328, 0.024177933111786842, 0.8128958940505981], "frame_5": [0.6288900375366211, 0.3953514099121094, 0.04914893954992294, 0.04804039001464844, 0.2040586620569229, 0.5947882533073425, 0.017782676964998245, 0.024088965728878975, 0.8084050416946411], "frame_6": [0.6288882493972778, 0.3953549265861511, 0.04908790439367294, 0.04810502752661705, 0.2039324939250946, 0.5942521691322327, 0.01856568641960621, 0.024730470031499863, 0.8008803129196167], "frame_7": [0.6288719773292542, 0.39552223682403564, 0.04963340610265732, 0.04802907258272171, 0.20403225719928741, 0.5938884615898132, 0.018345069140195847, 0.02518158033490181, 0.7702696919441223], "frame_8": [0.6288558840751648, 0.39535123109817505, 0.049189843237400055, 0.04813245311379433, 0.20403225719928741, 0.5938884615898132, 0.018345069140195847, 0.02518158033490181, 0.7975140810012817], "frame_9": [0.6288474202156067, 0.39548373222351074, 0.04982202500104904, 0.048003386706113815, 0.20403225719928741, 0.5938884615898132, 0.018345069140195847, 0.02518158033490181, 0.7774466872215271], "frame_10": [0.6288446187973022, 0.39547982811927795, 0.04981078952550888, 0.04801233112812042, 0.20403225719928741, 0.5938884615898132, 0.018345069140195847, 0.02518158033490181, 0.7524528503417969], "frame_11": [0.6287922263145447, 0.3954775631427765, 0.049720849841833115, 0.04799554497003555, 0.20403225719928741, 0.5938884615898132, 0.018345069140195847, 0.02518158033490181, 0.73441082239151], "frame_12": [0.6289530992507935, 0.39552178978919983, 0.04914940893650055, 0.04748810827732086, 0.20403225719928741, 0.5938884615898132, 0.018345069140195847, 0.02518158033490181, 0.7318934798240662], "frame_13": [0.6288809776306152, 0.39558568596839905, 0.04913893714547157, 0.04755571112036705, 0.20403225719928741, 0.5938884615898132, 0.018345069140195847, 0.02518158033490181, 0.732240617275238], "frame_14": [0.6288841962814331, 0.39560186862945557, 0.04920637235045433, 0.047459837049245834, 0.20403225719928741, 0.5938884615898132, 0.018345069140195847, 0.02518158033490181, 0.7578226327896118], "frame_15": [0.6288938522338867, 0.3955916464328766, 0.04921684414148331, 0.047447290271520615, 0.20826652646064758, 0.6072829365730286, 0.02188939042389393, 0.025005128234624863, 0.792792558670044], "frame_16": [0.6289622187614441, 0.39553308486938477, 0.04911554232239723, 0.04747619479894638, 0.2121015340089798, 0.6063243746757507, 0.022649340331554413, 0.025311533361673355, 0.7987135648727417], "frame_17": [0.6289610266685486, 0.3955017924308777, 0.04912435635924339, 0.04750556871294975, 0.21683529019355774, 0.6018327474594116, 0.02310028113424778, 0.023653199896216393, 0.725002646446228], "frame_18": [0.628964900970459, 0.39548465609550476, 0.0491342768073082, 0.04746009036898613, 0.22278548777103424, 0.5940398573875427, 0.02214374579489231, 0.025168228894472122, 0.6834748983383179], "frame_19": [0.6289607882499695, 0.39550551772117615, 0.049053363502025604, 0.04751654714345932, 0.22278548777103424, 0.5940398573875427, 0.02214374579489231, 0.025168228894472122, 0.5494562387466431], "frame_20": [0.6289478540420532, 0.39550280570983887, 0.049027081578969955, 0.04752727225422859, 0.23022906482219696, 0.5703352093696594, 0.02042369917035103, 0.021999655291438103, 0.5920527577400208], "frame_21": [0.6289160251617432, 0.395540714263916, 0.04924227297306061, 0.0475471056997776, 0.23030567169189453, 0.5545795559883118, 0.024183569476008415, 0.02376844547688961, 0.5844374895095825], "frame_22": [0.6288169622421265, 0.3956635892391205, 0.04924265667796135, 0.04756198450922966, 0.2301139384508133, 0.5402007102966309, 0.023893356323242188, 0.027257071807980537, 0.5564606189727783], "frame_23": [0.6288509368896484, 0.3956315815448761, 0.049321748316287994, 0.04770011827349663, 0.22977793216705322, 0.5261194705963135, 0.022651799023151398, 0.025645997375249863, 0.6818485260009766], "frame_24": [0.6290210485458374, 0.3955499529838562, 0.049496546387672424, 0.04725922644138336, 0.23109999299049377, 0.5117624998092651, 0.022937286645174026, 0.023298941552639008, 0.49318253993988037], "frame_25": [0.6289988160133362, 0.39553430676460266, 0.04949438199400902, 0.047217559069395065, 0.23608271777629852, 0.4956645667552948, 0.021852068603038788, 0.02483215369284153, 0.816072940826416], "frame_26": [0.6289927363395691, 0.3955310881137848, 0.04948310926556587, 0.047219932079315186, 0.24776162207126617, 0.47678232192993164, 0.02061443403363228, 0.023473527282476425, 0.8210511803627014], "frame_27": [0.628990113735199, 0.3955455422401428, 0.04947175085544586, 0.0472395159304142, 0.24776162207126617, 0.47678232192993164, 0.02061443403363228, 0.023473527282476425, 0.7963442802429199], "frame_28": [0.6289384365081787, 0.39552026987075806, 0.04942876845598221, 0.04723396152257919, 0.24776162207126617, 0.47678232192993164, 0.02061443403363228, 0.023473527282476425, 0.8105756640434265], "frame_29": [0.629002034664154, 0.3955210745334625, 0.049478404223918915, 0.047227561473846436, 0.24776162207126617, 0.47678232192993164, 0.02061443403363228, 0.023473527282476425, 0.8006675839424133], "frame_30": [0.6289947628974915, 0.3955172300338745, 0.0495147705078125, 0.04723837226629257, 0.24776162207126617, 0.47678232192993164, 0.02061443403363228, 0.023473527282476425, 0.7341951727867126], "frame_31": [0.6290319561958313, 0.39553073048591614, 0.04950676113367081, 0.04722680151462555, 0.24776162207126617, 0.47678232192993164, 0.02061443403363228, 0.023473527282476425, 0.6960034370422363], "frame_32": [0.6291369795799255, 0.3955417573451996, 0.049570463597774506, 0.047425080090761185, 0.24776162207126617, 0.47678232192993164, 0.02061443403363228, 0.023473527282476425, 0.6217982172966003], "frame_33": [0.6291260719299316, 0.3955126404762268, 0.04958152770996094, 0.04740007221698761, 0.24776162207126617, 0.47678232192993164, 0.02061443403363228, 0.023473527282476425, 0.6394950151443481], "frame_34": [0.6291026473045349, 0.39548182487487793, 0.04955444484949112, 0.047286562621593475, 0.3463776409626007, 0.3506160080432892, 0.022451866418123245, 0.026921039447188377, 0.6807295083999634], "frame_35": [0.6290762424468994, 0.39546847343444824, 0.04952329024672508, 0.04727796092629433, 0.36097845435142517, 0.34136322140693665, 0.02009972557425499, 0.024834822863340378, 0.633506715297699], "frame_36": [0.6291487812995911, 0.3955082893371582, 0.04983948543667793, 0.047309283167123795, 0.3724249005317688, 0.33178651332855225, 0.022782262414693832, 0.02412433549761772, 0.7959991097450256], "frame_37": [0.629151463508606, 0.395520955324173, 0.049842920154333115, 0.04730245843529701, 0.38563066720962524, 0.3227355480194092, 0.022044626995921135, 0.025872230529785156, 0.778063952922821], "frame_38": [0.6291326880455017, 0.3954801857471466, 0.04973191022872925, 0.04722527414560318, 0.38563066720962524, 0.3227355480194092, 0.022044626995921135, 0.025872230529785156, 0.7832628488540649],