{"frame_0": [0.6293589472770691, 0.3970145285129547, 0.05011922866106033, 0.04838252440094948, 0.5867099165916443, 0.49979549646377563, 0.019670868292450905, 0.024626074358820915, 0.6836262345314026], "frame_1": [0.6290950775146484, 0.3968085050582886, 0.049651168286800385, 0.048664264380931854, 0.5867099165916443, 0.49979549646377563, 0.019670868292450905, 0.024626074358820915, 0.580641508102417], "frame_2": [0.6290937066078186, 0.39679616689682007, 0.04969215393066406, 0.04875696077942848, 0.5867099165916443, 0.49979549646377563, 0.019670868292450905, 0.024626074358820915, 0.5726394057273865], "frame_3": [0.6291441917419434, 0.3967873454093933, 0.049896240234375, 0.048626624047756195, 0.5867099165916443, 0.49979549646377563, 0.019670868292450905, 0.024626074358820915, 0.5094506740570068], "frame_4": [0.6292046308517456, 0.3967854082584381, 0.04972008615732193, 0.0486084409058094, 0.5867099165916443, 0.49979549646377563, 0.019670868292450905, 0.024626074358820915, 0.5363249182701111], "frame_5": [0.6291788816452026, 0.3969268798828125, 0.04960805922746658, 0.04864896088838577, 0.5867099165916443, 0.49979549646377563, 0.019670868292450905, 0.024626074358820915, 0.5568500757217407], "frame_6": [0.629162073135376, 0.3969322144985199, 0.04955703020095825, 0.0487891286611557, 0.5867099165916443, 0.49979549646377563, 0.019670868292450905, 0.024626074358820915, 0.5545656085014343], "frame_7": [0.6292755007743835, 0.39688482880592346, 0.04964294284582138, 0.04882045462727547, 0.5867099165916443, 0.49979549646377563, 0.019670868292450905, 0.024626074358820915, 0.5516388416290283], "frame_8": [0.6292582154273987, 0.3968644142150879, 0.04956567659974098, 0.048896875232458115, 0.5867099165916443, 0.49979549646377563, 0.019670868292450905, 0.024626074358820915, 0.543674111366272], "frame_9": [0.6293274760246277, 0.39687439799308777, 0.04958648607134819, 0.04899932071566582, 0.5867099165916443, 0.49979549646377563, 0.019670868292450905, 0.024626074358820915, 0.5278721451759338], "frame_10": [0.6293440461158752, 0.3968815803527832, 0.049605559557676315, 0.04906751960515976, 0.5867099165916443, 0.49979549646377563, 0.019670868292450905, 0.024626074358820915, 0.6993133425712585], "frame_11": [0.6292634606361389, 0.39690840244293213, 0.04949845373630524, 0.04896710813045502, 0.5867099165916443, 0.49979549646377563, 0.019670868292450905, 0.024626074358820915, 0.6626991033554077], "frame_12": [0.6290446519851685, 0.39692333340644836, 0.049483489245176315, 0.04911172762513161, 0.5867099165916443, 0.49979549646377563, 0.019670868292450905, 0.024626074358820915, 0.6868102550506592], "frame_13": [0.6290461421012878, 0.39692679047584534, 0.04947204515337944, 0.04910460487008095, 0.5867099165916443, 0.49979549646377563, 0.019670868292450905, 0.024626074358820915, 0.7916620969772339], "frame_14": [0.6290525794029236, 0.3969251811504364, 0.04950514808297157, 0.049104392528533936, 0.5867099165916443, 0.49979549646377563, 0.019670868292450905, 0.024626074358820915, 0.8435789346694946], "frame_15": [0.6290560364723206, 0.3969079852104187, 0.04949243366718292, 0.04905221611261368, 0.39101964235305786, 0.6239842772483826, 0.029600100591778755, 0.033992089331150055, 0.8619258403778076], "frame_16": [0.6290485262870789, 0.39691707491874695, 0.04949323832988739, 0.049040138721466064, 0.38977304100990295, 0.6252766251564026, 0.029249105602502823, 0.0330556221306324, 0.8256210088729858], "frame_17": [0.6291525959968567, 0.39697444438934326, 0.04960424453020096, 0.04898940026760101, 0.3899909555912018, 0.6261649131774902, 0.02911902591586113, 0.032057952135801315, 0.7800105214118958], "frame_18": [0.6291219592094421, 0.3970208168029785, 0.049571990966796875, 0.04907570034265518, 0.39057111740112305, 0.6229568719863892, 0.02970428392291069, 0.0306693185120821, 0.6840885877609253], "frame_19": [0.6291840672492981, 0.39699962735176086, 0.04968070983886719, 0.04900906980037689, 0.39383941888809204, 0.6153295636177063, 0.029458405449986458, 0.028728103265166283, 0.7105243802070618], "frame_20": [0.6291666030883789, 0.39695972204208374, 0.04958135634660721, 0.049009960144758224, 0.39525625109672546, 0.6058387160301208, 0.024973466992378235, 0.028654564172029495, 0.7283051609992981], "frame_21": [0.6291487216949463, 0.39691898226737976, 0.04960848391056061, 0.0490289069712162, 0.39404526352882385, 0.5918118357658386, 0.025090238079428673, 0.02932111918926239, 0.6512376666069031], "frame_22": [0.6291491389274597, 0.3969121277332306, 0.049663543701171875, 0.04898355156183243, 0.3902326822280884, 0.578245222568512, 0.025992795825004578, 0.027619341388344765, 0.543006181716919], "frame_23": [0.6290992498397827, 0.39688000082969666, 0.04954109340906143, 0.04891149699687958, 0.3902326822280884, 0.578245222568512, 0.025992795825004578, 0.027619341388344765, 0.3905634880065918], "frame_24": [0.628835141658783, 0.39651307463645935, 0.04956207424402237, 0.048512354493141174, 0.3902326822280884, 0.578245222568512, 0.025992795825004578, 0.027619341388344765, 0.3524058759212494], "frame_25": [0.6288416385650635, 0.39652615785598755, 0.049646757543087006, 0.04850883409380913, 0.3902326822280884, 0.578245222568512, 0.025992795825004578, 0.027619341388344765, 0.4207923412322998], "frame_26": [0.628943681716919, 0.39637020230293274, 0.049728646874427795, 0.0484761968255043, 0.3902326822280884, 0.578245222568512, 0.025992795825004578, 0.027619341388344765, 0.39694541692733765], "frame_27": [0.6288776397705078, 0.3964288532733917, 0.049669645726680756, 0.04853562265634537, 0.3902326822280884, 0.578245222568512, 0.025992795825004578, 0.027619341388344765, 0.5720580220222473], "frame_28": [0.628869891166687, 0.39648404717445374, 0.04958398640155792, 0.048614501953125, 0.3902326822280884, 0.578245222568512, 0.025992795825004578, 0.027619341388344765, 0.7270255088806152], "frame_29": [0.6290572285652161, 0.39655160903930664, 0.04988076910376549, 0.048710718750953674, 0.3902326822280884, 0.578245222568512, 0.025992795825004578, 0.027619341388344765, 0.8149101734161377], "frame_30": [0.62889164686203, 0.3965267241001129, 0.05028571933507919, 0.04867011308670044, 0.4100571572780609, 0.4405001699924469, 0.022228453308343887, 0.028212737292051315, 0.9439092874526978], "frame_31": [0.6288667321205139, 0.39666274189949036, 0.05040143430233002, 0.04875068739056587, 0.4221416115760803, 0.42109909653663635, 0.024261770769953728, 0.02913648821413517, 0.9945845603942871], "frame_32": [0.628851592540741, 0.3966664671897888, 0.05037536472082138, 0.048701561987400055, 0.43354910612106323, 0.40587282180786133, 0.02338850311934948, 0.02827843651175499, 0.9776507019996643], "frame_33": [0.628824770450592, 0.39662966132164, 0.05034582316875458, 0.04864226281642914, 0.4452758729457855, 0.3895060122013092, 0.024335648864507675, 0.029393894597887993, 0.7429047226905823], "frame_34": [0.628793478012085, 0.39669305086135864, 0.05019577965140343, 0.0487348772585392, 0.4569355547428131, 0.3759992718696594, 0.02413584478199482, 0.027590053156018257, 0.6510985493659973], "frame_35": [0.6289078593254089, 0.3967461884021759, 0.05010681226849556, 0.048681557178497314, 0.46853238344192505, 0.3641700744628906, 0.023709403350949287, 0.028871070593595505, 0.649544894695282], "frame_36": [0.6289983987808228, 0.39669063687324524, 0.05023366957902908, 0.04846140369772911, 0.4782111346721649, 0.35145026445388794, 0.023723389953374863, 0.027493180707097054, 0.6098697185516357], "frame_37": [0.6289492845535278, 0.3967088460922241, 0.05025215074419975, 0.04850552976131439, 0.48940685391426086, 0.34282681345939636, 0.022537019103765488, 0.027520624920725822, 0.5272336602210999], "frame_38": [0.628925085067749, 0.39667922258377075, 0.05019654333591461, 0.04854515939950943, 0.4997192323207855, 0.33318737149238586, 0.022741317749023438, 0.02664012834429741, 0.49277156591415405],