{"frame_0": [0.5089027285575867, 0.4060595631599426, 0.04790785163640976, 0.047264862805604935, 0.15300844609737396, 0.5704833269119263, 0.02413192391395569, 0.02051696740090847, 0.0], "frame_1": [0.509391188621521, 0.40614989399909973, 0.048691559582948685, 0.04736094921827316, 0.15300844609737396, 0.5704833269119263, 0.02413192391395569, 0.02051696740090847, 0.0], "frame_2": [0.5094248652458191, 0.4061363935470581, 0.04861297458410263, 0.047267913818359375, 0.15999451279640198, 0.5715019106864929, 0.021178076043725014, 0.01964670792222023, 0.0], "frame_3": [0.5095522403717041, 0.4061608910560608, 0.04849984869360924, 0.04728525131940842, 0.16552861034870148, 0.5730225443840027, 0.02005455270409584, 0.02033233642578125, 0.0], "frame_4": [0.5093337297439575, 0.4060908555984497, 0.04789543151855469, 0.047402359545230865, 0.16908927261829376, 0.5752362012863159, 0.022810034453868866, 0.020572492852807045, 0.0], "frame_5": [0.5095024704933167, 0.4061569273471832, 0.048419952392578125, 0.047445762902498245, 0.17735032737255096, 0.5774243474006653, 0.021518049761652946, 0.020177755504846573, 0.0], "frame_6": [0.5093012452125549, 0.40615224838256836, 0.04847373813390732, 0.04754151403903961, 0.1830790638923645, 0.5782274603843689, 0.02173052914440632, 0.019823921844363213, 0.0], "frame_7": [0.5092760920524597, 0.406051903963089, 0.04836980998516083, 0.04735128581523895, 0.18710441887378693, 0.5787829160690308, 0.0196981318295002, 0.021023940294981003, 0.0], "frame_8": [0.5087438225746155, 0.40590015053749084, 0.048353493213653564, 0.04707442224025726, 0.1903931051492691, 0.5788761973381042, 0.021204184740781784, 0.020500946789979935, 0.0], "frame_9": [0.5089249610900879, 0.4059247672557831, 0.04863395541906357, 0.047049712389707565, 0.1952427476644516, 0.5769124627113342, 0.020732158794999123, 0.020022794604301453, 0.0], "frame_10": [0.5090011358261108, 0.4058793783187866, 0.048779383301734924, 0.04720174893736839, 0.1952427476644516, 0.5769124627113342, 0.020732158794999123, 0.020022794604301453, 0.0], "frame_11": [0.5091142654418945, 0.4058324694633484, 0.04897329583764076, 0.04711133986711502, 0.20435291528701782, 0.5701277256011963, 0.022443538531661034, 0.019796371459960938, 0.0], "frame_12": [0.5085707902908325, 0.40530717372894287, 0.04769553989171982, 0.04621382802724838, 0.20989057421684265, 0.5648842453956604, 0.020022455602884293, 0.02003767155110836, 0.0], "frame_13": [0.5085489153862, 0.40529268980026245, 0.04771291837096214, 0.04622497409582138, 0.21266242861747742, 0.5586501955986023, 0.018788423389196396, 0.01921098493039608, 0.0], "frame_14": [0.5083367824554443, 0.40527063608169556, 0.04728363826870918, 0.046204205602407455, 0.21532973647117615, 0.5528206825256348, 0.01843329519033432, 0.02081451378762722, 0.0], "frame_15": [0.5086780190467834, 0.4053921103477478, 0.04782172292470932, 0.0463968925178051, 0.2166825234889984, 0.5455229878425598, 0.01915370114147663, 0.021179411560297012, 0.0], "frame_16": [0.5088211894035339, 0.40543633699417114, 0.048332806676626205, 0.046431563794612885, 0.21754345297813416, 0.5389286279678345, 0.019081411883234978, 0.02177124097943306, 0.0], "frame_17": [0.5089019536972046, 0.4054681062698364, 0.048565588891506195, 0.046536169946193695, 0.20799289643764496, 0.5489180684089661, 0.03235980123281479, 0.05910589545965195, 0.0], "frame_18": [0.5090401768684387, 0.40545958280563354, 0.04880523681640625, 0.04652426019310951, 0.21525898575782776, 0.5284239649772644, 0.020087135955691338, 0.024391088634729385, 0.0], "frame_19": [0.5092201232910156, 0.4055730998516083, 0.04913923516869545, 0.04666116461157799, 0.21525898575782776, 0.5284239649772644, 0.020087135955691338, 0.024391088634729385, 0.0], "frame_20": [0.509804904460907, 0.40556275844573975, 0.050086211413145065, 0.0459858775138855, 0.20963916182518005, 0.5236776471138, 0.023674476891756058, 0.026122495532035828, 0.0], "frame_21": [0.5097746849060059, 0.40555161237716675, 0.04994354397058487, 0.045971594750881195, 0.20840907096862793, 0.5183754563331604, 0.022618865594267845, 0.022003429010510445, 0.0], "frame_22": [0.5098655819892883, 0.4056113064289093, 0.05012626573443413, 0.04612579196691513, 0.20778214931488037, 0.515649139881134, 0.022010717540979385, 0.021257951855659485, 0.0], "frame_23": [0.5093765258789062, 0.40548986196517944, 0.048896875232458115, 0.04667244106531143, 0.20756547152996063, 0.5136920213699341, 0.022914696484804153, 0.021126175299286842, 0.0], "frame_24": [0.5088579654693604, 0.40549376606941223, 0.04810430854558945, 0.04677535220980644, 0.20756547152996063, 0.5136920213699341, 0.022914696484804153, 0.021126175299286842, 0.0], "frame_25": [0.5088380575180054, 0.40548256039619446, 0.04809379577636719, 0.04671457037329674, 0.20738615095615387, 0.5076227188110352, 0.02253975346684456, 0.02070465125143528, 0.0], "frame_26": [0.5088342428207397, 0.40549883246421814, 0.04807192459702492, 0.04676170274615288, 0.20807889103889465, 0.5030292272567749, 0.02131805382668972, 0.0201882254332304, 0.0], "frame_27": [0.5087219476699829, 0.4054116904735565, 0.047928620129823685, 0.04667142406105995, 0.2093309611082077, 0.4976983070373535, 0.021893437951803207, 0.021365737542510033, 0.5026217699050903], "frame_28": [0.5089273452758789, 0.4055056571960449, 0.04768706485629082, 0.046783447265625, 0.21086286008358002, 0.49136656522750854, 0.02201252058148384, 0.021641921252012253, 0.6965059041976929], "frame_29": [0.508931577205658, 0.40557602047920227, 0.04791814833879471, 0.046878814697265625, 0.21212641894817352, 0.4825851321220398, 0.020844120532274246, 0.020861223340034485, 0.0], "frame_30": [0.5087748765945435, 0.4055095314979553, 0.04801110178232193, 0.04684312641620636, 0.21488969027996063, 0.4705805480480194, 0.020024066790938377, 0.021166780963540077, 0.2935006320476532], "frame_31": [0.5086752772331238, 0.40547528862953186, 0.04786224290728569, 0.04683905839920044, 0.220268115401268, 0.4559319019317627, 0.019252438098192215, 0.021506499499082565, 0.04633375629782677], "frame_32": [0.5086666345596313, 0.4054820239543915, 0.0479109026491642, 0.046907976269721985, 0.22924457490444183, 0.4394524097442627, 0.020277129486203194, 0.020284101366996765, 0.9393247365951538], "frame_33": [0.5086777806282043, 0.4054791033267975, 0.048119354993104935, 0.04671897739171982, 0.2360924631357193, 0.4249797463417053, 0.018642425537109375, 0.020807266235351562, 0.9499920606613159], "frame_34": [0.5086436867713928, 0.405417799949646, 0.048098374158144, 0.0467342808842659, 0.24482277035713196, 0.41071563959121704, 0.01940661482512951, 0.020307540893554688, 0.9247447848320007], "frame_35": [0.5086079239845276, 0.40545976161956787, 0.04785986989736557, 0.046747587621212006, 0.25403204560279846, 0.39798659086227417, 0.018837546929717064, 0.021808624267578125, 0.943752110004425], "frame_36": [0.5088896155357361, 0.4055495858192444, 0.0477861613035202, 0.04700147733092308, 0.261801153421402, 0.38359442353248596, 0.018305396661162376, 0.020050175487995148, 0.8094850182533264], "frame_37": [0.5088494420051575, 0.40557336807250977, 0.04773207753896713, 0.04704589769244194, 0.27024009823799133, 0.37299439311027527, 0.01835430972278118, 0.021843338385224342, 0.7307856678962708], "frame_38": [0.5088511109352112, 0.40561655163764954, 0.04775945842266083, 0.047048017382621765, 0.27883532643318176, 0.36237385869026184, 0.019747544080018997, 0.021664725616574287, 0.7470448613166809], "frame_39": [0.5088043808937073, 0.40558332204818726, 0.04778578132390976, 0.04695960134267807, 0.2872336804866791, 0.3520530164241791, 0.019525952637195587, 0.021879767999053, 0.7141874432563782], "frame_40": [0.5088575482368469, 0.40563032031059265, 0.04773546755313873, 0.04715538024902344, 0.2955383360385895, 0.3426249027252197, 0.02137775346636772, 0.022452544420957565, 0.7627657651901245], "frame_41": [0.5089476704597473, 0.4055781066417694, 0.048091888427734375, 0.04710282385349274, 0.3040521740913391, 0.3337225317955017, 0.020814768970012665, 0.023005761206150055, 0.7220547795295715],