{"frame_0": [0.6298330426216125, 0.3953533470630646, 0.05020332336425781, 0.04989475756883621, 0.3876473009586334, 0.6288835406303406, 0.02667711116373539, 0.0323638916015625, 0.8550089001655579], "frame_1": [0.6300684809684753, 0.395357608795166, 0.05028063431382179, 0.04892764613032341, 0.3838140666484833, 0.6196967959403992, 0.023817231878638268, 0.030878830701112747, 0.802324116230011], "frame_2": [0.630085825920105, 0.395584374666214, 0.05031263455748558, 0.04895345866680145, 0.3838140666484833, 0.6196967959403992, 0.023817231878638268, 0.030878830701112747, 0.8163434863090515], "frame_3": [0.6301634311676025, 0.39556068181991577, 0.05028283968567848, 0.049050480127334595, 0.3838140666484833, 0.6196967959403992, 0.023817231878638268, 0.030878830701112747, 0.8161312341690063], "frame_4": [0.6301448345184326, 0.39551496505737305, 0.05039168521761894, 0.048989444971084595, 0.3838140666484833, 0.6196967959403992, 0.023817231878638268, 0.030878830701112747, 0.7913190126419067], "frame_5": [0.6299968957901001, 0.39548152685165405, 0.0503387451171875, 0.04902246221899986, 0.3838140666484833, 0.6196967959403992, 0.023817231878638268, 0.030878830701112747, 0.81015545129776], "frame_6": [0.6299956440925598, 0.395439475774765, 0.050316620618104935, 0.04891946539282799, 0.3838140666484833, 0.6196967959403992, 0.023817231878638268, 0.030878830701112747, 0.7800190448760986], "frame_7": [0.6299826502799988, 0.3954489827156067, 0.05030394718050957, 0.04892624914646149, 0.3838140666484833, 0.6196967959403992, 0.023817231878638268, 0.030878830701112747, 0.8179606795310974], "frame_8": [0.6298789978027344, 0.3954666256904602, 0.05045640841126442, 0.048893652856349945, 0.3838140666484833, 0.6196967959403992, 0.023817231878638268, 0.030878830701112747, 0.8671380877494812], "frame_9": [0.6299393177032471, 0.3954201638698578, 0.05030059814453125, 0.04899338632822037, 0.3838140666484833, 0.6196967959403992, 0.023817231878638268, 0.030878830701112747, 0.8726387023925781], "frame_10": [0.6299754977226257, 0.39535659551620483, 0.05014495924115181, 0.04893311485648155, 0.3838140666484833, 0.6196967959403992, 0.023817231878638268, 0.030878830701112747, 0.9301562309265137], "frame_11": [0.629923939704895, 0.3953731954097748, 0.050041113048791885, 0.04904035106301308, 0.3838140666484833, 0.6196967959403992, 0.023817231878638268, 0.030878830701112747, 0.9632038474082947], "frame_12": [0.6302128434181213, 0.39556968212127686, 0.04988928884267807, 0.04826677218079567, 0.3838140666484833, 0.6196967959403992, 0.023817231878638268, 0.030878830701112747, 0.9824215173721313], "frame_13": [0.630223274230957, 0.3955652117729187, 0.04991332069039345, 0.04828185960650444, 0.3838140666484833, 0.6196967959403992, 0.023817231878638268, 0.030878830701112747, 0.7283141613006592], "frame_14": [0.63020259141922, 0.3955654501914978, 0.04990501329302788, 0.04826850816607475, 0.3838140666484833, 0.6196967959403992, 0.023817231878638268, 0.030878830701112747, 0.958051323890686], "frame_15": [0.630194365978241, 0.3955707848072052, 0.04987508803606033, 0.04826969653367996, 0.3838140666484833, 0.6196967959403992, 0.023817231878638268, 0.030878830701112747, 0.9276084899902344], "frame_16": [0.6301926374435425, 0.39555129408836365, 0.049875471740961075, 0.048378922045230865, 0.3838140666484833, 0.6196967959403992, 0.023817231878638268, 0.030878830701112747, 0.9399316906929016], "frame_17": [0.6301926374435425, 0.3955153226852417, 0.049875810742378235, 0.04836239293217659, 0.3838140666484833, 0.6196967959403992, 0.023817231878638268, 0.030878830701112747, 0.9428299069404602], "frame_18": [0.6301425695419312, 0.39553162455558777, 0.04990111291408539, 0.04823116585612297, 0.3838140666484833, 0.6196967959403992, 0.023817231878638268, 0.030878830701112747, 0.9681840538978577], "frame_19": [0.6301221251487732, 0.3956940472126007, 0.04994460195302963, 0.04823502525687218, 0.3838140666484833, 0.6196967959403992, 0.023817231878638268, 0.030878830701112747, 0.9898868799209595], "frame_20": [0.6300875544548035, 0.3957836627960205, 0.04980973154306412, 0.048365697264671326, 0.3838140666484833, 0.6196967959403992, 0.023817231878638268, 0.030878830701112747, 0.9637460708618164], "frame_21": [0.6301069259643555, 0.3956756591796875, 0.049686431884765625, 0.04847221449017525, 0.3838140666484833, 0.6196967959403992, 0.023817231878638268, 0.030878830701112747, 0.8584797382354736], "frame_22": [0.6301044225692749, 0.39568668603897095, 0.049732718616724014, 0.048458948731422424, 0.3838140666484833, 0.6196967959403992, 0.023817231878638268, 0.030878830701112747, 0.7927431464195251], "frame_23": [0.6300843358039856, 0.3957250714302063, 0.04970207065343857, 0.048338234424591064, 0.3838140666484833, 0.6196967959403992, 0.023817231878638268, 0.030878830701112747, 0.655302107334137], "frame_24": [0.6300360560417175, 0.3956146240234375, 0.04939672723412514, 0.04871215671300888, 0.3838140666484833, 0.6196967959403992, 0.023817231878638268, 0.030878830701112747, 0.5909697413444519], "frame_25": [0.6300632357597351, 0.39559176564216614, 0.04944593459367752, 0.04872521385550499, 0.3838140666484833, 0.6196967959403992, 0.023817231878638268, 0.030878830701112747, 0.37190163135528564], "frame_26": [0.6300608515739441, 0.3955557942390442, 0.04940579831600189, 0.048771582543849945, 0.3838140666484833, 0.6196967959403992, 0.023817231878638268, 0.030878830701112747, 0.3897995352745056], "frame_27": [0.6301710605621338, 0.39555275440216064, 0.04964273422956467, 0.04879273474216461, 0.3657039999961853, 0.5156849026679993, 0.02656230889260769, 0.03143463283777237, 0.41240522265434265], "frame_28": [0.6301617622375488, 0.3955789804458618, 0.049714576452970505, 0.04878777265548706, 0.3728400468826294, 0.49411410093307495, 0.025961091741919518, 0.027530035004019737, 0.28958192467689514], "frame_29": [0.6302550435066223, 0.39551153779029846, 0.049552153795957565, 0.04861937463283539, 0.37944722175598145, 0.471865177154541, 0.02262946218252182, 0.024355782195925713, 0.5994964241981506], "frame_30": [0.6302382349967957, 0.39552637934684753, 0.04960763826966286, 0.04872110113501549, 0.3897022604942322, 0.4494759142398834, 0.02630259282886982, 0.02748921699821949, 0.8037623167037964], "frame_31": [0.6301963925361633, 0.3955879211425781, 0.049691177904605865, 0.048732928931713104, 0.40183115005493164, 0.4250171184539795, 0.02773047611117363, 0.029761886224150658, 0.7044584155082703], "frame_32": [0.6302525401115417, 0.3956335186958313, 0.0498504638671875, 0.04884359613060951, 0.4160557687282562, 0.4061673581600189, 0.02748718298971653, 0.030334006994962692, 0.6888497471809387], "frame_33": [0.6302309632301331, 0.3956288993358612, 0.04976912587881088, 0.048792775720357895, 0.42624571919441223, 0.3871862590312958, 0.029813766479492188, 0.029746713116765022, 0.6011542677879333], "frame_34": [0.6303441524505615, 0.3956620991230011, 0.05004310607910156, 0.04873033985495567, 0.4388323426246643, 0.3699916899204254, 0.026438437402248383, 0.029936810955405235, 0.5769199728965759], "frame_35": [0.6303220987319946, 0.3956114947795868, 0.04993875324726105, 0.04867100343108177, 0.45042937994003296, 0.35389381647109985, 0.027781888842582703, 0.028807364404201508, 0.5596952438354492], "frame_36": [0.6302763819694519, 0.3955080807209015, 0.04985809326171875, 0.04826842248439789, 0.46077093482017517, 0.3391304314136505, 0.027274873107671738, 0.02965713106095791, 0.3927474021911621], "frame_37": [0.6302721500396729, 0.39552485942840576, 0.04980269446969032, 0.0482984334230423, 0.4721986651420593, 0.3256862163543701, 0.02583007887005806, 0.02850140444934368, 0.29772165417671204], "frame_38": [0.6302319765090942, 0.39551493525505066, 0.04968825355172157, 0.04827834293246269, 0.4822837710380554, 0.31478017568588257, 0.026645490899682045, 0.029359541833400726, 0.2784348130226135],