{"frame_0": [0.6293419599533081, 0.3959989845752716, 0.04981498792767525, 0.04873381555080414, 0.46472519636154175, 0.5666671991348267, 0.020407866686582565, 0.021564653143286705, 0.6128602027893066], "frame_1": [0.6292625069618225, 0.3959343433380127, 0.04964735358953476, 0.04860975593328476, 0.46124666929244995, 0.5683184862136841, 0.019360139966011047, 0.02076873742043972, 0.5547211170196533], "frame_2": [0.6292969584465027, 0.3959643840789795, 0.04969007521867752, 0.04855461046099663, 0.45804938673973083, 0.5702299475669861, 0.01988508366048336, 0.019932344555854797, 0.6271314024925232], "frame_3": [0.6292766332626343, 0.39597398042678833, 0.04969397559762001, 0.04855821281671524, 0.45465630292892456, 0.5720507502555847, 0.01979675330221653, 0.022314580157399178, 0.600109338760376], "frame_4": [0.6291993856430054, 0.395903617143631, 0.04948395490646362, 0.04852011054754257, 0.45055851340293884, 0.5742464065551758, 0.019764624536037445, 0.019832398742437363, 0.6023851633071899], "frame_5": [0.6291573643684387, 0.39592665433883667, 0.04948120191693306, 0.04849035292863846, 0.44727614521980286, 0.5748241543769836, 0.019640732556581497, 0.020025040954351425, 0.6250137090682983], "frame_6": [0.6291993856430054, 0.3959448039531708, 0.04951277747750282, 0.04851875454187393, 0.44547101855278015, 0.5748326778411865, 0.020132742822170258, 0.02013092115521431, 0.6541564464569092], "frame_7": [0.6291388869285583, 0.39583995938301086, 0.04907570034265518, 0.04848086088895798, 0.44415342807769775, 0.5740296840667725, 0.019695663824677467, 0.020492427051067352, 0.65449458360672], "frame_8": [0.6291689872741699, 0.3957954943180084, 0.04912957176566124, 0.04844123125076294, 0.44387155771255493, 0.5719314813613892, 0.019061576575040817, 0.020836470648646355, 0.6774388551712036], "frame_9": [0.629057765007019, 0.39576780796051025, 0.04896392673254013, 0.04842966049909592, 0.44372913241386414, 0.5694167017936707, 0.019168853759765625, 0.021678924560546875, 0.6528286933898926], "frame_10": [0.6290112137794495, 0.39573466777801514, 0.048798538744449615, 0.048389095813035965, 0.44410908222198486, 0.56574946641922, 0.01815643347799778, 0.021027205511927605, 0.6478276252746582], "frame_11": [0.6289539933204651, 0.3957763612270355, 0.048798199743032455, 0.048365529626607895, 0.44410908222198486, 0.56574946641922, 0.01815643347799778, 0.021027205511927605, 0.6226206421852112], "frame_12": [0.6290289163589478, 0.3957633972167969, 0.04886063560843468, 0.047894541174173355, 0.44410908222198486, 0.56574946641922, 0.01815643347799778, 0.021027205511927605, 0.5797048807144165], "frame_13": [0.6290439367294312, 0.395767480134964, 0.048888228833675385, 0.047895051538944244, 0.44410908222198486, 0.56574946641922, 0.01815643347799778, 0.021027205511927605, 0.5427514910697937], "frame_14": [0.6290072798728943, 0.39569002389907837, 0.04882850497961044, 0.047675494104623795, 0.44410908222198486, 0.56574946641922, 0.01815643347799778, 0.021027205511927605, 0.540510356426239], "frame_15": [0.6291005611419678, 0.3956066071987152, 0.04893302917480469, 0.04763251543045044, 0.44410908222198486, 0.56574946641922, 0.01815643347799778, 0.021027205511927605, 0.5727251768112183], "frame_16": [0.6293846964836121, 0.3955177366733551, 0.04887254536151886, 0.047595128417015076, 0.44410908222198486, 0.56574946641922, 0.01815643347799778, 0.021027205511927605, 0.5030121207237244], "frame_17": [0.6293101906776428, 0.3955690264701843, 0.04878730699419975, 0.04746131971478462, 0.44410908222198486, 0.56574946641922, 0.01815643347799778, 0.021027205511927605, 0.5013232231140137], "frame_18": [0.6293124556541443, 0.39556512236595154, 0.048752594739198685, 0.04749327898025513, 0.44410908222198486, 0.56574946641922, 0.01815643347799778, 0.021027205511927605, 0.48718735575675964], "frame_19": [0.629301130771637, 0.3955584168434143, 0.04879625141620636, 0.04750484973192215, 0.44410908222198486, 0.56574946641922, 0.01815643347799778, 0.021027205511927605, 0.5593061447143555], "frame_20": [0.6293964982032776, 0.3955847918987274, 0.049184419214725494, 0.04754846543073654, 0.44410908222198486, 0.56574946641922, 0.01815643347799778, 0.021027205511927605, 0.43095189332962036], "frame_21": [0.6293894648551941, 0.3955850303173065, 0.04917335510253906, 0.04753676429390907, 0.44410908222198486, 0.56574946641922, 0.01815643347799778, 0.021027205511927605, 0.42087870836257935], "frame_22": [0.629439115524292, 0.395464152097702, 0.04921095073223114, 0.047530703246593475, 0.44410908222198486, 0.56574946641922, 0.01815643347799778, 0.021027205511927605, 0.5515615344047546], "frame_23": [0.629482626914978, 0.3954656720161438, 0.049263931810855865, 0.04747072979807854, 0.44410908222198486, 0.56574946641922, 0.01815643347799778, 0.021027205511927605, 0.38536566495895386], "frame_24": [0.6291539072990417, 0.3957943022251129, 0.048996903002262115, 0.0480889230966568, 0.44410908222198486, 0.56574946641922, 0.01815643347799778, 0.021027205511927605, 0.5004805326461792], "frame_25": [0.6291777491569519, 0.3958258628845215, 0.04909341782331467, 0.048114776611328125, 0.44410908222198486, 0.56574946641922, 0.01815643347799778, 0.021027205511927605, 0.6503880620002747], "frame_26": [0.6291825771331787, 0.3958253562450409, 0.04912740737199783, 0.048087310045957565, 0.44410908222198486, 0.56574946641922, 0.01815643347799778, 0.021027205511927605, 0.7863510847091675], "frame_27": [0.6291656494140625, 0.39581260085105896, 0.04899495467543602, 0.048127830028533936, 0.44410908222198486, 0.56574946641922, 0.01815643347799778, 0.021027205511927605, 0.9594641327857971], "frame_28": [0.6291112899780273, 0.39589861035346985, 0.04897405952215195, 0.04824791103601456, 0.44410908222198486, 0.56574946641922, 0.01815643347799778, 0.021027205511927605, 0.8610930442810059], "frame_29": [0.6291252970695496, 0.3959072530269623, 0.049041748046875, 0.04825303703546524, 0.44410908222198486, 0.56574946641922, 0.01815643347799778, 0.021027205511927605, 0.9649602174758911], "frame_30": [0.629230260848999, 0.39574676752090454, 0.049118805676698685, 0.04837324470281601, 0.44410908222198486, 0.56574946641922, 0.01815643347799778, 0.021027205511927605, 0.9990197420120239], "frame_31": [0.6291937828063965, 0.3958129584789276, 0.04901055246591568, 0.04833408072590828, 0.44410908222198486, 0.56574946641922, 0.01815643347799778, 0.021027205511927605, 0.9834766983985901], "frame_32": [0.6292392015457153, 0.39585959911346436, 0.04897880554199219, 0.04822858050465584, 0.47947895526885986, 0.4046199321746826, 0.020820531994104385, 0.023330392315983772, 0.8934475779533386], "frame_33": [0.6292415857315063, 0.3958725929260254, 0.04901258647441864, 0.04832148924469948, 0.4896099865436554, 0.3930780589580536, 0.022077348083257675, 0.0256356131285429, 0.9248009324073792], "frame_34": [0.6292737126350403, 0.39592301845550537, 0.049202557653188705, 0.04838913679122925, 0.4967961609363556, 0.3839753568172455, 0.01936645433306694, 0.02449188195168972, 0.8644667863845825], "frame_35": [0.6292759776115417, 0.39592334628105164, 0.04915449395775795, 0.048343319445848465, 0.5037851333618164, 0.37607380747795105, 0.021148469299077988, 0.024213960394263268, 0.8675902485847473], "frame_36": [0.6293485760688782, 0.39595064520835876, 0.04941385239362717, 0.04828571900725365, 0.510832667350769, 0.36972129344940186, 0.020445844158530235, 0.026628749445080757, 0.6501464247703552], "frame_37": [0.6292511820793152, 0.3959081768989563, 0.04923112690448761, 0.0483388677239418, 0.5181387066841125, 0.36330410838127136, 0.021421177312731743, 0.025441741570830345, 0.7956503033638], "frame_38": [0.629202663898468, 0.39586377143859863, 0.04914398118853569, 0.04823099821805954, 0.5247557759284973, 0.3608771860599518, 0.02292175218462944, 0.02497253380715847, 0.7476081252098083], "frame_39": [0.6292045712471008, 0.39582452178001404, 0.04907264560461044, 0.04818946123123169, 0.5330213904380798, 0.3560972511768341, 0.022901790216565132, 0.023420419543981552, 0.7735802531242371],