{"frame_0": [0.6296033263206482, 0.39542821049690247, 0.04909231513738632, 0.049883607774972916, 0.7252007126808167, 0.4620233178138733, 0.023626962676644325, 0.026861360296607018, 0.9900451302528381], "frame_1": [0.629608154296875, 0.3953850269317627, 0.049201034009456635, 0.049037422984838486, 0.6601796746253967, 0.6746241450309753, 0.027640236541628838, 0.029391860589385033, 0.9796457290649414], "frame_2": [0.6296190619468689, 0.3953782916069031, 0.04922998324036598, 0.04913368076086044, 0.6552459001541138, 0.6608262062072754, 0.030092408880591393, 0.03088243305683136, 0.9673959016799927], "frame_3": [0.6295956373214722, 0.3953836262226105, 0.049102697521448135, 0.04913173243403435, 0.6534191370010376, 0.6474392414093018, 0.028232956305146217, 0.03197919949889183, 0.9351491332054138], "frame_4": [0.62958163022995, 0.3953908383846283, 0.04907934367656708, 0.04913940280675888, 0.6498979926109314, 0.6365663409233093, 0.028075028210878372, 0.03248617425560951, 0.9829154014587402], "frame_5": [0.6295260190963745, 0.3953809142112732, 0.04890844598412514, 0.04912834241986275, 0.6466478109359741, 0.6254316568374634, 0.027385924011468887, 0.03387277573347092, 0.947261393070221], "frame_6": [0.6294960975646973, 0.3953838348388672, 0.04878883436322212, 0.04901834949851036, 0.6466478109359741, 0.6254316568374634, 0.027385924011468887, 0.03387277573347092, 0.967436671257019], "frame_7": [0.6295380592346191, 0.39538270235061646, 0.04883681237697601, 0.048995885998010635, 0.6466478109359741, 0.6254316568374634, 0.027385924011468887, 0.03387277573347092, 0.9779906272888184], "frame_8": [0.6295157670974731, 0.3953108787536621, 0.048957061022520065, 0.04874416068196297, 0.6466478109359741, 0.6254316568374634, 0.027385924011468887, 0.03387277573347092, 0.9700255393981934], "frame_9": [0.6295005083084106, 0.39538490772247314, 0.04892633110284805, 0.04894794896245003, 0.6466478109359741, 0.6254316568374634, 0.027385924011468887, 0.03387277573347092, 0.9502012729644775], "frame_10": [0.6295525431632996, 0.39536744356155396, 0.0492679588496685, 0.04874398931860924, 0.6466478109359741, 0.6254316568374634, 0.027385924011468887, 0.03387277573347092, 0.9994003772735596], "frame_11": [0.6295603513717651, 0.3953653872013092, 0.04937324672937393, 0.04882655665278435, 0.6466478109359741, 0.6254316568374634, 0.027385924011468887, 0.03387277573347092, 0.9601514935493469], "frame_12": [0.629815399646759, 0.39564022421836853, 0.049130842089653015, 0.048915352672338486, 0.6466478109359741, 0.6254316568374634, 0.027385924011468887, 0.03387277573347092, 0.9803317785263062], "frame_13": [0.6298522353172302, 0.39562585949897766, 0.04923133924603462, 0.048898909240961075, 0.6466478109359741, 0.6254316568374634, 0.027385924011468887, 0.03387277573347092, 0.9919344186782837], "frame_14": [0.6298386454582214, 0.3956260681152344, 0.04918840155005455, 0.04894053190946579, 0.6466478109359741, 0.6254316568374634, 0.027385924011468887, 0.03387277573347092, 0.9994481205940247], "frame_15": [0.6297782063484192, 0.3956553041934967, 0.04923820495605469, 0.048886489123106, 0.6466478109359741, 0.6254316568374634, 0.027385924011468887, 0.03387277573347092, 0.8991504311561584], "frame_16": [0.629796028137207, 0.3958083987236023, 0.04939519986510277, 0.04875780642032623, 0.6466478109359741, 0.6254316568374634, 0.027385924011468887, 0.03387277573347092, 0.9074761867523193], "frame_17": [0.6297931671142578, 0.39577874541282654, 0.049358367919921875, 0.04877489060163498, 0.6466478109359741, 0.6254316568374634, 0.027385924011468887, 0.03387277573347092, 0.865615725517273], "frame_18": [0.6297875046730042, 0.39571186900138855, 0.04930097609758377, 0.04876289516687393, 0.6466478109359741, 0.6254316568374634, 0.027385924011468887, 0.03387277573347092, 0.9584054946899414], "frame_19": [0.6298511624336243, 0.3957067131996155, 0.049382783472537994, 0.048798371106386185, 0.6466478109359741, 0.6254316568374634, 0.027385924011468887, 0.03387277573347092, 0.9672749638557434], "frame_20": [0.6298513412475586, 0.39571040868759155, 0.04938507080078125, 0.04880998283624649, 0.6466478109359741, 0.6254316568374634, 0.027385924011468887, 0.03387277573347092, 0.925437867641449], "frame_21": [0.6298545002937317, 0.39571136236190796, 0.04936731234192848, 0.04881502687931061, 0.6466478109359741, 0.6254316568374634, 0.027385924011468887, 0.03387277573347092, 0.9290983080863953], "frame_22": [0.6298390030860901, 0.3956817090511322, 0.049222733825445175, 0.04879269003868103, 0.6466478109359741, 0.6254316568374634, 0.027385924011468887, 0.03387277573347092, 0.8585953712463379], "frame_23": [0.6299017071723938, 0.39576247334480286, 0.04943444952368736, 0.04872796684503555, 0.6466478109359741, 0.6254316568374634, 0.027385924011468887, 0.03387277573347092, 0.7360923290252686], "frame_24": [0.6295019388198853, 0.3955758810043335, 0.04877713695168495, 0.04872911423444748, 0.575735867023468, 0.5424543619155884, 0.024764081463217735, 0.028185145929455757, 0.18641440570354462], "frame_25": [0.6295053362846375, 0.3955936133861542, 0.04882147163152695, 0.04877671226859093, 0.5732751488685608, 0.5291099548339844, 0.026480315253138542, 0.031393516808748245, 0.16162359714508057], "frame_26": [0.6295000910758972, 0.3956078290939331, 0.04876708984375, 0.04876153916120529, 0.5717941522598267, 0.5147727727890015, 0.02763383649289608, 0.03189866989850998, 0.2232063114643097], "frame_27": [0.6295074820518494, 0.39563512802124023, 0.04893086850643158, 0.04862598702311516, 0.5699215531349182, 0.4953767657279968, 0.02696550078690052, 0.029543092474341393, 0.16015437245368958], "frame_28": [0.6294593811035156, 0.3956742286682129, 0.048834145069122314, 0.04862891137599945, 0.5699215531349182, 0.4953767657279968, 0.02696550078690052, 0.029543092474341393, 0.2945232093334198], "frame_29": [0.6294005513191223, 0.39574378728866577, 0.0489153116941452, 0.048700034618377686, 0.5731117129325867, 0.4503871500492096, 0.02813195064663887, 0.032076645642519, 0.2399110645055771], "frame_30": [0.6295667290687561, 0.3958745002746582, 0.04887267202138901, 0.048760902136564255, 0.5763512253761292, 0.43053138256073, 0.028578948229551315, 0.030649185180664062, 0.5546168684959412], "frame_31": [0.6294397711753845, 0.39588677883148193, 0.04889505356550217, 0.048671383410692215, 0.5792023539543152, 0.4131695330142975, 0.027999114245176315, 0.032450951635837555, 0.2522338032722473], "frame_32": [0.6295615434646606, 0.39586469531059265, 0.04850379005074501, 0.048952866345644, 0.5803520083427429, 0.39639773964881897, 0.025554487481713295, 0.03182898461818695, 0.09327208250761032], "frame_33": [0.6285490393638611, 0.39630118012428284, 0.05187059938907623, 0.04912257567048073, 0.5821864008903503, 0.3812471926212311, 0.026255248114466667, 0.030750826001167297, 0.08487055450677872], "frame_34": [0.6286438703536987, 0.3960556387901306, 0.05083109438419342, 0.0487314872443676, 0.5846425890922546, 0.36847227811813354, 0.027173614129424095, 0.030287805944681168, 0.04160161316394806], "frame_35": [0.6293710470199585, 0.39606890082359314, 0.04929618909955025, 0.04842999950051308, 0.5881739854812622, 0.3568710386753082, 0.025840165093541145, 0.028950585052371025, 0.0213136225938797], "frame_36": [0.6299430131912231, 0.3958898186683655, 0.04881418123841286, 0.04838867112994194, 0.5916150808334351, 0.34511294960975647, 0.02493133582174778, 0.029353437945246696, 0.19351288676261902], "frame_37": [0.6298273801803589, 0.39578109979629517, 0.04898109287023544, 0.04853299632668495, 0.594472348690033, 0.33650660514831543, 0.024919340386986732, 0.029267607256770134, 0.10418741405010223], "frame_38": [0.6299601197242737, 0.395704060792923, 0.04875068739056587, 0.048734113574028015, 0.5966301560401917, 0.32902780175209045, 0.024365996941924095, 0.028917737305164337, 0.04796064645051956], "frame_39": [0.6300507187843323, 0.39567020535469055, 0.04879320040345192, 0.04888288676738739, 0.599109947681427, 0.32247474789619446, 0.0247650146484375, 0.029338115826249123, 0.24255777895450592],