{"frame_0": [0.6296594142913818, 0.3974730670452118, 0.04919607192277908, 0.048741064965724945, 0.36908140778541565, 0.6706576943397522, 0.027262305840849876, 0.03420371934771538, 0.8299073576927185], "frame_1": [0.6293032169342041, 0.39705801010131836, 0.04898812994360924, 0.04929246008396149, 0.36047884821891785, 0.6472161412239075, 0.028383614495396614, 0.03490180894732475, 0.8449174165725708], "frame_2": [0.6292443871498108, 0.3971298933029175, 0.04897431284189224, 0.04925719276070595, 0.3539605140686035, 0.6304721832275391, 0.027180586010217667, 0.027761247009038925, 0.8736686110496521], "frame_3": [0.6292681097984314, 0.3971852660179138, 0.0489087849855423, 0.04924621433019638, 0.3470025360584259, 0.61762535572052, 0.02515174075961113, 0.028468407690525055, 0.8024454116821289], "frame_4": [0.6292254328727722, 0.3972149193286896, 0.04890047758817673, 0.04929555207490921, 0.3470025360584259, 0.61762535572052, 0.02515174075961113, 0.028468407690525055, 0.8829272985458374], "frame_5": [0.6292182207107544, 0.39722204208374023, 0.04891073331236839, 0.04928503930568695, 0.34229767322540283, 0.5940640568733215, 0.031799741089344025, 0.03193681687116623, 0.6395280361175537], "frame_6": [0.6292130351066589, 0.3972376585006714, 0.048932649195194244, 0.04923379793763161, 0.34229767322540283, 0.5940640568733215, 0.031799741089344025, 0.03193681687116623, 0.6867260932922363], "frame_7": [0.6291953921318054, 0.3972668945789337, 0.04886949434876442, 0.0491936169564724, 0.34229767322540283, 0.5940640568733215, 0.031799741089344025, 0.03193681687116623, 0.6116709113121033], "frame_8": [0.6292296648025513, 0.39722391963005066, 0.04893896356225014, 0.04914538189768791, 0.34229767322540283, 0.5940640568733215, 0.031799741089344025, 0.03193681687116623, 0.6086002588272095], "frame_9": [0.6292857527732849, 0.3972621560096741, 0.04895515367388725, 0.049194928258657455, 0.34229767322540283, 0.5940640568733215, 0.031799741089344025, 0.03193681687116623, 0.6381856799125671], "frame_10": [0.6292710900306702, 0.3972480893135071, 0.04892052710056305, 0.04918721690773964, 0.34229767322540283, 0.5940640568733215, 0.031799741089344025, 0.03193681687116623, 0.7219542264938354], "frame_11": [0.6292232275009155, 0.397114098072052, 0.04923515394330025, 0.049113549292087555, 0.34229767322540283, 0.5940640568733215, 0.031799741089344025, 0.03193681687116623, 0.8116459846496582], "frame_12": [0.6290521621704102, 0.39704349637031555, 0.04944173991680145, 0.04945102334022522, 0.34229767322540283, 0.5940640568733215, 0.031799741089344025, 0.03193681687116623, 0.8135727643966675], "frame_13": [0.629050612449646, 0.397047758102417, 0.04946013540029526, 0.04945335537195206, 0.34229767322540283, 0.5940640568733215, 0.031799741089344025, 0.03193681687116623, 0.8465502858161926], "frame_14": [0.6290674805641174, 0.39703720808029175, 0.04950866848230362, 0.0494859479367733, 0.34229767322540283, 0.5940640568733215, 0.031799741089344025, 0.03193681687116623, 0.8142537474632263], "frame_15": [0.6290555596351624, 0.39703482389450073, 0.04958135634660721, 0.049499426037073135, 0.34229767322540283, 0.5940640568733215, 0.031799741089344025, 0.03193681687116623, 0.786549985408783], "frame_16": [0.6291189193725586, 0.39707428216934204, 0.04950523376464844, 0.04925032705068588, 0.34229767322540283, 0.5940640568733215, 0.031799741089344025, 0.03193681687116623, 0.6305336952209473], "frame_17": [0.6291334629058838, 0.39693841338157654, 0.04947759956121445, 0.0493679903447628, 0.34229767322540283, 0.5940640568733215, 0.031799741089344025, 0.03193681687116623, 0.9928334951400757], "frame_18": [0.629019021987915, 0.3969173729419708, 0.04918861389160156, 0.04937485605478287, 0.34229767322540283, 0.5940640568733215, 0.031799741089344025, 0.03193681687116623, 0.3765842616558075], "frame_19": [0.6290404796600342, 0.396956205368042, 0.04911583662033081, 0.049435339868068695, 0.34229767322540283, 0.5940640568733215, 0.031799741089344025, 0.03193681687116623, 0.46182215213775635], "frame_20": [0.6289588212966919, 0.396988183259964, 0.04925710707902908, 0.04938485845923424, 0.34229767322540283, 0.5940640568733215, 0.031799741089344025, 0.03193681687116623, 0.4084739685058594], "frame_21": [0.6287914514541626, 0.3969547152519226, 0.04944419860839844, 0.049378883093595505, 0.33099454641342163, 0.4801962971687317, 0.027522850781679153, 0.029003525152802467, 0.343595415353775], "frame_22": [0.6288011074066162, 0.39701715111732483, 0.04944131523370743, 0.04946683347225189, 0.3260992467403412, 0.47115248441696167, 0.03149519860744476, 0.031124496832489967, 0.3542180061340332], "frame_23": [0.6288447976112366, 0.3970426917076111, 0.04952820762991905, 0.04940901696681976, 0.32066869735717773, 0.46279212832450867, 0.02953662909567356, 0.030777741223573685, 0.34257814288139343], "frame_24": [0.6289912462234497, 0.3970544636249542, 0.04996604844927788, 0.049287669360637665, 0.3181862235069275, 0.4548172950744629, 0.029092449694871902, 0.03232230991125107, 0.3013792335987091], "frame_25": [0.6291483640670776, 0.3970720171928406, 0.04982168227434158, 0.04935501888394356, 0.31769809126853943, 0.44571566581726074, 0.029044002294540405, 0.03247108310461044, 0.2243535965681076], "frame_26": [0.6291322708129883, 0.3970586955547333, 0.04986267164349556, 0.04935815557837486, 0.3176746070384979, 0.4359593391418457, 0.028792530298233032, 0.032278526574373245, 0.2025325447320938], "frame_27": [0.6290842890739441, 0.3970400393009186, 0.049579620361328125, 0.049286313354969025, 0.3195655345916748, 0.4243505597114563, 0.02831592597067356, 0.0327053926885128, 0.3118691146373749], "frame_28": [0.6291062831878662, 0.39705464243888855, 0.04953545331954956, 0.04926876351237297, 0.3241172730922699, 0.4110794961452484, 0.028589969500899315, 0.03215887397527695, 0.5058627128601074], "frame_29": [0.6290762424468994, 0.39707615971565247, 0.04957296699285507, 0.04938469082117081, 0.334092378616333, 0.39248403906822205, 0.02803497388958931, 0.03159768879413605, 0.5182284116744995], "frame_30": [0.6289675235748291, 0.3970341980457306, 0.04993078485131264, 0.049329884350299835, 0.3458957374095917, 0.3725218176841736, 0.02613404579460621, 0.03211097791790962, 0.7698800563812256], "frame_31": [0.6290130019187927, 0.39704403281211853, 0.05011999234557152, 0.049350228160619736, 0.3574692904949188, 0.35452163219451904, 0.0268435999751091, 0.029427338391542435, 0.7747464776039124], "frame_32": [0.6290299296379089, 0.39704933762550354, 0.050217267125844955, 0.049339886754751205, 0.3694019317626953, 0.3400254249572754, 0.03168334811925888, 0.031175317242741585, 0.8196313977241516], "frame_33": [0.6289928555488586, 0.39704158902168274, 0.050240326672792435, 0.04927236586809158, 0.3827608823776245, 0.32402804493904114, 0.028678299859166145, 0.028956562280654907, 0.8075815439224243], "frame_34": [0.6290138363838196, 0.39702799916267395, 0.05024604871869087, 0.049260035157203674, 0.39436739683151245, 0.3116321265697479, 0.03148443251848221, 0.02909136936068535, 0.7868012189865112], "frame_35": [0.6290399432182312, 0.39699360728263855, 0.05032234266400337, 0.04936917498707771, 0.4060404598712921, 0.3011418581008911, 0.027908707037568092, 0.030041228979825974, 0.7772514820098877], "frame_36": [0.6288759708404541, 0.39695578813552856, 0.04979803413152695, 0.04949828237295151, 0.41730910539627075, 0.29015272855758667, 0.02918395958840847, 0.029731325805187225, 0.7852014899253845], "frame_37": [0.6288884282112122, 0.39693501591682434, 0.049786970019340515, 0.0493716336786747, 0.4273971617221832, 0.2827795743942261, 0.029602644965052605, 0.029308509081602097, 0.7151214480400085], "frame_38": [0.628879189491272, 0.3970068097114563, 0.04977569729089737, 0.0494648814201355, 0.4393257200717926, 0.2760656774044037, 0.026535967364907265, 0.027407456189393997, 0.7397724390029907], "frame_39": [0.6287647485733032, 0.3970192074775696, 0.04970720037817955, 0.04937324672937393, 0.45020827651023865, 0.27037182450294495, 0.025202857330441475, 0.02838745154440403, 0.7423893809318542],