{"frame_0": [0.5073936581611633, 0.4043993651866913, 0.044390782713890076, 0.046199798583984375, 0.4560948610305786, 0.4749056398868561, 0.021744918078184128, 0.023459075018763542, 0.6372776627540588], "frame_1": [0.5072757005691528, 0.4042631685733795, 0.04425947368144989, 0.04581604152917862, 0.4560948610305786, 0.4749056398868561, 0.021744918078184128, 0.023459075018763542, 0.6547845005989075], "frame_2": [0.5070624351501465, 0.4041491150856018, 0.04385575279593468, 0.04547174274921417, 0.4560948610305786, 0.4749056398868561, 0.021744918078184128, 0.023459075018763542, 0.6697505116462708], "frame_3": [0.5068890452384949, 0.40424537658691406, 0.0437639020383358, 0.045410070568323135, 0.4560948610305786, 0.4749056398868561, 0.021744918078184128, 0.023459075018763542, 0.600559413433075], "frame_4": [0.5068977475166321, 0.40424782037734985, 0.043811120092868805, 0.04543914645910263, 0.4560948610305786, 0.4749056398868561, 0.021744918078184128, 0.023459075018763542, 0.5570077300071716], "frame_5": [0.5069424510002136, 0.40431272983551025, 0.043923188000917435, 0.04546453803777695, 0.4560948610305786, 0.4749056398868561, 0.021744918078184128, 0.023459075018763542, 0.5346625447273254], "frame_6": [0.5069782137870789, 0.4042932391166687, 0.043979816138744354, 0.04541223496198654, 0.4560948610305786, 0.4749056398868561, 0.021744918078184128, 0.023459075018763542, 0.5675196647644043], "frame_7": [0.5069044232368469, 0.40428444743156433, 0.04402834549546242, 0.045331235975027084, 0.573306679725647, 0.5713911056518555, 0.01849229633808136, 0.025392023846507072, 0.5623569488525391], "frame_8": [0.5072689652442932, 0.40428611636161804, 0.044574566185474396, 0.04522421211004257, 0.573306679725647, 0.5713911056518555, 0.01849229633808136, 0.025392023846507072, 0.5784633755683899], "frame_9": [0.5073858499526978, 0.40428221225738525, 0.04474923759698868, 0.04508815333247185, 0.573306679725647, 0.5713911056518555, 0.01849229633808136, 0.025392023846507072, 0.5390752553939819], "frame_10": [0.5074411034584045, 0.4042271077632904, 0.04482841491699219, 0.04484456405043602, 0.563517689704895, 0.5642980933189392, 0.02179938368499279, 0.027124999091029167, 0.0], "frame_11": [0.5073216557502747, 0.40421557426452637, 0.04486647620797157, 0.04513939842581749, 0.563517689704895, 0.5642980933189392, 0.02179938368499279, 0.027124999091029167, 0.0], "frame_12": [0.507862389087677, 0.4042787253856659, 0.045442115515470505, 0.04568672180175781, 0.563517689704895, 0.5642980933189392, 0.02179938368499279, 0.027124999091029167, 0.4206988513469696], "frame_13": [0.5078418850898743, 0.40424689650535583, 0.045355308800935745, 0.04564497247338295, 0.563517689704895, 0.5642980933189392, 0.02179938368499279, 0.027124999091029167, 0.4935958683490753], "frame_14": [0.5078125, 0.40432849526405334, 0.04536475986242294, 0.045814599841833115, 0.563517689704895, 0.5642980933189392, 0.02179938368499279, 0.027124999091029167, 0.0], "frame_15": [0.5075697898864746, 0.40441641211509705, 0.04512502998113632, 0.04591178894042969, 0.563517689704895, 0.5642980933189392, 0.02179938368499279, 0.027124999091029167, 0.4590557813644409], "frame_16": [0.507577121257782, 0.40446048974990845, 0.045101843774318695, 0.04599694162607193, 0.5541269183158875, 0.5067766904830933, 0.024863984435796738, 0.023698128759860992, 0.47427502274513245], "frame_17": [0.5077266693115234, 0.4044295847415924, 0.045426346361637115, 0.045950911939144135, 0.555720865726471, 0.4996916949748993, 0.0242173932492733, 0.027972709387540817, 0.48728564381599426], "frame_18": [0.5076497197151184, 0.40441545844078064, 0.04535149410367012, 0.04589653015136719, 0.5589155554771423, 0.49653345346450806, 0.029894553124904633, 0.02908172644674778, 0.5289193987846375], "frame_19": [0.5074666142463684, 0.40437549352645874, 0.04495391994714737, 0.045878008008003235, 0.5598437786102295, 0.49481967091560364, 0.03371705114841461, 0.0315161794424057, 0.5232464075088501], "frame_20": [0.5074764490127563, 0.40439698100090027, 0.04492645338177681, 0.04586304724216461, 0.5581506490707397, 0.4916287362575531, 0.03281194716691971, 0.03083258680999279, 0.6281847357749939], "frame_21": [0.5074896216392517, 0.4044007956981659, 0.04501236975193024, 0.04588262736797333, 0.556193470954895, 0.48809534311294556, 0.03263435512781143, 0.030016539618372917, 0.6480003595352173], "frame_22": [0.5076585412025452, 0.40445780754089355, 0.045224763453006744, 0.04598218947649002, 0.5547530055046082, 0.4871290326118469, 0.03314543887972832, 0.03185539320111275, 0.6476137638092041], "frame_23": [0.5076068043708801, 0.4042821228504181, 0.04502105712890625, 0.04558736830949783, 0.5530554056167603, 0.4839417040348053, 0.0329175740480423, 0.02977667935192585, 0.5657615065574646], "frame_24": [0.5077918767929077, 0.40437960624694824, 0.04538574069738388, 0.045858003199100494, 0.5510191917419434, 0.4808169901371002, 0.03203612565994263, 0.027342308312654495, 0.6333652138710022], "frame_25": [0.5077739357948303, 0.4044177234172821, 0.04538612440228462, 0.04594879224896431, 0.5487613677978516, 0.47881758213043213, 0.031172772869467735, 0.03157166391611099, 0.6975836753845215], "frame_26": [0.5077791213989258, 0.40441614389419556, 0.045334625989198685, 0.04589856415987015, 0.5474771857261658, 0.47238242626190186, 0.030756590887904167, 0.027547072619199753, 0.6973775625228882], "frame_27": [0.5075237154960632, 0.40428975224494934, 0.044904328882694244, 0.04567587003111839, 0.546417236328125, 0.46456179022789, 0.029549026861786842, 0.027836989611387253, 0.7426698207855225], "frame_28": [0.5075286030769348, 0.40425992012023926, 0.0449022501707077, 0.045657094568014145, 0.5450426936149597, 0.45266807079315186, 0.03014916367828846, 0.02983228862285614, 0.778854489326477], "frame_29": [0.5076519250869751, 0.40398839116096497, 0.045337848365306854, 0.04543334245681763, 0.5451882481575012, 0.439535528421402, 0.029194047674536705, 0.02982855960726738, 0.9900555610656738], "frame_30": [0.507158637046814, 0.4038171172142029, 0.04435136541724205, 0.045603856444358826, 0.5450853705406189, 0.4200415015220642, 0.027876663953065872, 0.028067991137504578, 0.8961392641067505], "frame_31": [0.507868766784668, 0.4041845202445984, 0.04589996486902237, 0.045734405517578125, 0.5438123941421509, 0.3975312113761902, 0.026276525110006332, 0.027401521801948547, 0.9512120485305786], "frame_32": [0.5111762285232544, 0.4044386148452759, 0.05346319451928139, 0.04574640095233917, 0.5426530838012695, 0.3768790662288666, 0.028128433972597122, 0.03014356829226017, 0.8315709233283997], "frame_33": [0.5089318156242371, 0.40520256757736206, 0.04834764450788498, 0.04651688411831856, 0.5421624183654785, 0.3576289713382721, 0.027238082140684128, 0.02773015759885311, 0.9894431829452515], "frame_34": [0.50811368227005, 0.405007928609848, 0.04666311293840408, 0.04688801243901253, 0.5414332151412964, 0.3403986096382141, 0.027196502313017845, 0.027258215472102165, 0.956416130065918], "frame_35": [0.5077024102210999, 0.40495961904525757, 0.04572266340255737, 0.04693955183029175, 0.5406568646430969, 0.32593023777008057, 0.027196969836950302, 0.02727203443646431, 0.9022619724273682], "frame_36": [0.5076043009757996, 0.4038758873939514, 0.04595069959759712, 0.045055389404296875, 0.5399376749992371, 0.311227947473526, 0.02506273053586483, 0.02781490795314312, 0.9703532457351685], "frame_37": [0.5077944993972778, 0.40405213832855225, 0.04625244066119194, 0.04562509432435036, 0.5393432378768921, 0.2980610728263855, 0.02581329271197319, 0.029179997742176056, 0.8847537636756897], "frame_38": [0.5076708793640137, 0.4039265811443329, 0.045989990234375, 0.04540892690420151, 0.5391365885734558, 0.28651753067970276, 0.02748582698404789, 0.02765045128762722, 0.8898102045059204], "frame_39": [0.5081775188446045, 0.4038052558898926, 0.04696625471115112, 0.04524705559015274, 0.5385555028915405, 0.2775038778781891, 0.02661760151386261, 0.027376238256692886, 0.8896751403808594],