{"frame_0": [0.6309762001037598, 0.39753061532974243, 0.050524309277534485, 0.04861416295170784, 0.3341849446296692, 0.5377062559127808, 0.026388019323349, 0.027313020080327988, 0.6706061363220215], "frame_1": [0.6303433179855347, 0.3971996605396271, 0.05057118833065033, 0.04920298233628273, 0.3341849446296692, 0.5377062559127808, 0.026388019323349, 0.027313020080327988, 0.8111588358879089], "frame_2": [0.6303176879882812, 0.397195041179657, 0.05058479309082031, 0.049216292798519135, 0.3341849446296692, 0.5377062559127808, 0.026388019323349, 0.027313020080327988, 0.6505059003829956], "frame_3": [0.6304038166999817, 0.39714401960372925, 0.05056707561016083, 0.049107275903224945, 0.3341849446296692, 0.5377062559127808, 0.026388019323349, 0.027313020080327988, 0.8112326264381409], "frame_4": [0.6303750872612, 0.39715081453323364, 0.05051850154995918, 0.04906056821346283, 0.3341849446296692, 0.5377062559127808, 0.026388019323349, 0.027313020080327988, 0.8134276866912842], "frame_5": [0.6303362250328064, 0.3971285820007324, 0.05085894092917442, 0.049170006066560745, 0.3341849446296692, 0.5377062559127808, 0.026388019323349, 0.027313020080327988, 0.8747307062149048], "frame_6": [0.6303352117538452, 0.3971518576145172, 0.05072212219238281, 0.04914317652583122, 0.3341849446296692, 0.5377062559127808, 0.026388019323349, 0.027313020080327988, 0.9138498902320862], "frame_7": [0.6303375959396362, 0.3971429467201233, 0.050691306591033936, 0.04912435635924339, 0.3341849446296692, 0.5377062559127808, 0.026388019323349, 0.027313020080327988, 0.9761618971824646], "frame_8": [0.6305588483810425, 0.3971148729324341, 0.051248930394649506, 0.049207307398319244, 0.3341849446296692, 0.5377062559127808, 0.026388019323349, 0.027313020080327988, 0.9941787719726562], "frame_9": [0.6305383443832397, 0.3971618711948395, 0.05121023207902908, 0.049164749681949615, 0.3341849446296692, 0.5377062559127808, 0.026388019323349, 0.027313020080327988, 0.9382961392402649], "frame_10": [0.6305462121963501, 0.39716240763664246, 0.05120747908949852, 0.049162548035383224, 0.3341849446296692, 0.5377062559127808, 0.026388019323349, 0.027313020080327988, 0.9456323981285095], "frame_11": [0.6305724382400513, 0.3971759080886841, 0.05129195377230644, 0.04913245141506195, 0.3341849446296692, 0.5377062559127808, 0.026388019323349, 0.027313020080327988, 0.8943759202957153], "frame_12": [0.6304861903190613, 0.397055059671402, 0.0508565679192543, 0.04882460832595825, 0.3341849446296692, 0.5377062559127808, 0.026388019323349, 0.027313020080327988, 0.8675596117973328], "frame_13": [0.6304888129234314, 0.39703506231307983, 0.05091378837823868, 0.04875857010483742, 0.3341849446296692, 0.5377062559127808, 0.026388019323349, 0.027313020080327988, 0.8885075449943542], "frame_14": [0.63047194480896, 0.39707446098327637, 0.050788115710020065, 0.04884291812777519, 0.3341849446296692, 0.5377062559127808, 0.026388019323349, 0.027313020080327988, 0.8046134114265442], "frame_15": [0.6305303573608398, 0.39715296030044556, 0.05072381719946861, 0.04894464462995529, 0.3341849446296692, 0.5377062559127808, 0.026388019323349, 0.027313020080327988, 0.8297903537750244], "frame_16": [0.6305345296859741, 0.397180438041687, 0.05075399577617645, 0.04896668344736099, 0.3341849446296692, 0.5377062559127808, 0.026388019323349, 0.027313020080327988, 0.8227119445800781], "frame_17": [0.6305211782455444, 0.39716389775276184, 0.050763703882694244, 0.04895515367388725, 0.3341849446296692, 0.5377062559127808, 0.026388019323349, 0.027313020080327988, 0.7579013705253601], "frame_18": [0.6305445432662964, 0.39719951152801514, 0.050798796117305756, 0.04895057529211044, 0.3341849446296692, 0.5377062559127808, 0.026388019323349, 0.027313020080327988, 0.6291640996932983], "frame_19": [0.6305091977119446, 0.39718014001846313, 0.05072174221277237, 0.0489790178835392, 0.3341849446296692, 0.5377062559127808, 0.026388019323349, 0.027313020080327988, 0.5498026609420776], "frame_20": [0.6304970383644104, 0.3971622884273529, 0.050754375755786896, 0.04895549267530441, 0.23232634365558624, 0.5111477971076965, 0.02847103588283062, 0.025639554485678673, 0.5410206913948059], "frame_21": [0.6304800510406494, 0.3972018361091614, 0.0507449246942997, 0.04894646629691124, 0.2248113602399826, 0.4967949390411377, 0.03034430555999279, 0.02694719098508358, 0.5167961716651917], "frame_22": [0.6304773688316345, 0.3972110450267792, 0.05078451335430145, 0.04896609112620354, 0.2128695547580719, 0.4845353960990906, 0.02809552103281021, 0.029567930847406387, 0.47601446509361267], "frame_23": [0.6304503679275513, 0.39717093110084534, 0.0507754422724247, 0.04895634204149246, 0.20100775361061096, 0.4766142964363098, 0.028707610443234444, 0.029568396508693695, 0.4538329243659973], "frame_24": [0.6307212710380554, 0.39715057611465454, 0.05091285705566406, 0.04911469295620918, 0.19028744101524353, 0.47223249077796936, 0.030411232262849808, 0.028984155505895615, 0.45525434613227844], "frame_25": [0.6307031512260437, 0.39719247817993164, 0.05098007991909981, 0.04901593551039696, 0.19028744101524353, 0.47223249077796936, 0.030411232262849808, 0.028984155505895615, 0.37796106934547424], "frame_26": [0.6303026676177979, 0.39728647470474243, 0.05064336955547333, 0.04901330918073654, 0.19028744101524353, 0.47223249077796936, 0.030411232262849808, 0.028984155505895615, 0.4454087018966675], "frame_27": [0.6303763389587402, 0.3972007632255554, 0.05084724351763725, 0.04900042340159416, 0.19028744101524353, 0.47223249077796936, 0.030411232262849808, 0.028984155505895615, 0.4393284320831299], "frame_28": [0.6303989291191101, 0.3970935046672821, 0.05066053569316864, 0.049108125269412994, 0.19028744101524353, 0.47223249077796936, 0.030411232262849808, 0.028984155505895615, 0.4719010591506958], "frame_29": [0.6303295493125916, 0.39715415239334106, 0.050640955567359924, 0.04907188564538956, 0.17662189900875092, 0.43280547857284546, 0.026972346007823944, 0.025529775768518448, 0.5401288866996765], "frame_30": [0.6303487420082092, 0.3971187174320221, 0.05072212219238281, 0.04911994934082031, 0.18387433886528015, 0.41754916310310364, 0.025737199932336807, 0.028150685131549835, 0.5816906094551086], "frame_31": [0.6303510665893555, 0.3971143364906311, 0.05073653161525726, 0.049110837280750275, 0.19540295004844666, 0.3974463641643524, 0.026052325963974, 0.02835608646273613, 0.7714208960533142], "frame_32": [0.6303483843803406, 0.397113174200058, 0.05069923400878906, 0.04911261796951294, 0.21099315583705902, 0.37601181864738464, 0.02616981975734234, 0.028687583282589912, 0.7761275172233582], "frame_33": [0.6304622888565063, 0.39714956283569336, 0.05087720975279808, 0.04905666783452034, 0.22662509977817535, 0.3575802147388458, 0.02693854458630085, 0.02890389785170555, 0.7263575792312622], "frame_34": [0.6304138898849487, 0.3972214460372925, 0.05081888660788536, 0.04903526231646538, 0.24078796803951263, 0.3408429026603699, 0.02397662214934826, 0.0287480466067791, 0.7031962871551514], "frame_35": [0.6304239630699158, 0.3972247540950775, 0.05082664638757706, 0.04903263598680496, 0.2536570131778717, 0.3248775005340576, 0.025026511400938034, 0.02772011235356331, 0.7796658873558044], "frame_36": [0.6304524540901184, 0.3972647786140442, 0.05014055222272873, 0.048838719725608826, 0.2697925567626953, 0.31041646003723145, 0.026855764910578728, 0.03202781826257706, 0.742206871509552], "frame_37": [0.6303718686103821, 0.39729028940200806, 0.050103843212127686, 0.04885046184062958, 0.2835075259208679, 0.29697471857070923, 0.024613570421934128, 0.03018035925924778, 0.7240274548530579], "frame_38": [0.6303224563598633, 0.3973105549812317, 0.05005493015050888, 0.048843469470739365, 0.2979072630405426, 0.2850591540336609, 0.024260839447379112, 0.03116844967007637, 0.700761616230011], "frame_39": [0.6303246021270752, 0.3973155617713928, 0.05005696788430214, 0.04885554686188698, 0.3127344250679016, 0.2741607427597046, 0.025726232677698135, 0.03164168447256088, 0.7940287590026855],