{"frame_0": [0.6289770603179932, 0.39743995666503906, 0.05054342374205589, 0.04856126755475998, 0.2676640450954437, 0.6199933290481567, 0.020108137279748917, 0.024630356580018997, 0.8397180438041687], "frame_1": [0.6290611028671265, 0.39738035202026367, 0.05092519149184227, 0.04873047024011612, 0.2629270851612091, 0.6163129210472107, 0.023910649120807648, 0.027377616614103317, 0.8670514225959778], "frame_2": [0.628940999507904, 0.3971881866455078, 0.050772350281476974, 0.04858686774969101, 0.2612399160861969, 0.6151833534240723, 0.022716840729117393, 0.025689400732517242, 0.820356011390686], "frame_3": [0.6288280487060547, 0.39722445607185364, 0.050698090344667435, 0.04860009253025055, 0.2608593702316284, 0.6151605248451233, 0.02135058492422104, 0.025793245062232018, 0.8196104168891907], "frame_4": [0.6289907693862915, 0.39717531204223633, 0.05122243985533714, 0.04863501712679863, 0.26208382844924927, 0.6139610409736633, 0.021939171478152275, 0.025697920471429825, 0.8035080432891846], "frame_5": [0.6289419531822205, 0.39721426367759705, 0.0510430671274662, 0.04866400733590126, 0.2640339732170105, 0.611491322517395, 0.02108105644583702, 0.024088500067591667, 0.7619706988334656], "frame_6": [0.6288312077522278, 0.39727744460105896, 0.050720978528261185, 0.048697661608457565, 0.2656676173210144, 0.6067528128623962, 0.020865250378847122, 0.024713050574064255, 0.7874228954315186], "frame_7": [0.6285978555679321, 0.39735886454582214, 0.04995375871658325, 0.04895973205566406, 0.26703178882598877, 0.6025193333625793, 0.022064654156565666, 0.023043442517518997, 0.8092446327209473], "frame_8": [0.6285985112190247, 0.3973560035228729, 0.05001068115234375, 0.04889831691980362, 0.2706473469734192, 0.5965548753738403, 0.01968025602400303, 0.022366248071193695, 0.7881816029548645], "frame_9": [0.6284921169281006, 0.397304505109787, 0.04970855638384819, 0.04891662672162056, 0.2746252417564392, 0.5916711688041687, 0.020078955218195915, 0.022439956665039062, 0.8038975596427917], "frame_10": [0.6285415887832642, 0.3972465991973877, 0.04984385147690773, 0.04882795363664627, 0.27956637740135193, 0.5860493183135986, 0.018404092639684677, 0.019864484667778015, 0.7741459012031555], "frame_11": [0.6286325454711914, 0.39726588129997253, 0.05007218196988106, 0.04881612956523895, 0.2866043150424957, 0.5801337361335754, 0.019182883203029633, 0.021192550659179688, 0.8225255608558655], "frame_12": [0.6289743781089783, 0.39696523547172546, 0.05050506442785263, 0.048697154968976974, 0.29414230585098267, 0.571907103061676, 0.01954936981201172, 0.019992828369140625, 0.8105160593986511], "frame_13": [0.6289772391319275, 0.3969767987728119, 0.05051642656326294, 0.048712752759456635, 0.30077022314071655, 0.5612046122550964, 0.020077938213944435, 0.0197770856320858, 0.7476983666419983], "frame_14": [0.6289921402931213, 0.3969724774360657, 0.050483111292123795, 0.04873254522681236, 0.30077022314071655, 0.5612046122550964, 0.020077938213944435, 0.0197770856320858, 0.7530283331871033], "frame_15": [0.6289374232292175, 0.39701393246650696, 0.05046789348125458, 0.04871398210525513, 0.30077022314071655, 0.5612046122550964, 0.020077938213944435, 0.0197770856320858, 0.6835970282554626], "frame_16": [0.6289136409759521, 0.3970293700695038, 0.050516508519649506, 0.048610687255859375, 0.30077022314071655, 0.5612046122550964, 0.020077938213944435, 0.0197770856320858, 0.7980884313583374], "frame_17": [0.6288779973983765, 0.3970417380332947, 0.05042165145277977, 0.04859089478850365, 0.30077022314071655, 0.5612046122550964, 0.020077938213944435, 0.0197770856320858, 0.8193895816802979], "frame_18": [0.6288876533508301, 0.3970189392566681, 0.050528548657894135, 0.04853333532810211, 0.30077022314071655, 0.5612046122550964, 0.020077938213944435, 0.0197770856320858, 0.8096018433570862], "frame_19": [0.6289249658584595, 0.3969752788543701, 0.050551604479551315, 0.048521507531404495, 0.30077022314071655, 0.5612046122550964, 0.020077938213944435, 0.0197770856320858, 0.8336480855941772], "frame_20": [0.6289145350456238, 0.39700570702552795, 0.05064964294433594, 0.0484900139272213, 0.30077022314071655, 0.5612046122550964, 0.020077938213944435, 0.0197770856320858, 0.7686651945114136], "frame_21": [0.6289030909538269, 0.3970452547073364, 0.0506465919315815, 0.04858703538775444, 0.30077022314071655, 0.5612046122550964, 0.020077938213944435, 0.0197770856320858, 0.7461687326431274], "frame_22": [0.6288466453552246, 0.39699843525886536, 0.050542451441287994, 0.04851290211081505, 0.30077022314071655, 0.5612046122550964, 0.020077938213944435, 0.0197770856320858, 0.643366277217865], "frame_23": [0.6288018226623535, 0.39716050028800964, 0.05043657124042511, 0.048742931336164474, 0.30077022314071655, 0.5612046122550964, 0.020077938213944435, 0.0197770856320858, 0.6687416434288025], "frame_24": [0.6287165284156799, 0.39709460735321045, 0.05014923959970474, 0.04864468052983284, 0.30077022314071655, 0.5612046122550964, 0.020077938213944435, 0.0197770856320858, 0.7438007593154907], "frame_25": [0.6287115216255188, 0.3971259593963623, 0.05011617764830589, 0.04867994412779808, 0.30077022314071655, 0.5612046122550964, 0.020077938213944435, 0.0197770856320858, 0.7469801306724548], "frame_26": [0.6287233233451843, 0.39703768491744995, 0.050218962132930756, 0.04857919365167618, 0.30077022314071655, 0.5612046122550964, 0.020077938213944435, 0.0197770856320858, 0.8155579566955566], "frame_27": [0.62868332862854, 0.39705565571784973, 0.05021459609270096, 0.04861263558268547, 0.30077022314071655, 0.5612046122550964, 0.020077938213944435, 0.0197770856320858, 0.9006271958351135], "frame_28": [0.6286828517913818, 0.3970508873462677, 0.05023011192679405, 0.04859631881117821, 0.30077022314071655, 0.5612046122550964, 0.020077938213944435, 0.0197770856320858, 0.8439980149269104], "frame_29": [0.6286469101905823, 0.39710599184036255, 0.05023612827062607, 0.04870923236012459, 0.30077022314071655, 0.5612046122550964, 0.020077938213944435, 0.0197770856320858, 0.8600232601165771], "frame_30": [0.6286554336547852, 0.39712852239608765, 0.05030776187777519, 0.048763953149318695, 0.31093841791152954, 0.3733091652393341, 0.024336963891983032, 0.028786340728402138, 0.8747667074203491], "frame_31": [0.6287288069725037, 0.3971043825149536, 0.0503099225461483, 0.04871406406164169, 0.31093841791152954, 0.3733091652393341, 0.024336963891983032, 0.028786340728402138, 0.8503106832504272], "frame_32": [0.6287468075752258, 0.39711230993270874, 0.05027788132429123, 0.04874267429113388, 0.31093841791152954, 0.3733091652393341, 0.024336963891983032, 0.028786340728402138, 0.9739730358123779], "frame_33": [0.6287969946861267, 0.3970945477485657, 0.05037897080183029, 0.04870626702904701, 0.3450108766555786, 0.3394964337348938, 0.021807756274938583, 0.023138681426644325, 0.98231041431427], "frame_34": [0.628710925579071, 0.3971216082572937, 0.05029619112610817, 0.04872339218854904, 0.3563629984855652, 0.33097314834594727, 0.021201493218541145, 0.024697938933968544, 0.9951665997505188], "frame_35": [0.6287268996238708, 0.3970717489719391, 0.05034887418150902, 0.048725128173828125, 0.3691394329071045, 0.3219480514526367, 0.02040337398648262, 0.023863304406404495, 0.9771867394447327], "frame_36": [0.6288216710090637, 0.39726340770721436, 0.0506465919315815, 0.04866939038038254, 0.3797551989555359, 0.31423768401145935, 0.0245530866086483, 0.0245213620364666, 0.9877845048904419], "frame_37": [0.6288184523582458, 0.3972788453102112, 0.05071983486413956, 0.04869770631194115, 0.3797551989555359, 0.31423768401145935, 0.0245530866086483, 0.0245213620364666, 0.9574176669120789], "frame_38": [0.6288293600082397, 0.39727866649627686, 0.0507616251707077, 0.0487433522939682, 0.40614402294158936, 0.30090412497520447, 0.018558884039521217, 0.021509170532226562, 0.8511030077934265], "frame_39": [0.6288703083992004, 0.39728063344955444, 0.05098169296979904, 0.04878319799900055, 0.4170105457305908, 0.297723650932312, 0.02161102369427681, 0.025452803820371628, 0.8107195496559143],