{"frame_0": [0.6305090188980103, 0.39656826853752136, 0.0501699224114418, 0.049412623047828674, 0.5496572852134705, 0.42995530366897583, 0.019199583679437637, 0.02341749332845211, 0.40869051218032837], "frame_1": [0.6300032734870911, 0.3965509235858917, 0.05061463266611099, 0.04912461340427399, 0.2259337604045868, 0.5680941343307495, 0.02573786862194538, 0.028456581756472588, 0.508472204208374], "frame_2": [0.6300424337387085, 0.396539568901062, 0.05059013515710831, 0.04910028353333473, 0.22854529321193695, 0.5689500570297241, 0.02591313235461712, 0.027921846136450768, 0.568722128868103], "frame_3": [0.6300660967826843, 0.3965287208557129, 0.05077819898724556, 0.04911834001541138, 0.23223361372947693, 0.5719115138053894, 0.027083247900009155, 0.02831726148724556, 0.5764378905296326], "frame_4": [0.6298789381980896, 0.39656659960746765, 0.0501241460442543, 0.0490088127553463, 0.2361563742160797, 0.5751851201057434, 0.02606745809316635, 0.028119659051299095, 0.6291995048522949], "frame_5": [0.6299455165863037, 0.39661329984664917, 0.05045204237103462, 0.04904408007860184, 0.2383226454257965, 0.5793328881263733, 0.025579070672392845, 0.027668634429574013, 0.624548077583313], "frame_6": [0.6299296617507935, 0.3966566324234009, 0.05044013261795044, 0.04913698881864548, 0.23962292075157166, 0.5832160115242004, 0.02519904263317585, 0.02765502966940403, 0.6203296780586243], "frame_7": [0.6299884915351868, 0.39676597714424133, 0.05052405595779419, 0.04924159497022629, 0.24243083596229553, 0.5866829752922058, 0.0248552318662405, 0.026275634765625, 0.7271802425384521], "frame_8": [0.629989504814148, 0.3967532217502594, 0.050267793238162994, 0.04925774410367012, 0.24538587033748627, 0.5893874168395996, 0.023584216833114624, 0.024426819756627083, 0.7997094392776489], "frame_9": [0.6299917697906494, 0.3968053162097931, 0.05039728060364723, 0.0493258573114872, 0.24863654375076294, 0.5899378657341003, 0.02417430840432644, 0.024618742987513542, 0.7504540085792542], "frame_10": [0.6299173831939697, 0.39677107334136963, 0.05074823275208473, 0.049300555139780045, 0.25189444422721863, 0.5896511077880859, 0.023989105597138405, 0.024123381823301315, 0.8202300667762756], "frame_11": [0.6300106644630432, 0.39675912261009216, 0.050985462963581085, 0.04924710467457771, 0.2556806206703186, 0.5867831110954285, 0.022591019049286842, 0.023669814690947533, 0.8224295377731323], "frame_12": [0.6300233602523804, 0.39700496196746826, 0.05019683763384819, 0.04946395009756088, 0.2587786912918091, 0.5826205611228943, 0.022369956597685814, 0.02439337782561779, 0.8113235235214233], "frame_13": [0.6300328373908997, 0.3970036804676056, 0.050185225903987885, 0.04946937412023544, 0.2638518810272217, 0.5782067775726318, 0.02249942347407341, 0.024067137390375137, 0.8330458402633667], "frame_14": [0.6300758123397827, 0.3970111012458801, 0.05034620314836502, 0.049479249864816666, 0.268591046333313, 0.5715089440345764, 0.022300487384200096, 0.023951254785060883, 0.8063669800758362], "frame_15": [0.6300885081291199, 0.39701926708221436, 0.05039655789732933, 0.049491796642541885, 0.268591046333313, 0.5715089440345764, 0.022300487384200096, 0.023951254785060883, 0.8678581714630127], "frame_16": [0.6300148963928223, 0.396956205368042, 0.05025223642587662, 0.04940113425254822, 0.27894020080566406, 0.5483664870262146, 0.021452076733112335, 0.023471662774682045, 0.8761388659477234], "frame_17": [0.6300258040428162, 0.3969419598579407, 0.05020027235150337, 0.04939774423837662, 0.27894020080566406, 0.5483664870262146, 0.021452076733112335, 0.023471662774682045, 0.7607412934303284], "frame_18": [0.6299743056297302, 0.396928995847702, 0.05007574334740639, 0.04943131282925606, 0.27894020080566406, 0.5483664870262146, 0.021452076733112335, 0.023471662774682045, 0.7703229784965515], "frame_19": [0.6299957036972046, 0.39693257212638855, 0.050161827355623245, 0.049454666674137115, 0.27894020080566406, 0.5483664870262146, 0.021452076733112335, 0.023471662774682045, 0.7207839488983154], "frame_20": [0.6299113631248474, 0.39693111181259155, 0.050040435045957565, 0.04940774664282799, 0.27894020080566406, 0.5483664870262146, 0.021452076733112335, 0.023471662774682045, 0.7628310322761536], "frame_21": [0.6299152374267578, 0.39691510796546936, 0.050095196813344955, 0.049436189234256744, 0.27894020080566406, 0.5483664870262146, 0.021452076733112335, 0.023471662774682045, 0.7186794281005859], "frame_22": [0.629967987537384, 0.3969196677207947, 0.050193194299936295, 0.04944852367043495, 0.27894020080566406, 0.5483664870262146, 0.021452076733112335, 0.023471662774682045, 0.5941423773765564], "frame_23": [0.6300813555717468, 0.3969224691390991, 0.05008413642644882, 0.04936671629548073, 0.27894020080566406, 0.5483664870262146, 0.021452076733112335, 0.023471662774682045, 0.6522430181503296], "frame_24": [0.6301541924476624, 0.3969075381755829, 0.05040168762207031, 0.04929453507065773, 0.27894020080566406, 0.5483664870262146, 0.021452076733112335, 0.023471662774682045, 0.675655722618103], "frame_25": [0.6301604509353638, 0.39689645171165466, 0.05042288079857826, 0.0492611788213253, 0.27894020080566406, 0.5483664870262146, 0.021452076733112335, 0.023471662774682045, 0.6696001291275024], "frame_26": [0.630100429058075, 0.396921843290329, 0.050374604761600494, 0.049229346215724945, 0.27894020080566406, 0.5483664870262146, 0.021452076733112335, 0.023471662774682045, 0.6789948344230652], "frame_27": [0.6301723718643188, 0.3969052731990814, 0.05045793205499649, 0.049156952649354935, 0.27894020080566406, 0.5483664870262146, 0.021452076733112335, 0.023471662774682045, 0.6903846859931946], "frame_28": [0.6301602721214294, 0.39691054821014404, 0.05048798397183418, 0.04916754737496376, 0.27894020080566406, 0.5483664870262146, 0.021452076733112335, 0.023471662774682045, 0.5871394276618958], "frame_29": [0.6301006078720093, 0.3968336284160614, 0.05033836513757706, 0.04905204847455025, 0.27894020080566406, 0.5483664870262146, 0.021452076733112335, 0.023471662774682045, 0.643077552318573], "frame_30": [0.6301227807998657, 0.39686933159828186, 0.050357647240161896, 0.049151357263326645, 0.2582078278064728, 0.39643019437789917, 0.024444008246064186, 0.028063032776117325, 0.7351320385932922], "frame_31": [0.6301935911178589, 0.396902471780777, 0.05059051513671875, 0.04922023415565491, 0.27311086654663086, 0.38159433007240295, 0.02734919637441635, 0.02759450301527977, 0.7020517587661743], "frame_32": [0.630226731300354, 0.3968546688556671, 0.05064565688371658, 0.0491393618285656, 0.28740328550338745, 0.3682389259338379, 0.024531640112400055, 0.026762474328279495, 0.7062323689460754], "frame_33": [0.6302667260169983, 0.39684897661209106, 0.05076391249895096, 0.04919624328613281, 0.3015531897544861, 0.35603824257850647, 0.023975754156708717, 0.02557864785194397, 0.7231267690658569], "frame_34": [0.6302640438079834, 0.396844744682312, 0.05080604553222656, 0.04921429976820946, 0.3172600567340851, 0.34329333901405334, 0.022875700145959854, 0.02563900500535965, 0.6711785197257996], "frame_35": [0.6302775740623474, 0.3968372642993927, 0.05086975172162056, 0.04918013513088226, 0.3295685648918152, 0.33546289801597595, 0.02517329342663288, 0.027898894622921944, 0.6617633700370789], "frame_36": [0.6300560235977173, 0.39683613181114197, 0.05056050792336464, 0.04922417551279068, 0.3445272743701935, 0.32597219944000244, 0.024927033111453056, 0.02535434253513813, 0.6718021631240845], "frame_37": [0.629953920841217, 0.3968992531299591, 0.05064582824707031, 0.04926694184541702, 0.3598898947238922, 0.31910815834999084, 0.02135077491402626, 0.023757891729474068, 0.705775260925293], "frame_38": [0.6299943923950195, 0.39684051275253296, 0.050656892359256744, 0.04924791306257248, 0.373606413602829, 0.31108033657073975, 0.02398308739066124, 0.027456093579530716, 0.6407619118690491],