{"frame_0": [0.5088740587234497, 0.40572306513786316, 0.04627037048339844, 0.04742512106895447, 0.4624561667442322, 0.5746120810508728, 0.019637128338217735, 0.02487776055932045, 0.8449508547782898], "frame_1": [0.5087226033210754, 0.40575510263442993, 0.04586160555481911, 0.04699380695819855, 0.45685386657714844, 0.5723980069160461, 0.020809173583984375, 0.026424577459692955, 0.7631155848503113], "frame_2": [0.5087705850601196, 0.40590721368789673, 0.04568273574113846, 0.04711151123046875, 0.4530866742134094, 0.5697519779205322, 0.020009994506835938, 0.026375282555818558, 0.9249717593193054], "frame_3": [0.50873863697052, 0.4057922065258026, 0.04561051353812218, 0.046912215650081635, 0.4530866742134094, 0.5697519779205322, 0.020009994506835938, 0.026375282555818558, 0.8549432754516602], "frame_4": [0.5087717771530151, 0.4057614207267761, 0.04552718251943588, 0.046898819506168365, 0.4530866742134094, 0.5697519779205322, 0.020009994506835938, 0.026375282555818558, 0.7552621960639954], "frame_5": [0.5087718367576599, 0.4057287573814392, 0.0455501563847065, 0.04687614366412163, 0.4530866742134094, 0.5697519779205322, 0.020009994506835938, 0.026375282555818558, 0.7099723219871521], "frame_6": [0.5087375044822693, 0.4057217836380005, 0.04551353305578232, 0.04681070148944855, 0.4530866742134094, 0.5697519779205322, 0.020009994506835938, 0.026375282555818558, 0.755229115486145], "frame_7": [0.5086812376976013, 0.4057168662548065, 0.04542122036218643, 0.04680146276950836, 0.4530866742134094, 0.5697519779205322, 0.020009994506835938, 0.026375282555818558, 0.12965859472751617], "frame_8": [0.5086604952812195, 0.4056767225265503, 0.045377179980278015, 0.04669342190027237, 0.4530866742134094, 0.5697519779205322, 0.020009994506835938, 0.026375282555818558, 0.13607379794120789], "frame_9": [0.5086573958396912, 0.40569865703582764, 0.045318603515625, 0.04673177748918533, 0.4530866742134094, 0.5697519779205322, 0.020009994506835938, 0.026375282555818558, 0.13992978632450104], "frame_10": [0.5085959434509277, 0.40570229291915894, 0.04517928138375282, 0.04670524597167969, 0.4530866742134094, 0.5697519779205322, 0.020009994506835938, 0.026375282555818558, 0.4080725312232971], "frame_11": [0.5086306929588318, 0.4057268798351288, 0.0452786348760128, 0.04683511704206467, 0.4530866742134094, 0.5697519779205322, 0.020009994506835938, 0.026375282555818558, 0.37443262338638306], "frame_12": [0.5086820125579834, 0.40540367364883423, 0.04575911536812782, 0.047223325818777084, 0.4530866742134094, 0.5697519779205322, 0.020009994506835938, 0.026375282555818558, 0.2592043876647949], "frame_13": [0.5086195468902588, 0.4054009020328522, 0.04571062698960304, 0.04725121334195137, 0.4530866742134094, 0.5697519779205322, 0.020009994506835938, 0.026375282555818558, 0.24231170117855072], "frame_14": [0.5086487531661987, 0.40536415576934814, 0.04560661315917969, 0.04731491953134537, 0.4530866742134094, 0.5697519779205322, 0.020009994506835938, 0.026375282555818558, 0.1027987077832222], "frame_15": [0.5086211562156677, 0.4054175615310669, 0.04567069932818413, 0.04735611751675606, 0.4530866742134094, 0.5697519779205322, 0.020009994506835938, 0.026375282555818558, 0.1650269478559494], "frame_16": [0.5086289048194885, 0.40542474389076233, 0.04553871229290962, 0.04736883193254471, 0.3686618506908417, 0.4961124062538147, 0.025378672406077385, 0.023239517584443092, 0.029020721092820168], "frame_17": [0.5085605978965759, 0.40543708205223083, 0.04537523165345192, 0.04734344407916069, 0.36484861373901367, 0.4909055829048157, 0.02482318878173828, 0.020324919372797012, 0.20903271436691284], "frame_18": [0.5085561871528625, 0.4054366946220398, 0.04539358243346214, 0.047330476343631744, 0.3581905663013458, 0.49048522114753723, 0.02487402968108654, 0.024723265320062637, 0.15214358270168304], "frame_19": [0.5085554122924805, 0.4054667055606842, 0.04527837783098221, 0.04734696447849274, 0.35319784283638, 0.48827072978019714, 0.028031455352902412, 0.025672148913145065, 0.3174009621143341], "frame_20": [0.5085837244987488, 0.4055098593235016, 0.04530364274978638, 0.04738502576947212, 0.34727683663368225, 0.48707497119903564, 0.025687027722597122, 0.026908662170171738, 0.2551538944244385], "frame_21": [0.5085411667823792, 0.40553906559944153, 0.045292071998119354, 0.04742058739066124, 0.34405219554901123, 0.4849541485309601, 0.026376936584711075, 0.02627088688313961, 0.06372696906328201], "frame_22": [0.5084711909294128, 0.4055369198322296, 0.04508035629987717, 0.04745589196681976, 0.33953097462654114, 0.48096609115600586, 0.024558555334806442, 0.02725830115377903, 0.2190868854522705], "frame_23": [0.5085190534591675, 0.40552207827568054, 0.04510955885052681, 0.04739044979214668, 0.33590710163116455, 0.4767962098121643, 0.024454645812511444, 0.026262369006872177, 0.3980295956134796], "frame_24": [0.5086876153945923, 0.4060984253883362, 0.04597015306353569, 0.04755456745624542, 0.33550867438316345, 0.47130391001701355, 0.026262007653713226, 0.027924727648496628, 0.3861251771450043], "frame_25": [0.5087532997131348, 0.40613165497779846, 0.04611053317785263, 0.04760636389255524, 0.33246856927871704, 0.46321555972099304, 0.025791507214307785, 0.027108212932944298, 0.06954964250326157], "frame_26": [0.5087624192237854, 0.4061186909675598, 0.046265579760074615, 0.047629717737436295, 0.33051568269729614, 0.4553920030593872, 0.026415718719363213, 0.02679443359375, 0.377718448638916], "frame_27": [0.5087788105010986, 0.40608274936676025, 0.04627952724695206, 0.04759805649518967, 0.3305913805961609, 0.4474616050720215, 0.027510154992341995, 0.029176797717809677, 0.5604300498962402], "frame_28": [0.5088265538215637, 0.4060479998588562, 0.046374596655368805, 0.04749319329857826, 0.332327663898468, 0.433794230222702, 0.026402855291962624, 0.026004409417510033, 0.7917931079864502], "frame_29": [0.5087025761604309, 0.4060574769973755, 0.045989226549863815, 0.04738273471593857, 0.3379902243614197, 0.413913756608963, 0.025782903656363487, 0.02750311978161335, 0.8130816221237183], "frame_30": [0.5086794495582581, 0.40608513355255127, 0.04601868614554405, 0.047359466552734375, 0.34501153230667114, 0.39481502771377563, 0.025907982140779495, 0.026477135717868805, 0.9068384170532227], "frame_31": [0.5086949467658997, 0.4060485064983368, 0.04586011916399002, 0.04741918668150902, 0.3519188463687897, 0.37995386123657227, 0.02581768110394478, 0.025951767340302467, 0.9097824096679688], "frame_32": [0.5086088180541992, 0.4060322940349579, 0.04565289989113808, 0.04743529483675957, 0.36103084683418274, 0.36521539092063904, 0.025893699377775192, 0.02496318891644478, 0.6861132383346558], "frame_33": [0.5085266828536987, 0.40601760149002075, 0.045565202832221985, 0.047449830919504166, 0.3674570620059967, 0.3532162606716156, 0.025326918810606003, 0.02825230546295643, 0.6583300232887268], "frame_34": [0.5084652900695801, 0.40603137016296387, 0.045585718005895615, 0.047382526099681854, 0.37561947107315063, 0.34035950899124146, 0.02332543209195137, 0.02665729448199272, 0.7253062129020691], "frame_35": [0.508513867855072, 0.4060131907463074, 0.04559974744915962, 0.047373197972774506, 0.3823431730270386, 0.3302006721496582, 0.024047087877988815, 0.02849326655268669, 0.6042815446853638], "frame_36": [0.5085555911064148, 0.40590694546699524, 0.046112060546875, 0.04748183488845825, 0.38890087604522705, 0.3227752149105072, 0.02490607276558876, 0.026480484753847122, 0.6547052264213562], "frame_37": [0.5086102485656738, 0.40591007471084595, 0.04615037888288498, 0.04749268293380737, 0.39694154262542725, 0.3146418035030365, 0.024281691759824753, 0.026849661022424698, 0.5145313739776611], "frame_38": [0.5085479021072388, 0.40589556097984314, 0.04594061151146889, 0.04749777168035507, 0.40296512842178345, 0.307591050863266, 0.025097697973251343, 0.03089667484164238, 0.47130221128463745],