{"frame_0": [0.6295378804206848, 0.3952670693397522, 0.05033319443464279, 0.04973632097244263, 0.6376209855079651, 0.48750194907188416, 0.024310387670993805, 0.027025222778320312, 0.0], "frame_1": [0.629493772983551, 0.39536377787590027, 0.05003831535577774, 0.04870762303471565, 0.6376209855079651, 0.48750194907188416, 0.024310387670993805, 0.027025222778320312, 0.0], "frame_2": [0.6295228004455566, 0.3953346312046051, 0.050209637731313705, 0.04859059676527977, 0.6376209855079651, 0.48750194907188416, 0.024310387670993805, 0.027025222778320312, 0.0], "frame_3": [0.6295244693756104, 0.39535996317863464, 0.05022451654076576, 0.04858072102069855, 0.6376209855079651, 0.48750194907188416, 0.024310387670993805, 0.027025222778320312, 0.0], "frame_4": [0.6295211911201477, 0.3953392505645752, 0.05008659511804581, 0.048604752868413925, 0.6376209855079651, 0.48750194907188416, 0.024310387670993805, 0.027025222778320312, 0.0], "frame_5": [0.6295273900032043, 0.3953511118888855, 0.05020798742771149, 0.04860992357134819, 0.6376209855079651, 0.48750194907188416, 0.024310387670993805, 0.027025222778320312, 0.0], "frame_6": [0.6295655369758606, 0.3953036963939667, 0.049955666065216064, 0.048677824437618256, 0.6376209855079651, 0.48750194907188416, 0.024310387670993805, 0.027025222778320312, 0.0], "frame_7": [0.6295404434204102, 0.3952763080596924, 0.04982549697160721, 0.048692405223846436, 0.6376209855079651, 0.48750194907188416, 0.024310387670993805, 0.027025222778320312, 0.0], "frame_8": [0.6295092105865479, 0.39527711272239685, 0.04985550791025162, 0.048761580139398575, 0.6376209855079651, 0.48750194907188416, 0.024310387670993805, 0.027025222778320312, 0.0], "frame_9": [0.629547655582428, 0.3952762186527252, 0.04979705810546875, 0.04875729978084564, 0.6376209855079651, 0.48750194907188416, 0.024310387670993805, 0.027025222778320312, 0.7785582542419434], "frame_10": [0.6295127272605896, 0.39542025327682495, 0.05012567341327667, 0.04856681823730469, 0.6376209855079651, 0.48750194907188416, 0.024310387670993805, 0.027025222778320312, 0.0], "frame_11": [0.6294888257980347, 0.39541566371917725, 0.050084009766578674, 0.04865667596459389, 0.6376209855079651, 0.48750194907188416, 0.024310387670993805, 0.027025222778320312, 0.7653971910476685], "frame_12": [0.6296573281288147, 0.39536717534065247, 0.04952104389667511, 0.04830886051058769, 0.3084690570831299, 0.5776064395904541, 0.0189980398863554, 0.021861478686332703, 0.7566238045692444], "frame_13": [0.6296218037605286, 0.3953593671321869, 0.04945305734872818, 0.0483534075319767, 0.3084690570831299, 0.5776064395904541, 0.0189980398863554, 0.021861478686332703, 0.6277620792388916], "frame_14": [0.629660427570343, 0.395330548286438, 0.049391258507966995, 0.04839053750038147, 0.31062042713165283, 0.5796392560005188, 0.01991511508822441, 0.022630183026194572, 0.6065012216567993], "frame_15": [0.6296656131744385, 0.39533764123916626, 0.04939096421003342, 0.04841681569814682, 0.31323766708374023, 0.581418514251709, 0.021415328606963158, 0.024097993969917297, 0.6262330412864685], "frame_16": [0.6296538710594177, 0.39534294605255127, 0.049375999718904495, 0.04839532822370529, 0.31323766708374023, 0.581418514251709, 0.021415328606963158, 0.024097993969917297, 0.6237950325012207], "frame_17": [0.6296622157096863, 0.39533793926239014, 0.04935188218951225, 0.04839731752872467, 0.3155413568019867, 0.583617627620697, 0.025487517938017845, 0.025507481768727303, 0.6298030614852905], "frame_18": [0.6296185255050659, 0.3953612446784973, 0.04928656667470932, 0.048479460179805756, 0.3155413568019867, 0.583617627620697, 0.025487517938017845, 0.025507481768727303, 0.0], "frame_19": [0.6296170353889465, 0.39535048604011536, 0.04931136220693588, 0.04845330864191055, 0.3155413568019867, 0.583617627620697, 0.025487517938017845, 0.025507481768727303, 0.0], "frame_20": [0.6296248435974121, 0.39531776309013367, 0.049285124987363815, 0.04841813072562218, 0.3155413568019867, 0.583617627620697, 0.025487517938017845, 0.025507481768727303, 0.0], "frame_21": [0.6296008825302124, 0.3953215181827545, 0.04923688992857933, 0.04840799793601036, 0.3155413568019867, 0.583617627620697, 0.025487517938017845, 0.025507481768727303, 0.0], "frame_22": [0.6296448707580566, 0.39532047510147095, 0.04926032945513725, 0.048381976783275604, 0.3155413568019867, 0.583617627620697, 0.025487517938017845, 0.025507481768727303, 0.4404945373535156], "frame_23": [0.6296392679214478, 0.3953053653240204, 0.04922464117407799, 0.04828444495797157, 0.3155413568019867, 0.583617627620697, 0.025487517938017845, 0.025507481768727303, 0.0], "frame_24": [0.6298161745071411, 0.39519017934799194, 0.0489627830684185, 0.048383332788944244, 0.3155413568019867, 0.583617627620697, 0.025487517938017845, 0.025507481768727303, 0.5081860423088074], "frame_25": [0.6298231482505798, 0.39518991112709045, 0.04897524416446686, 0.04837150499224663, 0.3155413568019867, 0.583617627620697, 0.025487517938017845, 0.025507481768727303, 0.5151436924934387], "frame_26": [0.6298286318778992, 0.3951798379421234, 0.0490095354616642, 0.04832776263356209, 0.3155413568019867, 0.583617627620697, 0.025487517938017845, 0.025507481768727303, 0.5809782147407532], "frame_27": [0.6298430562019348, 0.3951799273490906, 0.04902153089642525, 0.048348236829042435, 0.3155413568019867, 0.583617627620697, 0.025487517938017845, 0.025507481768727303, 0.19827502965927124], "frame_28": [0.62984299659729, 0.3951745331287384, 0.04901907220482826, 0.04835357517004013, 0.3155413568019867, 0.583617627620697, 0.025487517938017845, 0.025507481768727303, 0.5528401732444763], "frame_29": [0.6297540664672852, 0.3951832950115204, 0.048972319811582565, 0.04846000671386719, 0.3155413568019867, 0.583617627620697, 0.025487517938017845, 0.025507481768727303, 0.5774959921836853], "frame_30": [0.6297593712806702, 0.3951917290687561, 0.04898431524634361, 0.048449959605932236, 0.3155413568019867, 0.583617627620697, 0.025487517938017845, 0.025507481768727303, 0.7242364287376404], "frame_31": [0.629825234413147, 0.3952001929283142, 0.049187470227479935, 0.04851977154612541, 0.34657466411590576, 0.4497078061103821, 0.018208015710115433, 0.02018195204436779, 0.7716718912124634], "frame_32": [0.6298168897628784, 0.3952074646949768, 0.049230195581912994, 0.048511803150177, 0.34657466411590576, 0.4497078061103821, 0.018208015710115433, 0.02018195204436779, 0.8296849727630615], "frame_33": [0.6297892928123474, 0.39521926641464233, 0.04917572811245918, 0.04846975579857826, 0.34657466411590576, 0.4497078061103821, 0.018208015710115433, 0.02018195204436779, 0.7403392195701599], "frame_34": [0.6297441124916077, 0.3951798379421234, 0.04905175045132637, 0.04845161363482475, 0.34657466411590576, 0.4497078061103821, 0.018208015710115433, 0.02018195204436779, 0.6989976167678833], "frame_35": [0.6297150254249573, 0.3951832354068756, 0.0489749051630497, 0.04846399277448654, 0.34657466411590576, 0.4497078061103821, 0.018208015710115433, 0.02018195204436779, 0.6670786142349243], "frame_36": [0.6297707557678223, 0.39531418681144714, 0.049532316625118256, 0.048578642308712006, 0.34657466411590576, 0.4497078061103821, 0.018208015710115433, 0.02018195204436779, 0.5038076043128967], "frame_37": [0.6297410726547241, 0.39537954330444336, 0.04966104403138161, 0.04857995733618736, 0.34657466411590576, 0.4497078061103821, 0.018208015710115433, 0.02018195204436779, 0.5978156328201294], "frame_38": [0.6298468112945557, 0.3952547609806061, 0.04967918246984482, 0.04859059676527977, 0.34657466411590576, 0.4497078061103821, 0.018208015710115433, 0.02018195204436779, 0.7743915915489197], "frame_39": [0.629826009273529, 0.39536044001579285, 0.04975318908691406, 0.048637643456459045, 0.34657466411590576, 0.4497078061103821, 0.018208015710115433, 0.02018195204436779, 0.772086501121521], "frame_40": [0.6297675371170044, 0.3954663574695587, 0.049942780286073685, 0.04865268990397453, 0.4362352192401886, 0.3374863564968109, 0.018543455749750137, 0.024081187322735786, 0.713692307472229],