{"frame_0": [0.5076067447662354, 0.40507668256759644, 0.04438751935958862, 0.04719064384698868, 0.22934383153915405, 0.5728512406349182, 0.02129906602203846, 0.02418670617043972, 0.7360652089118958], "frame_1": [0.5072029232978821, 0.4049838185310364, 0.04422980546951294, 0.046984098851680756, 0.2320646345615387, 0.5752356052398682, 0.022231630980968475, 0.023846901953220367, 0.6736737489700317], "frame_2": [0.5071591734886169, 0.40494510531425476, 0.04412811994552612, 0.046779632568359375, 0.2327987402677536, 0.577332615852356, 0.021537356078624725, 0.022687148302793503, 0.652107298374176], "frame_3": [0.5071743726730347, 0.404884934425354, 0.044283125549554825, 0.04663810878992081, 0.2332698404788971, 0.5777841210365295, 0.02137245610356331, 0.021976089105010033, 0.6470988988876343], "frame_4": [0.5071427226066589, 0.40490883588790894, 0.04419250413775444, 0.04659614711999893, 0.233916774392128, 0.5781196355819702, 0.021085167303681374, 0.021906958892941475, 0.0], "frame_5": [0.5072086453437805, 0.40485766530036926, 0.044335175305604935, 0.04646233469247818, 0.23423661291599274, 0.5769854187965393, 0.021024471148848534, 0.021267233416438103, 0.0], "frame_6": [0.5072670578956604, 0.40491214394569397, 0.04444868117570877, 0.046634674072265625, 0.23556068539619446, 0.5759242177009583, 0.02038050815463066, 0.022032927721738815, 0.0], "frame_7": [0.5071567296981812, 0.4048207998275757, 0.044308386743068695, 0.04652252048254013, 0.23632359504699707, 0.5729807615280151, 0.019478226080536842, 0.022092225030064583, 0.0], "frame_8": [0.5070912837982178, 0.40480777621269226, 0.04423370212316513, 0.0465087890625, 0.23744934797286987, 0.5691186785697937, 0.01897106133401394, 0.02116241492331028, 0.6888149976730347], "frame_9": [0.5070993304252625, 0.4047620892524719, 0.04427757114171982, 0.04625663906335831, 0.23901909589767456, 0.5651801824569702, 0.0203726664185524, 0.02165663056075573, 0.0], "frame_10": [0.5071134567260742, 0.40481337904930115, 0.04432402551174164, 0.046390362083911896, 0.240333691239357, 0.5590165257453918, 0.020836448296904564, 0.021627511829137802, 0.0], "frame_11": [0.5071776509284973, 0.4048222303390503, 0.04433983564376831, 0.04644131287932396, 0.24161601066589355, 0.5533561110496521, 0.02007465437054634, 0.021166525781154633, 0.0], "frame_12": [0.5067106485366821, 0.404748797416687, 0.04437047988176346, 0.04625596106052399, 0.24042752385139465, 0.5457642674446106, 0.02114124223589897, 0.020389853045344353, 0.5940864682197571], "frame_13": [0.5068495273590088, 0.40476807951927185, 0.04449738562107086, 0.04623870924115181, 0.23878931999206543, 0.5401223301887512, 0.021202851086854935, 0.020437536761164665, 0.5586950778961182], "frame_14": [0.5068353414535522, 0.4047648012638092, 0.04451306536793709, 0.0462331548333168, 0.2372094690799713, 0.5337592363357544, 0.021027375012636185, 0.021856138482689857, 0.5574036240577698], "frame_15": [0.5068473219871521, 0.40477579832077026, 0.04463568702340126, 0.04625990241765976, 0.2353234589099884, 0.5290277004241943, 0.02091893181204796, 0.024640103802084923, 0.6020343899726868], "frame_16": [0.5068086981773376, 0.4047658145427704, 0.04465658217668533, 0.04634496942162514, 0.23260554671287537, 0.5238072276115417, 0.020593643188476562, 0.02477416954934597, 0.0], "frame_17": [0.5068596005439758, 0.40479931235313416, 0.044674769043922424, 0.046393416821956635, 0.22819820046424866, 0.5180020928382874, 0.019577937200665474, 0.022350607439875603, 0.0], "frame_18": [0.5068647861480713, 0.4048132300376892, 0.04472363740205765, 0.04644499719142914, 0.22819820046424866, 0.5180020928382874, 0.019577937200665474, 0.022350607439875603, 0.0], "frame_19": [0.5068874359130859, 0.40485501289367676, 0.04472028836607933, 0.04647538810968399, 0.22819820046424866, 0.5180020928382874, 0.019577937200665474, 0.022350607439875603, 0.0], "frame_20": [0.5070353150367737, 0.404948890209198, 0.04496260732412338, 0.046675704419612885, 0.22819820046424866, 0.5180020928382874, 0.019577937200665474, 0.022350607439875603, 0.0], "frame_21": [0.5071591138839722, 0.40496698021888733, 0.04552900418639183, 0.04668634384870529, 0.21237750351428986, 0.5104495286941528, 0.02210712432861328, 0.02238006517291069, 0.0], "frame_22": [0.5071650147438049, 0.40501275658607483, 0.045534897595644, 0.04676399379968643, 0.2114245891571045, 0.5098684430122375, 0.02180919609963894, 0.022523116320371628, 0.0], "frame_23": [0.5071123838424683, 0.4050421118736267, 0.04553930461406708, 0.04675475135445595, 0.2088773250579834, 0.5076509118080139, 0.021986940875649452, 0.021097565069794655, 0.0], "frame_24": [0.5075575113296509, 0.4050876200199127, 0.04636268690228462, 0.046724699437618256, 0.20735041797161102, 0.5065208673477173, 0.022241825237870216, 0.021097395569086075, 0.0], "frame_25": [0.5075288414955139, 0.40502285957336426, 0.046191319823265076, 0.04663526639342308, 0.2055175006389618, 0.5041577816009521, 0.02191231958568096, 0.02209777757525444, 0.0], "frame_26": [0.5076680183410645, 0.405044287443161, 0.04633805900812149, 0.04663081839680672, 0.20505858957767487, 0.49905920028686523, 0.0227308701723814, 0.020500479266047478, 0.7504104971885681], "frame_27": [0.5076160430908203, 0.40499523282051086, 0.046233367174863815, 0.04658927768468857, 0.20496141910552979, 0.49329254031181335, 0.024071374908089638, 0.021067725494503975, 0.7746737003326416], "frame_28": [0.507488489151001, 0.40495190024375916, 0.04618008807301521, 0.04646538570523262, 0.2059827744960785, 0.48635923862457275, 0.024911032989621162, 0.022993087768554688, 0.7545631527900696], "frame_29": [0.5080626010894775, 0.404997855424881, 0.04718988388776779, 0.04651273041963577, 0.20698046684265137, 0.4744817912578583, 0.02078266069293022, 0.023235872387886047, 0.0], "frame_30": [0.5078285932540894, 0.4047926068305969, 0.047127362340688705, 0.04612617567181587, 0.21245573461055756, 0.4556114077568054, 0.019350899383425713, 0.019133588299155235, 0.8974772095680237], "frame_31": [0.5078163146972656, 0.4048004448413849, 0.047142282128334045, 0.04610392078757286, 0.21873211860656738, 0.43932315707206726, 0.020918570458889008, 0.021893691271543503, 0.9850709438323975], "frame_32": [0.5078542232513428, 0.40483152866363525, 0.04724083095788956, 0.04618322476744652, 0.22625842690467834, 0.4231983721256256, 0.021689224988222122, 0.021433427929878235, 0.948057234287262], "frame_33": [0.5077642798423767, 0.40478256344795227, 0.0468980148434639, 0.046300508081912994, 0.23281410336494446, 0.4087061583995819, 0.021732987836003304, 0.020640436559915543, 0.9974637627601624], "frame_34": [0.5078347325325012, 0.40486061573028564, 0.04711456224322319, 0.04635467380285263, 0.23927702009677887, 0.3939425051212311, 0.021625708788633347, 0.020022455602884293, 0.991432249546051], "frame_35": [0.5078346133232117, 0.40493714809417725, 0.04700317233800888, 0.04635141044855118, 0.24714359641075134, 0.3800186216831207, 0.0205841064453125, 0.021224211901426315, 0.8858680725097656], "frame_36": [0.507515549659729, 0.4050445258617401, 0.04560033977031708, 0.04669206589460373, 0.2542162835597992, 0.36803174018859863, 0.020705413073301315, 0.021763483062386513, 0.9025325775146484], "frame_37": [0.5074530839920044, 0.4050372540950775, 0.04561890661716461, 0.046720292419195175, 0.26069390773773193, 0.357389360666275, 0.02006126008927822, 0.02161475270986557, 0.8566675186157227], "frame_38": [0.5078713297843933, 0.40511956810951233, 0.0464908592402935, 0.04678306728601456, 0.268970251083374, 0.34553390741348267, 0.023276139050722122, 0.021221796050667763, 0.8014084696769714], "frame_39": [0.5079445838928223, 0.4050905108451843, 0.04662492498755455, 0.04680578410625458, 0.27569347620010376, 0.33654335141181946, 0.02179393731057644, 0.02195652946829796, 0.6991541385650635], "frame_40": [0.5078573226928711, 0.4050713777542114, 0.0466013178229332, 0.046928320080041885, 0.2837643623352051, 0.3279142379760742, 0.019887056201696396, 0.021846475079655647, 0.8398449420928955],