{"frame_0": [0.62980717420578, 0.39786437153816223, 0.05148031562566757, 0.04921658709645271, 0.4408630430698395, 0.5581983923912048, 0.02660810761153698, 0.03398950397968292, 0.44055095314979553], "frame_1": [0.6296591758728027, 0.39778488874435425, 0.050830841064453125, 0.04947730153799057, 0.43585968017578125, 0.5634285807609558, 0.025280380621552467, 0.03165266290307045, 0.43664368987083435], "frame_2": [0.6296238899230957, 0.39772796630859375, 0.0507185198366642, 0.049398720264434814, 0.43274781107902527, 0.5680421590805054, 0.023047257214784622, 0.031064053997397423, 0.5283898711204529], "frame_3": [0.6293596029281616, 0.397768497467041, 0.05037667974829674, 0.04931526258587837, 0.43274781107902527, 0.5680421590805054, 0.023047257214784622, 0.031064053997397423, 0.44666996598243713], "frame_4": [0.6292421817779541, 0.3978455364704132, 0.05003479868173599, 0.04906768724322319, 0.43274781107902527, 0.5680421590805054, 0.023047257214784622, 0.031064053997397423, 0.5468239188194275], "frame_5": [0.6292986273765564, 0.39779582619667053, 0.04996850714087486, 0.049200523644685745, 0.43274781107902527, 0.5680421590805054, 0.023047257214784622, 0.031064053997397423, 0.4524584710597992], "frame_6": [0.629246711730957, 0.39778339862823486, 0.04994985833764076, 0.049211882054805756, 0.43274781107902527, 0.5680421590805054, 0.023047257214784622, 0.031064053997397423, 0.5968186855316162], "frame_7": [0.6292015910148621, 0.39778149127960205, 0.049782730638980865, 0.04921180009841919, 0.43274781107902527, 0.5680421590805054, 0.023047257214784622, 0.031064053997397423, 0.5725704431533813], "frame_8": [0.6294100284576416, 0.3977692127227783, 0.05004632845520973, 0.049285635352134705, 0.43274781107902527, 0.5680421590805054, 0.023047257214784622, 0.031064053997397423, 0.38787099719047546], "frame_9": [0.629388153553009, 0.3977721333503723, 0.050050269812345505, 0.04931009188294411, 0.43274781107902527, 0.5680421590805054, 0.023047257214784622, 0.031064053997397423, 0.4916255474090576], "frame_10": [0.629374623298645, 0.3977539837360382, 0.05012490972876549, 0.04926685616374016, 0.43274781107902527, 0.5680421590805054, 0.023047257214784622, 0.031064053997397423, 0.6447598934173584], "frame_11": [0.6293782591819763, 0.3977412283420563, 0.05013779550790787, 0.049247827380895615, 0.43274781107902527, 0.5680421590805054, 0.023047257214784622, 0.031064053997397423, 0.7303216457366943], "frame_12": [0.6293882727622986, 0.39754927158355713, 0.04965858533978462, 0.04965002089738846, 0.43274781107902527, 0.5680421590805054, 0.023047257214784622, 0.031064053997397423, 0.7263058423995972], "frame_13": [0.6292833089828491, 0.3975522220134735, 0.04939401522278786, 0.04960581287741661, 0.43274781107902527, 0.5680421590805054, 0.023047257214784622, 0.031064053997397423, 0.743463933467865], "frame_14": [0.6292819380760193, 0.3975500464439392, 0.049401260912418365, 0.04963739216327667, 0.43274781107902527, 0.5680421590805054, 0.023047257214784622, 0.031064053997397423, 0.7284536957740784], "frame_15": [0.6292666792869568, 0.3975510597229004, 0.049420252442359924, 0.04964921623468399, 0.43274781107902527, 0.5680421590805054, 0.023047257214784622, 0.031064053997397423, 0.6290346384048462], "frame_16": [0.6292573809623718, 0.3975543677806854, 0.04938562214374542, 0.04966282472014427, 0.43274781107902527, 0.5680421590805054, 0.023047257214784622, 0.031064053997397423, 0.45457082986831665], "frame_17": [0.6292451024055481, 0.3975600302219391, 0.04938460513949394, 0.04965773597359657, 0.43274781107902527, 0.5680421590805054, 0.023047257214784622, 0.031064053997397423, 0.1214384138584137], "frame_18": [0.6292365193367004, 0.3975527882575989, 0.04947759956121445, 0.049634553492069244, 0.43274781107902527, 0.5680421590805054, 0.023047257214784622, 0.031064053997397423, 0.0005539029953069985], "frame_19": [0.6292149424552917, 0.3975681662559509, 0.049461279064416885, 0.04956715926527977, 0.43274781107902527, 0.5680421590805054, 0.023047257214784622, 0.031064053997397423, 0.08514686673879623], "frame_20": [0.6292092204093933, 0.3975929617881775, 0.0494520403444767, 0.04959716647863388, 0.43274781107902527, 0.5680421590805054, 0.023047257214784622, 0.031064053997397423, 0.03475453332066536], "frame_21": [0.6292134523391724, 0.39762911200523376, 0.04952201992273331, 0.04962654039263725, 0.42214804887771606, 0.4761260151863098, 0.025449752807617188, 0.027372529730200768, 0.16109322011470795], "frame_22": [0.6292446851730347, 0.3976678252220154, 0.04970686137676239, 0.049634043127298355, 0.42019203305244446, 0.46947869658470154, 0.03132866695523262, 0.03658866882324219, 0.22610542178153992], "frame_23": [0.6293056607246399, 0.3977399170398712, 0.049800362437963486, 0.049630820751190186, 0.4193195402622223, 0.46295997500419617, 0.037905290722846985, 0.04131279140710831, 0.3193865120410919], "frame_24": [0.6291618943214417, 0.39776378870010376, 0.049635570496320724, 0.049522314220666885, 0.4137669801712036, 0.45667335391044617, 0.03293198347091675, 0.03628014400601387, 0.125644251704216], "frame_25": [0.6292019486427307, 0.39774399995803833, 0.04984147846698761, 0.04946369677782059, 0.4132024645805359, 0.4521739184856415, 0.03091583214700222, 0.03264312818646431, 0.14051774144172668], "frame_26": [0.629289984703064, 0.3976863920688629, 0.04988441616296768, 0.04943559318780899, 0.41375860571861267, 0.44278082251548767, 0.028827963396906853, 0.03445998206734657, 0.5716024041175842], "frame_27": [0.6293455958366394, 0.39777466654777527, 0.05019111558794975, 0.04945259168744087, 0.416666716337204, 0.42859601974487305, 0.030651092529296875, 0.034450531005859375, 0.7650405168533325], "frame_28": [0.6293942928314209, 0.3977434039115906, 0.04991332069039345, 0.049414485692977905, 0.42100998759269714, 0.41205257177352905, 0.029792319983243942, 0.033112503588199615, 0.670711100101471], "frame_29": [0.6294285655021667, 0.3977564573287964, 0.050101470202207565, 0.04939117282629013, 0.4263474643230438, 0.3917163014411926, 0.03096313402056694, 0.03033294714987278, 0.04889736324548721], "frame_30": [0.6294736266136169, 0.3977929353713989, 0.05018272250890732, 0.04942542314529419, 0.4357410967350006, 0.3696099519729614, 0.02898390032351017, 0.033323392271995544, 0.8595004081726074], "frame_31": [0.6293975114822388, 0.3976994454860687, 0.0498046875, 0.04946119338274002, 0.44346970319747925, 0.35054147243499756, 0.033486176282167435, 0.03322963789105415, 0.7595095634460449], "frame_32": [0.6294318437576294, 0.39777204394340515, 0.05014398321509361, 0.04951760917901993, 0.45348358154296875, 0.332143634557724, 0.029430558905005455, 0.030463028699159622, 0.809848964214325], "frame_33": [0.6294252276420593, 0.39776942133903503, 0.05008193105459213, 0.04951735585927963, 0.4617196023464203, 0.3165900707244873, 0.03009507991373539, 0.031268078833818436, 0.9507757425308228], "frame_34": [0.629389762878418, 0.39770209789276123, 0.0501004122197628, 0.04946861416101456, 0.47027817368507385, 0.3031073808670044, 0.028391266241669655, 0.03107624128460884, 0.8755754828453064], "frame_35": [0.6294170618057251, 0.39774975180625916, 0.05014190822839737, 0.04942241311073303, 0.4791966378688812, 0.2905203104019165, 0.027501847594976425, 0.030129242688417435, 0.8620610237121582], "frame_36": [0.6295332312583923, 0.397782564163208, 0.0507245808839798, 0.049556054174900055, 0.4872185289859772, 0.2802446782588959, 0.02732035331428051, 0.028835296630859375, 0.8884851932525635], "frame_37": [0.6295129656791687, 0.39775338768959045, 0.050614167004823685, 0.04953490197658539, 0.49501150846481323, 0.27211910486221313, 0.027014922350645065, 0.03298240154981613, 0.8506849408149719], "frame_38": [0.6294816136360168, 0.3977891802787781, 0.05031043291091919, 0.04956550523638725, 0.5021172165870667, 0.2625749111175537, 0.026557456701993942, 0.02905307337641716, 0.8661120533943176],