{"frame_0": [0.6306266188621521, 0.3973829448223114, 0.050446320325136185, 0.04906044155359268, 0.6069647073745728, 0.3578372597694397, 0.022553633898496628, 0.025071991607546806, 0.8582305312156677], "frame_1": [0.6303682327270508, 0.39727815985679626, 0.04959237948060036, 0.049303606152534485, 0.6069647073745728, 0.3578372597694397, 0.022553633898496628, 0.025071991607546806, 0.8451334238052368], "frame_2": [0.6303789615631104, 0.3973122537136078, 0.04964544624090195, 0.049388714134693146, 0.6069647073745728, 0.3578372597694397, 0.022553633898496628, 0.025071991607546806, 0.8450127243995667], "frame_3": [0.6303476095199585, 0.3972925841808319, 0.04957771301269531, 0.049365997314453125, 0.6069647073745728, 0.3578372597694397, 0.022553633898496628, 0.025071991607546806, 0.8438156843185425], "frame_4": [0.6303658485412598, 0.3973015546798706, 0.04963701218366623, 0.04936438798904419, 0.6069647073745728, 0.3578372597694397, 0.022553633898496628, 0.025071991607546806, 0.8491064310073853], "frame_5": [0.6304551959037781, 0.3973175883293152, 0.04977896064519882, 0.04934094846248627, 0.6069647073745728, 0.3578372597694397, 0.022553633898496628, 0.025071991607546806, 0.8393170237541199], "frame_6": [0.630474865436554, 0.3973352313041687, 0.04980451613664627, 0.04929941147565842, 0.6069647073745728, 0.3578372597694397, 0.022553633898496628, 0.025071991607546806, 0.8503780364990234], "frame_7": [0.6304192543029785, 0.39724940061569214, 0.05022888258099556, 0.0493910051882267, 0.6069647073745728, 0.3578372597694397, 0.022553633898496628, 0.025071991607546806, 0.8590763211250305], "frame_8": [0.6304027438163757, 0.3972351849079132, 0.05028228834271431, 0.0494038462638855, 0.6069647073745728, 0.3578372597694397, 0.022553633898496628, 0.025071991607546806, 0.8699634075164795], "frame_9": [0.6303855776786804, 0.39722827076911926, 0.05032501369714737, 0.049394480884075165, 0.6069647073745728, 0.3578372597694397, 0.022553633898496628, 0.025071991607546806, 0.8872121572494507], "frame_10": [0.6303714513778687, 0.3972068428993225, 0.05028343200683594, 0.049355994910001755, 0.6069647073745728, 0.3578372597694397, 0.022553633898496628, 0.025071991607546806, 0.8909606337547302], "frame_11": [0.6307176351547241, 0.39702698588371277, 0.05068490654230118, 0.04928533732891083, 0.6069647073745728, 0.3578372597694397, 0.022553633898496628, 0.025071991607546806, 0.8946501612663269], "frame_12": [0.6303927898406982, 0.39724060893058777, 0.05066795274615288, 0.04903975501656532, 0.6069647073745728, 0.3578372597694397, 0.022553633898496628, 0.025071991607546806, 0.9021950364112854], "frame_13": [0.630391538143158, 0.39723649621009827, 0.05069524794816971, 0.049048952758312225, 0.6069647073745728, 0.3578372597694397, 0.022553633898496628, 0.025071991607546806, 0.8668869137763977], "frame_14": [0.6303651332855225, 0.39723068475723267, 0.050659094005823135, 0.04905560985207558, 0.6069647073745728, 0.3578372597694397, 0.022553633898496628, 0.025071991607546806, 0.849289059638977], "frame_15": [0.6301552057266235, 0.39709827303886414, 0.049873944371938705, 0.04900695011019707, 0.6069647073745728, 0.3578372597694397, 0.022553633898496628, 0.025071991607546806, 0.6895819306373596], "frame_16": [0.6302627325057983, 0.39704054594039917, 0.049981772899627686, 0.04872644320130348, 0.6069647073745728, 0.3578372597694397, 0.022553633898496628, 0.025071991607546806, 0.6482251286506653], "frame_17": [0.630523681640625, 0.39699146151542664, 0.05052337795495987, 0.048689186573028564, 0.6069647073745728, 0.3578372597694397, 0.022553633898496628, 0.025071991607546806, 0.5547242760658264], "frame_18": [0.6304094195365906, 0.39718198776245117, 0.050780486315488815, 0.049060821533203125, 0.6069647073745728, 0.3578372597694397, 0.022553633898496628, 0.025071991607546806, 0.49405160546302795], "frame_19": [0.6306549310684204, 0.3968639075756073, 0.050679780542850494, 0.04883622005581856, 0.6069647073745728, 0.3578372597694397, 0.022553633898496628, 0.025071991607546806, 0.4136856496334076], "frame_20": [0.6305646896362305, 0.39679574966430664, 0.050661850720644, 0.04881935194134712, 0.6069647073745728, 0.3578372597694397, 0.022553633898496628, 0.025071991607546806, 0.4454360902309418], "frame_21": [0.630517303943634, 0.3968600034713745, 0.05065612867474556, 0.048861946910619736, 0.6069647073745728, 0.3578372597694397, 0.022553633898496628, 0.025071991607546806, 0.5465524792671204], "frame_22": [0.6303307414054871, 0.3972126543521881, 0.051248930394649506, 0.04928075894713402, 0.6069647073745728, 0.3578372597694397, 0.022553633898496628, 0.025071991607546806, 0.560396134853363], "frame_23": [0.6302995681762695, 0.397216796875, 0.051065824925899506, 0.049270715564489365, 0.6069647073745728, 0.3578372597694397, 0.022553633898496628, 0.025071991607546806, 0.6101117730140686], "frame_24": [0.6305623650550842, 0.3973160684108734, 0.049922943115234375, 0.04911511763930321, 0.6069647073745728, 0.3578372597694397, 0.022553633898496628, 0.025071991607546806, 0.6249114871025085], "frame_25": [0.6305418014526367, 0.3973483741283417, 0.04981384426355362, 0.04917530342936516, 0.6069647073745728, 0.3578372597694397, 0.022553633898496628, 0.025071991607546806, 0.6276605725288391], "frame_26": [0.6304842829704285, 0.39733073115348816, 0.049710847437381744, 0.04916258901357651, 0.6069647073745728, 0.3578372597694397, 0.022553633898496628, 0.025071991607546806, 0.6508212685585022], "frame_27": [0.6304423809051514, 0.3973095417022705, 0.04964179918169975, 0.04917043074965477, 0.6069647073745728, 0.3578372597694397, 0.022553633898496628, 0.025071991607546806, 0.6148449778556824], "frame_28": [0.6305270195007324, 0.39720475673675537, 0.049979399889707565, 0.04909803718328476, 0.6069647073745728, 0.3578372597694397, 0.022553633898496628, 0.025071991607546806, 0.5893136858940125], "frame_29": [0.6305014491081238, 0.397183895111084, 0.05002496391534805, 0.04908460006117821, 0.6069647073745728, 0.3578372597694397, 0.022553633898496628, 0.025071991607546806, 0.539881706237793], "frame_30": [0.630583643913269, 0.39703065156936646, 0.0504625104367733, 0.04904390871524811, 0.35537636280059814, 0.4898854196071625, 0.023892592638731003, 0.02646026574075222, 0.5088593363761902], "frame_31": [0.6305885910987854, 0.397100567817688, 0.050540924072265625, 0.04910528287291527, 0.3557305932044983, 0.48598843812942505, 0.02566136233508587, 0.028555002063512802, 0.5701704025268555], "frame_32": [0.6306511759757996, 0.3971784710884094, 0.05029869079589844, 0.04900695011019707, 0.3562306761741638, 0.4800351560115814, 0.0267269778996706, 0.02900237962603569, 0.5059060454368591], "frame_33": [0.6306333541870117, 0.3971759080886841, 0.05024087801575661, 0.049025047570466995, 0.3589537739753723, 0.4719899594783783, 0.027105458080768585, 0.030866028741002083, 0.426171213388443], "frame_34": [0.6306282877922058, 0.39716970920562744, 0.05025376379489899, 0.04898139089345932, 0.3614780902862549, 0.46076279878616333, 0.02547961287200451, 0.02807295136153698, 0.4558749198913574], "frame_35": [0.6305648684501648, 0.39718058705329895, 0.050370194017887115, 0.04899643734097481, 0.3662542700767517, 0.4476035237312317, 0.02541012316942215, 0.029365921393036842, 0.7189027667045593], "frame_36": [0.6304643154144287, 0.3971344828605652, 0.05063802748918533, 0.04911274462938309, 0.3749238848686218, 0.429543137550354, 0.027154583483934402, 0.030464384704828262, 0.8183602094650269], "frame_37": [0.6304627060890198, 0.3971271812915802, 0.05059318616986275, 0.04911905899643898, 0.3834308981895447, 0.409811794757843, 0.028885183855891228, 0.028669653460383415, 0.8187001943588257], "frame_38": [0.6304711103439331, 0.397124320268631, 0.050529565662145615, 0.04910875856876373, 0.39527714252471924, 0.3940441608428955, 0.026034673675894737, 0.029892561957240105, 0.5492678284645081],