{"frame_0": [0.6303606629371643, 0.39505594968795776, 0.0503278523683548, 0.050082821398973465, 0.10235633701086044, 0.586189866065979, 0.03574078530073166, 0.03536703437566757, 0.6580024361610413], "frame_1": [0.6303914189338684, 0.39508089423179626, 0.05041694641113281, 0.04922027513384819, 0.10340405255556107, 0.5869846940040588, 0.03523048758506775, 0.03471069410443306, 0.656100332736969], "frame_2": [0.6304270625114441, 0.39508792757987976, 0.05028801038861275, 0.04922235384583473, 0.10265959799289703, 0.5885026454925537, 0.03471152484416962, 0.03377952426671982, 0.6686198115348816], "frame_3": [0.6304686069488525, 0.3950847089290619, 0.05036201328039169, 0.04922620952129364, 0.10265959799289703, 0.5885026454925537, 0.03471152484416962, 0.03377952426671982, 0.6658266186714172], "frame_4": [0.6305162310600281, 0.3950825035572052, 0.049741365015506744, 0.0491953119635582, 0.10265959799289703, 0.5885026454925537, 0.03471152484416962, 0.03377952426671982, 0.6762542724609375], "frame_5": [0.6304817795753479, 0.3950602114200592, 0.04968821257352829, 0.04919107258319855, 0.10265959799289703, 0.5885026454925537, 0.03471152484416962, 0.03377952426671982, 0.6850772500038147], "frame_6": [0.6303611397743225, 0.3951277732849121, 0.049556560814380646, 0.04911359027028084, 0.10265959799289703, 0.5885026454925537, 0.03471152484416962, 0.03377952426671982, 0.7121837735176086], "frame_7": [0.6303430199623108, 0.39515236020088196, 0.04951667785644531, 0.049093712121248245, 0.09377584606409073, 0.5973635315895081, 0.03008713759481907, 0.03461282700300217, 0.7198421359062195], "frame_8": [0.6304274797439575, 0.395187109708786, 0.04970266669988632, 0.04908866807818413, 0.09251632541418076, 0.599751353263855, 0.029680972918868065, 0.03316802904009819, 0.7396836876869202], "frame_9": [0.6303534507751465, 0.39517542719841003, 0.04955139011144638, 0.04914148151874542, 0.09100142866373062, 0.6011947989463806, 0.029629305005073547, 0.032049644738435745, 0.7561617493629456], "frame_10": [0.6303520202636719, 0.39516618847846985, 0.04953935369849205, 0.04915279895067215, 0.09015566855669022, 0.6021976470947266, 0.026793427765369415, 0.032071515917778015, 0.780270516872406], "frame_11": [0.630263090133667, 0.3951663672924042, 0.04936637729406357, 0.04913872480392456, 0.08919768035411835, 0.6021395325660706, 0.027467388659715652, 0.03286196291446686, 0.7792805433273315], "frame_12": [0.630470871925354, 0.3949236571788788, 0.04922854155302048, 0.0485188364982605, 0.08971884101629257, 0.6013838052749634, 0.0277346670627594, 0.03264952823519707, 0.8259689211845398], "frame_13": [0.6304413676261902, 0.3949302136898041, 0.04918785020709038, 0.04855821281671524, 0.09109477698802948, 0.5981966853141785, 0.028334416449069977, 0.03352050855755806, 0.7972782850265503], "frame_14": [0.6304327249526978, 0.3949454426765442, 0.04917123541235924, 0.04860047250986099, 0.0915389358997345, 0.5940015912055969, 0.031275711953639984, 0.0340074747800827, 0.8385552167892456], "frame_15": [0.6304457187652588, 0.39495736360549927, 0.04918836057186127, 0.048618827015161514, 0.09422000497579575, 0.5898497700691223, 0.03208884596824646, 0.03439750522375107, 0.80867999792099], "frame_16": [0.6304528713226318, 0.3949579894542694, 0.04919395595788956, 0.048616282641887665, 0.09724794328212738, 0.5842624306678772, 0.029224993661046028, 0.032363127917051315, 0.7689486145973206], "frame_17": [0.6304634809494019, 0.39495450258255005, 0.04920366033911705, 0.04861242324113846, 0.10070670396089554, 0.5794735550880432, 0.03162834793329239, 0.03147481381893158, 0.7529110312461853], "frame_18": [0.6304669976234436, 0.3949499726295471, 0.049197301268577576, 0.048626285046339035, 0.10070670396089554, 0.5794735550880432, 0.03162834793329239, 0.03147481381893158, 0.7302019000053406], "frame_19": [0.6304750442504883, 0.3949373960494995, 0.04920870438218117, 0.04863298311829567, 0.10715486854314804, 0.5661506056785583, 0.028643248602747917, 0.03224830701947212, 0.7234421968460083], "frame_20": [0.6304502487182617, 0.3949379026889801, 0.04918327182531357, 0.04864633455872536, 0.11052417755126953, 0.5588388442993164, 0.02389153465628624, 0.031155606731772423, 0.6388868689537048], "frame_21": [0.6304675340652466, 0.39493390917778015, 0.04924841970205307, 0.04864862188696861, 0.1084965392947197, 0.5496322512626648, 0.027950551360845566, 0.03117828443646431, 0.6475608944892883], "frame_22": [0.6304680109024048, 0.3949374854564667, 0.0492231585085392, 0.04866150766611099, 0.10728547722101212, 0.5394619107246399, 0.030320432037115097, 0.032027944922447205, 0.6497049331665039], "frame_23": [0.6304606199264526, 0.3949468731880188, 0.04920141398906708, 0.04870592802762985, 0.10434918105602264, 0.5303519368171692, 0.03356621041893959, 0.03394118323922157, 0.3140350878238678], "frame_24": [0.630352258682251, 0.3950847089290619, 0.04911346361041069, 0.048890769481658936, 0.10025255382061005, 0.5199350118637085, 0.034829478710889816, 0.03217353671789169, 0.4052492678165436], "frame_25": [0.6303977370262146, 0.39507222175598145, 0.04919348657131195, 0.048898231238126755, 0.0981830358505249, 0.5118419528007507, 0.03296566382050514, 0.032418061047792435, 0.36490145325660706], "frame_26": [0.63038569688797, 0.3950701355934143, 0.04916801303625107, 0.04887055233120918, 0.09579450637102127, 0.507131040096283, 0.030979828909039497, 0.03308524936437607, 0.307192862033844], "frame_27": [0.6303942203521729, 0.3950797915458679, 0.04918929189443588, 0.04888954013586044, 0.09482022374868393, 0.5026179552078247, 0.02938796766102314, 0.03205985948443413, 0.3815784156322479], "frame_28": [0.6304619908332825, 0.3950456976890564, 0.049413301050662994, 0.048879072070121765, 0.09389328211545944, 0.49978798627853394, 0.028564978390932083, 0.033281538635492325, 0.3825104832649231], "frame_29": [0.630438506603241, 0.3950469195842743, 0.04936010390520096, 0.04890268296003342, 0.09188194572925568, 0.497567743062973, 0.03100983239710331, 0.034103985875844955, 0.3716166615486145], "frame_30": [0.6303821802139282, 0.3950449228286743, 0.049226634204387665, 0.04890662431716919, 0.09150852262973785, 0.49558037519454956, 0.03182942420244217, 0.03431053087115288, 0.4253787100315094], "frame_31": [0.6303871870040894, 0.3950548470020294, 0.049233246594667435, 0.04893527552485466, 0.09194990992546082, 0.4924747347831726, 0.031624507158994675, 0.035049185156822205, 0.4767013192176819], "frame_32": [0.6304090619087219, 0.3950388729572296, 0.04930474981665611, 0.04891404137015343, 0.09332428872585297, 0.4878559410572052, 0.03144633397459984, 0.03344506025314331, 0.3116203546524048], "frame_33": [0.6304101943969727, 0.39501503109931946, 0.04918327182531357, 0.04891395568847656, 0.09624923020601273, 0.48022904992103577, 0.03239123150706291, 0.03452758863568306, 0.33632054924964905], "frame_34": [0.6303958892822266, 0.39502257108688354, 0.04925486072897911, 0.04893404617905617, 0.10195456445217133, 0.46938467025756836, 0.03266754001379013, 0.03516349941492081, 0.3791433274745941], "frame_35": [0.6303929090499878, 0.3950139880180359, 0.04924333468079567, 0.04893307015299797, 0.10756322741508484, 0.4544565975666046, 0.03342213109135628, 0.03386039659380913, 0.6578335165977478], "frame_36": [0.6303514838218689, 0.39513295888900757, 0.04970970004796982, 0.04920149967074394, 0.11700467020273209, 0.43521538376808167, 0.03190916031599045, 0.03301544114947319, 0.639519214630127], "frame_37": [0.6303349137306213, 0.3951331377029419, 0.049651507288217545, 0.04922159016132355, 0.12853236496448517, 0.4128577411174774, 0.028499316424131393, 0.03131989389657974, 0.783760666847229], "frame_38": [0.6303450465202332, 0.39513686299324036, 0.04967214912176132, 0.04922294616699219, 0.14644977450370789, 0.3850769102573395, 0.029541989788413048, 0.03125555068254471, 0.8585476279258728], "frame_39": [0.6303189396858215, 0.3951270282268524, 0.04961920902132988, 0.04920603334903717, 0.16615921258926392, 0.36081936955451965, 0.025985674932599068, 0.031111039221286774, 0.903607964515686],