{"frame_0": [0.630696177482605, 0.3961852192878723, 0.048726823180913925, 0.04984550550580025, 0.6049849390983582, 0.3591022193431854, 0.022240828722715378, 0.02437606453895569, 0.9437940120697021], "frame_1": [0.6308409571647644, 0.3963901996612549, 0.04901322349905968, 0.049640484154224396, 0.6049849390983582, 0.3591022193431854, 0.022240828722715378, 0.02437606453895569, 0.9697953462600708], "frame_2": [0.630852997303009, 0.3963707685470581, 0.0489986427128315, 0.04964748024940491, 0.6049849390983582, 0.3591022193431854, 0.022240828722715378, 0.02437606453895569, 0.9785153865814209], "frame_3": [0.6308501362800598, 0.39633822441101074, 0.04900610074400902, 0.04960678890347481, 0.6049849390983582, 0.3591022193431854, 0.022240828722715378, 0.02437606453895569, 0.9876236319541931], "frame_4": [0.6308686137199402, 0.39630189538002014, 0.04898698627948761, 0.049519941210746765, 0.8107993006706238, 0.5994942784309387, 0.0298139788210392, 0.03232909366488457, 0.9827389717102051], "frame_5": [0.6308623552322388, 0.3963496685028076, 0.04902670159935951, 0.049511805176734924, 0.8031139969825745, 0.6031414866447449, 0.028706105425953865, 0.02967970073223114, 0.9930502772331238], "frame_6": [0.6308852434158325, 0.39632317423820496, 0.04910477623343468, 0.049463484436273575, 0.7976089715957642, 0.6060054302215576, 0.02976328507065773, 0.029077233746647835, 0.999976634979248], "frame_7": [0.6308720111846924, 0.39627575874328613, 0.049080826342105865, 0.0494750551879406, 0.7873604893684387, 0.6068258285522461, 0.030124155804514885, 0.030470402911305428, 0.9537094831466675], "frame_8": [0.6308667659759521, 0.39624905586242676, 0.04912393540143967, 0.0495140515267849, 0.7873604893684387, 0.6068258285522461, 0.030124155804514885, 0.030470402911305428, 0.9436500072479248], "frame_9": [0.6308544278144836, 0.39626696705818176, 0.049137964844703674, 0.04950425773859024, 0.7873604893684387, 0.6068258285522461, 0.030124155804514885, 0.030470402911305428, 0.9304399490356445], "frame_10": [0.6308767199516296, 0.39627695083618164, 0.04920196533203125, 0.04950379207730293, 0.7873604893684387, 0.6068258285522461, 0.030124155804514885, 0.030470402911305428, 0.8598521947860718], "frame_11": [0.6308889389038086, 0.39628082513809204, 0.04922854155302048, 0.0494648814201355, 0.7873604893684387, 0.6068258285522461, 0.030124155804514885, 0.030470402911305428, 0.8122072219848633], "frame_12": [0.6310360431671143, 0.3962792158126831, 0.049471452832221985, 0.04894879832863808, 0.7873604893684387, 0.6068258285522461, 0.030124155804514885, 0.030470402911305428, 0.8078336119651794], "frame_13": [0.6310234665870667, 0.3962772786617279, 0.04941902309656143, 0.04895913973450661, 0.7873604893684387, 0.6068258285522461, 0.030124155804514885, 0.030470402911305428, 0.7793314456939697], "frame_14": [0.6310115456581116, 0.39628008008003235, 0.04940355196595192, 0.04894828796386719, 0.7873604893684387, 0.6068258285522461, 0.030124155804514885, 0.030470402911305428, 0.7272212505340576], "frame_15": [0.6310110092163086, 0.3962801694869995, 0.04938774183392525, 0.04896185174584389, 0.7873604893684387, 0.6068258285522461, 0.030124155804514885, 0.030470402911305428, 0.7403603196144104], "frame_16": [0.6310112476348877, 0.39626914262771606, 0.04938710480928421, 0.0489281564950943, 0.7873604893684387, 0.6068258285522461, 0.030124155804514885, 0.030470402911305428, 0.7381089329719543], "frame_17": [0.6310029625892639, 0.39627617597579956, 0.04937154799699783, 0.04893938824534416, 0.7873604893684387, 0.6068258285522461, 0.030124155804514885, 0.030470402911305428, 0.6311560273170471], "frame_18": [0.6309904456138611, 0.3962693512439728, 0.04934357479214668, 0.048913657665252686, 0.7873604893684387, 0.6068258285522461, 0.030124155804514885, 0.030470402911305428, 0.08119116723537445], "frame_19": [0.6309257745742798, 0.3962628245353699, 0.04928932338953018, 0.0488823801279068, 0.7873604893684387, 0.6068258285522461, 0.030124155804514885, 0.030470402911305428, 0.04378390312194824], "frame_20": [0.6309041380882263, 0.3962748348712921, 0.04941427335143089, 0.04891946539282799, 0.7873604893684387, 0.6068258285522461, 0.030124155804514885, 0.030470402911305428, 0.40777328610420227], "frame_21": [0.63091641664505, 0.39627620577812195, 0.04947530850768089, 0.04892238974571228, 0.7873604893684387, 0.6068258285522461, 0.030124155804514885, 0.030470402911305428, 0.5237215757369995], "frame_22": [0.6309207677841187, 0.3962855041027069, 0.04953935369849205, 0.048922304064035416, 0.7873604893684387, 0.6068258285522461, 0.030124155804514885, 0.030470402911305428, 0.6572415828704834], "frame_23": [0.6309295892715454, 0.3963063657283783, 0.04946204274892807, 0.04895549267530441, 0.7873604893684387, 0.6068258285522461, 0.030124155804514885, 0.030470402911305428, 0.8602044582366943], "frame_24": [0.6309875249862671, 0.3963182270526886, 0.04961412400007248, 0.048869788646698, 0.7873604893684387, 0.6068258285522461, 0.030124155804514885, 0.030470402911305428, 0.8317819833755493], "frame_25": [0.630975604057312, 0.3963220715522766, 0.04965180158615112, 0.048862967640161514, 0.7873604893684387, 0.6068258285522461, 0.030124155804514885, 0.030470402911305428, 0.8548256158828735], "frame_26": [0.6309765577316284, 0.39631932973861694, 0.04960174486041069, 0.04888326674699783, 0.7873604893684387, 0.6068258285522461, 0.030124155804514885, 0.030470402911305428, 0.7814387679100037], "frame_27": [0.6309100389480591, 0.3960939943790436, 0.0493563748896122, 0.048761408776044846, 0.7873604893684387, 0.6068258285522461, 0.030124155804514885, 0.030470402911305428, 0.820347249507904], "frame_28": [0.6309811472892761, 0.39610162377357483, 0.049452804028987885, 0.04871406406164169, 0.7873604893684387, 0.6068258285522461, 0.030124155804514885, 0.030470402911305428, 0.7386118173599243], "frame_29": [0.6310048699378967, 0.39619505405426025, 0.04971792548894882, 0.04858072102069855, 0.7228469252586365, 0.49261948466300964, 0.02568359300494194, 0.03179778903722763, 0.766971230506897], "frame_30": [0.6310698390007019, 0.39613837003707886, 0.04972021281719208, 0.048645783215761185, 0.7239674925804138, 0.48902103304862976, 0.02488555945456028, 0.030971145257353783, 0.5788630247116089], "frame_31": [0.6310509443283081, 0.3961467742919922, 0.04975586012005806, 0.048667654395103455, 0.724063515663147, 0.4829809367656708, 0.02567020058631897, 0.030434714630246162, 0.7214457392692566], "frame_32": [0.631135880947113, 0.39610952138900757, 0.049840714782476425, 0.04854617640376091, 0.7230823040008545, 0.4763202369213104, 0.0270529855042696, 0.03176604211330414, 0.5995672345161438], "frame_33": [0.6312358379364014, 0.3961135447025299, 0.04971732944250107, 0.04844886064529419, 0.7240632176399231, 0.4643510580062866, 0.027908876538276672, 0.03411199897527695, 0.7946509718894958], "frame_34": [0.6312674880027771, 0.3961130380630493, 0.0497392863035202, 0.048470813781023026, 0.7217196226119995, 0.4541821777820587, 0.03051622211933136, 0.03219261020421982, 0.7074631452560425], "frame_35": [0.6313310265541077, 0.3961023688316345, 0.04987543076276779, 0.04844139888882637, 0.7177066206932068, 0.4383431375026703, 0.03326259180903435, 0.03279151767492294, 0.8204030990600586], "frame_36": [0.6310936808586121, 0.39610493183135986, 0.0499446876347065, 0.04835595190525055, 0.7177066206932068, 0.4383431375026703, 0.03326259180903435, 0.03279151767492294, 0.2046213150024414], "frame_37": [0.6310742497444153, 0.3961120545864105, 0.049721527844667435, 0.04831085354089737, 0.7177066206932068, 0.4383431375026703, 0.03326259180903435, 0.03279151767492294, 0.8517562747001648], "frame_38": [0.6311559081077576, 0.3961625099182129, 0.04984720051288605, 0.04847501218318939, 0.7070130109786987, 0.3761548399925232, 0.027408981695771217, 0.030881542712450027, 0.8091816902160645], "frame_39": [0.6311327815055847, 0.3961845934391022, 0.0499223917722702, 0.048374686390161514, 0.7024465799331665, 0.358381062746048, 0.026785491034388542, 0.029721641913056374, 0.8932915329933167],