{"frame_0": [0.6301020383834839, 0.39763587713241577, 0.05064913257956505, 0.048649005591869354, 0.5784817337989807, 0.4739218056201935, 0.020517731085419655, 0.025835206732153893, 0.7487682104110718], "frame_1": [0.6298379898071289, 0.3973289430141449, 0.050173569470644, 0.04881846159696579, 0.5784817337989807, 0.4739218056201935, 0.020517731085419655, 0.025835206732153893, 0.7913821935653687], "frame_2": [0.6300132274627686, 0.3973386883735657, 0.049719154834747314, 0.04888666048645973, 0.5784817337989807, 0.4739218056201935, 0.020517731085419655, 0.025835206732153893, 0.686358630657196], "frame_3": [0.6300128102302551, 0.3973371684551239, 0.04975280910730362, 0.04888699948787689, 0.5784817337989807, 0.4739218056201935, 0.020517731085419655, 0.025835206732153893, 0.6487357020378113], "frame_4": [0.630005955696106, 0.39738982915878296, 0.04889259487390518, 0.04887326434254646, 0.5784817337989807, 0.4739218056201935, 0.020517731085419655, 0.025835206732153893, 0.6165946125984192], "frame_5": [0.6301522254943848, 0.3974347412586212, 0.049231551587581635, 0.04881591722369194, 0.4547092020511627, 0.5731245279312134, 0.017994223162531853, 0.018983926624059677, 0.6879981756210327], "frame_6": [0.6301552057266235, 0.39742711186408997, 0.04917687177658081, 0.048834990710020065, 0.4544595181941986, 0.5721157193183899, 0.01813286729156971, 0.01910078339278698, 0.7343360781669617], "frame_7": [0.6302251815795898, 0.39735665917396545, 0.04944131523370743, 0.049132537096738815, 0.4553928077220917, 0.5703566074371338, 0.017549514770507812, 0.019252395257353783, 0.6887120604515076], "frame_8": [0.6301724314689636, 0.3973632752895355, 0.04941236600279808, 0.049091510474681854, 0.45648592710494995, 0.5670203566551208, 0.017715241760015488, 0.01975402794778347, 0.7049753069877625], "frame_9": [0.6302046775817871, 0.39744699001312256, 0.04946937412023544, 0.049068450927734375, 0.4582868814468384, 0.562269926071167, 0.017229674383997917, 0.017469406127929688, 0.6706509590148926], "frame_10": [0.6302365660667419, 0.397474080324173, 0.04938163608312607, 0.0489763468503952, 0.4609646201133728, 0.5554962754249573, 0.01590525358915329, 0.01818372868001461, 0.681511640548706], "frame_11": [0.6302245259284973, 0.39747482538223267, 0.049326322972774506, 0.04901042580604553, 0.46136170625686646, 0.5456823706626892, 0.017189789563417435, 0.019187631085515022, 0.6695707440376282], "frame_12": [0.6298294067382812, 0.39744117856025696, 0.04898681491613388, 0.04842665046453476, 0.46136170625686646, 0.5456823706626892, 0.017189789563417435, 0.019187631085515022, 0.6415720582008362], "frame_13": [0.6298288702964783, 0.3974702060222626, 0.04903839901089668, 0.04840816929936409, 0.45980972051620483, 0.5303428769111633, 0.018020078539848328, 0.022029707208275795, 0.4926548898220062], "frame_14": [0.6298157572746277, 0.39752358198165894, 0.049107953906059265, 0.048139020800590515, 0.45633918046951294, 0.5248969793319702, 0.018665101379156113, 0.021730804815888405, 0.5279619097709656], "frame_15": [0.6297912001609802, 0.3974246680736542, 0.04910486191511154, 0.048303816467523575, 0.45633918046951294, 0.5248969793319702, 0.018665101379156113, 0.021730804815888405, 0.5259789228439331], "frame_16": [0.6296199560165405, 0.39756062626838684, 0.048853810876607895, 0.04824914038181305, 0.45633918046951294, 0.5248969793319702, 0.018665101379156113, 0.021730804815888405, 0.5320975184440613], "frame_17": [0.6296707391738892, 0.3974635601043701, 0.04915618896484375, 0.04861840233206749, 0.4396362006664276, 0.510023832321167, 0.021656883880496025, 0.022388288751244545, 0.5236808061599731], "frame_18": [0.6297525763511658, 0.397475928068161, 0.04923345893621445, 0.04865752160549164, 0.4396362006664276, 0.510023832321167, 0.021656883880496025, 0.022388288751244545, 0.4984240233898163], "frame_19": [0.6297771334648132, 0.3975101113319397, 0.04932081326842308, 0.048672866076231, 0.4396362006664276, 0.510023832321167, 0.021656883880496025, 0.022388288751244545, 0.5592366456985474], "frame_20": [0.6297959089279175, 0.3975214660167694, 0.04933815076947212, 0.04865819960832596, 0.4396362006664276, 0.510023832321167, 0.021656883880496025, 0.022388288751244545, 0.4972752630710602], "frame_21": [0.6298910975456238, 0.3975350260734558, 0.04925109073519707, 0.04870592802762985, 0.4396362006664276, 0.510023832321167, 0.021656883880496025, 0.022388288751244545, 0.48534804582595825], "frame_22": [0.6299340128898621, 0.397560715675354, 0.049214765429496765, 0.048765819519758224, 0.4396362006664276, 0.510023832321167, 0.021656883880496025, 0.022388288751244545, 0.49350041151046753], "frame_23": [0.629878044128418, 0.39764994382858276, 0.04926321282982826, 0.04864501953125, 0.4396362006664276, 0.510023832321167, 0.021656883880496025, 0.022388288751244545, 0.44961169362068176], "frame_24": [0.6301757097244263, 0.39769667387008667, 0.04951990023255348, 0.04872779920697212, 0.4396362006664276, 0.510023832321167, 0.021656883880496025, 0.022388288751244545, 0.6208724975585938], "frame_25": [0.6301130652427673, 0.39768949151039124, 0.04938621446490288, 0.04873296990990639, 0.4396362006664276, 0.510023832321167, 0.021656883880496025, 0.022388288751244545, 0.0], "frame_26": [0.6301400065422058, 0.3977012634277344, 0.049475692212581635, 0.048709869384765625, 0.4396362006664276, 0.510023832321167, 0.021656883880496025, 0.022388288751244545, 0.0], "frame_27": [0.6302345991134644, 0.39768752455711365, 0.049628280103206635, 0.04869541525840759, 0.4396362006664276, 0.510023832321167, 0.021656883880496025, 0.022388288751244545, 0.0], "frame_28": [0.6301985383033752, 0.39768192172050476, 0.04961853101849556, 0.0486966036260128, 0.4396362006664276, 0.510023832321167, 0.021656883880496025, 0.022388288751244545, 0.0], "frame_29": [0.6302288770675659, 0.397720068693161, 0.049810029566287994, 0.04856393486261368, 0.4396362006664276, 0.510023832321167, 0.021656883880496025, 0.022388288751244545, 0.0], "frame_30": [0.6302099227905273, 0.39769771695137024, 0.04965095594525337, 0.04855893552303314, 0.4396362006664276, 0.510023832321167, 0.021656883880496025, 0.022388288751244545, 0.0], "frame_31": [0.6302441358566284, 0.3977639079093933, 0.049848176538944244, 0.04862861707806587, 0.4396362006664276, 0.510023832321167, 0.021656883880496025, 0.022388288751244545, 0.0], "frame_32": [0.6302064657211304, 0.39768287539482117, 0.0496005155146122, 0.048562537878751755, 0.4396362006664276, 0.510023832321167, 0.021656883880496025, 0.022388288751244545, 0.0], "frame_33": [0.6301308274269104, 0.39777782559394836, 0.04964311420917511, 0.04857198894023895, 0.4396362006664276, 0.510023832321167, 0.021656883880496025, 0.022388288751244545, 0.0], "frame_34": [0.6301416754722595, 0.3977503478527069, 0.04954634606838226, 0.048556771129369736, 0.4396362006664276, 0.510023832321167, 0.021656883880496025, 0.022388288751244545, 0.0], "frame_35": [0.6300381422042847, 0.397813081741333, 0.049539439380168915, 0.04866116866469383, 0.4621400535106659, 0.3730020225048065, 0.018933868035674095, 0.02315216138958931, 0.6760780215263367], "frame_36": [0.6300528645515442, 0.3978444039821625, 0.0496259480714798, 0.048806846141815186, 0.4679267108440399, 0.36193838715553284, 0.020249726250767708, 0.02243548445403576, 0.6989073753356934], "frame_37": [0.630031943321228, 0.3978114128112793, 0.049569107592105865, 0.048772431910037994, 0.4679267108440399, 0.36193838715553284, 0.020249726250767708, 0.02243548445403576, 0.713580846786499], "frame_38": [0.6300408840179443, 0.39788517355918884, 0.04983160272240639, 0.04898766428232193, 0.4794921875, 0.34558624029159546, 0.02119649201631546, 0.02305537275969982, 0.0], "frame_39": [0.6300106644630432, 0.39782461524009705, 0.049717798829078674, 0.04891548305749893, 0.48700034618377686, 0.3364894390106201, 0.018258284777402878, 0.02328777313232422, 0.6227598786354065],