{"frame_0": [0.6304095983505249, 0.3945888876914978, 0.04967926815152168, 0.04907277598977089, 0.7115693092346191, 0.4501190185546875, 0.019861390814185143, 0.024502944201231003, 0.471164345741272], "frame_1": [0.6306279301643372, 0.39468079805374146, 0.04932060092687607, 0.0483778640627861, 0.45479685068130493, 0.5614162683486938, 0.022668244317173958, 0.02523498609662056, 0.5053544044494629], "frame_2": [0.6306824684143066, 0.3946681022644043, 0.04934980720281601, 0.048313140869140625, 0.45479685068130493, 0.5614162683486938, 0.022668244317173958, 0.02523498609662056, 0.501876711845398], "frame_3": [0.6306695938110352, 0.3947041928768158, 0.04935510456562042, 0.04837531968951225, 0.45479685068130493, 0.5614162683486938, 0.022668244317173958, 0.02523498609662056, 0.5351601839065552], "frame_4": [0.630687952041626, 0.39474496245384216, 0.04946344345808029, 0.04842203110456467, 0.45479685068130493, 0.5614162683486938, 0.022668244317173958, 0.02523498609662056, 0.5434097647666931], "frame_5": [0.6306849718093872, 0.3947106599807739, 0.04947052150964737, 0.04838934913277626, 0.45479685068130493, 0.5614162683486938, 0.022668244317173958, 0.02523498609662056, 0.4380005896091461], "frame_6": [0.6307953596115112, 0.3947024941444397, 0.049616411328315735, 0.04833115637302399, 0.45479685068130493, 0.5614162683486938, 0.022668244317173958, 0.02523498609662056, 0.4884818196296692], "frame_7": [0.6306759715080261, 0.3947106599807739, 0.04942033439874649, 0.048388585448265076, 0.45479685068130493, 0.5614162683486938, 0.022668244317173958, 0.02523498609662056, 0.1357305496931076], "frame_8": [0.6306813359260559, 0.3947122395038605, 0.04944343492388725, 0.04839659854769707, 0.45479685068130493, 0.5614162683486938, 0.022668244317173958, 0.02523498609662056, 0.13081695139408112], "frame_9": [0.63068687915802, 0.39469876885414124, 0.0494646281003952, 0.04837455600500107, 0.45479685068130493, 0.5614162683486938, 0.022668244317173958, 0.02523498609662056, 0.12340526282787323], "frame_10": [0.6307066679000854, 0.394692063331604, 0.04949493333697319, 0.04845305532217026, 0.45479685068130493, 0.5614162683486938, 0.022668244317173958, 0.02523498609662056, 0.11894483864307404], "frame_11": [0.6306896805763245, 0.3946928381919861, 0.04948713630437851, 0.04839752987027168, 0.45479685068130493, 0.5614162683486938, 0.022668244317173958, 0.02523498609662056, 0.11881788820028305], "frame_12": [0.6308075785636902, 0.39467400312423706, 0.048924848437309265, 0.04843779653310776, 0.45479685068130493, 0.5614162683486938, 0.022668244317173958, 0.02523498609662056, 0.4841115474700928], "frame_13": [0.6308732032775879, 0.39464977383613586, 0.049048446118831635, 0.04838583245873451, 0.45479685068130493, 0.5614162683486938, 0.022668244317173958, 0.02523498609662056, 0.4818669259548187], "frame_14": [0.6308151483535767, 0.3946595788002014, 0.049022503197193146, 0.04839880019426346, 0.45479685068130493, 0.5614162683486938, 0.022668244317173958, 0.02523498609662056, 0.3521222770214081], "frame_15": [0.6308109760284424, 0.3946222960948944, 0.049021825194358826, 0.04835205152630806, 0.45479685068130493, 0.5614162683486938, 0.022668244317173958, 0.02523498609662056, 0.27133217453956604], "frame_16": [0.630808413028717, 0.39462393522262573, 0.04902704060077667, 0.048359088599681854, 0.45479685068130493, 0.5614162683486938, 0.022668244317173958, 0.02523498609662056, 0.0869733914732933], "frame_17": [0.6308023929595947, 0.39461398124694824, 0.0490255132317543, 0.048363324254751205, 0.45479685068130493, 0.5614162683486938, 0.022668244317173958, 0.02523498609662056, 0.14735281467437744], "frame_18": [0.6307734847068787, 0.39463502168655396, 0.04894561693072319, 0.04850396141409874, 0.45479685068130493, 0.5614162683486938, 0.022668244317173958, 0.02523498609662056, 0.06973742693662643], "frame_19": [0.6306885480880737, 0.394674688577652, 0.04885389655828476, 0.04860327020287514, 0.45479685068130493, 0.5614162683486938, 0.022668244317173958, 0.02523498609662056, 0.01047514844685793], "frame_20": [0.6307300329208374, 0.39469143748283386, 0.048793621361255646, 0.048655107617378235, 0.45479685068130493, 0.5614162683486938, 0.022668244317173958, 0.02523498609662056, 0.3249765932559967], "frame_21": [0.630648136138916, 0.3947036862373352, 0.04888954013586044, 0.04858330637216568, 0.45479685068130493, 0.5614162683486938, 0.022668244317173958, 0.02523498609662056, 0.3716205954551697], "frame_22": [0.6307343244552612, 0.3947359621524811, 0.04892158508300781, 0.04859428480267525, 0.45479685068130493, 0.5614162683486938, 0.022668244317173958, 0.02523498609662056, 0.3610711693763733], "frame_23": [0.6307128667831421, 0.3947330117225647, 0.04885101318359375, 0.04863607510924339, 0.45479685068130493, 0.5614162683486938, 0.022668244317173958, 0.02523498609662056, 0.3574390709400177], "frame_24": [0.6306189894676208, 0.394974023103714, 0.049248673021793365, 0.048769377171993256, 0.4176676869392395, 0.490530401468277, 0.022756194695830345, 0.023865127936005592, 0.5399633049964905], "frame_25": [0.6306729316711426, 0.3950164020061493, 0.049397870898246765, 0.04886215925216675, 0.41403070092201233, 0.48977431654930115, 0.023528162389993668, 0.02414855919778347, 0.3911166191101074], "frame_26": [0.6306729316711426, 0.39500781893730164, 0.04937608540058136, 0.04881485924124718, 0.4097113013267517, 0.48835253715515137, 0.021911408752202988, 0.024031829088926315, 0.4320467412471771], "frame_27": [0.6306403875350952, 0.395035058259964, 0.04935472458600998, 0.04874466732144356, 0.4055602252483368, 0.48604515194892883, 0.024303140118718147, 0.023754967376589775, 0.500839114189148], "frame_28": [0.6306471228599548, 0.3950320780277252, 0.04933204501867294, 0.04880833253264427, 0.4027802050113678, 0.4838111996650696, 0.0252660121768713, 0.027998436242341995, 0.43004074692726135], "frame_29": [0.630649209022522, 0.39503130316734314, 0.04927351325750351, 0.0487898513674736, 0.4016028642654419, 0.4797661602497101, 0.02388526126742363, 0.026143180206418037, 0.10818063467741013], "frame_30": [0.6306976079940796, 0.39505234360694885, 0.04938134178519249, 0.04867668077349663, 0.3987397849559784, 0.47298339009284973, 0.02623172290623188, 0.027884885668754578, 0.3821451663970947], "frame_31": [0.6307266354560852, 0.395006388425827, 0.04946984350681305, 0.04856503754854202, 0.3987397849559784, 0.47298339009284973, 0.02623172290623188, 0.027884885668754578, 0.109429731965065], "frame_32": [0.6307440996170044, 0.3950124979019165, 0.04952218756079674, 0.0485738106071949, 0.3987397849559784, 0.47298339009284973, 0.02623172290623188, 0.027884885668754578, 0.6305451393127441], "frame_33": [0.6307503581047058, 0.3950352966785431, 0.04958631843328476, 0.04869147390127182, 0.40330928564071655, 0.43377330899238586, 0.026426611468195915, 0.0314202643930912, 0.7306520342826843], "frame_34": [0.6307075023651123, 0.39501240849494934, 0.049529265612363815, 0.048617467284202576, 0.4132038950920105, 0.41385307908058167, 0.025037383660674095, 0.030722299590706825, 0.7744062542915344], "frame_35": [0.630785346031189, 0.39507266879081726, 0.049821216613054276, 0.04867269843816757, 0.42427948117256165, 0.3952415883541107, 0.02327863872051239, 0.030294205993413925, 0.8078361749649048], "frame_36": [0.6309160590171814, 0.395116925239563, 0.0497240275144577, 0.04856207221746445, 0.4307745695114136, 0.37788790464401245, 0.026621246710419655, 0.030430814251303673, 0.29738032817840576], "frame_37": [0.6309083104133606, 0.3950880169868469, 0.049632728099823, 0.04857317730784416, 0.44051462411880493, 0.3608177900314331, 0.025052346289157867, 0.02873516082763672, 0.6086947917938232], "frame_38": [0.6309804320335388, 0.3951414227485657, 0.04984520748257637, 0.0484432652592659, 0.45020592212677, 0.34640273451805115, 0.022414695471525192, 0.028362274169921875, 0.7481536269187927],