{"frame_0": [0.6305052638053894, 0.39451462030410767, 0.05001775920391083, 0.04837371036410332, 0.3785771131515503, 0.59490567445755, 0.019066620618104935, 0.023737208917737007, 0.8169581294059753], "frame_1": [0.6307007670402527, 0.3944952189922333, 0.04978065565228462, 0.04765747860074043, 0.37776535749435425, 0.589619517326355, 0.019533369690179825, 0.02181091345846653, 0.783995509147644], "frame_2": [0.6307586431503296, 0.39458686113357544, 0.049986861646175385, 0.04782939329743385, 0.37760522961616516, 0.5849578380584717, 0.02065616101026535, 0.02274017408490181, 0.791886031627655], "frame_3": [0.6307983994483948, 0.39476120471954346, 0.05017615482211113, 0.04775848239660263, 0.37800487875938416, 0.580718994140625, 0.019365819171071053, 0.023750899359583855, 0.7771181464195251], "frame_4": [0.630843460559845, 0.39461880922317505, 0.050136566162109375, 0.04775937274098396, 0.378307044506073, 0.5781700015068054, 0.019346024841070175, 0.022011185064911842, 0.7515031695365906], "frame_5": [0.6308637261390686, 0.39465034008026123, 0.05020332336425781, 0.04775017499923706, 0.378307044506073, 0.5781700015068054, 0.019346024841070175, 0.022011185064911842, 0.7578601241111755], "frame_6": [0.6308517456054688, 0.3946426510810852, 0.05024091899394989, 0.047785695642232895, 0.378307044506073, 0.5781700015068054, 0.019346024841070175, 0.022011185064911842, 0.7650333642959595], "frame_7": [0.6307554244995117, 0.3946336507797241, 0.05035858228802681, 0.04758245497941971, 0.378307044506073, 0.5781700015068054, 0.019346024841070175, 0.022011185064911842, 0.7738021612167358], "frame_8": [0.6307696104049683, 0.3945789039134979, 0.05030869320034981, 0.04746771976351738, 0.378307044506073, 0.5781700015068054, 0.019346024841070175, 0.022011185064911842, 0.7690350413322449], "frame_9": [0.6307224035263062, 0.3946651518344879, 0.05034925788640976, 0.04744245857000351, 0.378307044506073, 0.5781700015068054, 0.019346024841070175, 0.022011185064911842, 0.765885591506958], "frame_10": [0.6307275295257568, 0.3946364223957062, 0.05032674968242645, 0.04732682928442955, 0.378307044506073, 0.5781700015068054, 0.019346024841070175, 0.022011185064911842, 0.7663880586624146], "frame_11": [0.6307016015052795, 0.3946572244167328, 0.05037049204111099, 0.04726668447256088, 0.378307044506073, 0.5781700015068054, 0.019346024841070175, 0.022011185064911842, 0.7797123193740845], "frame_12": [0.630901575088501, 0.394851952791214, 0.04975759610533714, 0.04737120866775513, 0.378307044506073, 0.5781700015068054, 0.019346024841070175, 0.022011185064911842, 0.7848821878433228], "frame_13": [0.6309043169021606, 0.39484813809394836, 0.049770183861255646, 0.04736989364027977, 0.378307044506073, 0.5781700015068054, 0.019346024841070175, 0.022011185064911842, 0.7942569255828857], "frame_14": [0.6308866739273071, 0.3948492407798767, 0.04973487928509712, 0.04737604036927223, 0.378307044506073, 0.5781700015068054, 0.019346024841070175, 0.022011185064911842, 0.792532205581665], "frame_15": [0.630888819694519, 0.3948160707950592, 0.04975297674536705, 0.04733865708112717, 0.38127467036247253, 0.5713467001914978, 0.018286895006895065, 0.02095692977309227, 0.7884910702705383], "frame_16": [0.6309028267860413, 0.3948170840740204, 0.049759842455387115, 0.0473489984869957, 0.3833096921443939, 0.5690752863883972, 0.019197378307580948, 0.021748563274741173, 0.7881121635437012], "frame_17": [0.6309212446212769, 0.394770085811615, 0.04970262199640274, 0.047275371849536896, 0.38483044505119324, 0.5663955807685852, 0.019421979784965515, 0.021542739123106003, 0.772162914276123], "frame_18": [0.6309500932693481, 0.3947610557079315, 0.04982702434062958, 0.04729614406824112, 0.38825708627700806, 0.5598830580711365, 0.02189483679831028, 0.020933447405695915, 0.7553714513778687], "frame_19": [0.6308424472808838, 0.39474478363990784, 0.0496835932135582, 0.0473116971552372, 0.39146846532821655, 0.5532217025756836, 0.02061614952981472, 0.019651031121611595, 0.7151615619659424], "frame_20": [0.6308406591415405, 0.39477860927581787, 0.049732886254787445, 0.047382354736328125, 0.39146846532821655, 0.5532217025756836, 0.02061614952981472, 0.019651031121611595, 0.6283147931098938], "frame_21": [0.6308376789093018, 0.3948676288127899, 0.04986521229147911, 0.04727058485150337, 0.39146846532821655, 0.5532217025756836, 0.02061614952981472, 0.019651031121611595, 0.5925978422164917], "frame_22": [0.6308733820915222, 0.3948652446269989, 0.0499616414308548, 0.04726117476820946, 0.39253920316696167, 0.5275715589523315, 0.018028216436505318, 0.02558441087603569, 0.5419310331344604], "frame_23": [0.6308635473251343, 0.3947800397872925, 0.049668289721012115, 0.04746665805578232, 0.39253920316696167, 0.5275715589523315, 0.018028216436505318, 0.02558441087603569, 0.5250192284584045], "frame_24": [0.6308320760726929, 0.39492660760879517, 0.049430083483457565, 0.04812304303050041, 0.3830275535583496, 0.5095186829566956, 0.02137078158557415, 0.025487730279564857, 0.5452200174331665], "frame_25": [0.6308293342590332, 0.3949224650859833, 0.04942304641008377, 0.04813702777028084, 0.3789469301700592, 0.5047449469566345, 0.018637297675013542, 0.022709952667355537, 0.5368737578392029], "frame_26": [0.6308299899101257, 0.3950653374195099, 0.049776628613471985, 0.047981347888708115, 0.3789469301700592, 0.5047449469566345, 0.018637297675013542, 0.022709952667355537, 0.4849046468734741], "frame_27": [0.6308382749557495, 0.3949904441833496, 0.04955990985035896, 0.04808540269732475, 0.36610549688339233, 0.5008010268211365, 0.021518155932426453, 0.025325562804937363, 0.5971332788467407], "frame_28": [0.6308475136756897, 0.3949843645095825, 0.04960288852453232, 0.04806022718548775, 0.36610549688339233, 0.5008010268211365, 0.021518155932426453, 0.025325562804937363, 0.6133876442909241], "frame_29": [0.6308416724205017, 0.39499425888061523, 0.0496952049434185, 0.04797672852873802, 0.36610549688339233, 0.5008010268211365, 0.021518155932426453, 0.025325562804937363, 0.5894826054573059], "frame_30": [0.6308446526527405, 0.3950384259223938, 0.04975586012005806, 0.04797019809484482, 0.36610549688339233, 0.5008010268211365, 0.021518155932426453, 0.025325562804937363, 0.6040708422660828], "frame_31": [0.6308786869049072, 0.3950996398925781, 0.04998189955949783, 0.0478600412607193, 0.36610549688339233, 0.5008010268211365, 0.021518155932426453, 0.025325562804937363, 0.5661914348602295], "frame_32": [0.630838930606842, 0.39501985907554626, 0.049822233617305756, 0.04789958521723747, 0.36610549688339233, 0.5008010268211365, 0.021518155932426453, 0.025325562804937363, 0.6226769685745239], "frame_33": [0.6308322548866272, 0.3950156271457672, 0.04976912587881088, 0.04793722182512283, 0.36610549688339233, 0.5008010268211365, 0.021518155932426453, 0.025325562804937363, 0.6219139099121094], "frame_34": [0.6308885216712952, 0.39504876732826233, 0.04983999580144882, 0.04802911728620529, 0.36610549688339233, 0.5008010268211365, 0.021518155932426453, 0.025325562804937363, 0.6637282371520996], "frame_35": [0.6309242844581604, 0.3950832784175873, 0.04989662021398544, 0.048062048852443695, 0.3610951006412506, 0.4786922335624695, 0.020066918805241585, 0.02356058731675148, 0.6912943720817566], "frame_36": [0.6307907700538635, 0.3949776589870453, 0.04970499500632286, 0.04805251210927963, 0.36431485414505005, 0.4707648456096649, 0.022161569446325302, 0.024292374029755592, 0.7350521683692932], "frame_37": [0.6307723522186279, 0.39498019218444824, 0.04966362938284874, 0.04802483320236206, 0.368611216545105, 0.45907965302467346, 0.023066839203238487, 0.025381173938512802, 0.8263816237449646], "frame_38": [0.6308096051216125, 0.39498841762542725, 0.04977896064519882, 0.04802856594324112, 0.37926915287971497, 0.4434516429901123, 0.024700799956917763, 0.02518683485686779, 0.8288565278053284], "frame_39": [0.6307674646377563, 0.39500725269317627, 0.04959869384765625, 0.04796646907925606, 0.391008198261261, 0.42840346693992615, 0.020534854382276535, 0.020463179796934128, 0.4502023756504059],