{"frame_0": [0.6307367086410522, 0.3960428833961487, 0.04929559677839279, 0.049776457250118256, 0.6023131608963013, 0.3519930839538574, 0.022109899669885635, 0.024044904857873917, 0.0], "frame_1": [0.6306094527244568, 0.39608824253082275, 0.04981651157140732, 0.04918632656335831, 0.6023131608963013, 0.3519930839538574, 0.022109899669885635, 0.024044904857873917, 0.0], "frame_2": [0.6306222677230835, 0.3960466980934143, 0.04976556450128555, 0.04914703220129013, 0.6023131608963013, 0.3519930839538574, 0.022109899669885635, 0.024044904857873917, 0.6943494081497192], "frame_3": [0.6306092739105225, 0.39602744579315186, 0.04974365234375, 0.049120161682367325, 0.6023131608963013, 0.3519930839538574, 0.022109899669885635, 0.024044904857873917, 0.748672366142273], "frame_4": [0.6306678056716919, 0.39601755142211914, 0.04979438707232475, 0.04906942695379257, 0.6023131608963013, 0.3519930839538574, 0.022109899669885635, 0.024044904857873917, 0.7294633388519287], "frame_5": [0.6309213638305664, 0.39619800448417664, 0.049518883228302, 0.049113929271698, 0.6023131608963013, 0.3519930839538574, 0.022109899669885635, 0.024044904857873917, 0.7805476784706116], "frame_6": [0.6309528946876526, 0.39604535698890686, 0.049318525940179825, 0.04907531663775444, 0.6023131608963013, 0.3519930839538574, 0.022109899669885635, 0.024044904857873917, 0.7835622429847717], "frame_7": [0.6309459805488586, 0.39603185653686523, 0.049227140843868256, 0.04909256845712662, 0.6023131608963013, 0.3519930839538574, 0.022109899669885635, 0.024044904857873917, 0.7831174731254578], "frame_8": [0.6309435367584229, 0.3960241675376892, 0.04919836297631264, 0.04906433820724487, 0.3807549774646759, 0.5756350159645081, 0.01499125175178051, 0.017523575574159622, 0.7895430326461792], "frame_9": [0.6310170292854309, 0.39602237939834595, 0.04921112209558487, 0.04910994693636894, 0.3817736804485321, 0.5746086239814758, 0.017607878893613815, 0.01789381168782711, 0.786292314529419], "frame_10": [0.6310155391693115, 0.39601999521255493, 0.04921523109078407, 0.04911325126886368, 0.383672833442688, 0.5732029676437378, 0.01649169996380806, 0.01720597967505455, 0.7583725452423096], "frame_11": [0.6310141086578369, 0.3960241675376892, 0.04921506345272064, 0.04911520332098007, 0.383672833442688, 0.5732029676437378, 0.01649169996380806, 0.01720597967505455, 0.7484594583511353], "frame_12": [0.6310877203941345, 0.39621803164482117, 0.04945657402276993, 0.049551475793123245, 0.383672833442688, 0.5732029676437378, 0.01649169996380806, 0.01720597967505455, 0.7045255303382874], "frame_13": [0.6310855150222778, 0.3962285816669464, 0.04946136474609375, 0.049568939954042435, 0.3905642330646515, 0.5607956647872925, 0.016833115369081497, 0.018750593066215515, 0.6630978584289551], "frame_14": [0.6311198472976685, 0.39627188444137573, 0.049495697021484375, 0.049607593566179276, 0.39097172021865845, 0.5540775656700134, 0.01864607073366642, 0.0197779331356287, 0.5363732576370239], "frame_15": [0.6311018466949463, 0.39625442028045654, 0.0494815818965435, 0.04958530142903328, 0.39178478717803955, 0.5458418726921082, 0.018441010266542435, 0.021459409967064857, 0.5514612793922424], "frame_16": [0.6311818361282349, 0.39637845754623413, 0.04965637996792793, 0.04941558837890625, 0.39204490184783936, 0.5391024351119995, 0.018772590905427933, 0.021123377606272697, 0.5536370873451233], "frame_17": [0.6311644911766052, 0.39637020230293274, 0.049643706530332565, 0.04940367862582207, 0.39151138067245483, 0.5341573357582092, 0.019305123016238213, 0.024016952142119408, 0.0], "frame_18": [0.6311594843864441, 0.396284282207489, 0.04962357506155968, 0.04932403564453125, 0.39151138067245483, 0.5341573357582092, 0.019305123016238213, 0.024016952142119408, 0.44391950964927673], "frame_19": [0.6311472654342651, 0.39627760648727417, 0.049608610570430756, 0.049359895288944244, 0.39151138067245483, 0.5341573357582092, 0.019305123016238213, 0.024016952142119408, 0.4909229874610901], "frame_20": [0.6311787962913513, 0.39626574516296387, 0.04967040941119194, 0.04935230687260628, 0.39151138067245483, 0.5341573357582092, 0.019305123016238213, 0.024016952142119408, 0.5550110936164856], "frame_21": [0.6311789751052856, 0.39628463983535767, 0.04978616535663605, 0.04926147311925888, 0.39151138067245483, 0.5341573357582092, 0.019305123016238213, 0.024016952142119408, 0.5782389044761658], "frame_22": [0.6311301589012146, 0.39632534980773926, 0.049553681164979935, 0.049404822289943695, 0.39151138067245483, 0.5341573357582092, 0.019305123016238213, 0.024016952142119408, 0.6958222985267639], "frame_23": [0.6311092376708984, 0.39626771211624146, 0.049411773681640625, 0.04939354956150055, 0.39151138067245483, 0.5341573357582092, 0.019305123016238213, 0.024016952142119408, 0.6548514366149902], "frame_24": [0.6310475468635559, 0.3964853882789612, 0.04961937665939331, 0.04939460754394531, 0.39151138067245483, 0.5341573357582092, 0.019305123016238213, 0.024016952142119408, 0.0], "frame_25": [0.6310800909996033, 0.3964908719062805, 0.04964256286621094, 0.04934031143784523, 0.39151138067245483, 0.5341573357582092, 0.019305123016238213, 0.024016952142119408, 0.0], "frame_26": [0.6310746073722839, 0.3964915871620178, 0.04962815344333649, 0.04935179650783539, 0.39151138067245483, 0.5341573357582092, 0.019305123016238213, 0.024016952142119408, 0.0], "frame_27": [0.6310663819313049, 0.39649641513824463, 0.04961416497826576, 0.04935256019234657, 0.39151138067245483, 0.5341573357582092, 0.019305123016238213, 0.024016952142119408, 0.0], "frame_28": [0.6310782432556152, 0.3965926170349121, 0.04958381503820419, 0.049382105469703674, 0.39151138067245483, 0.5341573357582092, 0.019305123016238213, 0.024016952142119408, 0.0], "frame_29": [0.6311123967170715, 0.39655712246894836, 0.04963073879480362, 0.04940851032733917, 0.39151138067245483, 0.5341573357582092, 0.019305123016238213, 0.024016952142119408, 0.0], "frame_30": [0.6311144232749939, 0.3965955078601837, 0.04960687458515167, 0.049480140209198, 0.39151138067245483, 0.5341573357582092, 0.019305123016238213, 0.024016952142119408, 0.6706346869468689], "frame_31": [0.6310844421386719, 0.39659610390663147, 0.049594201147556305, 0.04950133338570595, 0.39151138067245483, 0.5341573357582092, 0.019305123016238213, 0.024016952142119408, 0.831570565700531], "frame_32": [0.6311138868331909, 0.3966531455516815, 0.04969380795955658, 0.04958762973546982, 0.39151138067245483, 0.5341573357582092, 0.019305123016238213, 0.024016952142119408, 0.0], "frame_33": [0.6311334371566772, 0.3966333568096161, 0.04973733797669411, 0.04953053966164589, 0.39151138067245483, 0.5341573357582092, 0.019305123016238213, 0.024016952142119408, 0.0], "frame_34": [0.6311119198799133, 0.39663195610046387, 0.04968223720788956, 0.049508072435855865, 0.39151138067245483, 0.5341573357582092, 0.019305123016238213, 0.024016952142119408, 0.7222021222114563], "frame_35": [0.6311051249504089, 0.3966149091720581, 0.04953880235552788, 0.04951481148600578, 0.39151138067245483, 0.5341573357582092, 0.019305123016238213, 0.024016952142119408, 0.750846803188324], "frame_36": [0.6307487487792969, 0.3964182436466217, 0.04950409010052681, 0.049311064183712006, 0.39151138067245483, 0.5341573357582092, 0.019305123016238213, 0.024016952142119408, 0.9388591647148132], "frame_37": [0.6307477951049805, 0.3964112102985382, 0.04951227083802223, 0.0492577888071537, 0.39151138067245483, 0.5341573357582092, 0.019305123016238213, 0.024016952142119408, 0.9279525279998779], "frame_38": [0.6307737827301025, 0.3964713215827942, 0.04956559091806412, 0.04937659204006195, 0.4087938070297241, 0.4069024920463562, 0.018501494079828262, 0.019329622387886047, 0.9385712146759033], "frame_39": [0.6307774186134338, 0.39650481939315796, 0.04970533400774002, 0.0494208000600338, 0.4164677858352661, 0.3942391574382782, 0.020859824493527412, 0.020532142370939255, 0.867656409740448],