{"frame_0": [0.6302879452705383, 0.3972075879573822, 0.049495868384838104, 0.049342259764671326, 0.4796813130378723, 0.5656683444976807, 0.015844175592064857, 0.019122611731290817, 0.7074208855628967], "frame_1": [0.6301456689834595, 0.3973263204097748, 0.04938218742609024, 0.0494510643184185, 0.4811288118362427, 0.5667104721069336, 0.016307830810546875, 0.01979675330221653, 0.6168604493141174], "frame_2": [0.630186140537262, 0.3973119854927063, 0.04936201125383377, 0.04934323579072952, 0.4827674925327301, 0.5690366625785828, 0.016331227496266365, 0.01941223070025444, 0.6495934128761292], "frame_3": [0.6301689147949219, 0.3973241150379181, 0.049326322972774506, 0.04947395250201225, 0.48369675874710083, 0.5706831216812134, 0.016602706164121628, 0.018831847235560417, 0.6735957264900208], "frame_4": [0.6301620602607727, 0.39727863669395447, 0.04921417310833931, 0.04940880835056305, 0.4839096963405609, 0.5727149248123169, 0.01619788259267807, 0.01958770677447319, 0.7316302061080933], "frame_5": [0.6301562190055847, 0.3972654640674591, 0.04918115586042404, 0.04937375336885452, 0.4841744303703308, 0.5763826370239258, 0.016452619805932045, 0.020474031567573547, 0.0], "frame_6": [0.6301488876342773, 0.39727213978767395, 0.0491628423333168, 0.0493835024535656, 0.4841744303703308, 0.5763826370239258, 0.016452619805932045, 0.020474031567573547, 0.0], "frame_7": [0.6301311254501343, 0.3972409963607788, 0.0490807443857193, 0.04936235398054123, 0.4859457314014435, 0.5766939520835876, 0.016578122973442078, 0.019653616473078728, 0.0], "frame_8": [0.6301782131195068, 0.39727461338043213, 0.0491899698972702, 0.049339380115270615, 0.48742276430130005, 0.5758464932441711, 0.018900087103247643, 0.0205832589417696, 0.0], "frame_9": [0.629959762096405, 0.397018164396286, 0.04916360601782799, 0.04948243126273155, 0.4891059994697571, 0.5723226070404053, 0.01910383440554142, 0.019158639013767242, 0.0], "frame_10": [0.6300010085105896, 0.39702174067497253, 0.04921692609786987, 0.0494157150387764, 0.49115705490112305, 0.5686172246932983, 0.02018975093960762, 0.01982404850423336, 0.746172308921814], "frame_11": [0.6301685571670532, 0.39725884795188904, 0.049956511706113815, 0.049953460693359375, 0.49448704719543457, 0.5637990236282349, 0.01928253099322319, 0.019505690783262253, 0.7346538305282593], "frame_12": [0.6301118731498718, 0.3971460163593292, 0.04977200925350189, 0.04936773329973221, 0.49769464135169983, 0.5559072494506836, 0.019995499402284622, 0.020676972344517708, 0.6904341578483582], "frame_13": [0.6300762295722961, 0.3973509967327118, 0.05076514184474945, 0.04990433529019356, 0.4991828203201294, 0.5456712245941162, 0.02098541334271431, 0.021149063482880592, 0.6537476181983948], "frame_14": [0.6300422549247742, 0.39738014340400696, 0.05072767287492752, 0.049866314977407455, 0.4991828203201294, 0.5456712245941162, 0.02098541334271431, 0.021149063482880592, 0.6485244035720825], "frame_15": [0.6299711465835571, 0.39744704961776733, 0.05060140788555145, 0.04964544624090195, 0.4982255697250366, 0.5279567241668701, 0.018109342083334923, 0.021950149908661842, 0.6290135979652405], "frame_16": [0.6300032734870911, 0.3973366320133209, 0.05047798156738281, 0.049455344676971436, 0.4982255697250366, 0.5279567241668701, 0.018109342083334923, 0.021950149908661842, 0.0], "frame_17": [0.6299635767936707, 0.39730191230773926, 0.05046942085027695, 0.04978179931640625, 0.4982255697250366, 0.5279567241668701, 0.018109342083334923, 0.021950149908661842, 0.5373143553733826], "frame_18": [0.629915177822113, 0.3973870277404785, 0.05030975490808487, 0.04981498792767525, 0.4982255697250366, 0.5279567241668701, 0.018109342083334923, 0.021950149908661842, 0.0], "frame_19": [0.6298298239707947, 0.3972947895526886, 0.05004679411649704, 0.04922981187701225, 0.4982255697250366, 0.5279567241668701, 0.018109342083334923, 0.021950149908661842, 0.0], "frame_20": [0.6299772262573242, 0.3972547650337219, 0.05059623718261719, 0.04950294643640518, 0.4982255697250366, 0.5279567241668701, 0.018109342083334923, 0.021950149908661842, 0.0], "frame_21": [0.6299169659614563, 0.39727023243904114, 0.05023816600441933, 0.049175262451171875, 0.4982255697250366, 0.5279567241668701, 0.018109342083334923, 0.021950149908661842, 0.0], "frame_22": [0.6299199461936951, 0.3972717821598053, 0.05031683295965195, 0.049160681664943695, 0.4982255697250366, 0.5279567241668701, 0.018109342083334923, 0.021950149908661842, 0.0], "frame_23": [0.6299135088920593, 0.397269070148468, 0.05026452988386154, 0.04914618656039238, 0.4982255697250366, 0.5279567241668701, 0.018109342083334923, 0.021950149908661842, 0.0], "frame_24": [0.6300861835479736, 0.3974578380584717, 0.050333913415670395, 0.049528419971466064, 0.4982255697250366, 0.5279567241668701, 0.018109342083334923, 0.021950149908661842, 0.0], "frame_25": [0.6300813555717468, 0.39745229482650757, 0.05028724670410156, 0.04954550042748451, 0.4982255697250366, 0.5279567241668701, 0.018109342083334923, 0.021950149908661842, 0.0], "frame_26": [0.6300617456436157, 0.39745432138442993, 0.05023498460650444, 0.04953359067440033, 0.4982255697250366, 0.5279567241668701, 0.018109342083334923, 0.021950149908661842, 0.0], "frame_27": [0.6300618648529053, 0.3974555432796478, 0.05022650957107544, 0.049505531787872314, 0.4982255697250366, 0.5279567241668701, 0.018109342083334923, 0.021950149908661842, 0.8448928594589233], "frame_28": [0.6302281022071838, 0.39739757776260376, 0.050658587366342545, 0.04979892447590828, 0.4982255697250366, 0.5279567241668701, 0.018109342083334923, 0.021950149908661842, 0.0], "frame_29": [0.6302601099014282, 0.39745140075683594, 0.05072767287492752, 0.04975755512714386, 0.4982255697250366, 0.5279567241668701, 0.018109342083334923, 0.021950149908661842, 0.7678523063659668], "frame_30": [0.6300897598266602, 0.39746829867362976, 0.0503648966550827, 0.049849022179841995, 0.4982255697250366, 0.5279567241668701, 0.018109342083334923, 0.021950149908661842, 0.7931629419326782], "frame_31": [0.6300304532051086, 0.3974582254886627, 0.05017700046300888, 0.04983092471957207, 0.4982255697250366, 0.5279567241668701, 0.018109342083334923, 0.021950149908661842, 0.7907878756523132], "frame_32": [0.6300414204597473, 0.397461473941803, 0.05008506774902344, 0.04988708347082138, 0.4982255697250366, 0.5279567241668701, 0.018109342083334923, 0.021950149908661842, 0.0], "frame_33": [0.6300615072250366, 0.3975151777267456, 0.050119780004024506, 0.049906156957149506, 0.4982255697250366, 0.5279567241668701, 0.018109342083334923, 0.021950149908661842, 0.0], "frame_34": [0.6299594044685364, 0.3975050151348114, 0.050070106983184814, 0.04998987168073654, 0.4982255697250366, 0.5279567241668701, 0.018109342083334923, 0.021950149908661842, 0.8676391839981079], "frame_35": [0.6299662590026855, 0.3975044786930084, 0.049993135035037994, 0.05002373456954956, 0.49586188793182373, 0.41031375527381897, 0.019369889050722122, 0.021872753277420998, 0.8755675554275513], "frame_36": [0.6299986839294434, 0.3975115120410919, 0.0510144978761673, 0.050133682787418365, 0.502400815486908, 0.3998678922653198, 0.020905092358589172, 0.0251642856746912, 0.8151776194572449], "frame_37": [0.6299839019775391, 0.3975139260292053, 0.050870515406131744, 0.050160132348537445, 0.5117125511169434, 0.3915413022041321, 0.020507726818323135, 0.02383897639811039, 0.8304042816162109], "frame_38": [0.6299749612808228, 0.3975006937980652, 0.05073831230401993, 0.05017636716365814, 0.5196298956871033, 0.38195401430130005, 0.019874190911650658, 0.025561226531863213, 0.7986311912536621], "frame_39": [0.6299647688865662, 0.39739421010017395, 0.05056343227624893, 0.049981094896793365, 0.5259170532226562, 0.37526994943618774, 0.02113783173263073, 0.024334970861673355, 0.7372557520866394], "frame_40": [0.6299769282341003, 0.3974699378013611, 0.05069626867771149, 0.05005683749914169, 0.5338970422744751, 0.3659662902355194, 0.019267866387963295, 0.022384218871593475, 0.6933794617652893],