{"frame_0": [0.6304461359977722, 0.3954697549343109, 0.05038787052035332, 0.04920179396867752, 0.6177095770835876, 0.35128599405288696, 0.023135587573051453, 0.025130165740847588, 0.6314249634742737], "frame_1": [0.6305935978889465, 0.39562878012657166, 0.05057695135474205, 0.048927053809165955, 0.6177095770835876, 0.35128599405288696, 0.023135587573051453, 0.025130165740847588, 0.6512287259101868], "frame_2": [0.6306113600730896, 0.3953312039375305, 0.050460729748010635, 0.048409439623355865, 0.6177095770835876, 0.35128599405288696, 0.023135587573051453, 0.025130165740847588, 0.6776262521743774], "frame_3": [0.6306468844413757, 0.395361065864563, 0.050571270287036896, 0.04836853966116905, 0.302594393491745, 0.5758131146430969, 0.015700997784733772, 0.018282530829310417, 0.6876888275146484], "frame_4": [0.6306284666061401, 0.3952358365058899, 0.0507398396730423, 0.048109691590070724, 0.302594393491745, 0.5758131146430969, 0.015700997784733772, 0.018282530829310417, 0.7259038090705872], "frame_5": [0.6306608319282532, 0.3953394591808319, 0.05087793245911598, 0.04803267493844032, 0.30644690990448, 0.5792176127433777, 0.018793677911162376, 0.02182990126311779, 0.72861248254776], "frame_6": [0.6306574940681458, 0.39530232548713684, 0.05080718919634819, 0.04817534610629082, 0.30644690990448, 0.5792176127433777, 0.018793677911162376, 0.02182990126311779, 0.7325010299682617], "frame_7": [0.6306765079498291, 0.39531105756759644, 0.0507633201777935, 0.04816627502441406, 0.31140780448913574, 0.5786408185958862, 0.019335832446813583, 0.02237243577837944, 0.7389159202575684], "frame_8": [0.6306788325309753, 0.3953130841255188, 0.05076569318771362, 0.04817060008645058, 0.31353357434272766, 0.5776268243789673, 0.020107459276914597, 0.021449364721775055, 0.7690074443817139], "frame_9": [0.6306641697883606, 0.39531758427619934, 0.05081367492675781, 0.04815008491277695, 0.31676140427589417, 0.5759252905845642, 0.019852828234434128, 0.019998805597424507, 0.7645963430404663], "frame_10": [0.6307298541069031, 0.39532217383384705, 0.05072992295026779, 0.04811744764447212, 0.3195386826992035, 0.5719702243804932, 0.01930016465485096, 0.020073149353265762, 0.7520843744277954], "frame_11": [0.6307124495506287, 0.39536747336387634, 0.050729285925626755, 0.04805704578757286, 0.322584867477417, 0.5684494972229004, 0.018832778558135033, 0.020502176135778427, 0.7545925378799438], "frame_12": [0.630993127822876, 0.39522773027420044, 0.05056783929467201, 0.04746195301413536, 0.32573503255844116, 0.563059389591217, 0.022188186645507812, 0.020847871899604797, 0.6913264989852905], "frame_13": [0.6309918165206909, 0.3952520489692688, 0.050585173070430756, 0.04752820357680321, 0.3294175863265991, 0.556106686592102, 0.020378155633807182, 0.02194281667470932, 0.6798734664916992], "frame_14": [0.6309808492660522, 0.3952614367008209, 0.05052070692181587, 0.047555796802043915, 0.3341268301010132, 0.5487241744995117, 0.017812728881835938, 0.022602293640375137, 0.684940755367279], "frame_15": [0.6309645175933838, 0.3952312469482422, 0.05048086494207382, 0.047551050782203674, 0.33545735478401184, 0.5416480302810669, 0.017458025366067886, 0.019627168774604797, 0.5932825207710266], "frame_16": [0.6309648156166077, 0.39521652460098267, 0.05048010125756264, 0.04755499213933945, 0.33545735478401184, 0.5416480302810669, 0.017458025366067886, 0.019627168774604797, 0.5086985230445862], "frame_17": [0.6308651566505432, 0.39519745111465454, 0.050243206322193146, 0.04758084565401077, 0.33545735478401184, 0.5416480302810669, 0.017458025366067886, 0.019627168774604797, 0.590743899345398], "frame_18": [0.6308798789978027, 0.39519527554512024, 0.050260163843631744, 0.047607675194740295, 0.33545735478401184, 0.5416480302810669, 0.017458025366067886, 0.019627168774604797, 0.5162195563316345], "frame_19": [0.630912184715271, 0.39518314599990845, 0.05032090097665787, 0.04752599820494652, 0.33545735478401184, 0.5416480302810669, 0.017458025366067886, 0.019627168774604797, 0.4886312484741211], "frame_20": [0.6309120059013367, 0.3951878845691681, 0.050336625427007675, 0.047565460205078125, 0.33545735478401184, 0.5416480302810669, 0.017458025366067886, 0.019627168774604797, 0.4946392774581909], "frame_21": [0.6308555006980896, 0.3952041566371918, 0.05030309781432152, 0.04756974056363106, 0.33545735478401184, 0.5416480302810669, 0.017458025366067886, 0.019627168774604797, 0.5088154077529907], "frame_22": [0.6308273673057556, 0.39522984623908997, 0.050331030040979385, 0.04767968878149986, 0.33545735478401184, 0.5416480302810669, 0.017458025366067886, 0.019627168774604797, 0.5844154953956604], "frame_23": [0.6308408379554749, 0.39518558979034424, 0.05020751804113388, 0.04759559780359268, 0.33545735478401184, 0.5416480302810669, 0.017458025366067886, 0.019627168774604797, 0.5800811648368835], "frame_24": [0.6304947733879089, 0.3953353762626648, 0.049481794238090515, 0.0481092669069767, 0.33545735478401184, 0.5416480302810669, 0.017458025366067886, 0.019627168774604797, 0.5687136650085449], "frame_25": [0.6304939389228821, 0.39533868432044983, 0.049480438232421875, 0.04810981824994087, 0.33545735478401184, 0.5416480302810669, 0.017458025366067886, 0.019627168774604797, 0.6011314392089844], "frame_26": [0.630488932132721, 0.39534080028533936, 0.049465350806713104, 0.048110030591487885, 0.33545735478401184, 0.5416480302810669, 0.017458025366067886, 0.019627168774604797, 0.6077948808670044], "frame_27": [0.630488932132721, 0.39534199237823486, 0.04946403577923775, 0.0481109619140625, 0.33545735478401184, 0.5416480302810669, 0.017458025366067886, 0.019627168774604797, 0.5857930779457092], "frame_28": [0.6305052042007446, 0.39532631635665894, 0.04952947795391083, 0.04812604933977127, 0.33545735478401184, 0.5416480302810669, 0.017458025366067886, 0.019627168774604797, 0.5718994736671448], "frame_29": [0.6304954886436462, 0.3953380882740021, 0.04955088347196579, 0.04814347252249718, 0.33545735478401184, 0.5416480302810669, 0.017458025366067886, 0.019627168774604797, 0.7716576457023621], "frame_30": [0.6304836869239807, 0.3953189551830292, 0.04959716647863388, 0.04813770577311516, 0.33545735478401184, 0.5416480302810669, 0.017458025366067886, 0.019627168774604797, 0.7285662889480591], "frame_31": [0.6304831504821777, 0.39534997940063477, 0.04962789639830589, 0.04819907993078232, 0.33545735478401184, 0.5416480302810669, 0.017458025366067886, 0.019627168774604797, 0.7780300378799438], "frame_32": [0.6304916739463806, 0.3953348398208618, 0.049634382128715515, 0.04819624125957489, 0.33545735478401184, 0.5416480302810669, 0.017458025366067886, 0.019627168774604797, 0.7995758652687073], "frame_33": [0.6304935216903687, 0.39532479643821716, 0.049610137939453125, 0.04818509519100189, 0.33545735478401184, 0.5416480302810669, 0.017458025366067886, 0.019627168774604797, 0.8440653085708618], "frame_34": [0.630497395992279, 0.39533287286758423, 0.04962196201086044, 0.048238713294267654, 0.33545735478401184, 0.5416480302810669, 0.017458025366067886, 0.019627168774604797, 0.8582056760787964], "frame_35": [0.6304899454116821, 0.395333468914032, 0.04976386949419975, 0.048167504370212555, 0.3226776421070099, 0.44407254457473755, 0.021553505212068558, 0.022756490856409073, 0.7830734252929688], "frame_36": [0.6306419372558594, 0.3953350782394409, 0.04984452947974205, 0.04787902906537056, 0.3226776421070099, 0.44407254457473755, 0.021553505212068558, 0.022756490856409073, 0.845252275466919], "frame_37": [0.6306179761886597, 0.39525824785232544, 0.04987640306353569, 0.0478251576423645, 0.3226776421070099, 0.44407254457473755, 0.021553505212068558, 0.022756490856409073, 0.8655831813812256], "frame_38": [0.6306712031364441, 0.3953012228012085, 0.04992391914129257, 0.04782523959875107, 0.3226776421070099, 0.44407254457473755, 0.021553505212068558, 0.022756490856409073, 0.8174933791160583],