{"frame_0": [0.6303475499153137, 0.395827978849411, 0.049629803746938705, 0.05018297955393791, 0.5368199348449707, 0.42153626680374146, 0.018179235979914665, 0.022878434509038925, 0.7041139006614685], "frame_1": [0.6306257247924805, 0.3961537778377533, 0.04973089322447777, 0.04965926334261894, 0.5368199348449707, 0.42153626680374146, 0.018179235979914665, 0.022878434509038925, 0.7215888500213623], "frame_2": [0.6303694248199463, 0.39595234394073486, 0.0501970499753952, 0.04945191368460655, 0.5368199348449707, 0.42153626680374146, 0.018179235979914665, 0.022878434509038925, 0.7447145581245422], "frame_3": [0.6302650570869446, 0.3960700035095215, 0.05000932514667511, 0.04934391379356384, 0.5368199348449707, 0.42153626680374146, 0.018179235979914665, 0.022878434509038925, 0.8287497162818909], "frame_4": [0.6304098963737488, 0.39598628878593445, 0.0499640554189682, 0.04936167225241661, 0.3100786507129669, 0.5696706771850586, 0.020214037969708443, 0.021808072924613953, 0.8240710496902466], "frame_5": [0.6305463910102844, 0.3959693908691406, 0.04996511712670326, 0.04941016435623169, 0.31326454877853394, 0.5713919997215271, 0.021125730127096176, 0.021909119561314583, 0.7948966026306152], "frame_6": [0.6304369568824768, 0.39588606357574463, 0.04967842251062393, 0.04944470897316933, 0.31326454877853394, 0.5713919997215271, 0.021125730127096176, 0.021909119561314583, 0.7968186736106873], "frame_7": [0.63041090965271, 0.3960193693637848, 0.04953592270612717, 0.049451954662799835, 0.31930774450302124, 0.575963020324707, 0.018107902258634567, 0.020029237493872643, 0.7971028089523315], "frame_8": [0.6304146647453308, 0.3960104286670685, 0.04961412400007248, 0.04952676594257355, 0.31930774450302124, 0.575963020324707, 0.018107902258634567, 0.020029237493872643, 0.7950773239135742], "frame_9": [0.6304274797439575, 0.396004855632782, 0.04959280043840408, 0.049533165991306305, 0.32125595211982727, 0.5782184600830078, 0.018938828259706497, 0.021353911608457565, 0.8019658923149109], "frame_10": [0.6303940415382385, 0.3960696756839752, 0.04963264614343643, 0.04950065538287163, 0.3233819007873535, 0.5773118138313293, 0.01908927410840988, 0.020998001098632812, 0.82891845703125], "frame_11": [0.6303730010986328, 0.39599311351776123, 0.04945237934589386, 0.04949302598834038, 0.3254881501197815, 0.5752717852592468, 0.019429249688982964, 0.021264435723423958, 0.8448432087898254], "frame_12": [0.6306500434875488, 0.39606305956840515, 0.049329206347465515, 0.04881468787789345, 0.32996952533721924, 0.5712743401527405, 0.019345538690686226, 0.02100677415728569, 0.7983541488647461], "frame_13": [0.6306403875350952, 0.39604490995407104, 0.04929084703326225, 0.04883206635713577, 0.33362457156181335, 0.5667610168457031, 0.01939038187265396, 0.02088792622089386, 0.7660432457923889], "frame_14": [0.6306397318840027, 0.39598584175109863, 0.04931487888097763, 0.04885131120681763, 0.3375198543071747, 0.5584628582000732, 0.020874787122011185, 0.02217695489525795, 0.7178041934967041], "frame_15": [0.6306811571121216, 0.39602628350257874, 0.049388885498046875, 0.04878675565123558, 0.34196022152900696, 0.5507957339286804, 0.019483523443341255, 0.02136535570025444, 0.6072462201118469], "frame_16": [0.6306896805763245, 0.3960327208042145, 0.049393631517887115, 0.04878434166312218, 0.34196022152900696, 0.5507957339286804, 0.019483523443341255, 0.02136535570025444, 0.5742802023887634], "frame_17": [0.6306878924369812, 0.39603230357170105, 0.04938659816980362, 0.04877899959683418, 0.34196022152900696, 0.5507957339286804, 0.019483523443341255, 0.02136535570025444, 0.5381438136100769], "frame_18": [0.6306644678115845, 0.3960422873497009, 0.049382951110601425, 0.04881579056382179, 0.3417688310146332, 0.5232698321342468, 0.021817736327648163, 0.025643624365329742, 0.5146498680114746], "frame_19": [0.6306009292602539, 0.39603525400161743, 0.04923820495605469, 0.04883410036563873, 0.3417688310146332, 0.5232698321342468, 0.021817736327648163, 0.025643624365329742, 0.4667218327522278], "frame_20": [0.630603551864624, 0.39604079723358154, 0.04925278574228287, 0.048825837671756744, 0.3417688310146332, 0.5232698321342468, 0.021817736327648163, 0.025643624365329742, 0.46972715854644775], "frame_21": [0.6305574774742126, 0.3960396945476532, 0.04921311140060425, 0.048832617700099945, 0.3417688310146332, 0.5232698321342468, 0.021817736327648163, 0.025643624365329742, 0.4545045793056488], "frame_22": [0.630393922328949, 0.3960284888744354, 0.04900322109460831, 0.04887470602989197, 0.3417688310146332, 0.5232698321342468, 0.021817736327648163, 0.025643624365329742, 0.4973037838935852], "frame_23": [0.6305193305015564, 0.39601606130599976, 0.04923896864056587, 0.048794470727443695, 0.3417688310146332, 0.5232698321342468, 0.021817736327648163, 0.025643624365329742, 0.4656490087509155], "frame_24": [0.6305083632469177, 0.39615941047668457, 0.04897592216730118, 0.048928238451480865, 0.3417688310146332, 0.5232698321342468, 0.021817736327648163, 0.025643624365329742, 0.5689999461174011], "frame_25": [0.6305044293403625, 0.3961552083492279, 0.04896676912903786, 0.048925187438726425, 0.3417688310146332, 0.5232698321342468, 0.021817736327648163, 0.025643624365329742, 0.6388567686080933], "frame_26": [0.6305171251296997, 0.3961496949195862, 0.048986900597810745, 0.04890632629394531, 0.3417688310146332, 0.5232698321342468, 0.021817736327648163, 0.025643624365329742, 0.740437388420105], "frame_27": [0.6305119395256042, 0.3961541950702667, 0.04898206889629364, 0.0489206537604332, 0.3417688310146332, 0.5232698321342468, 0.021817736327648163, 0.025643624365329742, 0.6955055594444275], "frame_28": [0.6305115818977356, 0.3961358666419983, 0.04899902269244194, 0.04894515126943588, 0.3417688310146332, 0.5232698321342468, 0.021817736327648163, 0.025643624365329742, 0.7183511257171631], "frame_29": [0.6305490136146545, 0.3961683511734009, 0.04909799247980118, 0.048899415880441666, 0.3417688310146332, 0.5232698321342468, 0.021817736327648163, 0.025643624365329742, 0.6988139748573303], "frame_30": [0.6305793523788452, 0.3961524963378906, 0.04919908195734024, 0.04895379766821861, 0.3417688310146332, 0.5232698321342468, 0.021817736327648163, 0.025643624365329742, 0.665814995765686], "frame_31": [0.6306185126304626, 0.3962094187736511, 0.04935510456562042, 0.04891425371170044, 0.3417688310146332, 0.5232698321342468, 0.021817736327648163, 0.025643624365329742, 0.42370525002479553], "frame_32": [0.6306400895118713, 0.3962382376194, 0.049443818628787994, 0.04896189272403717, 0.32590681314468384, 0.4682747721672058, 0.021202892065048218, 0.024860000237822533, 0.5764226913452148], "frame_33": [0.6306462287902832, 0.3962317109107971, 0.049442119896411896, 0.048940785229206085, 0.32867681980133057, 0.4585997760295868, 0.021436648443341255, 0.02494049072265625, 0.7525410056114197], "frame_34": [0.6306179165840149, 0.39628201723098755, 0.04924485832452774, 0.04903958737850189, 0.33416876196861267, 0.44714677333831787, 0.02147235907614231, 0.024055862799286842, 0.6689394116401672], "frame_35": [0.6305379867553711, 0.3962947428226471, 0.04907942935824394, 0.049050986766815186, 0.34415286779403687, 0.43160897493362427, 0.02044982835650444, 0.024227311834692955, 0.7524276971817017], "frame_36": [0.6306310892105103, 0.39628955721855164, 0.04958076402544975, 0.04923947528004646, 0.35592401027679443, 0.4168563783168793, 0.020055029541254044, 0.02529161237180233, 0.8289605379104614], "frame_37": [0.6305733323097229, 0.3962690532207489, 0.04943054914474487, 0.04920090734958649, 0.35592401027679443, 0.4168563783168793, 0.020055029541254044, 0.02529161237180233, 0.8312720656394958], "frame_38": [0.6306146383285522, 0.39632338285446167, 0.04950430244207382, 0.04924651235342026, 0.3786287009716034, 0.3920513093471527, 0.020854737609624863, 0.02451188862323761, 0.773230254650116],