{"frame_0": [0.6301215887069702, 0.39452624320983887, 0.05028114467859268, 0.05023413896560669, 0.13857419788837433, 0.5925581455230713, 0.026048660278320312, 0.02733917161822319, 0.7101537585258484], "frame_1": [0.6301478147506714, 0.394181489944458, 0.04952668026089668, 0.04882876202464104, 0.14039893448352814, 0.5883739590644836, 0.025532182306051254, 0.027513377368450165, 0.6976635456085205], "frame_2": [0.6301624774932861, 0.39418864250183105, 0.04952409490942955, 0.048770055174827576, 0.14199566841125488, 0.5840974450111389, 0.026210922747850418, 0.027618408203125, 0.6908987760543823], "frame_3": [0.6302756667137146, 0.39405855536460876, 0.04962340369820595, 0.04858512803912163, 0.14420941472053528, 0.5808284282684326, 0.025148985907435417, 0.027025435119867325, 0.68674236536026], "frame_4": [0.6304062604904175, 0.3941558003425598, 0.049744583666324615, 0.04853316396474838, 0.14574375748634338, 0.578943133354187, 0.02525753527879715, 0.027170181274414062, 0.6699475646018982], "frame_5": [0.6303474307060242, 0.39406925439834595, 0.049630142748355865, 0.04852918162941933, 0.14815904200077057, 0.576702356338501, 0.02521362341940403, 0.027171537280082703, 0.6700133085250854], "frame_6": [0.6304342150688171, 0.3941715359687805, 0.04944305494427681, 0.048522185534238815, 0.14967161417007446, 0.5758349299430847, 0.02574319764971733, 0.027618790045380592, 0.6353534460067749], "frame_7": [0.6303931474685669, 0.3941638469696045, 0.04945678636431694, 0.04853324964642525, 0.1500190943479538, 0.5747467875480652, 0.025472545996308327, 0.02766401506960392, 0.6811360120773315], "frame_8": [0.6304129958152771, 0.39416030049324036, 0.04947013780474663, 0.04861242324113846, 0.15003319084644318, 0.5743018388748169, 0.025280211120843887, 0.027741072699427605, 0.7157142758369446], "frame_9": [0.6303567886352539, 0.3941418528556824, 0.04947564750909805, 0.04855312779545784, 0.14957140386104584, 0.5746471285820007, 0.024509122595191002, 0.02669813297688961, 0.7147267460823059], "frame_10": [0.6303685307502747, 0.3942567706108093, 0.04957618564367294, 0.04857334494590759, 0.1501823514699936, 0.575660765171051, 0.024825625121593475, 0.026278305798768997, 0.715485692024231], "frame_11": [0.6303927302360535, 0.39418795704841614, 0.04960823059082031, 0.04861653596162796, 0.15037265419960022, 0.5767821669578552, 0.024840492755174637, 0.026831436902284622, 0.7223438024520874], "frame_12": [0.6303907632827759, 0.3941574990749359, 0.04968927055597305, 0.04868774488568306, 0.15015894174575806, 0.5777665972709656, 0.024666214361786842, 0.026515578851103783, 0.7098099589347839], "frame_13": [0.6304000616073608, 0.39413341879844666, 0.049689315259456635, 0.0486501045525074, 0.15021750330924988, 0.5778114199638367, 0.024582237005233765, 0.02629411406815052, 0.7205483913421631], "frame_14": [0.6304051876068115, 0.3941310942173004, 0.04970436170697212, 0.04864095151424408, 0.15107104182243347, 0.5759667158126831, 0.024442724883556366, 0.02595231868326664, 0.7365381121635437], "frame_15": [0.630407989025116, 0.3941948711872101, 0.04973199591040611, 0.04877942427992821, 0.15277792513370514, 0.5722736120223999, 0.02472698502242565, 0.024666426703333855, 0.7046314477920532], "frame_16": [0.6303972601890564, 0.3941488564014435, 0.04967290908098221, 0.04870957136154175, 0.15537461638450623, 0.5661203265190125, 0.025525813922286034, 0.024535158649086952, 0.6829497814178467], "frame_17": [0.6304013133049011, 0.3941551148891449, 0.04967515915632248, 0.04870215430855751, 0.1600564569234848, 0.5575743913650513, 0.023845290765166283, 0.024551603943109512, 0.572439432144165], "frame_18": [0.6303977370262146, 0.3941490948200226, 0.04966604337096214, 0.04870033264160156, 0.16313110291957855, 0.5485349297523499, 0.023609066382050514, 0.025205230340361595, 0.6080553531646729], "frame_19": [0.6304351091384888, 0.39411965012550354, 0.04952413588762283, 0.048634253442287445, 0.1606784462928772, 0.5376529693603516, 0.030682405456900597, 0.027437761425971985, 0.5741300582885742], "frame_20": [0.6304593682289124, 0.39411747455596924, 0.049563217908144, 0.04857733100652695, 0.1629081815481186, 0.5264762043952942, 0.02273222617805004, 0.025942696258425713, 0.49469104409217834], "frame_21": [0.6305652856826782, 0.394121378660202, 0.049671001732349396, 0.0485134981572628, 0.1586572229862213, 0.5162422060966492, 0.023296304047107697, 0.027284834533929825, 0.5174765586853027], "frame_22": [0.6305563449859619, 0.394138365983963, 0.04966519773006439, 0.048530664294958115, 0.15175321698188782, 0.5086541175842285, 0.027804851531982422, 0.02939147874712944, 0.580605685710907], "frame_23": [0.630556583404541, 0.39409857988357544, 0.049686603248119354, 0.0484534353017807, 0.14651237428188324, 0.5022901892662048, 0.028105026111006737, 0.026703346520662308, 0.5986068844795227], "frame_24": [0.6305536031723022, 0.3940918743610382, 0.049564361572265625, 0.048378922045230865, 0.14188170433044434, 0.49908336997032166, 0.02818981744349003, 0.0276777483522892, 0.5877103805541992], "frame_25": [0.6305740475654602, 0.39410361647605896, 0.04960060119628906, 0.048362478613853455, 0.1390211284160614, 0.496743768453598, 0.02594146691262722, 0.02679850347340107, 0.5584338903427124], "frame_26": [0.6306171417236328, 0.39410993456840515, 0.04968210682272911, 0.04836709797382355, 0.1368793398141861, 0.4955423176288605, 0.02530006878077984, 0.026498625054955482, 0.4483361840248108], "frame_27": [0.6306495666503906, 0.39413750171661377, 0.049745433032512665, 0.04825028404593468, 0.13486921787261963, 0.494472473859787, 0.025894397869706154, 0.026679059490561485, 0.542731523513794], "frame_28": [0.630651593208313, 0.394140362739563, 0.04974793270230293, 0.04825049638748169, 0.13472719490528107, 0.4932172894477844, 0.02493762969970703, 0.027376852929592133, 0.5606564879417419], "frame_29": [0.6306746006011963, 0.39413341879844666, 0.04977819696068764, 0.04823218286037445, 0.13480642437934875, 0.4897066652774811, 0.025089168921113014, 0.026418685913085938, 0.6362925171852112], "frame_30": [0.6306756138801575, 0.39413705468177795, 0.04977904260158539, 0.04824189096689224, 0.13659386336803436, 0.4856073260307312, 0.025270557031035423, 0.028098678216338158, 0.6821159720420837], "frame_31": [0.6306139826774597, 0.394094854593277, 0.04968596622347832, 0.04830987751483917, 0.13694721460342407, 0.48005133867263794, 0.02632184512913227, 0.028753874823451042, 0.6550599932670593], "frame_32": [0.6306013464927673, 0.3941185772418976, 0.04966985806822777, 0.0483940988779068, 0.14001667499542236, 0.47186899185180664, 0.02651996538043022, 0.028362104669213295, 0.7011846899986267], "frame_33": [0.630505383014679, 0.3939565122127533, 0.04953901469707489, 0.04833191633224487, 0.1440037190914154, 0.461868017911911, 0.025168895721435547, 0.02802802249789238, 0.723945140838623], "frame_34": [0.6305400133132935, 0.39396584033966064, 0.04960060119628906, 0.048367395997047424, 0.14938494563102722, 0.4493783712387085, 0.027051428332924843, 0.029214264824986458, 0.7760502696037292], "frame_35": [0.6306212544441223, 0.39406830072402954, 0.04966562241315842, 0.04836692661046982, 0.15920887887477875, 0.4282664954662323, 0.024035071954131126, 0.026588143780827522, 0.6732999682426453], "frame_36": [0.6306866407394409, 0.39409393072128296, 0.05012952908873558, 0.04819153621792793, 0.1738623082637787, 0.4077649414539337, 0.02322159893810749, 0.025394735857844353, 0.7604261636734009], "frame_37": [0.6306861042976379, 0.39405331015586853, 0.05012567341327667, 0.04811536893248558, 0.18983027338981628, 0.38849711418151855, 0.022143151611089706, 0.024342430755496025, 0.7794407606124878], "frame_38": [0.6306121945381165, 0.39395472407341003, 0.05003679171204567, 0.04814813286066055, 0.20571225881576538, 0.36836883425712585, 0.021436797454953194, 0.024861229583621025, 0.7366956472396851],