{"frame_0": [0.6294857859611511, 0.3966040015220642, 0.05021684616804123, 0.05010499060153961, 0.5410409569740295, 0.4394245147705078, 0.018982697278261185, 0.02217712439596653, 0.8893769979476929], "frame_1": [0.6294741034507751, 0.39680972695350647, 0.05056707561016083, 0.049742210656404495, 0.32414013147354126, 0.5636806488037109, 0.021438216790556908, 0.021854231134057045, 0.8387683629989624], "frame_2": [0.6294949650764465, 0.3968169391155243, 0.050650786608457565, 0.04979294538497925, 0.3284913897514343, 0.564706563949585, 0.023424996063113213, 0.022959349676966667, 0.7748922109603882], "frame_3": [0.6295362114906311, 0.39684388041496277, 0.05065345764160156, 0.04985237121582031, 0.33354267477989197, 0.5666743516921997, 0.021660994738340378, 0.021983718499541283, 0.7532006502151489], "frame_4": [0.6294888854026794, 0.39685067534446716, 0.05012550204992294, 0.04982804134488106, 0.3404236435890198, 0.5705351233482361, 0.019546126946806908, 0.020363744348287582, 0.733530580997467], "frame_5": [0.6294978857040405, 0.3968980610370636, 0.05014343187212944, 0.04977840930223465, 0.3404236435890198, 0.5705351233482361, 0.019546126946806908, 0.020363744348287582, 0.7642343044281006], "frame_6": [0.62967848777771, 0.3968276083469391, 0.050322722643613815, 0.04961035028100014, 0.3404236435890198, 0.5705351233482361, 0.019546126946806908, 0.020363744348287582, 0.7595778703689575], "frame_7": [0.629665732383728, 0.3968593180179596, 0.05022544786334038, 0.049674902111291885, 0.3404236435890198, 0.5705351233482361, 0.019546126946806908, 0.020363744348287582, 0.7467100620269775], "frame_8": [0.6295744776725769, 0.39686140418052673, 0.05036031827330589, 0.049679990857839584, 0.3404236435890198, 0.5705351233482361, 0.019546126946806908, 0.020363744348287582, 0.730689525604248], "frame_9": [0.629493772983551, 0.3968309164047241, 0.05041181668639183, 0.04963544383645058, 0.3404236435890198, 0.5705351233482361, 0.019546126946806908, 0.020363744348287582, 0.7378169298171997], "frame_10": [0.6294452548027039, 0.3968188762664795, 0.05044844001531601, 0.04967468976974487, 0.3404236435890198, 0.5705351233482361, 0.019546126946806908, 0.020363744348287582, 0.7617584466934204], "frame_11": [0.6294493079185486, 0.39682045578956604, 0.05048543959856033, 0.04966413602232933, 0.3404236435890198, 0.5705351233482361, 0.019546126946806908, 0.020363744348287582, 0.7317471504211426], "frame_12": [0.6297378540039062, 0.3969736695289612, 0.04969901964068413, 0.04926278814673424, 0.38252782821655273, 0.5710892081260681, 0.016274049878120422, 0.019162241369485855, 0.7147549986839294], "frame_13": [0.6297375559806824, 0.3970017433166504, 0.04970109835267067, 0.049274273216724396, 0.38528671860694885, 0.566389262676239, 0.01772393099963665, 0.02069854736328125, 0.6332982778549194], "frame_14": [0.6297261118888855, 0.3970021605491638, 0.04960785061120987, 0.04929589107632637, 0.389973521232605, 0.5596804618835449, 0.019148636609315872, 0.02205200120806694, 0.5820932984352112], "frame_15": [0.6297338008880615, 0.39700496196746826, 0.04960022121667862, 0.04930983483791351, 0.39227989315986633, 0.5519530177116394, 0.018326949328184128, 0.020854949951171875, 0.5341163277626038], "frame_16": [0.6297065019607544, 0.397032767534256, 0.04960500821471214, 0.04936765134334564, 0.39388054609298706, 0.5452145338058472, 0.019900979474186897, 0.022595977410674095, 0.5803681015968323], "frame_17": [0.6296691298484802, 0.39699846506118774, 0.0494978167116642, 0.04937845841050148, 0.39388054609298706, 0.5452145338058472, 0.019900979474186897, 0.022595977410674095, 0.49222245812416077], "frame_18": [0.62968909740448, 0.3970035910606384, 0.049524519592523575, 0.049381084740161896, 0.39388054609298706, 0.5452145338058472, 0.019900979474186897, 0.022595977410674095, 0.0], "frame_19": [0.6296862363815308, 0.3969647288322449, 0.04952871426939964, 0.04931708425283432, 0.39388054609298706, 0.5452145338058472, 0.019900979474186897, 0.022595977410674095, 0.0], "frame_20": [0.6296610236167908, 0.3968949317932129, 0.04958245903253555, 0.04945335537195206, 0.39388054609298706, 0.5452145338058472, 0.019900979474186897, 0.022595977410674095, 0.0], "frame_21": [0.6296235918998718, 0.3970053791999817, 0.0495120994746685, 0.04925888776779175, 0.39388054609298706, 0.5452145338058472, 0.019900979474186897, 0.022595977410674095, 0.0], "frame_22": [0.6295904517173767, 0.39701369404792786, 0.04957177862524986, 0.04923006519675255, 0.39388054609298706, 0.5452145338058472, 0.019900979474186897, 0.022595977410674095, 0.0], "frame_23": [0.629643976688385, 0.39702895283699036, 0.04954443871974945, 0.04927711561322212, 0.39388054609298706, 0.5452145338058472, 0.019900979474186897, 0.022595977410674095, 0.0], "frame_24": [0.6296936869621277, 0.3970322906970978, 0.05002288892865181, 0.049281563609838486, 0.39388054609298706, 0.5452145338058472, 0.019900979474186897, 0.022595977410674095, 0.0], "frame_25": [0.6296788454055786, 0.3970417082309723, 0.05000190809369087, 0.049316320568323135, 0.39388054609298706, 0.5452145338058472, 0.019900979474186897, 0.022595977410674095, 0.0], "frame_26": [0.6297166347503662, 0.39700520038604736, 0.05000241473317146, 0.049413979053497314, 0.39388054609298706, 0.5452145338058472, 0.019900979474186897, 0.022595977410674095, 0.0], "frame_27": [0.6296491026878357, 0.39692816138267517, 0.05001801252365112, 0.04944813996553421, 0.39388054609298706, 0.5452145338058472, 0.019900979474186897, 0.022595977410674095, 0.0], "frame_28": [0.6296471357345581, 0.3968983590602875, 0.05000724643468857, 0.049394819885492325, 0.39388054609298706, 0.5452145338058472, 0.019900979474186897, 0.022595977410674095, 0.7337590456008911], "frame_29": [0.6297510862350464, 0.3969575762748718, 0.05022146552801132, 0.04927363991737366, 0.39388054609298706, 0.5452145338058472, 0.019900979474186897, 0.022595977410674095, 0.8014329671859741], "frame_30": [0.6298004984855652, 0.39698678255081177, 0.050374604761600494, 0.04925757646560669, 0.39388054609298706, 0.5452145338058472, 0.019900979474186897, 0.022595977410674095, 0.8682557344436646], "frame_31": [0.6298379898071289, 0.39697587490081787, 0.05036718398332596, 0.04925863444805145, 0.39388054609298706, 0.5452145338058472, 0.019900979474186897, 0.022595977410674095, 0.0], "frame_32": [0.6298454403877258, 0.39700496196746826, 0.05037824809551239, 0.04931839928030968, 0.39388054609298706, 0.5452145338058472, 0.019900979474186897, 0.022595977410674095, 0.818566083908081], "frame_33": [0.6299067735671997, 0.39698120951652527, 0.05053664371371269, 0.04929093271493912, 0.39388054609298706, 0.5452145338058472, 0.019900979474186897, 0.022595977410674095, 0.8037169575691223], "frame_34": [0.629949152469635, 0.39692026376724243, 0.05045386403799057, 0.04933221638202667, 0.39388054609298706, 0.5452145338058472, 0.019900979474186897, 0.022595977410674095, 0.7720826268196106], "frame_35": [0.6299992799758911, 0.39685338735580444, 0.05041101202368736, 0.04941562935709953, 0.42367222905158997, 0.4141755700111389, 0.019269179552793503, 0.023987960070371628, 0.7665712833404541], "frame_36": [0.6301754713058472, 0.39651116728782654, 0.04969978332519531, 0.04894464462995529, 0.4318123161792755, 0.4040505290031433, 0.018320973962545395, 0.024205313995480537, 0.7527528405189514], "frame_37": [0.6301934719085693, 0.3965263068675995, 0.04975869879126549, 0.04898613691329956, 0.43728163838386536, 0.3926703631877899, 0.019709311425685883, 0.025950072333216667, 0.15420211851596832], "frame_38": [0.6302008628845215, 0.39648136496543884, 0.049625396728515625, 0.04905175045132637, 0.44604915380477905, 0.38249748945236206, 0.019663916900753975, 0.022719871252775192, 0.5182915925979614], "frame_39": [0.6302536129951477, 0.39652445912361145, 0.04975297674536705, 0.04910498857498169, 0.4539501965045929, 0.3735027015209198, 0.01925794780254364, 0.022083494812250137, 0.8107766509056091],