{"frame_0": [0.6309285759925842, 0.3954203426837921, 0.050519563257694244, 0.04986898601055145, 0.455093115568161, 0.4186354875564575, 0.022693252190947533, 0.024733522906899452, 0.6583375930786133], "frame_1": [0.6309159994125366, 0.39538344740867615, 0.05048959702253342, 0.0487915463745594, 0.455093115568161, 0.4186354875564575, 0.022693252190947533, 0.024733522906899452, 0.6611936092376709], "frame_2": [0.6308979988098145, 0.3953666687011719, 0.05041368305683136, 0.0486932136118412, 0.455093115568161, 0.4186354875564575, 0.022693252190947533, 0.024733522906899452, 0.6040302515029907], "frame_3": [0.6308028101921082, 0.3954506814479828, 0.0507548451423645, 0.04860059916973114, 0.455093115568161, 0.4186354875564575, 0.022693252190947533, 0.024733522906899452, 0.675164520740509], "frame_4": [0.630838930606842, 0.39538437128067017, 0.05082189664244652, 0.04872339218854904, 0.455093115568161, 0.4186354875564575, 0.022693252190947533, 0.024733522906899452, 0.7313173413276672], "frame_5": [0.63080233335495, 0.39534395933151245, 0.0507005900144577, 0.04875458776950836, 0.455093115568161, 0.4186354875564575, 0.022693252190947533, 0.024733522906899452, 0.7346299290657043], "frame_6": [0.6307939887046814, 0.39534687995910645, 0.05074102431535721, 0.048734113574028015, 0.455093115568161, 0.4186354875564575, 0.022693252190947533, 0.024733522906899452, 0.7908135652542114], "frame_7": [0.6308192014694214, 0.3953261971473694, 0.05075424909591675, 0.04875928908586502, 0.455093115568161, 0.4186354875564575, 0.022693252190947533, 0.024733522906899452, 0.8259087204933167], "frame_8": [0.630817174911499, 0.3953269124031067, 0.05074585974216461, 0.048738859593868256, 0.455093115568161, 0.4186354875564575, 0.022693252190947533, 0.024733522906899452, 0.8511819839477539], "frame_9": [0.6307626366615295, 0.39527663588523865, 0.05060119554400444, 0.04874572902917862, 0.455093115568161, 0.4186354875564575, 0.022693252190947533, 0.024733522906899452, 0.8594536185264587], "frame_10": [0.6307762265205383, 0.39526069164276123, 0.05052680894732475, 0.04871626943349838, 0.455093115568161, 0.4186354875564575, 0.022693252190947533, 0.024733522906899452, 0.8032962679862976], "frame_11": [0.6307656168937683, 0.3953302204608917, 0.05051527917385101, 0.048662059009075165, 0.455093115568161, 0.4186354875564575, 0.022693252190947533, 0.024733522906899452, 0.844722330570221], "frame_12": [0.6310215592384338, 0.3955625891685486, 0.04983367770910263, 0.04810201749205589, 0.455093115568161, 0.4186354875564575, 0.022693252190947533, 0.024733522906899452, 0.8821170926094055], "frame_13": [0.6310423016548157, 0.39531779289245605, 0.04948175325989723, 0.048082731664180756, 0.455093115568161, 0.4186354875564575, 0.022693252190947533, 0.024733522906899452, 0.904752254486084], "frame_14": [0.6310169696807861, 0.3953602612018585, 0.04974382370710373, 0.047988977283239365, 0.455093115568161, 0.4186354875564575, 0.022693252190947533, 0.024733522906899452, 0.8736074566841125], "frame_15": [0.6310166716575623, 0.39530426263809204, 0.049772560596466064, 0.04796392470598221, 0.455093115568161, 0.4186354875564575, 0.022693252190947533, 0.024733522906899452, 0.5339974164962769], "frame_16": [0.6310805678367615, 0.39531660079956055, 0.04973030090332031, 0.047943368554115295, 0.455093115568161, 0.4186354875564575, 0.022693252190947533, 0.024733522906899452, 0.5199751853942871], "frame_17": [0.6309968829154968, 0.3953571021556854, 0.04965875297784805, 0.04786872863769531, 0.455093115568161, 0.4186354875564575, 0.022693252190947533, 0.024733522906899452, 0.4312725067138672], "frame_18": [0.6311501264572144, 0.3952457308769226, 0.05001068115234375, 0.04790869727730751, 0.455093115568161, 0.4186354875564575, 0.022693252190947533, 0.024733522906899452, 0.4142104685306549], "frame_19": [0.6311537027359009, 0.39524221420288086, 0.04998834431171417, 0.0479336641728878, 0.455093115568161, 0.4186354875564575, 0.022693252190947533, 0.024733522906899452, 0.49671658873558044], "frame_20": [0.6310913562774658, 0.39526909589767456, 0.04992133378982544, 0.048001479357481, 0.455093115568161, 0.4186354875564575, 0.022693252190947533, 0.024733522906899452, 0.5349562168121338], "frame_21": [0.6311138272285461, 0.3952633738517761, 0.049952104687690735, 0.04792192205786705, 0.455093115568161, 0.4186354875564575, 0.022693252190947533, 0.024733522906899452, 0.6057593822479248], "frame_22": [0.6311169862747192, 0.39526376128196716, 0.04994896799325943, 0.04791145399212837, 0.36125996708869934, 0.5030232071876526, 0.022975731641054153, 0.022860802710056305, 0.530247151851654], "frame_23": [0.6311607956886292, 0.39526620507240295, 0.050072647631168365, 0.04790780693292618, 0.3572536110877991, 0.5000609755516052, 0.02323438785970211, 0.023817062377929688, 0.6025227308273315], "frame_24": [0.6312304735183716, 0.3954838216304779, 0.05011634901165962, 0.04835802689194679, 0.3547830879688263, 0.498744934797287, 0.023307079449295998, 0.024523841217160225, 0.6002265810966492], "frame_25": [0.6311506628990173, 0.3954135775566101, 0.04987602308392525, 0.04832746833562851, 0.3535575866699219, 0.49769142270088196, 0.02301226742565632, 0.02427046000957489, 0.5734145045280457], "frame_26": [0.6311397552490234, 0.39531826972961426, 0.049857161939144135, 0.04833289235830307, 0.3518781065940857, 0.49648115038871765, 0.024129973724484444, 0.024298222735524178, 0.5812509059906006], "frame_27": [0.6311405897140503, 0.395310640335083, 0.04982401430606842, 0.0483354777097702, 0.3511192798614502, 0.4956222474575043, 0.02498065121471882, 0.02531873993575573, 0.5701532363891602], "frame_28": [0.6311370730400085, 0.3953552544116974, 0.0498979352414608, 0.048232946544885635, 0.3508056104183197, 0.49363410472869873, 0.024892617017030716, 0.02596266008913517, 0.5731651186943054], "frame_29": [0.6311444640159607, 0.3953665792942047, 0.04989907890558243, 0.04818687587976456, 0.35026252269744873, 0.49001795053482056, 0.025971731171011925, 0.024675963446497917, 0.4906686544418335], "frame_30": [0.6311766505241394, 0.39535021781921387, 0.05000868812203407, 0.04816284030675888, 0.35053059458732605, 0.4841628074645996, 0.02681867778301239, 0.025541475042700768, 0.41440823674201965], "frame_31": [0.6311439275741577, 0.39535439014434814, 0.04994239658117294, 0.04814881086349487, 0.351252019405365, 0.478748619556427, 0.02793460339307785, 0.02696075476706028, 0.3716396391391754], "frame_32": [0.6310926079750061, 0.3953554928302765, 0.04990594834089279, 0.04819488525390625, 0.3526373505592346, 0.46927669644355774, 0.0282894354313612, 0.027931595221161842, 0.4499261975288391], "frame_33": [0.6311103701591492, 0.3953574299812317, 0.04989301785826683, 0.04820861667394638, 0.3554619550704956, 0.45856183767318726, 0.025851884856820107, 0.02594214491546154, 0.3754613399505615], "frame_34": [0.6311639547348022, 0.3953719139099121, 0.050040435045957565, 0.04829521104693413, 0.3589470386505127, 0.44372889399528503, 0.02517479844391346, 0.025069216266274452, 0.3721597492694855], "frame_35": [0.6311914324760437, 0.3953607380390167, 0.050141144543886185, 0.04833852872252464, 0.36901944875717163, 0.424257755279541, 0.024769168347120285, 0.027244102209806442, 0.7637779712677002], "frame_36": [0.6308990716934204, 0.3951164782047272, 0.04951036348938942, 0.04872063547372818, 0.37864822149276733, 0.40365901589393616, 0.026226256042718887, 0.02829115092754364, 0.6011967658996582], "frame_37": [0.630886435508728, 0.3951472043991089, 0.04950065538287163, 0.04873627424240112, 0.38999801874160767, 0.38459092378616333, 0.02685241773724556, 0.03173132985830307, 0.1489713340997696], "frame_38": [0.6309030055999756, 0.3951813578605652, 0.04956512525677681, 0.048748016357421875, 0.4005711078643799, 0.368605375289917, 0.025882720947265625, 0.03401758521795273, 0.5464833378791809], "frame_39": [0.6309191584587097, 0.3952442705631256, 0.049752045422792435, 0.04865998029708862, 0.4130707085132599, 0.35009634494781494, 0.024682532995939255, 0.02791224606335163, 0.7454335689544678],