{"frame_0": [0.6295796632766724, 0.3940693736076355, 0.04980430752038956, 0.049973975867033005, 0.5211301445960999, 0.3214991092681885, 0.019792387261986732, 0.022116173058748245, 0.0], "frame_1": [0.6297289729118347, 0.39390090107917786, 0.04909515380859375, 0.04885741323232651, 0.5211301445960999, 0.3214991092681885, 0.019792387261986732, 0.022116173058748245, 0.0], "frame_2": [0.6297188401222229, 0.3939013183116913, 0.049109820276498795, 0.0488680936396122, 0.5211301445960999, 0.3214991092681885, 0.019792387261986732, 0.022116173058748245, 0.0], "frame_3": [0.6296648383140564, 0.39382925629615784, 0.04899304732680321, 0.04871779680252075, 0.5211301445960999, 0.3214991092681885, 0.019792387261986732, 0.022116173058748245, 0.0], "frame_4": [0.6297050714492798, 0.3938557803630829, 0.04900703579187393, 0.04877255856990814, 0.5211301445960999, 0.3214991092681885, 0.019792387261986732, 0.022116173058748245, 0.0], "frame_5": [0.6296632289886475, 0.39384350180625916, 0.04890191927552223, 0.04873737692832947, 0.5211301445960999, 0.3214991092681885, 0.019792387261986732, 0.022116173058748245, 0.0], "frame_6": [0.6298071146011353, 0.3940138816833496, 0.04922201484441757, 0.04885902255773544, 0.5211301445960999, 0.3214991092681885, 0.019792387261986732, 0.022116173058748245, 0.0], "frame_7": [0.629926323890686, 0.3941136598587036, 0.04954901710152626, 0.04891997575759888, 0.5211301445960999, 0.3214991092681885, 0.019792387261986732, 0.022116173058748245, 0.0], "frame_8": [0.6299057602882385, 0.3940824866294861, 0.04952430725097656, 0.04888878017663956, 0.5211301445960999, 0.3214991092681885, 0.019792387261986732, 0.022116173058748245, 0.0], "frame_9": [0.6299034953117371, 0.3940134644508362, 0.049530621618032455, 0.04892599210143089, 0.5211301445960999, 0.3214991092681885, 0.019792387261986732, 0.022116173058748245, 0.0], "frame_10": [0.629941463470459, 0.39404043555259705, 0.04953363165259361, 0.04894379526376724, 0.5211301445960999, 0.3214991092681885, 0.019792387261986732, 0.022116173058748245, 0.0], "frame_11": [0.629953145980835, 0.3940795063972473, 0.04952786862850189, 0.04898105189204216, 0.5211301445960999, 0.3214991092681885, 0.019792387261986732, 0.022116173058748245, 0.0], "frame_12": [0.630098819732666, 0.394070565700531, 0.04896240308880806, 0.048697661608457565, 0.9949237108230591, 0.5858965516090393, 0.010152434930205345, 0.026258213445544243, 0.0], "frame_13": [0.630098819732666, 0.3940737545490265, 0.04897117614746094, 0.04869334027171135, 0.9949237108230591, 0.5858965516090393, 0.010152434930205345, 0.026258213445544243, 0.0], "frame_14": [0.6301017999649048, 0.3940713107585907, 0.04898206889629364, 0.048690710216760635, 0.9949237108230591, 0.5858965516090393, 0.010152434930205345, 0.026258213445544243, 0.0], "frame_15": [0.6301060318946838, 0.3940437436103821, 0.049004364758729935, 0.04865739494562149, 0.9949237108230591, 0.5858965516090393, 0.010152434930205345, 0.026258213445544243, 0.0], "frame_16": [0.6301110982894897, 0.3940402865409851, 0.04897863417863846, 0.048674095422029495, 0.9949237108230591, 0.5858965516090393, 0.010152434930205345, 0.026258213445544243, 0.0], "frame_17": [0.6300462484359741, 0.3939551115036011, 0.04890336096286774, 0.04863298311829567, 0.9949237108230591, 0.5858965516090393, 0.010152434930205345, 0.026258213445544243, 0.0], "frame_18": [0.6300735473632812, 0.39395827054977417, 0.04897575452923775, 0.04859809949994087, 0.9949237108230591, 0.5858965516090393, 0.010152434930205345, 0.026258213445544243, 0.0], "frame_19": [0.6300782561302185, 0.39399319887161255, 0.04884558916091919, 0.04863259941339493, 0.9949237108230591, 0.5858965516090393, 0.010152434930205345, 0.026258213445544243, 0.0], "frame_20": [0.6300598978996277, 0.394010066986084, 0.048818036913871765, 0.0486409068107605, 0.9949237108230591, 0.5858965516090393, 0.010152434930205345, 0.026258213445544243, 0.0], "frame_21": [0.6300617456436157, 0.3940075635910034, 0.048818208277225494, 0.04864942654967308, 0.9949237108230591, 0.5858965516090393, 0.010152434930205345, 0.026258213445544243, 0.0], "frame_22": [0.6300880312919617, 0.39401915669441223, 0.048861313611269, 0.04864828288555145, 0.9949237108230591, 0.5858965516090393, 0.010152434930205345, 0.026258213445544243, 0.0], "frame_23": [0.6300868988037109, 0.3939610719680786, 0.04885389655828476, 0.048557959496974945, 0.9949237108230591, 0.5858965516090393, 0.010152434930205345, 0.026258213445544243, 0.0], "frame_24": [0.6300850510597229, 0.39404138922691345, 0.049266643822193146, 0.048616621643304825, 0.9949237108230591, 0.5858965516090393, 0.010152434930205345, 0.026258213445544243, 0.0], "frame_25": [0.6300201416015625, 0.3940069377422333, 0.049161531031131744, 0.04849416762590408, 0.9949237108230591, 0.5858965516090393, 0.010152434930205345, 0.026258213445544243, 0.0], "frame_26": [0.6299823522567749, 0.3939721882343292, 0.049103546887636185, 0.04847043380141258, 0.9949237108230591, 0.5858965516090393, 0.010152434930205345, 0.026258213445544243, 0.0], "frame_27": [0.6300162672996521, 0.3940448462963104, 0.049130335450172424, 0.04859369248151779, 0.9949237108230591, 0.5858965516090393, 0.010152434930205345, 0.026258213445544243, 0.0], "frame_28": [0.6300275325775146, 0.3940673768520355, 0.04919280856847763, 0.04863327741622925, 0.9949237108230591, 0.5858965516090393, 0.010152434930205345, 0.026258213445544243, 0.0], "frame_29": [0.6300318241119385, 0.394067645072937, 0.04920540004968643, 0.048630185425281525, 0.9949237108230591, 0.5858965516090393, 0.010152434930205345, 0.026258213445544243, 0.0], "frame_30": [0.6300197839736938, 0.3940621614456177, 0.0491485595703125, 0.048629846423864365, 0.9949237108230591, 0.5858965516090393, 0.010152434930205345, 0.026258213445544243, 0.0], "frame_31": [0.6299986243247986, 0.39402419328689575, 0.04914716258645058, 0.048571012914180756, 0.9949237108230591, 0.5858965516090393, 0.010152434930205345, 0.026258213445544243, 0.0], "frame_32": [0.6300586462020874, 0.3940731883049011, 0.04928978905081749, 0.048502348363399506, 0.9949237108230591, 0.5858965516090393, 0.010152434930205345, 0.026258213445544243, 0.0], "frame_33": [0.6300671696662903, 0.3941187560558319, 0.049454499036073685, 0.04847382381558418, 0.9847476482391357, 0.42508333921432495, 0.02809295617043972, 0.030675718560814857, 0.0], "frame_34": [0.6300163269042969, 0.3940250873565674, 0.0491621233522892, 0.04857258126139641, 0.9687864780426025, 0.40407219529151917, 0.025065189227461815, 0.030172135680913925, 0.0], "frame_35": [0.6300175189971924, 0.3940332233905792, 0.04912516102194786, 0.04859191179275513, 0.9540408849716187, 0.3861776888370514, 0.022478315979242325, 0.02787509560585022, 0.0], "frame_36": [0.6300497055053711, 0.3940926492214203, 0.049155425280332565, 0.0489848256111145, 0.93747878074646, 0.3698759377002716, 0.02277560718357563, 0.028306283056735992, 0.0], "frame_37": [0.6300609111785889, 0.3940972089767456, 0.049189165234565735, 0.04898957163095474, 0.9196482300758362, 0.35559171438217163, 0.025493960827589035, 0.027418242767453194, 0.0], "frame_38": [0.6300659775733948, 0.3940953016281128, 0.04921302944421768, 0.049000974744558334, 0.902317225933075, 0.34259915351867676, 0.02500898577272892, 0.025915611535310745, 0.0], "frame_39": [0.6300591230392456, 0.3940839171409607, 0.049184586852788925, 0.04897643253207207, 0.8870761394500732, 0.3301057517528534, 0.024902937933802605, 0.02683648094534874, 0.0], "frame_40": [0.6300589442253113, 0.39407017827033997, 0.04921378940343857, 0.04894981533288956, 0.8725007772445679, 0.31890547275543213, 0.023641373962163925, 0.02840900421142578, 0.0], "frame_41": [0.6300026774406433, 0.3940655291080475, 0.049128808081150055, 0.04897244647145271, 0.8539255857467651, 0.3090122938156128, 0.030450016260147095, 0.027999496087431908, 0.0], "frame_42": [0.6299934983253479, 0.3940373659133911, 0.049073196947574615, 0.04891404137015343, 0.8539255857467651, 0.3090122938156128, 0.030450016260147095, 0.027999496087431908, 0.0],