{"frame_0": [0.629970908164978, 0.3982192575931549, 0.05040113627910614, 0.048973508179187775, 0.284138023853302, 0.607566773891449, 0.02070598676800728, 0.028660964220762253, 0.7100912928581238], "frame_1": [0.6296240091323853, 0.3979918658733368, 0.04956109821796417, 0.04899643734097481, 0.2837879955768585, 0.6056867241859436, 0.02093643695116043, 0.026208030059933662, 0.7490270733833313], "frame_2": [0.6295294165611267, 0.3979944586753845, 0.0496019572019577, 0.049014367163181305, 0.2806088924407959, 0.6045771837234497, 0.020920520648360252, 0.02699737623333931, 0.7666703462600708], "frame_3": [0.6293177604675293, 0.39799389243125916, 0.049631498754024506, 0.04895561933517456, 0.27949851751327515, 0.6026676297187805, 0.020673837512731552, 0.02736646868288517, 0.75689697265625], "frame_4": [0.6294190883636475, 0.3979211449623108, 0.04948675259947777, 0.04903246462345123, 0.27671384811401367, 0.6021229028701782, 0.02261723391711712, 0.027947913855314255, 0.7955834269523621], "frame_5": [0.6294391751289368, 0.3979334831237793, 0.0494537353515625, 0.0491180419921875, 0.2727302610874176, 0.6019234657287598, 0.023278426378965378, 0.028201675042510033, 0.8492523431777954], "frame_6": [0.6294364929199219, 0.39793363213539124, 0.04943712055683136, 0.049103546887636185, 0.2727302610874176, 0.6019234657287598, 0.023278426378965378, 0.028201675042510033, 0.9056336283683777], "frame_7": [0.6296035647392273, 0.3979317545890808, 0.04898698627948761, 0.04926668852567673, 0.2727302610874176, 0.6019234657287598, 0.023278426378965378, 0.028201675042510033, 0.9050455093383789], "frame_8": [0.6295353770256042, 0.3979651927947998, 0.049532316625118256, 0.049197979271411896, 0.2727302610874176, 0.6019234657287598, 0.023278426378965378, 0.028201675042510033, 0.9418618083000183], "frame_9": [0.6296783685684204, 0.39804807305336, 0.04981977492570877, 0.04910629987716675, 0.2727302610874176, 0.6019234657287598, 0.023278426378965378, 0.028201675042510033, 0.9847040772438049], "frame_10": [0.6297380328178406, 0.3980502188205719, 0.04985542222857475, 0.049095239490270615, 0.2727302610874176, 0.6019234657287598, 0.023278426378965378, 0.028201675042510033, 0.9989989399909973], "frame_11": [0.6297308802604675, 0.3980426490306854, 0.04984702914953232, 0.049078963696956635, 0.2727302610874176, 0.6019234657287598, 0.023278426378965378, 0.028201675042510033, 0.9647868871688843], "frame_12": [0.629294216632843, 0.3978656828403473, 0.04929962009191513, 0.049236975610256195, 0.2727302610874176, 0.6019234657287598, 0.023278426378965378, 0.028201675042510033, 0.941592276096344], "frame_13": [0.6292923092842102, 0.3978835940361023, 0.049310047179460526, 0.04925486072897911, 0.2727302610874176, 0.6019234657287598, 0.023278426378965378, 0.028201675042510033, 0.9403021335601807], "frame_14": [0.6292412281036377, 0.39784902334213257, 0.0494096539914608, 0.04916581138968468, 0.2727302610874176, 0.6019234657287598, 0.023278426378965378, 0.028201675042510033, 0.9353041052818298], "frame_15": [0.6292996406555176, 0.39787381887435913, 0.04929826408624649, 0.04915245994925499, 0.2727302610874176, 0.6019234657287598, 0.023278426378965378, 0.028201675042510033, 0.9229529500007629], "frame_16": [0.6292822957038879, 0.39778977632522583, 0.049297332763671875, 0.04930415749549866, 0.2727302610874176, 0.6019234657287598, 0.023278426378965378, 0.028201675042510033, 0.9375841021537781], "frame_17": [0.6293168663978577, 0.3978271186351776, 0.0493764653801918, 0.04926300048828125, 0.2727302610874176, 0.6019234657287598, 0.023278426378965378, 0.028201675042510033, 0.98064786195755], "frame_18": [0.6292709112167358, 0.39782485365867615, 0.04940910264849663, 0.04921218007802963, 0.2727302610874176, 0.6019234657287598, 0.023278426378965378, 0.028201675042510033, 0.7087856531143188], "frame_19": [0.6291511654853821, 0.3978537619113922, 0.049112699925899506, 0.049255795776844025, 0.2727302610874176, 0.6019234657287598, 0.023278426378965378, 0.028201675042510033, 0.47400256991386414], "frame_20": [0.62923264503479, 0.39783909916877747, 0.0492662638425827, 0.04926024377346039, 0.2727302610874176, 0.6019234657287598, 0.023278426378965378, 0.028201675042510033, 0.3413466215133667], "frame_21": [0.6292446255683899, 0.39785653352737427, 0.049300383776426315, 0.04923706129193306, 0.2727302610874176, 0.6019234657287598, 0.023278426378965378, 0.028201675042510033, 0.29380783438682556], "frame_22": [0.629238486289978, 0.39785003662109375, 0.04916191101074219, 0.0492902547121048, 0.2594142556190491, 0.5248624682426453, 0.02659587934613228, 0.029901886358857155, 0.2942219078540802], "frame_23": [0.629192590713501, 0.3979089558124542, 0.04902780428528786, 0.04918212816119194, 0.25522130727767944, 0.5183680057525635, 0.02619342878460884, 0.031245633959770203, 0.31695735454559326], "frame_24": [0.629584014415741, 0.3977576494216919, 0.04883622005581856, 0.048889074474573135, 0.2519710958003998, 0.5125083923339844, 0.024822764098644257, 0.028307342901825905, 0.38756731152534485], "frame_25": [0.6295917630195618, 0.3977431356906891, 0.04885084182024002, 0.04894154891371727, 0.24882227182388306, 0.5084503293037415, 0.024501990526914597, 0.02620408870279789, 0.3536326289176941], "frame_26": [0.6295778155326843, 0.3977402150630951, 0.04881231486797333, 0.04893697053194046, 0.24531197547912598, 0.5058375000953674, 0.025569194927811623, 0.026563135907053947, 0.3459800183773041], "frame_27": [0.6294943690299988, 0.3977113366127014, 0.04873763024806976, 0.04895066097378731, 0.24333661794662476, 0.5046617388725281, 0.025273365899920464, 0.027082612738013268, 0.33884409070014954], "frame_28": [0.629512369632721, 0.39783287048339844, 0.048294153064489365, 0.048995379358530045, 0.24178659915924072, 0.5020280480384827, 0.026004495099186897, 0.02662353590130806, 0.35321393609046936], "frame_29": [0.6294624209403992, 0.39778298139572144, 0.04867095872759819, 0.04896939545869827, 0.24134796857833862, 0.4978903830051422, 0.02686786651611328, 0.028501128777861595, 0.3632658123970032], "frame_30": [0.6294937133789062, 0.39776694774627686, 0.04868202283978462, 0.04896019771695137, 0.24126730859279633, 0.49334970116615295, 0.026580238714814186, 0.025831816717982292, 0.41986358165740967], "frame_31": [0.6294951438903809, 0.3977707028388977, 0.04869024455547333, 0.04896710813045502, 0.2420801818370819, 0.4860738515853882, 0.026853371411561966, 0.027115631848573685, 0.3835084140300751], "frame_32": [0.6294808983802795, 0.3977392315864563, 0.04867227375507355, 0.04900601878762245, 0.24350373446941376, 0.47838133573532104, 0.025605730712413788, 0.028165435418486595, 0.3980279564857483], "frame_33": [0.6295397281646729, 0.3977232277393341, 0.0487290695309639, 0.04900771379470825, 0.24525465071201324, 0.4665820598602295, 0.024850845336914062, 0.026230240240693092, 0.4088704586029053], "frame_34": [0.6295487880706787, 0.3977205157279968, 0.04848853126168251, 0.04912775009870529, 0.2476952075958252, 0.45449671149253845, 0.027631845325231552, 0.025990888476371765, 0.5339500904083252], "frame_35": [0.6295274496078491, 0.39770767092704773, 0.04874356463551521, 0.04896460473537445, 0.25596848130226135, 0.4360482096672058, 0.024328231811523438, 0.02594011090695858, 0.6058326363563538], "frame_36": [0.6292626857757568, 0.3978380858898163, 0.0488101951777935, 0.04898117855191231, 0.26875725388526917, 0.41425392031669617, 0.02329425886273384, 0.027360152453184128, 0.7521618008613586], "frame_37": [0.6292263269424438, 0.39772704243659973, 0.048746321350336075, 0.04885758459568024, 0.26875725388526917, 0.41425392031669617, 0.02329425886273384, 0.027360152453184128, 0.740218460559845], "frame_38": [0.6292449235916138, 0.39770960807800293, 0.04894972965121269, 0.04894714429974556, 0.2988665699958801, 0.3724854290485382, 0.024047279730439186, 0.029938887804746628, 0.7294510006904602],