{"frame_0": [0.6268587112426758, 0.33573952317237854, 0.07224481552839279, 0.08047781884670258, 0.5421554446220398, 0.6381805539131165, 0.04116126149892807, 0.048336707055568695, 0.7325900197029114], "frame_1": [0.6271988749504089, 0.33577823638916016, 0.07188016921281815, 0.08041708171367645, 0.5328085422515869, 0.6385691165924072, 0.03885527700185776, 0.04478806257247925, 0.7596233487129211], "frame_2": [0.6272887587547302, 0.33574196696281433, 0.07191391289234161, 0.08040106296539307, 0.5328085422515869, 0.6385691165924072, 0.03885527700185776, 0.04478806257247925, 0.7491382956504822], "frame_3": [0.627373993396759, 0.335803359746933, 0.07204971462488174, 0.08067065477371216, 0.5328085422515869, 0.6385691165924072, 0.03885527700185776, 0.04478806257247925, 0.740699052810669], "frame_4": [0.6273142695426941, 0.33573970198631287, 0.07210510969161987, 0.08046209812164307, 0.5079972147941589, 0.6517787575721741, 0.05555742233991623, 0.04976331815123558, 0.7262323498725891], "frame_5": [0.6273913979530334, 0.3357047140598297, 0.07189750671386719, 0.08048173785209656, 0.493143767118454, 0.6562721133232117, 0.05290985107421875, 0.047005463391542435, 0.7765563726425171], "frame_6": [0.6274384260177612, 0.3356735110282898, 0.07178327441215515, 0.0804511159658432, 0.48671433329582214, 0.6609487533569336, 0.04054756090044975, 0.05087259039282799, 0.735755443572998], "frame_7": [0.6276118755340576, 0.33569633960723877, 0.07144050300121307, 0.08047131448984146, 0.4833928048610687, 0.663008451461792, 0.04207441583275795, 0.054540082812309265, 0.7179138660430908], "frame_8": [0.6275902390480042, 0.335675984621048, 0.0712665542960167, 0.0805346816778183, 0.48086047172546387, 0.6636350750923157, 0.0449344627559185, 0.05441296845674515, 0.7946920990943909], "frame_9": [0.6277033686637878, 0.33564257621765137, 0.07119416445493698, 0.08044372498989105, 0.4783082604408264, 0.662574827671051, 0.046207427978515625, 0.054814741015434265, 0.7772260904312134], "frame_10": [0.6276888251304626, 0.3355962634086609, 0.07102843374013901, 0.0803249329328537, 0.47420158982276917, 0.6583018898963928, 0.04922332614660263, 0.055395424365997314, 0.7247498631477356], "frame_11": [0.6276870965957642, 0.33557429909706116, 0.07121793925762177, 0.08041180670261383, 0.47031375765800476, 0.6506975889205933, 0.05108833312988281, 0.053497314453125, 0.6748161911964417], "frame_12": [0.6275643110275269, 0.3358086943626404, 0.07088851928710938, 0.08049782365560532, 0.4622538387775421, 0.6422293186187744, 0.0477336049079895, 0.05006955564022064, 0.6834051609039307], "frame_13": [0.6274182200431824, 0.3358286917209625, 0.07153455913066864, 0.08077739924192429, 0.4622538387775421, 0.6422293186187744, 0.0477336049079895, 0.05006955564022064, 0.6111050844192505], "frame_14": [0.6270989179611206, 0.33586230874061584, 0.0725501999258995, 0.08103679865598679, 0.45104309916496277, 0.6160827875137329, 0.03802642971277237, 0.04971885681152344, 0.5383586883544922], "frame_15": [0.6272466778755188, 0.3359195291996002, 0.07236569374799728, 0.08105968683958054, 0.45104309916496277, 0.6160827875137329, 0.03802642971277237, 0.04971885681152344, 0.6387449502944946], "frame_16": [0.6272176504135132, 0.335906445980072, 0.07230987399816513, 0.08107049763202667, 0.45104309916496277, 0.6160827875137329, 0.03802642971277237, 0.04971885681152344, 0.6298239827156067], "frame_17": [0.6271829605102539, 0.3359183371067047, 0.07272546738386154, 0.0810113474726677, 0.45104309916496277, 0.6160827875137329, 0.03802642971277237, 0.04971885681152344, 0.23905356228351593], "frame_18": [0.6271835565567017, 0.33601343631744385, 0.07279014587402344, 0.08117061108350754, 0.45104309916496277, 0.6160827875137329, 0.03802642971277237, 0.04971885681152344, 0.36505043506622314], "frame_19": [0.6273362636566162, 0.3360532820224762, 0.07226477563381195, 0.08140212297439575, 0.45104309916496277, 0.6160827875137329, 0.03802642971277237, 0.04971885681152344, 0.4423780143260956], "frame_20": [0.6274322271347046, 0.33600232005119324, 0.07202301174402237, 0.08135640621185303, 0.45104309916496277, 0.6160827875137329, 0.03802642971277237, 0.04971885681152344, 0.4744418263435364], "frame_21": [0.6273616552352905, 0.33601146936416626, 0.07256681472063065, 0.08128994703292847, 0.4383563995361328, 0.5125923156738281, 0.05072309821844101, 0.05238477885723114, 0.5414454936981201], "frame_22": [0.6275509595870972, 0.3359924852848053, 0.072318434715271, 0.08122778683900833, 0.43135955929756165, 0.507577657699585, 0.050257280468940735, 0.056600190699100494, 0.5106397867202759], "frame_23": [0.6276696920394897, 0.33592429757118225, 0.07209493964910507, 0.0810980498790741, 0.425820916891098, 0.5051383972167969, 0.049713727086782455, 0.06374680995941162, 0.6017810702323914], "frame_24": [0.6282386779785156, 0.33568453788757324, 0.07147683203220367, 0.08060016483068466, 0.4210697114467621, 0.5022889971733093, 0.05101403221487999, 0.06777670234441757, 0.5637526512145996], "frame_25": [0.6282137632369995, 0.33568307757377625, 0.07149374485015869, 0.08061934262514114, 0.41688182950019836, 0.49056482315063477, 0.05301577225327492, 0.05504913255572319, 0.3913877606391907], "frame_26": [0.6283021569252014, 0.33564430475234985, 0.07135878503322601, 0.08056221157312393, 0.41240623593330383, 0.48340967297554016, 0.05254800617694855, 0.05158691480755806, 0.6828254461288452], "frame_27": [0.6280485987663269, 0.3357665538787842, 0.07172881066799164, 0.08077780157327652, 0.4090000092983246, 0.47567808628082275, 0.05227288231253624, 0.04844551160931587, 0.8227672576904297], "frame_28": [0.6281242370605469, 0.33571553230285645, 0.07135408371686935, 0.08055858314037323, 0.4065455198287964, 0.46983981132507324, 0.05257437005639076, 0.05092735216021538, 0.6138710379600525], "frame_29": [0.628158688545227, 0.3353879749774933, 0.07122887670993805, 0.07998225092887878, 0.40365731716156006, 0.4607287049293518, 0.053408049046993256, 0.04985262453556061, 0.37918832898139954], "frame_30": [0.6275256872177124, 0.3351663649082184, 0.07265853881835938, 0.07963396608829498, 0.40100616216659546, 0.4497149884700775, 0.05190298333764076, 0.05091620609164238, 0.5261631011962891], "frame_31": [0.6273000836372375, 0.3351602256298065, 0.0730869323015213, 0.07956267148256302, 0.39919209480285645, 0.4387788474559784, 0.051106009632349014, 0.05490362271666527, 0.5303360819816589], "frame_32": [0.6266399621963501, 0.3352169990539551, 0.0746934711933136, 0.0796782374382019, 0.3975274860858917, 0.42364761233329773, 0.04893980920314789, 0.054646216332912445, 0.5612689256668091], "frame_33": [0.6261915564537048, 0.335196316242218, 0.07543127238750458, 0.07965289056301117, 0.39833489060401917, 0.40608835220336914, 0.048645105212926865, 0.057017602026462555, 0.6852267384529114], "frame_34": [0.6265934705734253, 0.335257351398468, 0.07433853298425674, 0.07992814481258392, 0.404241144657135, 0.37768444418907166, 0.04976501315832138, 0.05147045850753784, 0.7864587903022766], "frame_35": [0.626535952091217, 0.3351983428001404, 0.07443877309560776, 0.07998207956552505, 0.41442811489105225, 0.34473177790641785, 0.05067312344908714, 0.056273650377988815, 0.8917363286018372], "frame_36": [0.6254847049713135, 0.33557552099227905, 0.07713864743709564, 0.08086548000574112, 0.4258253276348114, 0.31796854734420776, 0.051830463111400604, 0.05334705859422684, 0.8876238465309143], "frame_37": [0.6253692507743835, 0.33543649315834045, 0.07694608718156815, 0.08056049048900604, 0.4357679486274719, 0.2942122519016266, 0.05139825493097305, 0.053107261657714844, 0.8299751281738281], "frame_38": [0.62469482421875, 0.33547741174697876, 0.07831666618585587, 0.08065959066152573, 0.44697368144989014, 0.2735556662082672, 0.04886800795793533, 0.05200739949941635, 0.7875511646270752], "frame_39": [0.624778151512146, 0.33543750643730164, 0.07823219150304794, 0.08057621866464615, 0.4577808380126953, 0.25443920493125916, 0.048233795911073685, 0.0514615997672081, 0.7296461462974548],