{"frame_0": [0.5490330457687378, 0.34297141432762146, 0.05958252027630806, 0.03667173534631729, 0.3230142295360565, 0.4232529103755951, 0.0392095148563385, 0.024601269513368607, 0.0], "frame_1": [0.5490235090255737, 0.3432961702346802, 0.059627022594213486, 0.03707141801714897, 0.3230142295360565, 0.4232529103755951, 0.0392095148563385, 0.024601269513368607, 0.0], "frame_2": [0.5491648316383362, 0.3432435095310211, 0.05955878272652626, 0.037113286554813385, 0.3230142295360565, 0.4232529103755951, 0.0392095148563385, 0.024601269513368607, 0.0], "frame_3": [0.5490937232971191, 0.343271404504776, 0.05957895889878273, 0.03709544986486435, 0.3230142295360565, 0.4232529103755951, 0.0392095148563385, 0.024601269513368607, 0.0], "frame_4": [0.5491073727607727, 0.3432709276676178, 0.05965881422162056, 0.037041474133729935, 0.3230142295360565, 0.4232529103755951, 0.0392095148563385, 0.024601269513368607, 0.0], "frame_5": [0.5489874482154846, 0.3433030843734741, 0.059706032276153564, 0.03707117959856987, 0.3230142295360565, 0.4232529103755951, 0.0392095148563385, 0.024601269513368607, 0.0], "frame_6": [0.548916220664978, 0.3433118462562561, 0.059693485498428345, 0.036969996988773346, 0.3230142295360565, 0.4232529103755951, 0.0392095148563385, 0.024601269513368607, 0.0], "frame_7": [0.5489941835403442, 0.343300461769104, 0.05961693823337555, 0.03694796562194824, 0.3230142295360565, 0.4232529103755951, 0.0392095148563385, 0.024601269513368607, 0.0], "frame_8": [0.5489164590835571, 0.34327343106269836, 0.05940263718366623, 0.03694009780883789, 0.3230142295360565, 0.4232529103755951, 0.0392095148563385, 0.024601269513368607, 0.0], "frame_9": [0.5490367412567139, 0.34325623512268066, 0.0594516322016716, 0.036927223205566406, 0.3230142295360565, 0.4232529103755951, 0.0392095148563385, 0.024601269513368607, 0.0], "frame_10": [0.5490439534187317, 0.3432575762271881, 0.05949978157877922, 0.03690986707806587, 0.3230142295360565, 0.4232529103755951, 0.0392095148563385, 0.024601269513368607, 0.0], "frame_11": [0.5490425825119019, 0.3432846665382385, 0.05948350578546524, 0.03693666309118271, 0.3230142295360565, 0.4232529103755951, 0.0392095148563385, 0.024601269513368607, 0.0], "frame_12": [0.5487693548202515, 0.34332114458084106, 0.06010996550321579, 0.03666887432336807, 0.3230142295360565, 0.4232529103755951, 0.0392095148563385, 0.024601269513368607, 0.0], "frame_13": [0.5487610101699829, 0.34331852197647095, 0.06011725589632988, 0.03672027587890625, 0.013661363162100315, 0.47758397459983826, 0.02164764329791069, 0.017552565783262253, 0.0], "frame_14": [0.5486948490142822, 0.34331783652305603, 0.0600602887570858, 0.036777399480342865, 0.017032209783792496, 0.47479528188705444, 0.027743730694055557, 0.01838226243853569, 0.0], "frame_15": [0.5486971735954285, 0.3433648943901062, 0.06009843572974205, 0.036948490887880325, 0.018418846651911736, 0.47067469358444214, 0.033177342265844345, 0.02146148681640625, 0.0], "frame_16": [0.5488610863685608, 0.3433185815811157, 0.060217201709747314, 0.03706211969256401, 0.020561885088682175, 0.4646088480949402, 0.03524047136306763, 0.02053985558450222, 0.0], "frame_17": [0.5488752722740173, 0.34323471784591675, 0.06014234572649002, 0.03714275360107422, 0.020939402282238007, 0.45637378096580505, 0.03393115848302841, 0.01976604387164116, 0.0], "frame_18": [0.5488362908363342, 0.34326261281967163, 0.060126326978206635, 0.037071894854307175, 0.02028403803706169, 0.448624849319458, 0.03176247328519821, 0.01923675462603569, 0.0], "frame_19": [0.5488379597663879, 0.34324657917022705, 0.06011132150888443, 0.03687567636370659, 0.017905738204717636, 0.4420289993286133, 0.02829565480351448, 0.01845569536089897, 0.0], "frame_20": [0.548852264881134, 0.343347430229187, 0.06006673350930214, 0.03695864602923393, 0.013564012944698334, 0.4358745515346527, 0.023840228095650673, 0.01933574676513672, 0.0], "frame_21": [0.5488475561141968, 0.3433751165866852, 0.06008012592792511, 0.03701295703649521, 0.013564012944698334, 0.4358745515346527, 0.023840228095650673, 0.01933574676513672, 0.0], "frame_22": [0.5488311648368835, 0.3433200418949127, 0.06002383679151535, 0.03697700425982475, 0.013564012944698334, 0.4358745515346527, 0.023840228095650673, 0.01933574676513672, 0.0], "frame_23": [0.5487856864929199, 0.34333211183547974, 0.059986624866724014, 0.03699035570025444, 0.013564012944698334, 0.4358745515346527, 0.023840228095650673, 0.01933574676513672, 0.0], "frame_24": [0.5487374067306519, 0.34331899881362915, 0.059827931225299835, 0.03696470335125923, 0.013564012944698334, 0.4358745515346527, 0.023840228095650673, 0.01933574676513672, 0.0], "frame_25": [0.5487215518951416, 0.34331050515174866, 0.05984751507639885, 0.03693981096148491, 0.013564012944698334, 0.4358745515346527, 0.023840228095650673, 0.01933574676513672, 0.0], "frame_26": [0.5488795638084412, 0.3432955741882324, 0.060075972229242325, 0.03674616664648056, 0.013564012944698334, 0.4358745515346527, 0.023840228095650673, 0.01933574676513672, 0.0], "frame_27": [0.5489163994789124, 0.34330040216445923, 0.06009640172123909, 0.03682675212621689, 0.013564012944698334, 0.4358745515346527, 0.023840228095650673, 0.01933574676513672, 0.0], "frame_28": [0.5488579273223877, 0.34334856271743774, 0.06007537990808487, 0.036885641515254974, 0.013564012944698334, 0.4358745515346527, 0.023840228095650673, 0.01933574676513672, 0.0], "frame_29": [0.5489634275436401, 0.34325847029685974, 0.06009131669998169, 0.03698158264160156, 0.013564012944698334, 0.4358745515346527, 0.023840228095650673, 0.01933574676513672, 0.0], "frame_30": [0.5488955974578857, 0.3432440757751465, 0.05987090989947319, 0.03703918308019638, 0.013564012944698334, 0.4358745515346527, 0.023840228095650673, 0.01933574676513672, 0.0], "frame_31": [0.5488436818122864, 0.3433036804199219, 0.059919655323028564, 0.03709421306848526, 0.013564012944698334, 0.4358745515346527, 0.023840228095650673, 0.01933574676513672, 0.0], "frame_32": [0.5488386154174805, 0.34333500266075134, 0.05989532545208931, 0.037143707275390625, 0.013564012944698334, 0.4358745515346527, 0.023840228095650673, 0.01933574676513672, 0.0], "frame_33": [0.5487782955169678, 0.3433186113834381, 0.059965770691633224, 0.03716259077191353, 0.013564012944698334, 0.4358745515346527, 0.023840228095650673, 0.01933574676513672, 0.0], "frame_34": [0.5487544536590576, 0.3433118760585785, 0.06006266176700592, 0.0372038371860981, 0.01985110342502594, 0.3724755644798279, 0.034313835203647614, 0.02106332778930664, 0.0], "frame_35": [0.5485798716545105, 0.3432583212852478, 0.059968482702970505, 0.037247322499752045, 0.03938793018460274, 0.3561246991157532, 0.0355503186583519, 0.02151184156537056, 0.0], "frame_36": [0.548750102519989, 0.342827707529068, 0.059199437499046326, 0.036456964910030365, 0.05998717248439789, 0.3406152129173279, 0.04027383774518967, 0.023160934448242188, 0.0], "frame_37": [0.548812210559845, 0.3427995443344116, 0.059227582067251205, 0.03643093258142471, 0.07956799119710922, 0.3272680640220642, 0.032073888927698135, 0.023597145453095436, 0.0], "frame_38": [0.5487634539604187, 0.3427932858467102, 0.05921478196978569, 0.03643927723169327, 0.0986580103635788, 0.31499892473220825, 0.03352165222167969, 0.02071847952902317, 0.0], "frame_39": [0.5487244725227356, 0.3427845239639282, 0.0591990165412426, 0.03644575923681259, 0.12297429144382477, 0.3041752278804779, 0.03382822498679161, 0.022539425641298294, 0.0], "frame_40": [0.5487245321273804, 0.34278616309165955, 0.059339649975299835, 0.03639163821935654, 0.13885949552059174, 0.29344332218170166, 0.03171391040086746, 0.021180057898163795, 0.0], "frame_41": [0.5487156510353088, 0.3427514135837555, 0.05937398225069046, 0.036328889429569244, 0.160885751247406, 0.2847960591316223, 0.033426571637392044, 0.02221531793475151, 0.0], "frame_42": [0.5486497282981873, 0.34275200963020325, 0.05947638675570488, 0.0363558754324913, 0.1813884675502777, 0.2772350311279297, 0.034559886902570724, 0.021541118621826172, 0.0],