{"frame_0": [0.6293505430221558, 0.39605703949928284, 0.0493696853518486, 0.0505208745598793, 0.5630566477775574, 0.42194053530693054, 0.01930541917681694, 0.025226974859833717, 0.8347446918487549], "frame_1": [0.6295059323310852, 0.396416038274765, 0.04954969510436058, 0.05006697028875351, 0.685849666595459, 0.5805985927581787, 0.03398111090064049, 0.037582483142614365, 0.8602080345153809], "frame_2": [0.6294408440589905, 0.39641422033309937, 0.04973869398236275, 0.04998185858130455, 0.685849666595459, 0.5805985927581787, 0.03398111090064049, 0.037582483142614365, 0.8781851530075073], "frame_3": [0.6294001340866089, 0.3964295983314514, 0.04976446181535721, 0.04996062442660332, 0.685849666595459, 0.5805985927581787, 0.03398111090064049, 0.037582483142614365, 0.8696417808532715], "frame_4": [0.6293154954910278, 0.3964082598686218, 0.04962768405675888, 0.04997045546770096, 0.685849666595459, 0.5805985927581787, 0.03398111090064049, 0.037582483142614365, 0.7266377806663513], "frame_5": [0.6292815804481506, 0.39659881591796875, 0.04962853342294693, 0.050121136009693146, 0.685849666595459, 0.5805985927581787, 0.03398111090064049, 0.037582483142614365, 0.9001477956771851], "frame_6": [0.6292767524719238, 0.3965173363685608, 0.04949323832988739, 0.05025232210755348, 0.685849666595459, 0.5805985927581787, 0.03398111090064049, 0.037582483142614365, 0.7458504438400269], "frame_7": [0.6294957399368286, 0.3965267539024353, 0.049891576170921326, 0.05024350434541702, 0.685849666595459, 0.5805985927581787, 0.03398111090064049, 0.037582483142614365, 0.8537291288375854], "frame_8": [0.6296446919441223, 0.3964661955833435, 0.050177764147520065, 0.050172507762908936, 0.685849666595459, 0.5805985927581787, 0.03398111090064049, 0.037582483142614365, 0.8237342834472656], "frame_9": [0.6296738386154175, 0.39649951457977295, 0.05016212537884712, 0.05021531879901886, 0.685849666595459, 0.5805985927581787, 0.03398111090064049, 0.037582483142614365, 0.8105359077453613], "frame_10": [0.6296569108963013, 0.3964858949184418, 0.0501207560300827, 0.05022938922047615, 0.685849666595459, 0.5805985927581787, 0.03398111090064049, 0.037582483142614365, 0.8422958254814148], "frame_11": [0.6296233534812927, 0.39647984504699707, 0.05002479627728462, 0.0501844622194767, 0.685849666595459, 0.5805985927581787, 0.03398111090064049, 0.037582483142614365, 0.7856487035751343], "frame_12": [0.63006591796875, 0.39653846621513367, 0.04928606003522873, 0.04914055019617081, 0.685849666595459, 0.5805985927581787, 0.03398111090064049, 0.037582483142614365, 0.19583356380462646], "frame_13": [0.6300848126411438, 0.39656877517700195, 0.04934798181056976, 0.04907107725739479, 0.685849666595459, 0.5805985927581787, 0.03398111090064049, 0.037582483142614365, 0.20480307936668396], "frame_14": [0.6300554275512695, 0.39656585454940796, 0.04930932819843292, 0.04910096153616905, 0.685849666595459, 0.5805985927581787, 0.03398111090064049, 0.037582483142614365, 0.21067100763320923], "frame_15": [0.6300381422042847, 0.3965734839439392, 0.049261391162872314, 0.0491170659661293, 0.685849666595459, 0.5805985927581787, 0.03398111090064049, 0.037582483142614365, 0.21348349750041962], "frame_16": [0.630060076713562, 0.39655593037605286, 0.04934060946106911, 0.04905832186341286, 0.685849666595459, 0.5805985927581787, 0.03398111090064049, 0.037582483142614365, 0.2064075618982315], "frame_17": [0.6300649642944336, 0.3965687155723572, 0.0493578165769577, 0.04910502955317497, 0.685849666595459, 0.5805985927581787, 0.03398111090064049, 0.037582483142614365, 0.21006172895431519], "frame_18": [0.630095899105072, 0.396575927734375, 0.04944665729999542, 0.04911668598651886, 0.685849666595459, 0.5805985927581787, 0.03398111090064049, 0.037582483142614365, 0.0], "frame_19": [0.6301374435424805, 0.39659687876701355, 0.04959822818636894, 0.04913215711712837, 0.685849666595459, 0.5805985927581787, 0.03398111090064049, 0.037582483142614365, 0.6168160438537598], "frame_20": [0.630104660987854, 0.39665085077285767, 0.04954202473163605, 0.04916725307703018, 0.685849666595459, 0.5805985927581787, 0.03398111090064049, 0.037582483142614365, 0.6399850249290466], "frame_21": [0.6301316022872925, 0.3969993591308594, 0.05015754699707031, 0.049378033727407455, 0.685849666595459, 0.5805985927581787, 0.03398111090064049, 0.037582483142614365, 0.7949263453483582], "frame_22": [0.6300690770149231, 0.39706894755363464, 0.05022010952234268, 0.04945733770728111, 0.685849666595459, 0.5805985927581787, 0.03398111090064049, 0.037582483142614365, 0.9836866855621338], "frame_23": [0.6300432085990906, 0.39709043502807617, 0.050214387476444244, 0.04950646311044693, 0.6064802408218384, 0.5015280246734619, 0.03525886684656143, 0.03380605950951576, 0.9031230211257935], "frame_24": [0.6300665140151978, 0.3972034752368927, 0.0505075678229332, 0.04981617256999016, 0.6073741316795349, 0.49852117896080017, 0.03587629646062851, 0.03275108337402344, 0.9288502931594849], "frame_25": [0.6300210952758789, 0.39717817306518555, 0.05043661221861839, 0.049763575196266174, 0.6078264117240906, 0.49627602100372314, 0.03603210300207138, 0.03262824937701225, 0.9152814149856567], "frame_26": [0.6300168633460999, 0.39715859293937683, 0.05018462985754013, 0.04976077750325203, 0.6087212562561035, 0.4954895079135895, 0.036603547632694244, 0.037420570850372314, 0.9754456281661987], "frame_27": [0.6303113102912903, 0.3967694938182831, 0.050160810351371765, 0.04972635954618454, 0.6091487407684326, 0.4885929822921753, 0.03627891466021538, 0.03301408514380455, 0.9221721291542053], "frame_28": [0.6303008198738098, 0.39663833379745483, 0.04979133605957031, 0.049687281250953674, 0.6110029220581055, 0.48304495215415955, 0.03649431839585304, 0.035374365746974945, 0.928762674331665], "frame_29": [0.6303997039794922, 0.39666393399238586, 0.05004577711224556, 0.049668122082948685, 0.6113210916519165, 0.4756658673286438, 0.03579080477356911, 0.03628052771091461, 0.8171475529670715], "frame_30": [0.630342960357666, 0.3966231942176819, 0.049897171556949615, 0.04954240471124649, 0.6128180027008057, 0.46596038341522217, 0.03377282992005348, 0.03648851066827774, 0.7115768194198608], "frame_31": [0.6302919387817383, 0.39663463830947876, 0.04970092698931694, 0.049543678760528564, 0.6128666996955872, 0.4537934958934784, 0.033875104039907455, 0.03985803574323654, 0.9389937520027161], "frame_32": [0.6301431655883789, 0.3964635133743286, 0.05024223402142525, 0.048738181591033936, 0.6137161254882812, 0.436054527759552, 0.02990264818072319, 0.03461524099111557, 0.7068870663642883], "frame_33": [0.6305420994758606, 0.3962070941925049, 0.048847027122974396, 0.04874267429113388, 0.6128956079483032, 0.41326242685317993, 0.02797868475317955, 0.03649143502116203, 0.957383930683136], "frame_34": [0.6289405226707458, 0.3972618877887726, 0.05372466892004013, 0.04920463636517525, 0.6194936633110046, 0.3880035877227783, 0.04064636304974556, 0.039370473474264145, 0.8574544191360474], "frame_35": [0.6298649907112122, 0.3978489339351654, 0.05086296796798706, 0.048212263733148575, 0.6140030026435852, 0.3596763610839844, 0.029440900310873985, 0.0346967913210392, 0.8397204279899597], "frame_36": [0.6303291916847229, 0.3967459499835968, 0.05076713487505913, 0.048134952783584595, 0.6143777370452881, 0.3369452953338623, 0.028102874755859375, 0.033511966466903687, 0.8963799476623535], "frame_37": [0.6304394602775574, 0.39686787128448486, 0.050029583275318146, 0.04905128479003906, 0.6153861284255981, 0.3160057067871094, 0.028760528191924095, 0.03161029890179634, 0.9124318957328796], "frame_38": [0.6305021643638611, 0.39681321382522583, 0.050249479711055756, 0.04909803718328476, 0.616479218006134, 0.29763153195381165, 0.029926512390375137, 0.03166399896144867, 0.9577293992042542], "frame_39": [0.6302821040153503, 0.396796852350235, 0.04979591444134712, 0.049011316150426865, 0.6173816919326782, 0.2801441252231598, 0.029145220294594765, 0.032505035400390625, 0.9868736267089844],