{"frame_0": [0.6293553709983826, 0.3974926471710205, 0.05042457580566406, 0.049367014318704605, 0.613993763923645, 0.4670523703098297, 0.02193756029009819, 0.024985292926430702, 0.0], "frame_1": [0.6292920112609863, 0.39726606011390686, 0.0493452288210392, 0.04953905567526817, 0.613993763923645, 0.4670523703098297, 0.02193756029009819, 0.024985292926430702, 0.0], "frame_2": [0.629270076751709, 0.3972681760787964, 0.04909668117761612, 0.04956931993365288, 0.613993763923645, 0.4670523703098297, 0.02193756029009819, 0.024985292926430702, 0.0], "frame_3": [0.629250705242157, 0.3972468078136444, 0.04905226081609726, 0.0495360903441906, 0.613993763923645, 0.4670523703098297, 0.02193756029009819, 0.024985292926430702, 0.0], "frame_4": [0.6290367841720581, 0.39724212884902954, 0.04925041273236275, 0.04966070502996445, 0.613993763923645, 0.4670523703098297, 0.02193756029009819, 0.024985292926430702, 0.0], "frame_5": [0.6291099190711975, 0.39723166823387146, 0.04951612651348114, 0.049647606909275055, 0.613993763923645, 0.4670523703098297, 0.02193756029009819, 0.024985292926430702, 0.0], "frame_6": [0.6291084289550781, 0.39720532298088074, 0.049552664160728455, 0.049611326307058334, 0.613993763923645, 0.4670523703098297, 0.02193756029009819, 0.024985292926430702, 0.0], "frame_7": [0.6291389465332031, 0.39722853899002075, 0.049718305468559265, 0.04962616041302681, 0.613993763923645, 0.4670523703098297, 0.02193756029009819, 0.024985292926430702, 0.0], "frame_8": [0.6290076375007629, 0.3971690833568573, 0.04938909783959389, 0.04973975196480751, 0.613993763923645, 0.4670523703098297, 0.02193756029009819, 0.024985292926430702, 0.0], "frame_9": [0.6291176676750183, 0.3971741497516632, 0.0494258888065815, 0.04968859255313873, 0.613993763923645, 0.4670523703098297, 0.02193756029009819, 0.024985292926430702, 0.0], "frame_10": [0.6291040182113647, 0.3971695899963379, 0.04939969256520271, 0.04969096556305885, 0.613993763923645, 0.4670523703098297, 0.02193756029009819, 0.024985292926430702, 0.0], "frame_11": [0.6291356086730957, 0.3971805274486542, 0.049417708069086075, 0.049639299511909485, 0.613993763923645, 0.4670523703098297, 0.02193756029009819, 0.024985292926430702, 0.0], "frame_12": [0.6290249228477478, 0.39706602692604065, 0.049711864441633224, 0.049466196447610855, 0.613993763923645, 0.4670523703098297, 0.02193756029009819, 0.024985292926430702, 0.0], "frame_13": [0.6292133331298828, 0.396811306476593, 0.049393463879823685, 0.04903038963675499, 0.613993763923645, 0.4670523703098297, 0.02193756029009819, 0.024985292926430702, 0.0], "frame_14": [0.6292102932929993, 0.3968372046947479, 0.04937608540058136, 0.04905052110552788, 0.613993763923645, 0.4670523703098297, 0.02193756029009819, 0.024985292926430702, 0.0], "frame_15": [0.6292067766189575, 0.3968397378921509, 0.04937896877527237, 0.04905713349580765, 0.613993763923645, 0.4670523703098297, 0.02193756029009819, 0.024985292926430702, 0.0], "frame_16": [0.6292078495025635, 0.3968653678894043, 0.04940444231033325, 0.049115076661109924, 0.613993763923645, 0.4670523703098297, 0.02193756029009819, 0.024985292926430702, 0.0], "frame_17": [0.6292073130607605, 0.3968351483345032, 0.04937744140625, 0.04904374107718468, 0.613993763923645, 0.4670523703098297, 0.02193756029009819, 0.024985292926430702, 0.0], "frame_18": [0.6292849779129028, 0.39696139097213745, 0.049469757825136185, 0.04891395568847656, 0.613993763923645, 0.4670523703098297, 0.02193756029009819, 0.024985292926430702, 0.0], "frame_19": [0.6291797161102295, 0.39711007475852966, 0.04943656921386719, 0.04897923022508621, 0.613993763923645, 0.4670523703098297, 0.02193756029009819, 0.024985292926430702, 0.0], "frame_20": [0.6291666030883789, 0.3971062898635864, 0.04948463290929794, 0.048992834985256195, 0.613993763923645, 0.4670523703098297, 0.02193756029009819, 0.024985292926430702, 0.5455042719841003], "frame_21": [0.6290373802185059, 0.3972141742706299, 0.049917519092559814, 0.04941016435623169, 0.613993763923645, 0.4670523703098297, 0.02193756029009819, 0.024985292926430702, 0.6268922686576843], "frame_22": [0.6290645599365234, 0.39722543954849243, 0.04989013820886612, 0.04931966960430145, 0.613993763923645, 0.4670523703098297, 0.02193756029009819, 0.024985292926430702, 0.6488919258117676], "frame_23": [0.6290777325630188, 0.3972207009792328, 0.04998520761728287, 0.04931369423866272, 0.613993763923645, 0.4670523703098297, 0.02193756029009819, 0.024985292926430702, 0.0], "frame_24": [0.6293185949325562, 0.39715999364852905, 0.04951494187116623, 0.04916449636220932, 0.613993763923645, 0.4670523703098297, 0.02193756029009819, 0.024985292926430702, 0.0], "frame_25": [0.6293203830718994, 0.39716336131095886, 0.04947259649634361, 0.04915686696767807, 0.613993763923645, 0.4670523703098297, 0.02193756029009819, 0.024985292926430702, 0.0], "frame_26": [0.6293300986289978, 0.39715227484703064, 0.04947013780474663, 0.04914046451449394, 0.613993763923645, 0.4670523703098297, 0.02193756029009819, 0.024985292926430702, 0.0], "frame_27": [0.6294291019439697, 0.397163063287735, 0.04969681799411774, 0.04911816865205765, 0.613993763923645, 0.4670523703098297, 0.02193756029009819, 0.024985292926430702, 0.0], "frame_28": [0.6294205188751221, 0.3971479535102844, 0.04966871440410614, 0.04912706837058067, 0.613993763923645, 0.4670523703098297, 0.02193756029009819, 0.024985292926430702, 0.0], "frame_29": [0.6293915510177612, 0.39713042974472046, 0.04969444125890732, 0.04909757152199745, 0.613993763923645, 0.4670523703098297, 0.02193756029009819, 0.024985292926430702, 0.0], "frame_30": [0.6294108033180237, 0.3971397876739502, 0.04965273663401604, 0.049102868884801865, 0.613993763923645, 0.4670523703098297, 0.02193756029009819, 0.024985292926430702, 0.0], "frame_31": [0.6294107437133789, 0.3971887230873108, 0.04971436411142349, 0.04913961514830589, 0.613993763923645, 0.4670523703098297, 0.02193756029009819, 0.024985292926430702, 0.0], "frame_32": [0.6295766830444336, 0.3971906900405884, 0.049407958984375, 0.0491747111082077, 0.613993763923645, 0.4670523703098297, 0.02193756029009819, 0.024985292926430702, 0.8683809638023376], "frame_33": [0.6295750737190247, 0.39723828434944153, 0.04974060133099556, 0.049162209033966064, 0.613993763923645, 0.4670523703098297, 0.02193756029009819, 0.024985292926430702, 0.0], "frame_34": [0.6296113133430481, 0.3972533047199249, 0.04982282966375351, 0.0491790771484375, 0.613993763923645, 0.4670523703098297, 0.02193756029009819, 0.024985292926430702, 0.0], "frame_35": [0.6296374797821045, 0.397264689207077, 0.049929216504096985, 0.049174964427948, 0.613993763923645, 0.4670523703098297, 0.02193756029009819, 0.024985292926430702, 0.0], "frame_36": [0.6293792128562927, 0.39709582924842834, 0.0496256947517395, 0.04900313541293144, 0.613993763923645, 0.4670523703098297, 0.02193756029009819, 0.024985292926430702, 0.0], "frame_37": [0.6293922066688538, 0.39708447456359863, 0.04967329278588295, 0.04898219555616379, 0.613993763923645, 0.4670523703098297, 0.02193756029009819, 0.024985292926430702, 0.0], "frame_38": [0.6294939517974854, 0.3970542550086975, 0.04974318668246269, 0.048909083008766174, 0.613993763923645, 0.4670523703098297, 0.02193756029009819, 0.024985292926430702, 0.0], "frame_39": [0.6293722987174988, 0.39705294370651245, 0.04957694932818413, 0.04892607778310776, 0.613993763923645, 0.4670523703098297, 0.02193756029009819, 0.024985292926430702, 0.0], "frame_40": [0.629449188709259, 0.3970698118209839, 0.04982893168926239, 0.04906044155359268, 0.4998205304145813, 0.25870606303215027, 0.017893854528665543, 0.022306060418486595, 0.0], "frame_41": [0.6292784214019775, 0.39706504344940186, 0.049802400171756744, 0.048937056213617325, 0.503240704536438, 0.253004789352417, 0.017378617078065872, 0.020326804369688034, 0.0], "frame_42": [0.6293017268180847, 0.3971077799797058, 0.04974496737122536, 0.04906730726361275, 0.5075096487998962, 0.24768880009651184, 0.0160997174680233, 0.021880997344851494, 0.0],