{"frame_0": [0.6264035701751709, 0.3355320394039154, 0.0731343999505043, 0.08085767924785614, 0.3835652768611908, 0.620719850063324, 0.03148498386144638, 0.03860405832529068, 0.8412448167800903], "frame_1": [0.6268965601921082, 0.3352167010307312, 0.0726633295416832, 0.08082364499568939, 0.3828708231449127, 0.618019700050354, 0.03166584298014641, 0.04046575725078583, 0.9185682535171509], "frame_2": [0.6268163919448853, 0.33525314927101135, 0.07296256721019745, 0.08081266283988953, 0.3812672793865204, 0.6121722459793091, 0.028107749298214912, 0.03724517673254013, 0.9363690614700317], "frame_3": [0.6265977621078491, 0.33520886301994324, 0.07295773923397064, 0.0803811177611351, 0.3839026689529419, 0.6093944311141968, 0.030105972662568092, 0.03573036193847656, 0.5254502892494202], "frame_4": [0.626220166683197, 0.3354180157184601, 0.07352045178413391, 0.08052685856819153, 0.3901451826095581, 0.6073443293571472, 0.03152906522154808, 0.03744180500507355, 0.5061445832252502], "frame_5": [0.6256699562072754, 0.3355201184749603, 0.07501907646656036, 0.08063795417547226, 0.3957584798336029, 0.6076512932777405, 0.030055491253733635, 0.035483550280332565, 0.5855369567871094], "frame_6": [0.6257509589195251, 0.3355374336242676, 0.07475835829973221, 0.08062199503183365, 0.40340593457221985, 0.6098049283027649, 0.030554411932826042, 0.03611280769109726, 0.521620512008667], "frame_7": [0.625907838344574, 0.33525463938713074, 0.07383376359939575, 0.08087626844644547, 0.40858009457588196, 0.6147637963294983, 0.03181571885943413, 0.03559943288564682, 0.7141598463058472], "frame_8": [0.6261590719223022, 0.3352166414260864, 0.07496774196624756, 0.08058322966098785, 0.4171961545944214, 0.6204826235771179, 0.029002930968999863, 0.03381309658288956, 0.7167959809303284], "frame_9": [0.6262771487236023, 0.3352299630641937, 0.07470397651195526, 0.08064659684896469, 0.4239445924758911, 0.6253169775009155, 0.029660584405064583, 0.03319837898015976, 0.7538735866546631], "frame_10": [0.6258760094642639, 0.33533668518066406, 0.07553155720233917, 0.08064594119787216, 0.42829856276512146, 0.6282349228858948, 0.030237579718232155, 0.03281356021761894, 0.7037556767463684], "frame_11": [0.6252090334892273, 0.33551767468452454, 0.07632331550121307, 0.08036179095506668, 0.4320734739303589, 0.629865288734436, 0.026918241754174232, 0.02972869947552681, 0.6677656173706055], "frame_12": [0.6260287165641785, 0.33583492040634155, 0.07514838874340057, 0.0807238444685936, 0.43436482548713684, 0.6282417178153992, 0.030168363824486732, 0.032030995935201645, 0.656754732131958], "frame_13": [0.6262422204017639, 0.33581632375717163, 0.07475166022777557, 0.08097601681947708, 0.435829758644104, 0.6249246001243591, 0.03147078678011894, 0.03374091163277626, 0.65903639793396], "frame_14": [0.6261836290359497, 0.33571678400039673, 0.07510337978601456, 0.08104726672172546, 0.43875324726104736, 0.6189963221549988, 0.030530082061886787, 0.03752640634775162, 0.6314977407455444], "frame_15": [0.6266447901725769, 0.33559727668762207, 0.0741603821516037, 0.0811023935675621, 0.440811425447464, 0.608431339263916, 0.029969999566674232, 0.035599686205387115, 0.6238180994987488], "frame_16": [0.626617968082428, 0.3356485366821289, 0.07449942827224731, 0.0810675323009491, 0.44196316599845886, 0.5982478857040405, 0.029165055602788925, 0.03070814348757267, 0.5104238986968994], "frame_17": [0.6264967918395996, 0.3357498347759247, 0.07500097155570984, 0.08098895102739334, 0.4432523548603058, 0.5870628356933594, 0.03082733228802681, 0.03125627338886261, 0.38190561532974243], "frame_18": [0.6258383393287659, 0.335846871137619, 0.07548294216394424, 0.08084356784820557, 0.44221699237823486, 0.5769319534301758, 0.02942114882171154, 0.03465860337018967, 0.3782843351364136], "frame_19": [0.6258921027183533, 0.3357793688774109, 0.07558707892894745, 0.08094140887260437, 0.4402775168418884, 0.5646194219589233, 0.028197987005114555, 0.035258568823337555, 0.34251680970191956], "frame_20": [0.625863790512085, 0.3356722295284271, 0.07514398545026779, 0.08119231462478638, 0.43655624985694885, 0.5540825128555298, 0.02746904082596302, 0.034348465502262115, 0.2960040867328644], "frame_21": [0.6256980299949646, 0.33558791875839233, 0.07506989687681198, 0.08123179525136948, 0.43177443742752075, 0.5453860759735107, 0.024514008313417435, 0.03249244764447212, 0.3005182445049286], "frame_22": [0.6260887384414673, 0.33549827337265015, 0.07373563945293427, 0.08143550157546997, 0.42577803134918213, 0.5378501415252686, 0.025638198480010033, 0.02911919541656971, 0.27707377076148987], "frame_23": [0.6258374452590942, 0.33559879660606384, 0.07458076626062393, 0.08124484866857529, 0.4196914732456207, 0.5343785881996155, 0.025116899982094765, 0.02812499925494194, 0.15839248895645142], "frame_24": [0.6258426904678345, 0.33554747700691223, 0.07532738894224167, 0.08039559423923492, 0.41582438349723816, 0.5315628051757812, 0.026652907952666283, 0.02887895330786705, 0.0015157196903601289], "frame_25": [0.6251802444458008, 0.33550623059272766, 0.07697753608226776, 0.08044300228357315, 0.41231536865234375, 0.5296041965484619, 0.026385709643363953, 0.029829788953065872, 0.004269613418728113], "frame_26": [0.6250510811805725, 0.3355308175086975, 0.0772993266582489, 0.08045120537281036, 0.4083031415939331, 0.52711021900177, 0.025763532146811485, 0.028857041150331497, 0.059318702667951584], "frame_27": [0.6251937747001648, 0.3354349434375763, 0.07697181403636932, 0.08050339668989182, 0.4062924385070801, 0.5242468118667603, 0.02560407854616642, 0.028267458081245422, 0.06721799075603485], "frame_28": [0.6252719759941101, 0.33541321754455566, 0.0762009546160698, 0.08055322617292404, 0.40428289771080017, 0.5195633172988892, 0.026310263201594353, 0.028566360473632812, 0.13114765286445618], "frame_29": [0.6240721344947815, 0.33549603819847107, 0.078241728246212, 0.08055543154478073, 0.40322160720825195, 0.5136788487434387, 0.02815399132668972, 0.029943931847810745, 0.11938730627298355], "frame_30": [0.6239231824874878, 0.3355099856853485, 0.07880266010761261, 0.08074044436216354, 0.40210554003715515, 0.5064073204994202, 0.027308613061904907, 0.029874801635742188, 0.2683555483818054], "frame_31": [0.6238251328468323, 0.3356092572212219, 0.07914771884679794, 0.08062423765659332, 0.4009735882282257, 0.49667519330978394, 0.025807274505496025, 0.030383598059415817, 0.04872740060091019], "frame_32": [0.6237052083015442, 0.33566364645957947, 0.0795673355460167, 0.08074985444545746, 0.4002489745616913, 0.4839513897895813, 0.025151697918772697, 0.0312981940805912, 0.01671132631599903], "frame_33": [0.6238285303115845, 0.3356674909591675, 0.07928907871246338, 0.08081571757793427, 0.4011889100074768, 0.4659278392791748, 0.024895180016756058, 0.032845474779605865, 0.19703371822834015], "frame_34": [0.6239830851554871, 0.3355039060115814, 0.07898729294538498, 0.08079051971435547, 0.40462544560432434, 0.4401771128177643, 0.024557283148169518, 0.029254743829369545, 0.689924955368042], "frame_35": [0.6240468621253967, 0.3355080187320709, 0.07883071899414062, 0.08084631711244583, 0.4094858765602112, 0.4176080524921417, 0.023671256378293037, 0.028811095282435417, 0.7702318429946899], "frame_36": [0.6251233220100403, 0.33566203713417053, 0.07704391330480576, 0.08070831000804901, 0.4139553904533386, 0.3950795531272888, 0.027312299236655235, 0.02951592393219471, 0.7475202083587646], "frame_37": [0.6249794960021973, 0.33579909801483154, 0.07779219001531601, 0.08045817166566849, 0.41726821660995483, 0.3756411373615265, 0.025856992229819298, 0.032256148755550385, 0.9012950658798218], "frame_38": [0.6245578527450562, 0.3357255160808563, 0.07858564704656601, 0.08053205162286758, 0.42267194390296936, 0.3569503724575043, 0.02580956369638443, 0.030372533947229385, 0.7166929244995117], "frame_39": [0.6243156790733337, 0.3357364237308502, 0.07878731936216354, 0.0805613175034523, 0.42828717827796936, 0.3375706970691681, 0.02676171250641346, 0.03162127733230591, 0.7577351927757263],