{"frame_0": [0.6285821795463562, 0.3981597125530243, 0.049391936510801315, 0.04786749929189682, 0.7143958806991577, 0.30614086985588074, 0.022301694378256798, 0.02696365863084793, 0.8912773728370667], "frame_1": [0.6284544467926025, 0.3977288603782654, 0.04948827996850014, 0.048602718859910965, 0.7143958806991577, 0.30614086985588074, 0.022301694378256798, 0.02696365863084793, 0.9388793110847473], "frame_2": [0.6284105181694031, 0.3977973163127899, 0.04898728430271149, 0.04876183345913887, 0.7143958806991577, 0.30614086985588074, 0.022301694378256798, 0.02696365863084793, 0.9132555723190308], "frame_3": [0.6283490657806396, 0.3977842628955841, 0.04945860803127289, 0.04839973524212837, 0.7143958806991577, 0.30614086985588074, 0.022301694378256798, 0.02696365863084793, 0.93044513463974], "frame_4": [0.6284139752388, 0.3977110981941223, 0.04955728352069855, 0.04862446337938309, 0.7143958806991577, 0.30614086985588074, 0.022301694378256798, 0.02696365863084793, 0.9606448411941528], "frame_5": [0.6283256411552429, 0.39767947793006897, 0.04955681785941124, 0.04869350790977478, 0.7143958806991577, 0.30614086985588074, 0.022301694378256798, 0.02696365863084793, 0.9794947504997253], "frame_6": [0.6283292174339294, 0.3976181745529175, 0.04940901696681976, 0.04873712360858917, 0.7143958806991577, 0.30614086985588074, 0.022301694378256798, 0.02696365863084793, 0.08596684783697128], "frame_7": [0.6283034682273865, 0.39759716391563416, 0.04939507320523262, 0.04872576519846916, 0.7143958806991577, 0.30614086985588074, 0.022301694378256798, 0.02696365863084793, 0.6847295761108398], "frame_8": [0.6283059120178223, 0.3976303040981293, 0.04924638569355011, 0.04865268990397453, 0.7143958806991577, 0.30614086985588074, 0.022301694378256798, 0.02696365863084793, 0.6943280100822449], "frame_9": [0.6283352375030518, 0.3977040648460388, 0.04878455400466919, 0.04852765426039696, 0.7143958806991577, 0.30614086985588074, 0.022301694378256798, 0.02696365863084793, 0.819503903388977], "frame_10": [0.6284331679344177, 0.39771372079849243, 0.04853057861328125, 0.04848136752843857, 0.7143958806991577, 0.30614086985588074, 0.022301694378256798, 0.02696365863084793, 0.8245075941085815], "frame_11": [0.62842857837677, 0.39771679043769836, 0.04857788234949112, 0.04856927692890167, 0.7143958806991577, 0.30614086985588074, 0.022301694378256798, 0.02696365863084793, 0.8231885433197021], "frame_12": [0.6279420852661133, 0.39760157465934753, 0.04782753065228462, 0.049393292516469955, 0.7143958806991577, 0.30614086985588074, 0.022301694378256798, 0.02696365863084793, 0.8075307607650757], "frame_13": [0.627950131893158, 0.39758723974227905, 0.04778844863176346, 0.04935535788536072, 0.7143958806991577, 0.30614086985588074, 0.022301694378256798, 0.02696365863084793, 0.8286781907081604], "frame_14": [0.6279780268669128, 0.3975609540939331, 0.04786508530378342, 0.04932280629873276, 0.7143958806991577, 0.30614086985588074, 0.022301694378256798, 0.02696365863084793, 0.8296468257904053], "frame_15": [0.6279792189598083, 0.3975633382797241, 0.048007965087890625, 0.04931335523724556, 0.7143958806991577, 0.30614086985588074, 0.022301694378256798, 0.02696365863084793, 0.8613824844360352], "frame_16": [0.6279928088188171, 0.3976020812988281, 0.048178862780332565, 0.04922930523753166, 0.7143958806991577, 0.30614086985588074, 0.022301694378256798, 0.02696365863084793, 0.8566842079162598], "frame_17": [0.6280273199081421, 0.39762988686561584, 0.048244476318359375, 0.049271222203969955, 0.7143958806991577, 0.30614086985588074, 0.022301694378256798, 0.02696365863084793, 0.8522493839263916], "frame_18": [0.6280250549316406, 0.3976851999759674, 0.04825019836425781, 0.049215275794267654, 0.7143958806991577, 0.30614086985588074, 0.022301694378256798, 0.02696365863084793, 0.783825695514679], "frame_19": [0.6279555559158325, 0.39777085185050964, 0.048194121569395065, 0.04932509362697601, 0.7143958806991577, 0.30614086985588074, 0.022301694378256798, 0.02696365863084793, 0.2770633399486542], "frame_20": [0.6279104351997375, 0.39790311455726624, 0.04771927744150162, 0.04920857772231102, 0.7143958806991577, 0.30614086985588074, 0.022301694378256798, 0.02696365863084793, 0.26765480637550354], "frame_21": [0.627932608127594, 0.39790260791778564, 0.04785461351275444, 0.04923371225595474, 0.7143958806991577, 0.30614086985588074, 0.022301694378256798, 0.02696365863084793, 0.4933658838272095], "frame_22": [0.6278142929077148, 0.3980053663253784, 0.04820654168725014, 0.049516890197992325, 0.7143958806991577, 0.30614086985588074, 0.022301694378256798, 0.02696365863084793, 0.5095112323760986], "frame_23": [0.6274932026863098, 0.39809009432792664, 0.0482591837644577, 0.049654725939035416, 0.7143958806991577, 0.30614086985588074, 0.022301694378256798, 0.02696365863084793, 0.4594384729862213], "frame_24": [0.6275001764297485, 0.39811789989471436, 0.04814605787396431, 0.04959648847579956, 0.6624040603637695, 0.499578595161438, 0.03128606826066971, 0.03173942491412163, 0.48020246624946594], "frame_25": [0.6275075078010559, 0.39812883734703064, 0.04823044687509537, 0.049593012779951096, 0.662881076335907, 0.49933624267578125, 0.0315399169921875, 0.03384857252240181, 0.4953537583351135], "frame_26": [0.6275005340576172, 0.3981568515300751, 0.048271771520376205, 0.04963836818933487, 0.6630500555038452, 0.49778324365615845, 0.03126945346593857, 0.03349015861749649, 0.5073367357254028], "frame_27": [0.6275440454483032, 0.3981391191482544, 0.04813520610332489, 0.04957008361816406, 0.6637669205665588, 0.49483948945999146, 0.03088361956179142, 0.030391184613108635, 0.4840097725391388], "frame_28": [0.6274233460426331, 0.3981424570083618, 0.04846449941396713, 0.049595050513744354, 0.6650211215019226, 0.49270257353782654, 0.031698524951934814, 0.02952117845416069, 0.4986114799976349], "frame_29": [0.6274287700653076, 0.3981302082538605, 0.04846687242388725, 0.04957516863942146, 0.6654062271118164, 0.48940736055374146, 0.03143026679754257, 0.029897689819335938, 0.5133897662162781], "frame_30": [0.6274568438529968, 0.3981702923774719, 0.04857037961483002, 0.049601320177316666, 0.6659915447235107, 0.48549002408981323, 0.031991492956876755, 0.03095228411257267, 0.5414018630981445], "frame_31": [0.6274054050445557, 0.3981643617153168, 0.04823807626962662, 0.04955071210861206, 0.6662956476211548, 0.4797123372554779, 0.03012610599398613, 0.03151838481426239, 0.6995070576667786], "frame_32": [0.6272589564323425, 0.3980479836463928, 0.04786567762494087, 0.04945746436715126, 0.6668692827224731, 0.47160813212394714, 0.0294189453125, 0.03491537272930145, 0.6293554306030273], "frame_33": [0.6274056434631348, 0.39812812209129333, 0.04824485629796982, 0.049396343529224396, 0.6679080724716187, 0.46079304814338684, 0.029801178723573685, 0.035302817821502686, 0.8157348036766052], "frame_34": [0.6274157762527466, 0.3981281816959381, 0.04840125888586044, 0.04941139370203018, 0.6677128672599792, 0.447920024394989, 0.02924974262714386, 0.035611726343631744, 0.8624199032783508], "frame_35": [0.6275245547294617, 0.39809757471084595, 0.04884529113769531, 0.04981473460793495, 0.6685138940811157, 0.4293564558029175, 0.027762603014707565, 0.03172721713781357, 0.9036871194839478], "frame_36": [0.6278263926506042, 0.39804941415786743, 0.04756317287683487, 0.049550630152225494, 0.6680759191513062, 0.40721985697746277, 0.024434491991996765, 0.030216004699468613, 0.8711861968040466], "frame_37": [0.6274905204772949, 0.39809897541999817, 0.048234641551971436, 0.050624676048755646, 0.6643346548080444, 0.38694000244140625, 0.02495117112994194, 0.027764171361923218, 0.9556971788406372], "frame_38": [0.6268352270126343, 0.3985595405101776, 0.04663747176527977, 0.04904055967926979, 0.6616348028182983, 0.3702985644340515, 0.02714674174785614, 0.03037480264902115, 0.9712552428245544],