{"frame_0": [0.6310415267944336, 0.39501965045928955, 0.04951650649309158, 0.050189122557640076, 0.7437822818756104, 0.5004311203956604, 0.03773939236998558, 0.041642844676971436, 0.6300041675567627], "frame_1": [0.6310395002365112, 0.3950246274471283, 0.048960283398628235, 0.04946640878915787, 0.7437822818756104, 0.5004311203956604, 0.03773939236998558, 0.041642844676971436, 0.6016727089881897], "frame_2": [0.6309787034988403, 0.3950574994087219, 0.04899635165929794, 0.04956847429275513, 0.7437822818756104, 0.5004311203956604, 0.03773939236998558, 0.041642844676971436, 0.619695246219635], "frame_3": [0.6309700608253479, 0.39505085349082947, 0.04897172749042511, 0.04956664890050888, 0.7437822818756104, 0.5004311203956604, 0.03773939236998558, 0.041642844676971436, 0.6380125284194946], "frame_4": [0.6310338973999023, 0.3950161039829254, 0.049057770520448685, 0.049507055431604385, 0.7437822818756104, 0.5004311203956604, 0.03773939236998558, 0.041642844676971436, 0.6691246628761292], "frame_5": [0.6310248374938965, 0.3950046896934509, 0.04914741590619087, 0.0494750551879406, 0.7437822818756104, 0.5004311203956604, 0.03773939236998558, 0.041642844676971436, 0.712013304233551], "frame_6": [0.6309605836868286, 0.39513397216796875, 0.04913529381155968, 0.04964849725365639, 0.7437822818756104, 0.5004311203956604, 0.03773939236998558, 0.041642844676971436, 0.6727937459945679], "frame_7": [0.6309416890144348, 0.39499908685684204, 0.0489916056394577, 0.0496954582631588, 0.7437822818756104, 0.5004311203956604, 0.03773939236998558, 0.041642844676971436, 0.6807474493980408], "frame_8": [0.630954384803772, 0.39499741792678833, 0.048844147473573685, 0.0497206375002861, 0.7437822818756104, 0.5004311203956604, 0.03773939236998558, 0.041642844676971436, 0.7687840461730957], "frame_9": [0.6309230923652649, 0.3949573040008545, 0.04878387600183487, 0.049722373485565186, 0.7437822818756104, 0.5004311203956604, 0.03773939236998558, 0.041642844676971436, 0.8351883292198181], "frame_10": [0.6309331059455872, 0.3949645161628723, 0.04886436462402344, 0.0497274175286293, 0.7437822818756104, 0.5004311203956604, 0.03773939236998558, 0.041642844676971436, 0.8943240642547607], "frame_11": [0.6309351921081543, 0.39496874809265137, 0.04888305813074112, 0.0497223325073719, 0.7437822818756104, 0.5004311203956604, 0.03773939236998558, 0.041642844676971436, 0.8775581121444702], "frame_12": [0.6307728886604309, 0.39494937658309937, 0.04842766746878624, 0.04928215965628624, 0.7437822818756104, 0.5004311203956604, 0.03773939236998558, 0.041642844676971436, 0.8415156602859497], "frame_13": [0.6307756304740906, 0.39496442675590515, 0.04842821881175041, 0.049323782324790955, 0.7437822818756104, 0.5004311203956604, 0.03773939236998558, 0.041642844676971436, 0.8356792330741882], "frame_14": [0.6307479739189148, 0.3949391543865204, 0.048422835767269135, 0.04923854395747185, 0.7437822818756104, 0.5004311203956604, 0.03773939236998558, 0.041642844676971436, 0.9104456901550293], "frame_15": [0.630742073059082, 0.394930899143219, 0.04841766506433487, 0.04925079271197319, 0.7437822818756104, 0.5004311203956604, 0.03773939236998558, 0.041642844676971436, 0.9008584022521973], "frame_16": [0.6307486891746521, 0.39493992924690247, 0.04848480224609375, 0.04921722412109375, 0.7437822818756104, 0.5004311203956604, 0.03773939236998558, 0.041642844676971436, 0.7776444554328918], "frame_17": [0.630790650844574, 0.39487865567207336, 0.04855995252728462, 0.04919115826487541, 0.7437822818756104, 0.5004311203956604, 0.03773939236998558, 0.041642844676971436, 0.013936519622802734], "frame_18": [0.6308449506759644, 0.39487430453300476, 0.04863603413105011, 0.04911757633090019, 0.7437822818756104, 0.5004311203956604, 0.03773939236998558, 0.041642844676971436, 0.16653473675251007], "frame_19": [0.6308380961418152, 0.39489203691482544, 0.048603057861328125, 0.04911274462938309, 0.7437822818756104, 0.5004311203956604, 0.03773939236998558, 0.041642844676971436, 0.32842472195625305], "frame_20": [0.6308563947677612, 0.3949480652809143, 0.048697493970394135, 0.049239180982112885, 0.7437822818756104, 0.5004311203956604, 0.03773939236998558, 0.041642844676971436, 0.7806439995765686], "frame_21": [0.6308781504631042, 0.3949703276157379, 0.048591528087854385, 0.04925232008099556, 0.7437822818756104, 0.5004311203956604, 0.03773939236998558, 0.041642844676971436, 0.4755336344242096], "frame_22": [0.6308398842811584, 0.39499610662460327, 0.048614587634801865, 0.049200017005205154, 0.7437822818756104, 0.5004311203956604, 0.03773939236998558, 0.041642844676971436, 0.5531301498413086], "frame_23": [0.6308692693710327, 0.3949834108352661, 0.048716142773628235, 0.04914521053433418, 0.7437822818756104, 0.5004311203956604, 0.03773939236998558, 0.041642844676971436, 0.834387481212616], "frame_24": [0.6311620473861694, 0.3950676918029785, 0.04884491115808487, 0.04901903122663498, 0.7102586030960083, 0.49252206087112427, 0.023622555658221245, 0.025939177721738815, 0.6145867109298706], "frame_25": [0.6311489343643188, 0.3950607180595398, 0.048821259289979935, 0.04897338151931763, 0.7179783582687378, 0.49285438656806946, 0.02138468436896801, 0.026068497449159622, 0.6804355978965759], "frame_26": [0.631164014339447, 0.3950442373752594, 0.048751067370176315, 0.04894459992647171, 0.7192810773849487, 0.4924400746822357, 0.0241580531001091, 0.02817450650036335, 0.5898229479789734], "frame_27": [0.6312134861946106, 0.3950346112251282, 0.048729874193668365, 0.04896371811628342, 0.7220077514648438, 0.4909875690937042, 0.024266432970762253, 0.028400039300322533, 0.5900718569755554], "frame_28": [0.6311765909194946, 0.3950709402561188, 0.0487561970949173, 0.04901394248008728, 0.7240628600120544, 0.4878380596637726, 0.027517912909388542, 0.0288984514772892, 0.7419540882110596], "frame_29": [0.6311748027801514, 0.39506107568740845, 0.04872322082519531, 0.04897698387503624, 0.7300723791122437, 0.483694463968277, 0.023069677874445915, 0.02684953436255455, 0.5461528301239014], "frame_30": [0.6312058568000793, 0.39504486322402954, 0.0487796775996685, 0.04893311485648155, 0.7323550581932068, 0.4813752770423889, 0.025916628539562225, 0.029975127428770065, 0.6279295682907104], "frame_31": [0.6311667561531067, 0.39496442675590515, 0.04868507385253906, 0.04887216538190842, 0.7345799803733826, 0.4737264811992645, 0.02920430526137352, 0.03355454280972481, 0.5191367268562317], "frame_32": [0.6311553120613098, 0.3949674069881439, 0.04875670373439789, 0.04887267202138901, 0.7353676557540894, 0.4650016725063324, 0.02822045236825943, 0.03527459129691124, 0.4805111587047577], "frame_33": [0.6311498284339905, 0.3950013816356659, 0.048886489123106, 0.04895820468664169, 0.7374867796897888, 0.4491533935070038, 0.027408769354224205, 0.031048795208334923, 0.06886168569326401], "frame_34": [0.631174623966217, 0.39504092931747437, 0.04905518516898155, 0.04886101558804512, 0.7366228103637695, 0.4332811236381531, 0.02352413535118103, 0.030340025201439857, 0.08512518554925919], "frame_35": [0.631243884563446, 0.39509180188179016, 0.04918060451745987, 0.048809561878442764, 0.7349343299865723, 0.40872225165367126, 0.02355651929974556, 0.031681232154369354, 0.9008616805076599], "frame_36": [0.6310965418815613, 0.3950052857398987, 0.04895973205566406, 0.048740386962890625, 0.7310523390769958, 0.3875143229961395, 0.02550184540450573, 0.02986246719956398, 0.9586906433105469], "frame_37": [0.6310994625091553, 0.39501869678497314, 0.04882248863577843, 0.04888115078210831, 0.7239578366279602, 0.3679966330528259, 0.027410125359892845, 0.028829192742705345, 0.909023106098175], "frame_38": [0.6311640739440918, 0.39500856399536133, 0.048892296850681305, 0.048906538635492325, 0.7191188335418701, 0.35059207677841187, 0.02642364427447319, 0.02971295267343521, 0.927673876285553], "frame_39": [0.6311088800430298, 0.39501020312309265, 0.04883897677063942, 0.04891539737582207, 0.7151244282722473, 0.3348698914051056, 0.02616695873439312, 0.030270280316472054, 0.9661998748779297],