{"frame_0": [0.6311521530151367, 0.3954847455024719, 0.05062039569020271, 0.04945555701851845, 0.46677711606025696, 0.6134470701217651, 0.018358612433075905, 0.021143129095435143, 0.957779049873352], "frame_1": [0.6313098073005676, 0.3954682946205139, 0.049768827855587006, 0.04892760515213013, 0.46677711606025696, 0.6134470701217651, 0.018358612433075905, 0.021143129095435143, 0.9404017329216003], "frame_2": [0.6313338279724121, 0.395479679107666, 0.04979095607995987, 0.04891158267855644, 0.4637199342250824, 0.5957053899765015, 0.021467505022883415, 0.028807830065488815, 0.9287992715835571], "frame_3": [0.6313426494598389, 0.39541515707969666, 0.04992417246103287, 0.0490468330681324, 0.46422797441482544, 0.5896002650260925, 0.020798703655600548, 0.023509766906499863, 0.8956171870231628], "frame_4": [0.6312737464904785, 0.39537838101387024, 0.049591656774282455, 0.04897889122366905, 0.46347320079803467, 0.5860365033149719, 0.02091691829264164, 0.023611577227711678, 0.8988568186759949], "frame_5": [0.6311947107315063, 0.39533868432044983, 0.049610648304224014, 0.04887046664953232, 0.4630143940448761, 0.5812050104141235, 0.019210433587431908, 0.02202470600605011, 0.8858251571655273], "frame_6": [0.6312180757522583, 0.39524850249290466, 0.049708470702171326, 0.04879748076200485, 0.46185484528541565, 0.5794438123703003, 0.018735503777861595, 0.022112105041742325, 0.8664194345474243], "frame_7": [0.631128191947937, 0.3952442705631256, 0.04971300810575485, 0.048714276403188705, 0.46185484528541565, 0.5794438123703003, 0.018735503777861595, 0.022112105041742325, 0.8762217164039612], "frame_8": [0.6311115026473999, 0.39523324370384216, 0.049619462341070175, 0.04865684360265732, 0.46185484528541565, 0.5794438123703003, 0.018735503777861595, 0.022112105041742325, 0.8628060221672058], "frame_9": [0.6311430931091309, 0.3952864706516266, 0.04974907636642456, 0.04864557087421417, 0.46185484528541565, 0.5794438123703003, 0.018735503777861595, 0.022112105041742325, 0.8602350354194641], "frame_10": [0.631145715713501, 0.39531418681144714, 0.04987975209951401, 0.04863853380084038, 0.46185484528541565, 0.5794438123703003, 0.018735503777861595, 0.022112105041742325, 0.6818534135818481], "frame_11": [0.6310567855834961, 0.3954072594642639, 0.0499630831182003, 0.04853786900639534, 0.46185484528541565, 0.5794438123703003, 0.018735503777861595, 0.022112105041742325, 0.2908531427383423], "frame_12": [0.6313775181770325, 0.3952334523200989, 0.049355316907167435, 0.04792565107345581, 0.46185484528541565, 0.5794438123703003, 0.018735503777861595, 0.022112105041742325, 0.843804121017456], "frame_13": [0.6313439011573792, 0.39513400197029114, 0.0492984764277935, 0.047775521874427795, 0.46185484528541565, 0.5794438123703003, 0.018735503777861595, 0.022112105041742325, 0.8074167370796204], "frame_14": [0.6313742995262146, 0.3950759768486023, 0.04923193156719208, 0.04782676696777344, 0.46185484528541565, 0.5794438123703003, 0.018735503777861595, 0.022112105041742325, 0.8100926876068115], "frame_15": [0.6313720941543579, 0.3950836658477783, 0.049251385033130646, 0.047807227820158005, 0.46185484528541565, 0.5794438123703003, 0.018735503777861595, 0.022112105041742325, 0.7518464922904968], "frame_16": [0.6312809586524963, 0.39509955048561096, 0.049046918749809265, 0.04779090732336044, 0.46185484528541565, 0.5794438123703003, 0.018735503777861595, 0.022112105041742325, 0.4640810191631317], "frame_17": [0.6312528848648071, 0.3951132893562317, 0.0490289069712162, 0.04781303554773331, 0.46185484528541565, 0.5794438123703003, 0.018735503777861595, 0.022112105041742325, 0.5295342206954956], "frame_18": [0.6313626170158386, 0.39510056376457214, 0.04924926906824112, 0.04773830994963646, 0.46185484528541565, 0.5794438123703003, 0.018735503777861595, 0.022112105041742325, 0.511987566947937], "frame_19": [0.6312659382820129, 0.395234078168869, 0.04939079284667969, 0.04767045006155968, 0.46185484528541565, 0.5794438123703003, 0.018735503777861595, 0.022112105041742325, 0.4614441394805908], "frame_20": [0.631367027759552, 0.395163893699646, 0.04914788156747818, 0.047780610620975494, 0.46185484528541565, 0.5794438123703003, 0.018735503777861595, 0.022112105041742325, 0.4228537082672119], "frame_21": [0.631381630897522, 0.395143985748291, 0.04918128252029419, 0.047835711389780045, 0.46185484528541565, 0.5794438123703003, 0.018735503777861595, 0.022112105041742325, 0.7461333274841309], "frame_22": [0.6313982009887695, 0.39513006806373596, 0.04927923530340195, 0.04783482104539871, 0.4287419617176056, 0.502942681312561, 0.018725374713540077, 0.021427832543849945, 0.6014357209205627], "frame_23": [0.6313890218734741, 0.3951227068901062, 0.04926147311925888, 0.04778747633099556, 0.4287419617176056, 0.502942681312561, 0.018725374713540077, 0.021427832543849945, 0.8140419125556946], "frame_24": [0.631119430065155, 0.3953481912612915, 0.05001962557435036, 0.04858334735035896, 0.4287419617176056, 0.502942681312561, 0.018725374713540077, 0.021427832543849945, 0.6784769892692566], "frame_25": [0.6311043500900269, 0.3953483998775482, 0.04999198764562607, 0.048592884093523026, 0.4287419617176056, 0.502942681312561, 0.018725374713540077, 0.021427832543849945, 0.7621902823448181], "frame_26": [0.6311410069465637, 0.3953231871128082, 0.050070784986019135, 0.04865777865052223, 0.4287419617176056, 0.502942681312561, 0.018725374713540077, 0.021427832543849945, 0.8457422852516174], "frame_27": [0.6311070919036865, 0.3953382670879364, 0.049987029284238815, 0.04873233288526535, 0.4007667601108551, 0.4959605038166046, 0.019245995208621025, 0.021560795605182648, 0.8614310622215271], "frame_28": [0.6311236619949341, 0.3953202962875366, 0.05003632605075836, 0.048617172986269, 0.3983113169670105, 0.49380019307136536, 0.02015669085085392, 0.021264096722006798, 0.7803603410720825], "frame_29": [0.6311354637145996, 0.39534756541252136, 0.0500325933098793, 0.04862213134765625, 0.3963792622089386, 0.490818053483963, 0.019818326458334923, 0.02271745540201664, 0.6886558532714844], "frame_30": [0.6310731768608093, 0.3953121304512024, 0.04980066046118736, 0.04861467331647873, 0.3963792622089386, 0.490818053483963, 0.019818326458334923, 0.02271745540201664, 0.5428345799446106], "frame_31": [0.6310182213783264, 0.39529740810394287, 0.0496816411614418, 0.04872822389006615, 0.3963792622089386, 0.490818053483963, 0.019818326458334923, 0.02271745540201664, 0.5960825085639954], "frame_32": [0.6310558915138245, 0.39514729380607605, 0.04955766350030899, 0.04879730939865112, 0.3948909342288971, 0.4701858460903168, 0.022775862365961075, 0.024903276935219765, 0.4965268075466156], "frame_33": [0.6311122179031372, 0.39523375034332275, 0.049755774438381195, 0.04875653609633446, 0.3948909342288971, 0.4701858460903168, 0.022775862365961075, 0.024903276935219765, 0.8417565822601318], "frame_34": [0.6310842037200928, 0.3952469825744629, 0.04969511926174164, 0.048685453832149506, 0.3948909342288971, 0.4701858460903168, 0.022775862365961075, 0.024903276935219765, 0.9513526558876038], "frame_35": [0.631109893321991, 0.3952566385269165, 0.04970419034361839, 0.04860589653253555, 0.41523540019989014, 0.4269099831581116, 0.021738816052675247, 0.022926712408661842, 0.9788468480110168], "frame_36": [0.6312460899353027, 0.3953423500061035, 0.049578942358493805, 0.04890479892492294, 0.42512083053588867, 0.41162019968032837, 0.02245941199362278, 0.02496320940554142, 0.9490313529968262], "frame_37": [0.6312932968139648, 0.39536216855049133, 0.04971597343683243, 0.04895015433430672, 0.4343171715736389, 0.3998245298862457, 0.025785276666283607, 0.027369732037186623, 0.9378727674484253], "frame_38": [0.6312236189842224, 0.3953515887260437, 0.04959525913000107, 0.048952866345644, 0.44828441739082336, 0.38619646430015564, 0.022043228149414062, 0.023262957111001015, 0.9960826635360718],