{"frame_0": [0.5493221879005432, 0.3463677167892456, 0.05918562039732933, 0.0642365962266922, 0.3233679234981537, 0.4885565936565399, 0.03848991543054581, 0.04145834222435951, 0.0], "frame_1": [0.5493635535240173, 0.34689995646476746, 0.05958747863769531, 0.0653030201792717, 0.3233679234981537, 0.4885565936565399, 0.03848991543054581, 0.04145834222435951, 0.0], "frame_2": [0.549335777759552, 0.3468164801597595, 0.059423066675662994, 0.06530085951089859, 0.3233679234981537, 0.4885565936565399, 0.03848991543054581, 0.04145834222435951, 0.0], "frame_3": [0.5493639707565308, 0.3468224108219147, 0.05940590053796768, 0.06520813703536987, 0.3233679234981537, 0.4885565936565399, 0.03848991543054581, 0.04145834222435951, 0.0], "frame_4": [0.5494286417961121, 0.34677818417549133, 0.059477828443050385, 0.06505345553159714, 0.3233679234981537, 0.4885565936565399, 0.03848991543054581, 0.04145834222435951, 0.0], "frame_5": [0.5494222640991211, 0.34681087732315063, 0.05935503542423248, 0.06506186723709106, 0.3233679234981537, 0.4885565936565399, 0.03848991543054581, 0.04145834222435951, 0.0], "frame_6": [0.5494498610496521, 0.34682703018188477, 0.05954916030168533, 0.06497514247894287, 0.3233679234981537, 0.4885565936565399, 0.03848991543054581, 0.04145834222435951, 0.0], "frame_7": [0.5494499206542969, 0.34677594900131226, 0.05952034145593643, 0.06497266888618469, 0.3233679234981537, 0.4885565936565399, 0.03848991543054581, 0.04145834222435951, 0.0], "frame_8": [0.5493757724761963, 0.3467855155467987, 0.05962308123707771, 0.06500618904829025, 0.3233679234981537, 0.4885565936565399, 0.03848991543054581, 0.04145834222435951, 0.0], "frame_9": [0.5494445562362671, 0.3467567563056946, 0.05967407301068306, 0.06494729965925217, 0.004570978228002787, 0.595113217830658, 0.009141956456005573, 0.030477354303002357, 0.0], "frame_10": [0.549433171749115, 0.3467652201652527, 0.059673819690942764, 0.06493699550628662, 0.004570978228002787, 0.595113217830658, 0.009141956456005573, 0.030477354303002357, 0.0], "frame_11": [0.5494601130485535, 0.34676843881607056, 0.05961235985159874, 0.06498097628355026, 0.004570978228002787, 0.595113217830658, 0.009141956456005573, 0.030477354303002357, 0.0], "frame_12": [0.5495436787605286, 0.34683722257614136, 0.06019918620586395, 0.06499824672937393, 0.004570978228002787, 0.595113217830658, 0.009141956456005573, 0.030477354303002357, 0.0], "frame_13": [0.549543559551239, 0.3468383252620697, 0.060181427747011185, 0.06500455737113953, 0.010908101685345173, 0.5864522457122803, 0.021816203370690346, 0.03319549560546875, 0.0], "frame_14": [0.5495238304138184, 0.346897155046463, 0.06017858535051346, 0.06513194739818573, 0.013981951400637627, 0.5810402631759644, 0.027963902801275253, 0.03593122586607933, 0.0], "frame_15": [0.5494730472564697, 0.3467514216899872, 0.06004219129681587, 0.06506648659706116, 0.01714996062219143, 0.5720803141593933, 0.03429992124438286, 0.03606550395488739, 0.0], "frame_16": [0.5494076013565063, 0.346763014793396, 0.05989396944642067, 0.06524558365345001, 0.019295085221529007, 0.5610995888710022, 0.036901358515024185, 0.03695487976074219, 0.0], "frame_17": [0.5493943691253662, 0.3467165231704712, 0.05983450263738632, 0.06536280363798141, 0.021136652678251266, 0.5475494861602783, 0.03507157787680626, 0.03332163393497467, 0.0], "frame_18": [0.5494569540023804, 0.3467920422554016, 0.05994415283203125, 0.06531208753585815, 0.02023162879049778, 0.5343621969223022, 0.031176121905446053, 0.03415641933679581, 0.0], "frame_19": [0.5495309829711914, 0.34665924310684204, 0.060109712183475494, 0.06498268991708755, 0.017139364033937454, 0.5216801762580872, 0.028913993388414383, 0.03317977115511894, 0.0], "frame_20": [0.549537718296051, 0.3467761278152466, 0.06012068688869476, 0.0650370717048645, 0.012603364884853363, 0.5107836127281189, 0.02445715293288231, 0.03328081592917442, 0.0], "frame_21": [0.5495073795318604, 0.3467780351638794, 0.06003006920218468, 0.06502781063318253, 0.009212830103933811, 0.5023948550224304, 0.018425660207867622, 0.031182479113340378, 0.0], "frame_22": [0.5494768023490906, 0.3467961251735687, 0.059847641736269, 0.06502658128738403, 0.006365261971950531, 0.4984356760978699, 0.012730523943901062, 0.028736114501953125, 0.0], "frame_23": [0.5494539141654968, 0.34682145714759827, 0.05977575480937958, 0.06507188826799393, 0.003957926761358976, 0.49466079473495483, 0.007915853522717953, 0.024575339630246162, 0.0], "frame_24": [0.5496155023574829, 0.346856951713562, 0.060089703649282455, 0.06510713696479797, 0.003957926761358976, 0.49466079473495483, 0.007915853522717953, 0.024575339630246162, 0.0], "frame_25": [0.5496246814727783, 0.3468654751777649, 0.06016693264245987, 0.06511843204498291, 0.003957926761358976, 0.49466079473495483, 0.007915853522717953, 0.024575339630246162, 0.0], "frame_26": [0.5496988296508789, 0.3466207683086395, 0.06031583249568939, 0.06466928869485855, 0.003957926761358976, 0.49466079473495483, 0.007915853522717953, 0.024575339630246162, 0.0], "frame_27": [0.5497215390205383, 0.3466300368309021, 0.06035105511546135, 0.06461533159017563, 0.003957926761358976, 0.49466079473495483, 0.007915853522717953, 0.024575339630246162, 0.0], "frame_28": [0.5496342182159424, 0.3465844988822937, 0.06026573106646538, 0.064569391310215, 0.003957926761358976, 0.49466079473495483, 0.007915853522717953, 0.024575339630246162, 0.0], "frame_29": [0.5495409369468689, 0.34650087356567383, 0.06002218276262283, 0.0648316890001297, 0.003957926761358976, 0.49466079473495483, 0.007915853522717953, 0.024575339630246162, 0.0], "frame_30": [0.5494968295097351, 0.34647518396377563, 0.059909991919994354, 0.06479591876268387, 0.003957926761358976, 0.49466079473495483, 0.007915853522717953, 0.024575339630246162, 0.0], "frame_31": [0.5495954155921936, 0.34657761454582214, 0.06005287170410156, 0.06486967206001282, 0.0050393338315188885, 0.4537401795387268, 0.010078667663037777, 0.03428840637207031, 0.0], "frame_32": [0.5495848655700684, 0.3465668261051178, 0.06001608073711395, 0.06483118236064911, 0.00784383062273264, 0.44001296162605286, 0.01568766124546528, 0.03462791442871094, 0.0], "frame_33": [0.5495641231536865, 0.3466072082519531, 0.0599239356815815, 0.06491708010435104, 0.011468598619103432, 0.42078307271003723, 0.022937197238206863, 0.03584760054945946, 0.0], "frame_34": [0.5495513081550598, 0.34656402468681335, 0.05986688286066055, 0.06478290259838104, 0.019735507667064667, 0.3969026207923889, 0.03579503297805786, 0.03768179193139076, 0.0], "frame_35": [0.5493597388267517, 0.3465358316898346, 0.059685517102479935, 0.06473179161548615, 0.03869333863258362, 0.3683910667896271, 0.03637484461069107, 0.03706376999616623, 0.0], "frame_36": [0.549311101436615, 0.3458493649959564, 0.059407807886600494, 0.06328453123569489, 0.06033681333065033, 0.34242963790893555, 0.03496013581752777, 0.03732062503695488, 0.0], "frame_37": [0.549306333065033, 0.3458672761917114, 0.05939920246601105, 0.06333249062299728, 0.07965189963579178, 0.3180701434612274, 0.032956987619400024, 0.03804904222488403, 0.0], "frame_38": [0.5493699908256531, 0.34585267305374146, 0.05947252735495567, 0.06338299810886383, 0.10073475539684296, 0.29655760526657104, 0.03004397824406624, 0.03699065372347832, 0.0], "frame_39": [0.5493601560592651, 0.3458230197429657, 0.0594271756708622, 0.06320823729038239, 0.12076835334300995, 0.27711328864097595, 0.03124408796429634, 0.03660060092806816, 0.0], "frame_40": [0.549288272857666, 0.3459956645965576, 0.05939598008990288, 0.06353011727333069, 0.13960307836532593, 0.2599269449710846, 0.02975589968264103, 0.03784953057765961, 0.0], "frame_41": [0.5493146181106567, 0.3459318280220032, 0.05944616347551346, 0.06343292444944382, 0.16110976040363312, 0.24317783117294312, 0.0327945277094841, 0.03625030443072319, 0.0], "frame_42": [0.5494092106819153, 0.34592294692993164, 0.059464264661073685, 0.0634140893816948, 0.18124108016490936, 0.22900941967964172, 0.03464460372924805, 0.0364316925406456, 0.0],