{"frame_0": [0.6292427182197571, 0.39572516083717346, 0.049465179443359375, 0.04975233972072601, 0.6995766758918762, 0.3439086079597473, 0.02262895368039608, 0.02579737827181816, 0.9085670709609985], "frame_1": [0.6291502118110657, 0.3958364725112915, 0.04926414415240288, 0.048757340759038925, 0.6995766758918762, 0.3439086079597473, 0.02262895368039608, 0.02579737827181816, 0.8839454650878906], "frame_2": [0.6293179988861084, 0.39576900005340576, 0.049491118639707565, 0.048470813781023026, 0.6995766758918762, 0.3439086079597473, 0.02262895368039608, 0.02579737827181816, 0.8850597143173218], "frame_3": [0.6293449997901917, 0.395780086517334, 0.04955863952636719, 0.04852375388145447, 0.6995766758918762, 0.3439086079597473, 0.02262895368039608, 0.02579737827181816, 0.8723905682563782], "frame_4": [0.62934410572052, 0.395795613527298, 0.0495649129152298, 0.04853087663650513, 0.6995766758918762, 0.3439086079597473, 0.02262895368039608, 0.02579737827181816, 0.8224990963935852], "frame_5": [0.6294683218002319, 0.39585575461387634, 0.049643706530332565, 0.048596277832984924, 0.6995766758918762, 0.3439086079597473, 0.02262895368039608, 0.02579737827181816, 0.8335068821907043], "frame_6": [0.629402220249176, 0.3957475423812866, 0.049851056188344955, 0.0484391525387764, 0.6995766758918762, 0.3439086079597473, 0.02262895368039608, 0.02579737827181816, 0.9123722910881042], "frame_7": [0.6294176578521729, 0.39582255482673645, 0.0498243123292923, 0.04861399158835411, 0.6995766758918762, 0.3439086079597473, 0.02262895368039608, 0.02579737827181816, 0.921008288860321], "frame_8": [0.6294497847557068, 0.39581307768821716, 0.04985656589269638, 0.04865888133645058, 0.6995766758918762, 0.3439086079597473, 0.02262895368039608, 0.02579737827181816, 0.9396997690200806], "frame_9": [0.62937331199646, 0.39581942558288574, 0.04960772022604942, 0.04867074638605118, 0.6995766758918762, 0.3439086079597473, 0.02262895368039608, 0.02579737827181816, 0.9034413695335388], "frame_10": [0.6294386982917786, 0.3958631753921509, 0.049623869359493256, 0.0487898513674736, 0.6995766758918762, 0.3439086079597473, 0.02262895368039608, 0.02579737827181816, 0.9528626799583435], "frame_11": [0.6294214129447937, 0.3958916664123535, 0.04972131550312042, 0.04879409074783325, 0.6995766758918762, 0.3439086079597473, 0.02262895368039608, 0.02579737827181816, 0.9329795241355896], "frame_12": [0.6296547055244446, 0.39597001671791077, 0.04917433112859726, 0.04800567775964737, 0.6995766758918762, 0.3439086079597473, 0.02262895368039608, 0.02579737827181816, 0.9164921045303345], "frame_13": [0.6296486854553223, 0.3959682583808899, 0.04914504289627075, 0.048003897070884705, 0.6995766758918762, 0.3439086079597473, 0.02262895368039608, 0.02579737827181816, 0.9139489531517029], "frame_14": [0.6296842098236084, 0.3959658443927765, 0.049169160425662994, 0.04795265197753906, 0.6995766758918762, 0.3439086079597473, 0.02262895368039608, 0.02579737827181816, 0.9364691972732544], "frame_15": [0.6296641826629639, 0.39596936106681824, 0.049120329320430756, 0.0479804128408432, 0.6995766758918762, 0.3439086079597473, 0.02262895368039608, 0.02579737827181816, 0.978553831577301], "frame_16": [0.6296653747558594, 0.39596226811408997, 0.04913825914263725, 0.04801657050848007, 0.6995766758918762, 0.3439086079597473, 0.02262895368039608, 0.02579737827181816, 0.9942748546600342], "frame_17": [0.6296620965003967, 0.3959598243236542, 0.04911346361041069, 0.0480557344853878, 0.6995766758918762, 0.3439086079597473, 0.02262895368039608, 0.02579737827181816, 0.999441385269165], "frame_18": [0.6297165155410767, 0.3959442675113678, 0.049264781177043915, 0.04805518314242363, 0.6995766758918762, 0.3439086079597473, 0.02262895368039608, 0.02579737827181816, 0.9367875456809998], "frame_19": [0.6297186017036438, 0.3959466814994812, 0.04915487393736839, 0.04799685999751091, 0.6995766758918762, 0.3439086079597473, 0.02262895368039608, 0.02579737827181816, 0.6185159087181091], "frame_20": [0.6297166347503662, 0.3959479331970215, 0.04919030889868736, 0.048015296459198, 0.6995766758918762, 0.3439086079597473, 0.02262895368039608, 0.02579737827181816, 0.2745506465435028], "frame_21": [0.6297179460525513, 0.3959480822086334, 0.04921972379088402, 0.04798431321978569, 0.6995766758918762, 0.3439086079597473, 0.02262895368039608, 0.02579737827181816, 0.25219017267227173], "frame_22": [0.6296674013137817, 0.3959188163280487, 0.04918793588876724, 0.048026446253061295, 0.6995766758918762, 0.3439086079597473, 0.02262895368039608, 0.02579737827181816, 0.46903714537620544], "frame_23": [0.6296918988227844, 0.3959124982357025, 0.04917564243078232, 0.04802360385656357, 0.6995766758918762, 0.3439086079597473, 0.02262895368039608, 0.02579737827181816, 0.4818388521671295], "frame_24": [0.6298026442527771, 0.39587342739105225, 0.049065399914979935, 0.04798613488674164, 0.6995766758918762, 0.3439086079597473, 0.02262895368039608, 0.02579737827181816, 0.3470735251903534], "frame_25": [0.6298050284385681, 0.3958783447742462, 0.04906243085861206, 0.047974396497011185, 0.6995766758918762, 0.3439086079597473, 0.02262895368039608, 0.02579737827181816, 0.312178373336792], "frame_26": [0.6298366785049438, 0.39586901664733887, 0.0490892194211483, 0.04794231057167053, 0.6995766758918762, 0.3439086079597473, 0.02262895368039608, 0.02579737827181816, 0.3995429277420044], "frame_27": [0.6298703551292419, 0.3958752155303955, 0.04919030889868736, 0.04795493930578232, 0.2852330207824707, 0.4947185218334198, 0.02282038703560829, 0.02331865020096302, 0.37677621841430664], "frame_28": [0.6298727989196777, 0.39591145515441895, 0.04921531677246094, 0.04799431562423706, 0.28135237097740173, 0.4927986264228821, 0.02539738640189171, 0.02625834196805954, 0.46309947967529297], "frame_29": [0.629832923412323, 0.39589759707450867, 0.049165938049554825, 0.04796651378273964, 0.2774370312690735, 0.49013829231262207, 0.025637902319431305, 0.028852080926299095, 0.4567420482635498], "frame_30": [0.6297613382339478, 0.39591318368911743, 0.04894989728927612, 0.04793976619839668, 0.27456966042518616, 0.4857529401779175, 0.027042007073760033, 0.028717422857880592, 0.3479182720184326], "frame_31": [0.6298092603683472, 0.3958742916584015, 0.049019452184438705, 0.04788457974791527, 0.27251654863357544, 0.4792921245098114, 0.02737683244049549, 0.028782272711396217, 0.46495887637138367], "frame_32": [0.6298176646232605, 0.39587223529815674, 0.048991985619068146, 0.04791704937815666, 0.27044564485549927, 0.47072702646255493, 0.027495108544826508, 0.026611879467964172, 0.43963366746902466], "frame_33": [0.62983238697052, 0.3958651125431061, 0.04900817945599556, 0.04790221154689789, 0.27069664001464844, 0.45910465717315674, 0.02798442915081978, 0.026840591803193092, 0.466652512550354], "frame_34": [0.6297892332077026, 0.3958379030227661, 0.04893692955374718, 0.04783240333199501, 0.27280622720718384, 0.44476521015167236, 0.026159625500440598, 0.028818894177675247, 0.6008291244506836], "frame_35": [0.6297778487205505, 0.39591681957244873, 0.049223922193050385, 0.0478474497795105, 0.2782564163208008, 0.42334815859794617, 0.024415122345089912, 0.027945708483457565, 0.7646663188934326], "frame_36": [0.6299164891242981, 0.39589378237724304, 0.049306318163871765, 0.04779472202062607, 0.2901635468006134, 0.39894959330558777, 0.0263955220580101, 0.031233003363013268, 0.790794312953949], "frame_37": [0.6299063563346863, 0.3958977162837982, 0.04929962009191513, 0.047785356640815735, 0.30109378695487976, 0.3774164915084839, 0.024761518463492393, 0.030438655987381935, 0.8001155853271484], "frame_38": [0.6299160718917847, 0.39594748616218567, 0.04934845119714737, 0.047858767211437225, 0.3132190406322479, 0.3572901785373688, 0.024587906897068024, 0.03031378798186779, 0.813012421131134], "frame_39": [0.6299172043800354, 0.39590775966644287, 0.04937400668859482, 0.04786787927150726, 0.3245781362056732, 0.3389369249343872, 0.022689247503876686, 0.02801494672894478, 0.8303953409194946],