{"frame_0": [0.6264095902442932, 0.336465448141098, 0.06794162094593048, 0.04556073993444443, 0.38338443636894226, 0.4957999289035797, 0.02813873253762722, 0.020700836554169655, 0.8157710433006287], "frame_1": [0.6269116401672363, 0.33633291721343994, 0.06870422512292862, 0.045480918139219284, 0.38139304518699646, 0.4949607849121094, 0.0261349156498909, 0.02091064490377903, 0.7829791307449341], "frame_2": [0.6269352436065674, 0.33632218837738037, 0.06874915212392807, 0.0454401969909668, 0.38023367524147034, 0.49138587713241577, 0.0252253208309412, 0.019599150866270065, 0.8191812634468079], "frame_3": [0.6267111897468567, 0.3363696336746216, 0.06806640326976776, 0.04532885551452637, 0.38395217061042786, 0.4901803135871887, 0.02963155135512352, 0.020345687866210938, 0.9593457579612732], "frame_4": [0.626428484916687, 0.33642029762268066, 0.0672980397939682, 0.0454256534576416, 0.38800016045570374, 0.4887455999851227, 0.02748429961502552, 0.0188432689756155, 0.47603437304496765], "frame_5": [0.6263474225997925, 0.33648160099983215, 0.06690258532762527, 0.04544200748205185, 0.39613640308380127, 0.4895533621311188, 0.02893947996199131, 0.01969451829791069, 0.4786064624786377], "frame_6": [0.6262859106063843, 0.33649367094039917, 0.06696929782629013, 0.04546313360333443, 0.39613640308380127, 0.4895533621311188, 0.02893947996199131, 0.01969451829791069, 0.49355101585388184], "frame_7": [0.6265028119087219, 0.33641791343688965, 0.06798163801431656, 0.04570798948407173, 0.4075344502925873, 0.4929446280002594, 0.034304216504096985, 0.022388076409697533, 0.5323494076728821], "frame_8": [0.6264165043830872, 0.33639565110206604, 0.06841040402650833, 0.04583730548620224, 0.42027291655540466, 0.4971701502799988, 0.039296213537454605, 0.01928081549704075, 0.5791306495666504], "frame_9": [0.6264598369598389, 0.33633658289909363, 0.06819000095129013, 0.04593167454004288, 0.4267588257789612, 0.5005072355270386, 0.03341607004404068, 0.01827526092529297, 0.5479946732521057], "frame_10": [0.6264370679855347, 0.33635053038597107, 0.06765373796224594, 0.045656967908144, 0.43016210198402405, 0.5020313858985901, 0.030826060101389885, 0.018804263323545456, 0.513160228729248], "frame_11": [0.6262747645378113, 0.3362724184989929, 0.06694623827934265, 0.04535341262817383, 0.43349727988243103, 0.5025444030761719, 0.03114471398293972, 0.02100048027932644, 0.5133939385414124], "frame_12": [0.6266305446624756, 0.3365374505519867, 0.06750182807445526, 0.04613304138183594, 0.43349727988243103, 0.5025444030761719, 0.03114471398293972, 0.02100048027932644, 0.5220984816551208], "frame_13": [0.626708447933197, 0.3364624083042145, 0.06734127551317215, 0.04604978486895561, 0.439988911151886, 0.4996652603149414, 0.02997300960123539, 0.024893570691347122, 0.5024740695953369], "frame_14": [0.626781702041626, 0.33637839555740356, 0.06744503229856491, 0.04610767215490341, 0.44129323959350586, 0.4962572157382965, 0.028884293511509895, 0.023164749145507812, 0.5272893905639648], "frame_15": [0.62669837474823, 0.33639755845069885, 0.06759906560182571, 0.04600925371050835, 0.44149860739707947, 0.4906303286552429, 0.030085330829024315, 0.01998119428753853, 0.5137563347816467], "frame_16": [0.626818835735321, 0.33643245697021484, 0.06774648278951645, 0.04599051550030708, 0.4430936276912689, 0.48386114835739136, 0.0271886195987463, 0.017211532220244408, 0.5239251255989075], "frame_17": [0.6266611218452454, 0.33644208312034607, 0.0676560327410698, 0.04589586332440376, 0.4449301064014435, 0.47845974564552307, 0.03099636547267437, 0.018994713202118874, 0.0], "frame_18": [0.6263815760612488, 0.33642813563346863, 0.06728736311197281, 0.045864202082157135, 0.44452905654907227, 0.47240108251571655, 0.02919226698577404, 0.01903219148516655, 0.0], "frame_19": [0.6265436410903931, 0.33642202615737915, 0.0670233815908432, 0.04584693908691406, 0.4421379864215851, 0.46594753861427307, 0.02649112232029438, 0.020522117614746094, 0.0], "frame_20": [0.626706600189209, 0.3363000750541687, 0.06646914780139923, 0.04588460922241211, 0.436073899269104, 0.4600479006767273, 0.02791595458984375, 0.021566201001405716, 0.28773584961891174], "frame_21": [0.6265849471092224, 0.3362349569797516, 0.06682679802179337, 0.045851897448301315, 0.4280693829059601, 0.45732563734054565, 0.03121303953230381, 0.02248992957174778, 0.0], "frame_22": [0.6266162395477295, 0.3362346291542053, 0.06720326840877533, 0.046126652508974075, 0.422187477350235, 0.45599326491355896, 0.03570997342467308, 0.025340652093291283, 0.0], "frame_23": [0.6266627907752991, 0.3362390697002411, 0.06686130166053772, 0.046057701110839844, 0.422187477350235, 0.45599326491355896, 0.03570997342467308, 0.025340652093291283, 0.0], "frame_24": [0.6267940998077393, 0.3362129330635071, 0.06652111560106277, 0.04532041400671005, 0.422187477350235, 0.45599326491355896, 0.03570997342467308, 0.025340652093291283, 0.0], "frame_25": [0.6265456080436707, 0.33622294664382935, 0.06734178215265274, 0.045525502413511276, 0.422187477350235, 0.45599326491355896, 0.03570997342467308, 0.025340652093291283, 0.0], "frame_26": [0.6264528632164001, 0.3362836241722107, 0.06732787936925888, 0.045522402971982956, 0.422187477350235, 0.45599326491355896, 0.03570997342467308, 0.025340652093291283, 0.0], "frame_27": [0.6264442205429077, 0.3362807035446167, 0.0673370361328125, 0.045600078999996185, 0.422187477350235, 0.45599326491355896, 0.03570997342467308, 0.025340652093291283, 0.0], "frame_28": [0.6263698935508728, 0.33623361587524414, 0.06764255464076996, 0.0455663688480854, 0.422187477350235, 0.45599326491355896, 0.03570997342467308, 0.025340652093291283, 0.4945559799671173], "frame_29": [0.6264066696166992, 0.33608031272888184, 0.06797908991575241, 0.04539823532104492, 0.422187477350235, 0.45599326491355896, 0.03570997342467308, 0.025340652093291283, 0.07413537055253983], "frame_30": [0.6263381242752075, 0.33608928322792053, 0.06775699555873871, 0.04539322853088379, 0.40173202753067017, 0.43321433663368225, 0.02736596018075943, 0.019018840044736862, 0.3564927875995636], "frame_31": [0.6262471675872803, 0.3361572325229645, 0.06754421442747116, 0.045191287994384766, 0.40023481845855713, 0.4277895987033844, 0.02629292756319046, 0.01900501176714897, 0.5063849091529846], "frame_32": [0.6264142394065857, 0.3361329436302185, 0.06840752810239792, 0.04528775066137314, 0.40056949853897095, 0.4200408458709717, 0.02762552909553051, 0.01703166961669922, 0.4390570819377899], "frame_33": [0.6263242959976196, 0.3361549377441406, 0.06788991391658783, 0.04528393596410751, 0.40261146426200867, 0.40950340032577515, 0.0281804408878088, 0.0193342212587595, 0.28445106744766235], "frame_34": [0.6267259120941162, 0.3357299268245697, 0.06735780835151672, 0.04540710523724556, 0.4057764708995819, 0.3968942165374756, 0.02604539692401886, 0.018437672406435013, 0.055246226489543915], "frame_35": [0.6267293691635132, 0.33568787574768066, 0.06734958291053772, 0.045316506177186966, 0.4098014533519745, 0.3832821846008301, 0.025144195184111595, 0.016343211755156517, 0.9897046685218811], "frame_36": [0.6267001628875732, 0.3363043963909149, 0.06912587583065033, 0.04581189155578613, 0.4132891297340393, 0.37094464898109436, 0.02791052870452404, 0.018265437334775925, 0.9360410571098328], "frame_37": [0.6263824701309204, 0.336509644985199, 0.06871557980775833, 0.046000003814697266, 0.41716545820236206, 0.35941076278686523, 0.0305625069886446, 0.01845731772482395, 0.9770147800445557], "frame_38": [0.6262269616127014, 0.33643490076065063, 0.06840803474187851, 0.04592495039105415, 0.41945216059684753, 0.3482978940010071, 0.02773301862180233, 0.01939382590353489, 0.8621740937232971], "frame_39": [0.6262973546981812, 0.3364443778991699, 0.06832360476255417, 0.0459711067378521, 0.41945216059684753, 0.3482978940010071, 0.02773301862180233, 0.01939382590353489, 0.8896031975746155],