{"frame_0": [0.6291986107826233, 0.39678582549095154, 0.04897584021091461, 0.04944267123937607, 0.7239546179771423, 0.35821792483329773, 0.022383032366633415, 0.02660236321389675, 0.0], "frame_1": [0.6291103959083557, 0.3966808617115021, 0.049891069531440735, 0.04929432272911072, 0.7239546179771423, 0.35821792483329773, 0.022383032366633415, 0.02660236321389675, 0.0], "frame_2": [0.6292328834533691, 0.39676836133003235, 0.0501309297978878, 0.04942953214049339, 0.7239546179771423, 0.35821792483329773, 0.022383032366633415, 0.02660236321389675, 0.0], "frame_3": [0.6291640996932983, 0.39684388041496277, 0.04979858547449112, 0.04943495988845825, 0.7239546179771423, 0.35821792483329773, 0.022383032366633415, 0.02660236321389675, 0.0], "frame_4": [0.6295040249824524, 0.3968212604522705, 0.050100114196538925, 0.04943012818694115, 0.7239546179771423, 0.35821792483329773, 0.022383032366633415, 0.02660236321389675, 0.0], "frame_5": [0.6294659376144409, 0.3968004584312439, 0.05008307471871376, 0.049435000866651535, 0.7239546179771423, 0.35821792483329773, 0.022383032366633415, 0.02660236321389675, 0.0], "frame_6": [0.6294382810592651, 0.39678826928138733, 0.05002937465906143, 0.049446869641542435, 0.7239546179771423, 0.35821792483329773, 0.022383032366633415, 0.02660236321389675, 0.0], "frame_7": [0.6294435262680054, 0.3967779874801636, 0.05005056411027908, 0.04941745474934578, 0.7239546179771423, 0.35821792483329773, 0.022383032366633415, 0.02660236321389675, 0.0], "frame_8": [0.6292754411697388, 0.396683007478714, 0.04968376085162163, 0.04916352033615112, 0.7239546179771423, 0.35821792483329773, 0.022383032366633415, 0.02660236321389675, 0.0], "frame_9": [0.6292389631271362, 0.39668798446655273, 0.049677275121212006, 0.04909934848546982, 0.7239546179771423, 0.35821792483329773, 0.022383032366633415, 0.02660236321389675, 0.0], "frame_10": [0.6292261481285095, 0.39671868085861206, 0.04965188726782799, 0.04915199428796768, 0.7239546179771423, 0.35821792483329773, 0.022383032366633415, 0.02660236321389675, 0.0], "frame_11": [0.6292315125465393, 0.3967163562774658, 0.04962196201086044, 0.04915228858590126, 0.7239546179771423, 0.35821792483329773, 0.022383032366633415, 0.02660236321389675, 0.0], "frame_12": [0.6292592883110046, 0.3966820538043976, 0.049259185791015625, 0.04895422235131264, 0.7239546179771423, 0.35821792483329773, 0.022383032366633415, 0.02660236321389675, 0.0], "frame_13": [0.6293285489082336, 0.39673537015914917, 0.049416519701480865, 0.04888013377785683, 0.7239546179771423, 0.35821792483329773, 0.022383032366633415, 0.02660236321389675, 0.0], "frame_14": [0.6293594837188721, 0.39670342206954956, 0.049499426037073135, 0.04881608858704567, 0.7239546179771423, 0.35821792483329773, 0.022383032366633415, 0.02660236321389675, 0.0], "frame_15": [0.6294612884521484, 0.3965722918510437, 0.04973059892654419, 0.04882299527525902, 0.7239546179771423, 0.35821792483329773, 0.022383032366633415, 0.02660236321389675, 0.0], "frame_16": [0.6294146180152893, 0.3966234028339386, 0.049686431884765625, 0.04878968000411987, 0.7239546179771423, 0.35821792483329773, 0.022383032366633415, 0.02660236321389675, 0.0], "frame_17": [0.6294293999671936, 0.39663904905319214, 0.04968719556927681, 0.048787519335746765, 0.7239546179771423, 0.35821792483329773, 0.022383032366633415, 0.02660236321389675, 0.0], "frame_18": [0.6293637752532959, 0.39663153886795044, 0.04958754777908325, 0.048844486474990845, 0.7239546179771423, 0.35821792483329773, 0.022383032366633415, 0.02660236321389675, 0.0], "frame_19": [0.6294134259223938, 0.39663416147232056, 0.04968664422631264, 0.04884130507707596, 0.7239546179771423, 0.35821792483329773, 0.022383032366633415, 0.02660236321389675, 0.0], "frame_20": [0.6294292211532593, 0.3966696858406067, 0.04971343278884888, 0.04893235117197037, 0.7239546179771423, 0.35821792483329773, 0.022383032366633415, 0.02660236321389675, 0.0], "frame_21": [0.6296204328536987, 0.396650105714798, 0.050030604004859924, 0.04893133416771889, 0.9805864095687866, 0.4108061194419861, 0.03108791820704937, 0.03334693983197212, 0.0], "frame_22": [0.6296291351318359, 0.3966995179653168, 0.05015462264418602, 0.048867713660001755, 0.965498685836792, 0.3846898376941681, 0.028598446398973465, 0.03146697208285332, 0.0], "frame_23": [0.6295930743217468, 0.3967263996601105, 0.05005980655550957, 0.048883818089962006, 0.9473658204078674, 0.3600788414478302, 0.034600067883729935, 0.03344538062810898, 0.0], "frame_24": [0.6291631460189819, 0.3968357443809509, 0.05050964280962944, 0.04903208464384079, 0.9325109720230103, 0.3389257490634918, 0.03316820040345192, 0.032553184777498245, 0.0], "frame_25": [0.6293142437934875, 0.39665916562080383, 0.04995816573500633, 0.04866354167461395, 0.9180999994277954, 0.31625252962112427, 0.02940962091088295, 0.0300632044672966, 0.0], "frame_26": [0.6293407678604126, 0.3967021405696869, 0.05012766644358635, 0.048740215599536896, 0.9051100015640259, 0.2986944615840912, 0.028206296265125275, 0.03182953596115112, 0.7955607771873474], "frame_27": [0.6293634176254272, 0.39670485258102417, 0.05010948330163956, 0.04878696799278259, 0.8915403485298157, 0.2818603515625, 0.02762908861041069, 0.03173084184527397, 0.7222785949707031], "frame_28": [0.6292217969894409, 0.39667341113090515, 0.04965972900390625, 0.04866227135062218, 0.8779307007789612, 0.26755836606025696, 0.025981903076171875, 0.03019360452890396, 0.7171895503997803], "frame_29": [0.6291994452476501, 0.3966819643974304, 0.04963120445609093, 0.04868108779191971, 0.8639411330223083, 0.2533988356590271, 0.026912689208984375, 0.03126068040728569, 0.0], "frame_30": [0.6292464137077332, 0.3966730833053589, 0.04971351474523544, 0.04865692928433418, 0.851119339466095, 0.24247318506240845, 0.02715318463742733, 0.028908008709549904, 0.0], "frame_31": [0.629241943359375, 0.3966790437698364, 0.049700163304805756, 0.04864874854683876, 0.8375733494758606, 0.23427186906337738, 0.02844085730612278, 0.027344660833477974, 0.0], "frame_32": [0.6291424036026001, 0.3969390094280243, 0.05024854838848114, 0.04900465905666351, 0.8237743973731995, 0.22546963393688202, 0.031922150403261185, 0.03100518137216568, 0.0], "frame_33": [0.6293250322341919, 0.3966962993144989, 0.04971792548894882, 0.04861708730459213, 0.8124614953994751, 0.21729013323783875, 0.025950198993086815, 0.028396479785442352, 0.0], "frame_34": [0.6293569207191467, 0.39664748311042786, 0.04972801357507706, 0.04865862429141998, 0.8017852902412415, 0.21161004900932312, 0.02548065222799778, 0.02901458740234375, 0.35452672839164734], "frame_35": [0.6293272376060486, 0.39667680859565735, 0.04965994134545326, 0.04865913465619087, 0.7910610437393188, 0.20760199427604675, 0.022248247638344765, 0.027823638170957565, 0.0], "frame_36": [0.6292083859443665, 0.3968631327152252, 0.04950086772441864, 0.04884851351380348, 0.7794128656387329, 0.20597797632217407, 0.02301839180290699, 0.027920298278331757, 0.0], "frame_37": [0.6292806267738342, 0.3968178629875183, 0.04961005225777626, 0.04890403896570206, 0.7667149305343628, 0.2054472118616104, 0.02304195798933506, 0.027029801160097122, 0.0], "frame_38": [0.6293804049491882, 0.3968849182128906, 0.049951765686273575, 0.048909589648246765, 0.753913938999176, 0.20655259490013123, 0.02430250309407711, 0.02755904756486416, 0.0], "frame_39": [0.6294141411781311, 0.3969722390174866, 0.04981888830661774, 0.048949431627988815, 0.7442954182624817, 0.20675769448280334, 0.026326920837163925, 0.029504965990781784, 0.0], "frame_40": [0.6294268369674683, 0.39726006984710693, 0.05055826157331467, 0.049094900488853455, 0.7327685952186584, 0.20690402388572693, 0.029376475140452385, 0.028081893920898438, 0.0], "frame_41": [0.6294852495193481, 0.3973221778869629, 0.04984474182128906, 0.0488671213388443, 0.7232819199562073, 0.210776224732399, 0.02632632851600647, 0.02770604006946087, 0.0],