{"frame_0": [0.6310917139053345, 0.39500555396080017, 0.050351206213235855, 0.04992103576660156, 0.592038631439209, 0.4812319576740265, 0.03396034240722656, 0.03284967318177223, 0.671430230140686], "frame_1": [0.6310576796531677, 0.39496052265167236, 0.04958305507898331, 0.04922180250287056, 0.5926824808120728, 0.4736887514591217, 0.03314688056707382, 0.03328599035739899, 0.6782575249671936], "frame_2": [0.6310517191886902, 0.39501869678497314, 0.049661848694086075, 0.0490817166864872, 0.5938480496406555, 0.4647790789604187, 0.03295457735657692, 0.03435766324400902, 0.656735360622406], "frame_3": [0.6310628056526184, 0.3950120806694031, 0.04964858293533325, 0.04901551082730293, 0.5949316024780273, 0.45245471596717834, 0.03166669234633446, 0.0343807227909565, 0.996192455291748], "frame_4": [0.6309775710105896, 0.3948037922382355, 0.049390241503715515, 0.04854995012283325, 0.5957421064376831, 0.4358678162097931, 0.031811609864234924, 0.03462638705968857, 0.8634300827980042], "frame_5": [0.6309553980827332, 0.39473962783813477, 0.04895561933517456, 0.04851341247558594, 0.5972375869750977, 0.41404104232788086, 0.030269918963313103, 0.03449440002441406, 0.6111915111541748], "frame_6": [0.6309971809387207, 0.39516299962997437, 0.049718644469976425, 0.04880540817975998, 0.5977913737297058, 0.3925565183162689, 0.027534866705536842, 0.03589630126953125, 0.884653627872467], "frame_7": [0.6328569054603577, 0.3955329954624176, 0.04692403972148895, 0.04845407232642174, 0.6008875370025635, 0.3725050687789917, 0.026690885424613953, 0.031106313690543175, 0.9915750026702881], "frame_8": [0.6310814619064331, 0.3955998420715332, 0.050253212451934814, 0.048606786876916885, 0.602608323097229, 0.35511040687561035, 0.026714451611042023, 0.03127674385905266, 0.9753848314285278], "frame_9": [0.6309913396835327, 0.39529019594192505, 0.05001458153128624, 0.04868990555405617, 0.6040381789207458, 0.3392581641674042, 0.025803755968809128, 0.03058353066444397, 0.887140154838562], "frame_10": [0.6310613751411438, 0.3951179087162018, 0.04929143935441971, 0.049005042761564255, 0.6050465703010559, 0.3249248266220093, 0.027394400909543037, 0.030050573870539665, 0.8865540027618408], "frame_11": [0.6311958432197571, 0.395113468170166, 0.04934929683804512, 0.04877416789531708, 0.6066267490386963, 0.31221097707748413, 0.027378208935260773, 0.030461883172392845, 0.8485017418861389], "frame_12": [0.6315078735351562, 0.3950727581977844, 0.04879320040345192, 0.04898007586598396, 0.6099510788917542, 0.3009219169616699, 0.024114904925227165, 0.02928329072892666, 0.8135495781898499], "frame_13": [0.6315105557441711, 0.39506885409355164, 0.048856355249881744, 0.04894226789474487, 0.6112662553787231, 0.2920924425125122, 0.024027548730373383, 0.02821267396211624, 0.8496400117874146], "frame_14": [0.6314376592636108, 0.3950393795967102, 0.048569656908512115, 0.04879845678806305, 0.6128853559494019, 0.2826714515686035, 0.023067643865942955, 0.028912078589200974, 0.8766990303993225], "frame_15": [0.631434977054596, 0.3950725495815277, 0.048675537109375, 0.04888610914349556, 0.6131010055541992, 0.2775092124938965, 0.026082484051585197, 0.03112422116100788, 0.923250675201416], "frame_16": [0.631361186504364, 0.3949999213218689, 0.048392485827207565, 0.04890153557062149, 0.6145635843276978, 0.27264222502708435, 0.027009369805455208, 0.031338226050138474, 0.6408942937850952], "frame_17": [0.6313180923461914, 0.3949423134326935, 0.04827825725078583, 0.04881333187222481, 0.615644097328186, 0.2693078815937042, 0.0261391531676054, 0.026246452704072, 0.40235990285873413], "frame_18": [0.6312910318374634, 0.39492377638816833, 0.04836065322160721, 0.048759546130895615, 0.6169045567512512, 0.2673060894012451, 0.026712968945503235, 0.026649199426174164, 0.2089003026485443], "frame_19": [0.6313372850418091, 0.3949055075645447, 0.048495102673769, 0.04873216524720192, 0.617250382900238, 0.2641424834728241, 0.027347946539521217, 0.027503861114382744, 0.23330827057361603], "frame_20": [0.6313161253929138, 0.39490166306495667, 0.04845695570111275, 0.04881591722369194, 0.6183152198791504, 0.2633020281791687, 0.027248213067650795, 0.028235817328095436, 0.2775687575340271], "frame_21": [0.6312969923019409, 0.3948986530303955, 0.04842834547162056, 0.048801422119140625, 0.6198732256889343, 0.264324814081192, 0.026882467791438103, 0.027687454596161842, 0.6017299294471741], "frame_22": [0.6313534379005432, 0.39479517936706543, 0.04809977114200592, 0.04881574958562851, 0.6210027933120728, 0.26646411418914795, 0.025274107232689857, 0.025967448949813843, 0.9929855465888977], "frame_23": [0.6313083171844482, 0.39489686489105225, 0.0482805036008358, 0.04875458776950836, 0.6234135627746582, 0.2720136046409607, 0.022715166211128235, 0.027785344049334526, 0.9566440582275391], "frame_24": [0.631194531917572, 0.3948531746864319, 0.04870033264160156, 0.048696983605623245, 0.6234135627746582, 0.2720136046409607, 0.022715166211128235, 0.027785344049334526, 0.9750989675521851], "frame_25": [0.6311964988708496, 0.39483892917633057, 0.04870414733886719, 0.048746321350336075, 0.6260784864425659, 0.2819550335407257, 0.021720292046666145, 0.025756264105439186, 0.9175991415977478], "frame_26": [0.6312186121940613, 0.3948187232017517, 0.048735808581113815, 0.04888318479061127, 0.6274285912513733, 0.2889396846294403, 0.020636199042201042, 0.026300473138689995, 0.9046156406402588], "frame_27": [0.6312749981880188, 0.3948327898979187, 0.04877586290240288, 0.04899847134947777, 0.6277251243591309, 0.29788047075271606, 0.02301093190908432, 0.02451237663626671, 0.9930347204208374], "frame_28": [0.6312494874000549, 0.3950050473213196, 0.04890691861510277, 0.04894294589757919, 0.6287928223609924, 0.30630049109458923, 0.021732881665229797, 0.0248671006411314, 0.9860756993293762], "frame_29": [0.6313936710357666, 0.39483070373535156, 0.04886292293667793, 0.049032337963581085, 0.6292296648025513, 0.3165661692619324, 0.022201072424650192, 0.024526871740818024, 0.9871612787246704], "frame_30": [0.6315687298774719, 0.39499685168266296, 0.04935747757554054, 0.048751577734947205, 0.630645215511322, 0.32692235708236694, 0.023941421881318092, 0.026059340685606003, 0.9795700311660767], "frame_31": [0.6315264105796814, 0.3952440917491913, 0.04950714111328125, 0.0484456792473793, 0.6310316920280457, 0.33858516812324524, 0.023423004895448685, 0.025693321600556374, 0.9760717153549194], "frame_32": [0.6312097311019897, 0.395249605178833, 0.04889428988099098, 0.049403127282857895, 0.6322215795516968, 0.3508954644203186, 0.02385253831744194, 0.025559192523360252, 0.9858320355415344], "frame_33": [0.630885899066925, 0.39710354804992676, 0.04815389961004257, 0.04595103859901428, 0.6329809427261353, 0.36288461089134216, 0.022529983893036842, 0.025581486523151398, 0.987906277179718], "frame_34": [0.6307935118675232, 0.3964061737060547, 0.04800368472933769, 0.046688757836818695, 0.6338813900947571, 0.36119741201400757, 0.023505400866270065, 0.025691965594887733, 0.9762834310531616], "frame_35": [0.630439817905426, 0.3947661519050598, 0.04615851491689682, 0.04829436540603638, 0.6350498199462891, 0.3581472635269165, 0.022236717864871025, 0.02532893233001232, 0.9852622151374817], "frame_36": [0.630723237991333, 0.39453938603401184, 0.04739074781537056, 0.04916208237409592, 0.6354195475578308, 0.35597601532936096, 0.023575972765684128, 0.027113808318972588, 0.9791867733001709], "frame_37": [0.6308399438858032, 0.39430540800094604, 0.048363663256168365, 0.05032026395201683, 0.6368775367736816, 0.3556616008281708, 0.023982832208275795, 0.02780848555266857, 0.9844928979873657], "frame_38": [0.6312408447265625, 0.3945753276348114, 0.04884575679898262, 0.05027588829398155, 0.6373494267463684, 0.35624200105667114, 0.023928070440888405, 0.026947805657982826, 0.9692460894584656], "frame_39": [0.6308595538139343, 0.394417405128479, 0.04817559942603111, 0.05032293498516083, 0.638438880443573, 0.35861799120903015, 0.02349531464278698, 0.024659432470798492, 0.9527586102485657],