{"frame_0": [0.629691481590271, 0.39576008915901184, 0.04888199642300606, 0.050443775951862335, 0.30655810236930847, 0.6091889142990112, 0.02248011715710163, 0.028593529015779495, 0.9067535400390625], "frame_1": [0.6296522617340088, 0.39562228322029114, 0.04888199642300606, 0.04915296658873558, 0.3056037425994873, 0.6011034846305847, 0.020786667242646217, 0.022735808044672012, 0.9200453162193298], "frame_2": [0.6297175884246826, 0.39558809995651245, 0.04888496547937393, 0.04905187711119652, 0.30594825744628906, 0.5947442650794983, 0.02024517022073269, 0.024770906195044518, 0.8892637491226196], "frame_3": [0.6297492384910583, 0.3955937623977661, 0.04901275783777237, 0.04899664968252182, 0.30468806624412537, 0.5903088450431824, 0.020414309576153755, 0.02268202044069767, 0.8793806433677673], "frame_4": [0.6297642588615417, 0.39567312598228455, 0.049164582043886185, 0.049041662365198135, 0.30468806624412537, 0.5903088450431824, 0.020414309576153755, 0.02268202044069767, 0.8961331844329834], "frame_5": [0.6297889947891235, 0.39564627408981323, 0.04923383891582489, 0.049047935754060745, 0.30468806624412537, 0.5903088450431824, 0.020414309576153755, 0.02268202044069767, 0.8669571280479431], "frame_6": [0.6298364996910095, 0.3956400454044342, 0.049252700060606, 0.04891904070973396, 0.30468806624412537, 0.5903088450431824, 0.020414309576153755, 0.02268202044069767, 0.9196385145187378], "frame_7": [0.6299357414245605, 0.3956824541091919, 0.04936828464269638, 0.04895981773734093, 0.30468806624412537, 0.5903088450431824, 0.020414309576153755, 0.02268202044069767, 0.9039766788482666], "frame_8": [0.6299456357955933, 0.3956449329853058, 0.04941520839929581, 0.048897381871938705, 0.30468806624412537, 0.5903088450431824, 0.020414309576153755, 0.02268202044069767, 0.8890668749809265], "frame_9": [0.6299832463264465, 0.3956923484802246, 0.04946937412023544, 0.04892921447753906, 0.30468806624412537, 0.5903088450431824, 0.020414309576153755, 0.02268202044069767, 0.8159467577934265], "frame_10": [0.6299481987953186, 0.39568954706192017, 0.04949929937720299, 0.0489460825920105, 0.30468806624412537, 0.5903088450431824, 0.020414309576153755, 0.02268202044069767, 0.7845064401626587], "frame_11": [0.6299620866775513, 0.39572662115097046, 0.049436867237091064, 0.04896515607833862, 0.30468806624412537, 0.5903088450431824, 0.020414309576153755, 0.02268202044069767, 0.7787908911705017], "frame_12": [0.6305413842201233, 0.3961101472377777, 0.049278173595666885, 0.048791248351335526, 0.30468806624412537, 0.5903088450431824, 0.020414309576153755, 0.02268202044069767, 0.7744956612586975], "frame_13": [0.6305409073829651, 0.39610645174980164, 0.04927863925695419, 0.04879942908883095, 0.30468806624412537, 0.5903088450431824, 0.020414309576153755, 0.02268202044069767, 0.7501428723335266], "frame_14": [0.6305423974990845, 0.3960769772529602, 0.04927808791399002, 0.04874458163976669, 0.30468806624412537, 0.5903088450431824, 0.020414309576153755, 0.02268202044069767, 0.7867909073829651], "frame_15": [0.6305236220359802, 0.396049827337265, 0.04921692609786987, 0.048711396753787994, 0.30468806624412537, 0.5903088450431824, 0.020414309576153755, 0.02268202044069767, 0.7490320801734924], "frame_16": [0.6304627060890198, 0.39605242013931274, 0.04912300035357475, 0.048720721155405045, 0.30468806624412537, 0.5903088450431824, 0.020414309576153755, 0.02268202044069767, 0.6793880462646484], "frame_17": [0.6304688453674316, 0.39604705572128296, 0.049146272242069244, 0.04875306040048599, 0.3020230531692505, 0.5492919087409973, 0.02680068463087082, 0.024998176842927933, 0.5084906816482544], "frame_18": [0.6304075717926025, 0.39603373408317566, 0.04908544570207596, 0.04873746261000633, 0.30281591415405273, 0.5392439365386963, 0.0238176342099905, 0.026840591803193092, 0.5182541012763977], "frame_19": [0.6304498314857483, 0.39601805806159973, 0.04910460487008095, 0.04868973791599274, 0.2971212863922119, 0.5290667414665222, 0.027639474719762802, 0.026510832831263542, 0.5045258402824402], "frame_20": [0.6304185390472412, 0.3960202932357788, 0.0490136481821537, 0.048685114830732346, 0.2971212863922119, 0.5290667414665222, 0.027639474719762802, 0.026510832831263542, 0.507320761680603], "frame_21": [0.6304634809494019, 0.3960217237472534, 0.049064550548791885, 0.04868842288851738, 0.2971212863922119, 0.5290667414665222, 0.027639474719762802, 0.026510832831263542, 0.5128092169761658], "frame_22": [0.6303578615188599, 0.3960154950618744, 0.04898681491613388, 0.04870457202196121, 0.2971212863922119, 0.5290667414665222, 0.027639474719762802, 0.026510832831263542, 0.4951598048210144], "frame_23": [0.6303220987319946, 0.3960614502429962, 0.04905272647738457, 0.04869126155972481, 0.2971212863922119, 0.5290667414665222, 0.027639474719762802, 0.026510832831263542, 0.5098808407783508], "frame_24": [0.6303421854972839, 0.39624878764152527, 0.04902314022183418, 0.04886461794376373, 0.2637259364128113, 0.5019316077232361, 0.020615767687559128, 0.021833589300513268, 0.5706407427787781], "frame_25": [0.6302996873855591, 0.39617836475372314, 0.04898376390337944, 0.04893659055233002, 0.25683704018592834, 0.5004317164421082, 0.023217879235744476, 0.02294921875, 0.5433502793312073], "frame_26": [0.6302449703216553, 0.39608415961265564, 0.0489627830684185, 0.04895990341901779, 0.25158870220184326, 0.49983876943588257, 0.021869808435440063, 0.02445153146982193, 0.6077926158905029], "frame_27": [0.6301224827766418, 0.3961554765701294, 0.048882462084293365, 0.04894057288765907, 0.24851976335048676, 0.49836236238479614, 0.01978083699941635, 0.02283019945025444, 0.4450075924396515], "frame_28": [0.6301327347755432, 0.3961471915245056, 0.048908062279224396, 0.048917897045612335, 0.24573099613189697, 0.4969322085380554, 0.02110968716442585, 0.02252960205078125, 0.43870648741722107], "frame_29": [0.6300861239433289, 0.39614054560661316, 0.04880201444029808, 0.04894989728927612, 0.24168908596038818, 0.4943266212940216, 0.02209300920367241, 0.024742677807807922, 0.3334568440914154], "frame_30": [0.6300473213195801, 0.3961344361305237, 0.048757173120975494, 0.04886419326066971, 0.23963652551174164, 0.49108046293258667, 0.022657882422208786, 0.02688463032245636, 0.37975937128067017], "frame_31": [0.630045473575592, 0.3961229920387268, 0.04855401813983917, 0.04889623820781708, 0.23831388354301453, 0.4844498634338379, 0.02228565141558647, 0.026580216363072395, 0.7447830438613892], "frame_32": [0.6300835609436035, 0.39612096548080444, 0.048645783215761185, 0.04885444790124893, 0.23793555796146393, 0.47813957929611206, 0.021975602954626083, 0.02546369843184948, 0.6895208358764648], "frame_33": [0.6301947832107544, 0.39634475111961365, 0.04873047024011612, 0.048894669860601425, 0.23838111758232117, 0.4681417644023895, 0.02290278486907482, 0.025990676134824753, 0.6421958804130554], "frame_34": [0.6304650902748108, 0.3962417244911194, 0.048808753490448, 0.048998091369867325, 0.24032220244407654, 0.4556901752948761, 0.024133194237947464, 0.02538147009909153, 0.6945317387580872], "frame_35": [0.6303214430809021, 0.39623650908470154, 0.04851654917001724, 0.04899550601840019, 0.24803674221038818, 0.4369122385978699, 0.022303052246570587, 0.02411634661257267, 0.6802719831466675], "frame_36": [0.630405068397522, 0.3962887227535248, 0.048967573791742325, 0.04916843771934509, 0.26059815287590027, 0.4178254008293152, 0.02293682098388672, 0.0255601666867733, 0.8370504379272461], "frame_37": [0.6304315328598022, 0.3963974416255951, 0.04900839179754257, 0.049340058118104935, 0.2721606492996216, 0.3990928530693054, 0.02190180867910385, 0.026175519451498985, 0.8290991187095642], "frame_38": [0.6303658485412598, 0.39635169506073, 0.048789385706186295, 0.049472637474536896, 0.2721606492996216, 0.3990928530693054, 0.02190180867910385, 0.026175519451498985, 0.8426726460456848],